SEZIONE,CASAPOUND ITALIA,CENTRO DEMOCRATICO,FARE PER FERMARE IL DECLINO,FORZA NUOVA,FRATELLI D'ITALIA,FUTURO E LIBERTA',IL POPOLO DELLA LIBERTA',IO AMO L'ITALIA,LA DESTRA,LEGA NORD,LISTA AMNISTIA GIUSTIZIA LIBERTA',MIR  - MODERATI IN RIVOLUZIONE,MOVIMENTO 5 STELLE BEPPEGRILLO.IT,PARTITO COMUNISTA DEI LAVORATORI,PARTITO DEMOCRATICO,RIVOLUZIONE CIVILE,SCELTA CIVICA CON MONTI PER L'ITALIA,SINISTRA ECOLOGIA LIBERTA',UNIONE DI CENTRO,BIANCHE,CONTESTATE,NULLE,TOTALE_COMPLESSIVO,TOTALE_VALIDI,TOTALE ISCRITTI,TOTALE,AFFLUENZA
1,1,2,10,1,16,1,109,3,2,3,4,0,78,0,165,9,60,40,5,2,0,6,517,509,694.0,509,0.7334293948126801
2,0,1,11,0,20,3,97,0,2,5,0,0,67,3,93,12,61,29,4,4,1,6,419,408,601.0,408,0.6788685524126455
3,2,2,11,1,25,3,108,1,2,7,8,0,125,3,151,17,53,35,6,2,0,8,570,560,770.0,560,0.7272727272727273
4,1,5,14,0,14,1,96,0,2,2,1,1,97,2,150,7,62,47,1,3,0,6,512,503,739.0,503,0.6806495263870095
5,1,1,8,2,5,1,68,3,2,1,3,1,87,0,214,21,35,60,5,0,0,9,527,518,716.0,518,0.723463687150838
6,0,3,8,0,13,2,83,1,0,5,3,0,90,2,213,23,60,56,23,1,0,5,591,585,781.0,585,0.7490396927016645
7,1,2,16,0,21,1,95,1,1,0,3,2,74,4,191,5,60,57,9,2,0,7,552,543,689.0,543,0.7880986937590712
8,2,2,7,0,19,2,73,0,1,1,7,0,71,6,188,14,41,36,2,1,0,4,477,472,620.0,472,0.7612903225806451
9,0,3,15,0,16,1,122,2,2,1,5,2,68,0,157,3,70,22,0,2,0,7,498,489,622.0,489,0.7861736334405145
10,1,3,13,0,19,1,97,0,2,2,3,0,94,0,162,11,48,42,2,0,0,7,507,500,688.0,500,0.7267441860465116
11,0,1,6,0,12,4,83,3,3,2,2,0,82,1,161,12,46,41,12,4,0,10,485,471,645.0,471,0.7302325581395349
12,0,5,6,0,11,1,55,3,5,1,2,1,66,6,130,14,40,42,4,0,0,5,397,392,542.0,392,0.7232472324723247
13,2,1,13,1,9,1,67,1,0,1,5,0,124,3,315,22,49,71,2,5,0,6,698,687,896.0,687,0.7667410714285714
14,0,4,8,0,5,2,43,0,1,2,1,0,99,3,210,33,38,72,6,2,0,8,537,527,713.0,527,0.7391304347826086
15,2,4,10,0,15,3,79,2,0,0,7,0,98,2,266,28,46,66,3,3,0,8,642,631,829.0,631,0.7611580217129071
16,1,3,4,1,9,1,62,1,1,2,4,0,122,6,260,27,53,55,11,1,0,6,630,623,827.0,623,0.7533252720677146
17,1,4,18,0,21,1,146,3,1,6,2,0,92,1,184,15,76,29,15,6,0,9,630,615,772.0,615,0.7966321243523317
18,4,1,14,2,19,3,106,2,2,5,0,0,111,2,223,14,52,38,4,1,0,17,620,602,760.0,602,0.7921052631578948
19,1,2,15,0,12,1,106,4,2,3,3,0,99,0,257,12,78,49,18,3,0,17,682,662,829.0,662,0.7985524728588661
20,1,0,9,0,13,0,85,0,1,3,3,1,97,4,201,7,48,31,8,4,0,9,525,512,677.0,512,0.7562776957163959
21,3,2,7,1,9,1,71,10,1,4,7,0,122,4,222,31,57,69,5,1,0,7,634,626,839.0,626,0.7461263408820024
22,1,0,7,0,6,0,46,1,0,4,1,0,103,2,238,8,36,41,10,1,0,12,517,504,663.0,504,0.7601809954751131
23,2,0,12,0,17,2,98,2,2,3,1,1,95,3,150,25,61,37,1,1,0,6,519,512,665.0,512,0.7699248120300752
24,1,1,15,2,9,3,82,0,3,5,2,1,74,2,130,9,64,22,14,0,0,6,445,439,585.0,439,0.7504273504273504
25,1,2,3,1,2,2,56,0,6,3,1,0,90,1,183,15,40,47,6,4,0,9,472,459,646.0,459,0.7105263157894737
26,0,2,14,2,15,3,61,1,3,3,4,0,88,4,132,14,33,30,1,0,0,3,413,410,570.0,410,0.7192982456140351
27,1,1,9,0,25,5,151,1,4,11,2,0,89,1,192,12,76,15,10,3,0,12,620,605,824.0,605,0.7342233009708737
28,1,2,19,1,20,2,138,0,1,7,4,1,99,0,174,21,74,35,6,1,0,10,616,605,775.0,605,0.7806451612903226
29,2,1,2,1,14,4,85,1,0,5,1,0,120,1,224,18,35,23,2,4,0,10,553,539,676.0,539,0.7973372781065089
30,0,1,8,1,12,5,79,1,2,1,4,2,98,2,225,17,36,43,14,1,0,4,556,551,695.0,551,0.7928057553956834
31,5,2,10,0,7,5,54,1,2,4,1,2,131,2,283,21,35,52,10,5,0,5,637,627,760.0,627,0.825
32,0,1,4,1,13,3,85,1,2,4,0,0,110,2,230,5,60,24,17,2,0,13,577,562,696.0,562,0.8074712643678161
33,1,4,9,0,12,3,107,2,6,4,5,0,106,4,224,20,54,40,6,6,0,9,622,607,790.0,607,0.7683544303797468
34,1,0,5,0,11,14,100,4,1,6,2,4,105,0,213,12,52,28,5,6,0,9,578,563,713.0,563,0.7896213183730715
35,2,4,8,0,10,1,85,0,1,2,5,0,88,0,237,20,34,40,6,3,0,5,551,543,691.0,543,0.7858176555716353
36,1,1,8,1,20,3,98,0,0,1,7,0,87,1,227,14,44,34,3,4,0,7,561,550,677.0,550,0.8124076809453471
37,1,6,10,0,14,0,118,1,2,2,4,0,98,6,245,19,49,39,9,3,0,13,639,623,799.0,623,0.7797246558197747
38,1,0,6,0,14,1,79,1,1,7,4,0,120,0,277,28,59,55,2,4,0,6,665,655,812.0,655,0.8066502463054187
39,0,2,9,0,8,1,73,4,1,10,0,0,138,2,245,17,48,43,9,5,0,7,622,610,808.0,610,0.754950495049505
40,2,2,7,1,17,3,108,3,2,6,4,2,118,2,257,17,68,59,6,2,0,12,698,684,897.0,684,0.7625418060200669
41,2,0,7,1,19,3,92,1,0,3,3,0,99,2,261,17,58,35,11,3,0,17,634,614,772.0,614,0.7953367875647669
42,3,3,7,0,8,5,104,1,2,8,0,0,85,1,241,7,52,25,6,2,0,12,572,558,706.0,558,0.7903682719546742
43,0,4,9,0,10,6,78,1,3,2,4,1,119,5,252,18,35,46,9,2,0,11,615,602,754.0,602,0.7984084880636605
44,2,2,10,1,7,2,74,0,3,1,3,0,116,2,246,24,43,60,5,2,0,13,616,601,782.0,601,0.768542199488491
45,0,2,10,0,10,3,75,0,3,3,2,0,147,3,207,24,43,51,4,1,0,10,598,587,793.0,587,0.7402269861286255
46,1,0,8,0,18,1,95,2,2,2,1,1,112,1,225,20,39,48,5,2,0,7,590,581,772.0,581,0.7525906735751295
47,0,1,3,0,9,2,73,0,2,3,6,0,87,6,132,12,50,13,9,3,0,5,416,408,567.0,408,0.7195767195767195
48,1,7,10,1,22,5,68,0,3,3,4,0,96,6,186,30,43,59,4,2,0,14,564,548,744.0,548,0.7365591397849462
49,1,2,20,0,27,0,99,0,4,5,3,1,98,3,201,24,62,32,11,3,0,9,605,593,754.0,593,0.786472148541114
50,2,3,8,0,13,1,91,1,2,3,5,0,119,1,210,27,48,46,12,3,0,12,607,592,787.0,592,0.7522236340533672
51,0,3,5,2,16,6,69,0,2,2,4,1,86,1,152,10,23,32,8,3,0,8,433,422,625.0,422,0.6752
52,0,1,10,0,17,1,103,2,0,3,5,1,91,1,147,15,36,41,3,6,0,8,491,477,678.0,477,0.7035398230088495
53,0,1,15,1,8,0,94,1,3,5,4,2,94,4,203,14,49,63,8,5,0,8,582,569,777.0,569,0.7323037323037324
54,0,1,13,2,14,4,96,2,4,1,6,0,139,3,273,23,85,72,5,2,0,7,752,743,971.0,743,0.7651905252317199
55,0,2,15,1,12,1,99,0,1,3,8,0,101,2,209,23,48,69,6,2,0,8,610,600,849.0,600,0.7067137809187279
56,0,0,8,0,9,2,51,0,0,5,0,0,112,11,194,27,42,58,5,3,0,8,535,524,741.0,524,0.7071524966261808
57,0,2,11,1,15,2,89,0,1,1,2,0,127,3,209,23,49,65,4,3,0,12,619,604,820.0,604,0.7365853658536585
58,0,7,13,0,15,4,107,2,3,6,5,0,96,2,206,19,69,59,15,3,0,12,643,628,865.0,628,0.7260115606936416
59,0,1,19,0,19,4,70,1,5,9,7,0,97,2,217,23,65,47,4,5,0,8,603,590,764.0,590,0.7722513089005235
60,0,2,14,2,17,4,98,1,1,3,4,0,65,1,207,24,83,28,10,3,0,8,575,564,727.0,564,0.7757909215955984
61,0,3,24,0,24,1,111,1,3,4,10,0,95,1,214,21,111,51,7,1,0,2,684,681,841.0,681,0.8097502972651606
62,2,1,9,1,10,0,81,2,0,4,1,0,96,2,224,24,47,50,11,4,0,6,575,565,796.0,565,0.7097989949748744
63,1,5,18,1,33,3,175,1,2,6,3,2,99,4,171,16,136,38,10,3,0,17,744,724,916.0,724,0.7903930131004366
64,3,2,13,0,15,3,101,2,2,6,6,0,69,0,182,18,79,25,10,3,0,7,546,536,671.0,536,0.7988077496274217
65,0,4,14,2,22,1,97,1,4,6,3,0,110,3,222,15,88,39,14,12,0,17,674,645,811.0,645,0.7953144266337855
66,0,1,16,0,23,3,151,0,1,7,2,3,78,3,229,7,81,35,7,5,0,15,667,647,822.0,647,0.7871046228710462
67,0,1,12,0,26,1,114,1,2,3,2,1,118,3,212,8,80,49,20,3,0,4,660,653,834.0,653,0.7829736211031175
68,0,3,5,1,9,1,51,0,1,1,1,1,93,3,238,16,39,63,3,2,0,8,539,529,703.0,529,0.7524893314366998
69,0,2,4,1,17,5,82,0,2,2,0,0,99,7,225,19,61,35,10,4,0,11,586,571,718.0,571,0.7952646239554317
70,1,1,8,1,30,3,75,1,9,1,0,0,142,4,282,19,59,53,4,3,1,9,706,693,859.0,693,0.8067520372526193
71,1,3,8,1,11,3,81,1,0,2,3,0,99,6,259,21,53,53,4,3,0,10,622,609,817.0,609,0.7454100367197063
72,1,5,6,1,23,6,68,1,3,2,3,0,115,2,274,11,54,42,24,3,0,11,655,641,798.0,641,0.8032581453634086
73,0,2,14,0,26,0,100,0,1,3,2,1,89,1,163,5,60,28,2,3,0,3,503,497,644.0,497,0.7717391304347826
74,1,1,7,0,11,1,62,0,3,2,3,0,55,2,164,8,29,16,5,1,0,6,377,370,548.0,370,0.6751824817518248
75,0,4,10,0,17,7,65,1,1,1,5,0,105,1,249,17,70,42,3,1,0,9,608,598,738.0,598,0.8102981029810298
76,0,2,8,1,10,6,79,1,0,1,2,0,110,1,292,31,50,44,5,8,0,15,666,643,806.0,643,0.7977667493796526
77,1,4,4,0,19,4,110,2,2,9,5,0,121,3,329,15,70,48,9,1,0,13,769,755,952.0,755,0.7930672268907563
78,0,2,13,0,8,1,78,0,4,4,4,0,128,5,321,22,73,54,8,1,0,13,739,725,888.0,725,0.8164414414414415
79,0,2,7,0,19,3,102,4,1,1,2,1,125,4,268,21,61,45,8,2,0,13,689,674,834.0,674,0.8081534772182254
80,1,4,10,0,25,4,91,1,3,7,7,1,83,2,271,14,68,77,2,5,0,10,686,671,834.0,671,0.8045563549160671
81,1,2,12,2,20,2,101,7,3,2,0,3,100,4,227,16,70,36,9,5,0,11,633,617,776.0,617,0.7951030927835051
82,0,1,5,1,25,3,152,0,1,5,3,2,86,2,184,18,84,34,13,3,0,6,628,619,750.0,619,0.8253333333333334
83,1,0,14,1,30,1,126,2,5,9,2,2,77,1,194,15,109,33,6,6,0,8,642,628,787.0,628,0.7979669631512071
84,0,3,13,2,18,2,110,1,2,14,5,0,94,2,249,14,103,30,10,3,0,8,683,672,821.0,672,0.8185140073081608
85,0,2,13,1,29,2,89,0,1,4,3,2,83,1,268,19,92,45,16,2,0,8,680,670,827.0,670,0.8101571946795647
86,0,3,14,0,17,1,90,1,1,5,0,1,91,4,258,8,79,49,7,2,0,14,645,629,787.0,629,0.7992376111817027
87,0,1,14,0,24,2,86,1,3,3,4,1,119,1,223,22,72,38,9,6,0,15,644,623,821.0,623,0.758830694275274
88,0,0,6,1,13,4,89,2,3,3,3,1,99,4,277,15,47,33,6,5,0,14,625,606,825.0,606,0.7345454545454545
89,2,2,10,1,26,2,106,3,4,3,3,0,128,2,220,10,57,36,6,1,0,9,631,621,790.0,621,0.7860759493670886
90,1,3,8,0,30,2,91,1,2,3,2,2,99,2,263,15,64,37,5,5,0,13,648,630,780.0,630,0.8076923076923077
91,2,3,7,1,17,4,88,2,5,4,1,2,113,4,266,11,56,43,4,3,0,19,655,633,801.0,633,0.7902621722846442
92,2,6,11,2,23,5,90,1,2,12,1,1,116,4,245,13,68,23,8,1,0,14,648,633,823.0,633,0.7691373025516404
93,3,2,5,2,29,2,92,2,2,1,0,0,116,4,276,20,72,48,11,2,0,10,699,687,833.0,687,0.8247298919567827
94,0,4,6,1,31,1,125,3,1,5,0,2,80,2,213,17,76,31,6,6,0,13,623,604,753.0,604,0.8021248339973439
95,0,2,10,0,39,2,108,2,4,4,4,1,87,2,220,12,56,48,18,3,0,11,633,619,766.0,619,0.8080939947780679
96,2,5,11,1,8,3,89,1,0,4,4,0,106,3,243,18,52,44,13,6,0,12,625,607,774.0,607,0.7842377260981912
97,1,3,5,1,17,2,89,1,2,6,2,2,126,3,288,18,38,39,5,4,0,12,664,648,835.0,648,0.7760479041916167
98,1,2,10,1,21,5,124,3,3,2,3,0,108,3,240,16,76,41,6,4,0,14,683,665,828.0,665,0.8031400966183575
99,1,3,10,0,20,5,111,0,2,2,5,1,115,3,258,17,63,40,6,4,0,9,675,662,825.0,662,0.8024242424242424
100,0,2,4,0,15,1,90,0,3,3,3,0,97,5,259,16,54,37,21,6,0,13,629,610,756.0,610,0.8068783068783069
101,1,2,6,2,18,4,92,1,1,11,5,0,125,3,297,18,75,27,12,5,0,6,711,700,866.0,700,0.8083140877598153
102,0,2,8,0,19,2,117,1,4,4,0,0,110,1,304,20,66,42,11,4,0,9,724,711,881.0,711,0.8070374574347332
103,2,1,8,1,25,2,79,2,2,1,4,0,116,5,271,11,53,38,5,1,0,9,636,626,800.0,626,0.7825
104,2,3,7,4,12,2,89,0,0,5,1,1,128,3,351,16,50,56,10,3,0,18,761,740,929.0,740,0.7965554359526372
105,1,1,7,1,14,3,79,2,1,2,0,2,150,5,384,21,52,39,5,1,0,16,786,769,962.0,769,0.7993762993762994
106,0,4,3,3,25,3,77,2,3,4,5,0,99,0,340,17,64,41,8,6,0,12,716,698,834.0,698,0.8369304556354916
107,0,3,8,1,16,3,57,1,1,3,8,1,83,3,267,13,35,36,19,2,0,10,570,558,703.0,558,0.7937411095305832
108,2,1,6,5,9,4,69,1,3,3,0,1,97,5,301,20,40,31,16,5,0,11,630,614,813.0,614,0.7552275522755227
109,1,3,8,0,21,6,96,1,4,3,1,0,108,7,320,7,69,36,17,4,0,11,723,708,886.0,708,0.7990970654627539
110,0,2,4,2,24,4,89,1,0,5,3,0,139,3,291,18,46,38,5,4,0,9,687,674,829.0,674,0.8130277442702051
111,3,2,2,1,11,6,78,4,2,5,1,0,109,5,262,22,45,32,6,3,0,12,611,596,778.0,596,0.7660668380462725
112,0,1,5,1,11,5,66,0,2,7,5,1,99,3,263,24,38,37,13,4,0,16,601,581,776.0,581,0.7487113402061856
113,1,2,7,2,21,0,122,1,3,4,1,0,106,1,305,18,93,31,10,1,0,6,735,728,882.0,728,0.8253968253968254
114,0,0,9,0,27,4,99,0,1,3,0,2,91,4,237,14,42,26,9,4,0,5,577,568,683.0,568,0.8316251830161054
115,2,2,14,0,15,0,71,1,1,3,1,1,64,2,170,5,71,25,7,2,0,7,464,455,597.0,455,0.7621440536013401
116,0,1,7,0,13,3,73,4,3,2,3,1,69,0,185,10,49,39,7,5,0,8,482,469,558.0,469,0.8405017921146953
117,2,3,8,0,16,3,80,0,2,4,2,0,103,6,220,14,44,33,5,3,0,13,561,545,795.0,545,0.6855345911949685
118,0,1,6,0,20,3,66,1,2,3,0,0,146,4,275,14,62,32,8,5,0,20,668,643,822.0,643,0.7822384428223844
119,1,4,7,0,23,0,93,0,1,5,2,0,86,2,281,9,38,23,8,3,0,8,594,583,683.0,583,0.8535871156661786
120,0,0,8,0,25,2,76,0,1,2,2,3,117,6,279,12,45,25,5,3,0,6,617,608,753.0,608,0.8074369189907038
121,2,3,1,0,15,1,86,1,1,1,1,0,110,5,213,8,29,20,6,3,0,14,520,503,708.0,503,0.71045197740113
122,4,3,6,1,17,4,129,2,1,4,4,1,130,2,271,6,45,26,12,1,0,22,691,668,811.0,668,0.8236744759556104
123,1,1,5,2,25,2,110,1,4,4,2,0,157,3,348,17,37,42,16,5,0,4,786,777,930.0,777,0.8354838709677419
124,2,1,5,4,24,6,80,2,1,3,0,0,99,6,249,11,43,42,5,2,0,13,598,583,696.0,583,0.8376436781609196
125,0,1,5,0,5,3,73,2,4,4,1,0,110,3,278,16,51,40,6,1,0,12,615,602,745.0,602,0.8080536912751678
126,0,0,5,1,16,7,69,0,0,2,3,0,114,3,267,12,50,31,5,4,0,10,599,585,756.0,585,0.7738095238095238
127,2,1,2,2,12,2,99,1,2,4,1,1,128,8,255,15,53,43,2,7,0,21,661,633,819.0,633,0.7728937728937729
128,1,5,18,0,31,7,105,2,1,9,3,0,108,4,239,21,90,36,9,2,0,9,700,689,865.0,689,0.7965317919075144
129,0,2,7,2,16,1,118,0,5,3,4,1,132,5,251,10,53,25,7,2,0,15,659,642,827.0,642,0.7762998790810157
130,1,3,9,1,15,5,55,0,2,4,1,0,130,3,332,16,48,31,8,3,0,11,678,664,850.0,664,0.7811764705882352
131,0,2,9,2,16,2,87,0,0,3,3,2,85,6,287,15,31,67,2,1,0,12,632,619,841.0,619,0.7360285374554102
132,1,0,13,2,16,3,89,1,3,5,0,0,132,8,310,16,63,55,16,4,0,8,745,733,944.0,733,0.7764830508474576
133,1,2,17,1,26,4,140,3,6,5,1,2,116,2,215,21,97,36,11,3,1,16,726,706,923.0,706,0.7648970747562297
134,1,1,21,0,28,3,168,1,4,7,2,2,77,0,188,12,87,33,9,2,0,10,656,644,830.0,644,0.7759036144578313
135,0,4,30,1,36,1,158,4,5,4,9,2,69,2,195,25,98,46,4,2,0,8,703,693,852.0,693,0.8133802816901409
136,0,4,25,0,21,2,137,2,4,5,3,0,90,2,188,7,119,35,7,3,0,9,663,651,782.0,651,0.8324808184143222
137,0,1,16,0,14,2,108,2,5,3,2,0,93,0,209,23,80,37,1,4,0,5,605,596,738.0,596,0.8075880758807588
138,1,4,17,1,21,2,74,0,6,1,1,0,109,1,267,20,89,38,8,5,0,10,675,660,839.0,660,0.7866507747318237
139,2,6,22,1,29,0,145,0,4,2,5,0,110,1,272,15,72,37,1,2,0,14,740,724,895.0,724,0.8089385474860336
140,0,3,17,1,22,3,129,0,3,1,2,0,94,1,274,21,80,47,19,5,0,6,728,717,874.0,717,0.8203661327231121
141,0,1,17,1,26,2,121,2,2,4,6,3,122,3,267,21,68,67,12,4,0,10,759,745,916.0,745,0.8133187772925764
142,1,5,14,1,25,6,106,1,1,4,2,3,94,0,236,19,70,40,1,4,0,9,642,629,835.0,629,0.7532934131736527
143,1,3,9,0,37,4,100,1,1,7,6,0,98,6,269,23,97,53,8,4,0,5,732,723,877.0,723,0.8244013683010262
144,1,6,14,1,16,2,89,0,1,4,2,2,112,1,261,20,47,40,5,3,0,9,636,624,819.0,624,0.7619047619047619
145,2,1,7,1,18,5,93,3,3,3,4,1,115,4,278,11,57,39,4,2,0,13,664,649,857.0,649,0.7572928821470245
146,1,2,17,2,22,0,98,7,6,3,5,0,134,5,230,16,57,36,10,2,0,13,666,651,855.0,651,0.7614035087719299
147,1,2,9,1,10,1,123,0,2,5,2,0,103,2,250,16,60,41,23,4,0,9,664,651,855.0,651,0.7614035087719299
148,3,2,20,0,28,5,152,1,2,4,5,3,102,1,249,20,106,42,8,1,0,10,764,753,935.0,753,0.8053475935828877
149,0,4,9,1,23,2,154,0,5,9,0,1,103,3,176,21,85,28,9,6,0,9,648,633,824.0,633,0.7682038834951457
150,0,3,6,3,25,0,85,0,5,7,2,1,116,3,237,23,50,62,7,4,0,11,650,635,803.0,635,0.7907845579078456
151,1,1,1,0,12,1,64,0,3,5,3,0,129,2,266,18,52,47,0,1,0,12,618,605,783.0,605,0.7726692209450831
152,2,2,3,1,15,4,75,0,2,6,3,1,133,7,238,20,37,31,8,3,0,12,603,588,775.0,588,0.7587096774193548
153,3,3,6,0,10,4,117,2,2,7,1,1,119,3,273,29,46,65,7,5,0,11,714,698,849.0,698,0.8221436984687868
154,0,2,7,0,12,4,82,0,1,7,2,0,119,3,293,23,54,50,5,11,1,1,677,664,842.0,664,0.7885985748218527
155,1,2,9,1,10,0,98,1,2,4,1,1,114,8,277,13,65,36,17,0,0,12,672,660,834.0,660,0.7913669064748201
156,0,3,4,1,18,4,88,2,1,3,3,0,110,3,271,13,85,47,14,3,0,19,692,670,846.0,670,0.7919621749408984
157,5,2,5,0,12,0,86,0,1,7,2,0,130,3,306,21,54,35,8,0,0,16,693,677,847.0,677,0.7992916174734357
158,0,3,8,2,18,2,71,0,6,4,2,0,124,5,315,18,50,42,10,6,0,17,703,680,836.0,680,0.8133971291866029
159,2,2,2,2,12,2,74,0,3,1,2,1,109,3,309,11,49,44,8,8,0,12,656,636,831.0,636,0.7653429602888087
160,4,0,5,1,17,0,91,1,2,6,2,0,108,4,351,12,47,40,15,5,0,27,738,706,902.0,706,0.7827050997782705
161,6,1,7,1,14,1,81,2,3,1,2,1,113,12,244,13,40,24,8,5,0,10,589,574,752.0,574,0.7632978723404256
162,1,3,5,0,20,6,66,2,0,3,3,0,111,5,301,15,48,41,10,2,0,8,650,640,774.0,640,0.8268733850129198
163,2,4,7,0,16,3,88,2,3,2,3,1,90,5,293,17,64,29,10,4,0,15,658,639,803.0,639,0.7957658779576587
164,2,4,10,2,21,1,94,0,3,1,2,1,68,3,295,14,75,26,8,3,0,6,639,630,758.0,630,0.8311345646437994
165,0,0,5,0,19,2,73,2,0,3,2,0,76,1,244,16,66,26,10,3,0,10,558,545,686.0,545,0.7944606413994169
166,1,2,6,2,14,2,86,0,1,4,4,1,73,4,286,13,42,25,10,8,0,5,589,576,686.0,576,0.8396501457725948
167,1,1,9,0,25,3,86,1,2,7,3,2,60,2,287,8,68,39,22,4,0,9,639,626,788.0,626,0.7944162436548223
168,2,1,9,2,21,3,107,1,1,6,1,0,83,1,222,9,61,26,21,2,0,9,588,577,723.0,577,0.7980636237897649
169,1,0,7,0,16,1,114,0,4,2,1,0,116,2,219,6,61,20,9,0,0,4,583,579,711.0,579,0.8143459915611815
170,2,0,9,0,17,2,89,0,3,6,4,1,117,4,334,16,74,37,8,6,0,10,739,723,876.0,723,0.8253424657534246
171,1,3,8,0,18,1,90,1,1,1,2,1,111,2,252,11,64,28,6,4,0,7,612,601,745.0,601,0.8067114093959732
172,1,2,3,0,17,3,117,0,2,1,3,0,165,6,336,20,36,32,11,2,0,18,775,755,981.0,755,0.7696228338430173
173,2,3,4,1,8,5,71,0,3,2,1,1,142,9,295,16,47,31,10,4,0,13,668,651,821.0,651,0.7929354445797807
174,3,2,7,0,18,2,92,2,2,2,0,1,137,2,389,13,65,47,12,3,0,13,812,796,988.0,796,0.805668016194332
175,2,2,9,2,26,1,127,2,1,6,5,0,133,3,330,16,54,43,9,3,0,11,785,771,977.0,771,0.789150460593654
176,1,2,1,1,3,1,37,0,1,6,3,0,97,16,249,23,34,29,3,2,0,16,525,507,624.0,507,0.8125
177,1,2,13,2,16,2,140,0,4,6,2,0,82,0,107,5,74,12,8,5,0,5,486,476,842.0,476,0.5653206650831354
178,0,3,6,3,22,2,106,4,2,6,4,0,129,3,228,21,80,39,6,5,0,14,683,664,846.0,664,0.7848699763593381
179,1,2,10,2,19,3,80,1,4,5,3,0,118,3,284,16,54,33,3,4,0,7,652,641,807.0,641,0.7942998760842627
180,0,2,11,1,22,3,86,1,0,2,0,0,68,0,155,11,77,19,4,2,0,7,471,462,577.0,462,0.8006932409012132
181,1,0,8,0,13,3,90,0,1,1,1,0,79,1,153,8,62,26,3,5,0,4,459,450,580.0,450,0.7758620689655172
182,0,0,9,0,8,1,23,2,1,1,1,0,50,3,138,8,23,20,21,2,0,8,319,309,402.0,309,0.7686567164179104
183,0,0,8,0,9,3,61,0,3,3,3,1,112,5,319,15,42,22,11,8,0,7,632,617,744.0,617,0.8293010752688172
184,1,4,5,0,20,6,86,1,4,3,3,0,106,6,258,18,43,14,7,3,0,11,599,585,770.0,585,0.7597402597402597
185,1,1,4,0,15,7,84,3,3,2,0,0,144,3,360,14,76,43,4,6,0,15,785,764,938.0,764,0.814498933901919
186,0,1,3,1,9,4,68,0,1,2,0,0,93,3,281,18,35,39,10,1,0,12,581,568,707.0,568,0.8033946251768034
187,0,0,10,2,18,2,90,0,2,5,2,0,124,1,326,13,58,23,11,5,0,20,712,687,858.0,687,0.8006993006993007
188,0,1,17,1,18,4,86,1,2,1,3,0,122,2,251,6,63,29,4,3,0,13,627,611,776.0,611,0.7873711340206185
189,0,0,4,1,15,3,57,0,3,9,5,5,99,5,287,20,41,47,6,3,0,10,620,607,793.0,607,0.7654476670870114
190,1,0,8,0,15,3,48,2,1,1,1,0,112,3,213,15,32,34,3,0,0,8,500,492,663.0,492,0.7420814479638009
191,1,1,9,3,11,2,79,0,2,0,2,0,123,4,247,14,48,56,6,5,0,10,623,608,765.0,608,0.7947712418300653
192,1,3,5,0,9,4,82,0,1,1,2,0,106,2,223,19,56,29,5,2,0,13,563,548,759.0,548,0.7220026350461133
193,3,0,0,0,7,1,81,0,1,6,0,0,141,1,237,15,31,41,6,2,0,5,578,571,742.0,571,0.7695417789757413
194,0,2,15,1,22,2,82,1,1,3,0,0,92,2,230,25,39,61,4,1,0,6,589,582,786.0,582,0.7404580152671756
195,1,2,14,2,13,1,84,0,0,3,3,0,97,4,283,19,52,26,43,4,0,4,655,647,805.0,647,0.8037267080745342
196,0,3,6,3,29,5,89,1,2,4,1,1,128,4,253,16,68,34,6,3,0,17,673,653,851.0,653,0.7673325499412456
197,0,0,8,2,14,1,89,0,2,1,0,0,100,4,274,15,43,24,8,7,0,12,604,585,749.0,585,0.7810413885180241
198,1,3,5,1,12,3,103,0,2,2,2,0,82,5,271,10,68,19,7,2,0,9,607,596,748.0,596,0.7967914438502673
199,2,2,3,1,9,4,91,2,4,2,1,0,117,3,293,18,54,38,8,4,0,14,670,652,802.0,652,0.8129675810473815
200,0,0,8,4,13,5,85,0,1,5,3,0,128,6,289,13,45,38,8,2,0,9,662,651,810.0,651,0.8037037037037037
201,1,1,4,1,19,3,70,1,2,4,3,0,172,0,271,12,34,40,8,1,0,9,656,646,818.0,646,0.7897310513447433
202,3,1,7,1,15,2,108,2,3,5,2,0,94,1,251,10,66,20,10,2,0,11,614,601,734.0,601,0.8188010899182562
203,0,4,7,1,11,3,90,4,0,3,4,0,140,5,376,20,79,38,9,3,0,9,806,794,977.0,794,0.812691914022518
204,0,3,6,2,18,1,79,0,1,10,1,0,170,3,341,24,64,29,3,2,0,12,769,755,920.0,755,0.8206521739130435
205,0,2,19,0,26,3,93,0,3,3,1,0,99,4,302,12,61,32,12,2,0,9,683,672,835.0,672,0.8047904191616766
206,1,2,18,0,28,4,135,6,5,2,2,1,126,6,343,17,69,32,14,3,0,8,822,811,915.0,811,0.8863387978142077
207,0,0,6,1,13,4,93,1,4,1,5,1,133,4,372,23,43,42,9,4,0,16,775,755,925.0,755,0.8162162162162162
208,1,2,4,1,15,3,104,0,4,1,6,2,151,6,339,19,56,35,4,7,0,11,771,753,972.0,753,0.7746913580246914
209,1,0,10,1,19,3,87,0,1,5,2,2,139,4,379,17,32,28,4,4,0,15,753,734,940.0,734,0.7808510638297872
210,1,3,6,3,23,10,95,1,9,7,2,1,193,5,395,36,53,38,6,3,0,22,912,887,1053.0,887,0.842355175688509
211,0,4,9,0,16,4,111,2,2,6,2,0,138,2,282,14,40,42,9,3,0,10,696,683,840.0,683,0.8130952380952381
212,1,4,5,0,20,5,67,1,4,3,0,1,123,1,271,11,46,20,4,1,0,8,596,587,735.0,587,0.7986394557823129
213,2,2,6,2,13,2,86,0,1,1,1,0,99,2,256,18,34,40,5,0,0,13,583,570,762.0,570,0.7480314960629921
214,4,1,8,0,23,2,74,0,2,2,0,0,79,4,242,14,36,23,5,3,0,11,533,519,674.0,519,0.7700296735905044
215,1,2,4,1,13,5,100,0,1,2,1,1,104,2,266,13,31,31,5,3,0,12,598,583,743.0,583,0.784656796769852
216,1,0,6,0,12,1,58,1,2,0,0,0,150,1,341,17,35,39,3,3,0,5,675,667,829.0,667,0.804583835946924
217,1,5,3,2,10,1,66,0,1,5,2,0,98,6,294,10,58,19,3,3,0,9,596,584,740.0,584,0.7891891891891892
218,2,1,4,3,9,0,55,3,3,2,2,0,115,3,276,11,35,23,6,5,0,15,573,553,723.0,553,0.7648686030428768
219,0,0,4,0,12,0,86,0,2,2,5,1,120,3,232,18,26,51,1,3,0,8,574,563,758.0,563,0.7427440633245382
220,1,4,2,1,9,2,49,3,2,1,2,0,121,4,280,22,32,43,4,0,0,6,588,582,750.0,582,0.776
221,0,2,3,1,16,2,45,0,4,3,1,0,141,5,309,20,23,56,3,2,0,6,642,634,792.0,634,0.8005050505050505
222,0,4,4,1,15,3,69,1,3,1,0,1,127,0,240,23,32,44,3,5,0,5,581,571,726.0,571,0.7865013774104683
223,1,1,4,0,14,4,77,1,0,4,4,0,113,3,232,15,28,29,7,1,0,8,546,537,695.0,537,0.7726618705035971
224,1,2,6,3,15,2,78,2,1,3,4,1,117,4,245,14,21,45,2,5,0,18,589,566,740.0,566,0.7648648648648648
225,1,1,2,1,16,4,76,5,0,4,0,0,120,2,251,22,29,50,6,1,3,7,601,590,750.0,590,0.7866666666666666
226,1,1,4,0,12,2,97,1,0,3,2,0,119,6,252,18,26,27,7,3,1,10,592,578,749.0,578,0.7716955941255007
227,1,3,3,2,8,4,65,2,2,4,1,0,92,3,229,25,18,26,3,5,0,9,505,491,652.0,491,0.7530674846625767
228,0,1,3,0,25,1,63,0,1,2,2,0,105,4,292,22,28,38,6,3,0,11,607,593,753.0,593,0.7875166002656042
229,0,1,6,0,15,0,71,0,1,5,0,1,109,3,306,25,40,47,3,3,0,14,650,633,793.0,633,0.798234552332913
230,1,0,2,1,17,2,72,0,5,3,0,0,155,3,348,21,54,37,6,3,0,6,736,727,887.0,727,0.8196166854565953
231,0,0,6,1,11,2,93,3,1,1,5,0,112,1,244,9,54,23,5,3,0,9,583,571,710.0,571,0.8042253521126761
232,1,2,6,1,18,4,55,1,3,3,1,0,107,4,270,12,33,21,3,1,0,8,554,545,685.0,545,0.7956204379562044
233,1,4,0,4,4,2,81,1,3,3,5,0,92,11,189,19,22,22,4,3,0,12,482,467,677.0,467,0.689807976366322
234,1,2,3,1,8,2,66,2,4,3,1,0,128,4,234,16,36,28,3,7,0,16,565,542,781.0,542,0.6939820742637645
235,1,0,0,2,8,6,76,0,3,2,2,0,126,14,196,14,21,25,2,3,0,13,514,498,744.0,498,0.6693548387096774
236,4,0,1,4,13,0,75,0,2,6,1,0,119,6,188,18,12,21,5,2,2,13,492,475,739.0,475,0.6427604871447903
237,0,1,4,0,7,2,107,0,2,2,3,2,131,3,197,19,9,11,7,1,0,14,522,507,762.0,507,0.6653543307086615
238,0,0,6,0,10,2,91,1,3,2,0,1,150,7,311,16,64,26,6,3,0,18,717,696,853.0,696,0.8159437280187574
239,1,0,2,0,9,0,46,1,1,1,0,1,90,1,348,17,30,34,4,6,0,7,599,586,709.0,586,0.8265162200282088
240,1,0,1,0,18,5,69,0,5,3,1,0,157,5,299,26,37,34,7,3,0,14,685,668,869.0,668,0.7686996547756041
241,1,2,7,1,13,2,81,3,4,5,2,0,158,5,401,20,46,39,10,4,0,12,816,800,988.0,800,0.8097165991902834
242,2,1,1,0,8,6,100,1,4,7,0,0,115,2,224,11,33,17,4,4,0,11,551,536,701.0,536,0.7646219686162625
243,1,4,4,5,18,2,99,3,3,0,2,0,159,9,225,17,31,25,4,3,0,11,625,611,829.0,611,0.7370325693606755
244,0,0,4,2,10,3,72,0,2,3,3,0,136,3,278,15,32,43,1,1,0,10,618,607,780.0,607,0.7782051282051282
245,3,1,8,3,15,2,104,3,1,9,4,0,178,3,388,21,42,37,7,3,0,16,848,829,1011.0,829,0.8199802176063303
246,1,2,4,1,14,3,98,1,4,4,6,1,145,3,346,33,55,28,8,3,0,21,781,757,969.0,757,0.7812177502579979
247,1,1,5,5,10,2,74,3,6,3,5,1,108,5,300,12,48,27,4,0,0,7,627,620,782.0,620,0.7928388746803069
248,2,2,3,0,20,3,73,2,0,4,3,1,125,4,310,25,32,16,4,5,0,12,646,629,835.0,629,0.7532934131736527
249,0,0,3,3,23,2,74,1,0,4,3,0,117,5,255,15,44,27,4,4,0,14,598,580,778.0,580,0.7455012853470437
250,0,4,8,0,16,4,120,2,2,4,0,0,202,2,475,9,49,33,7,2,0,21,960,937,1127.0,937,0.831410825199645
251,2,0,9,0,28,3,136,2,6,5,41,0,211,1,314,33,43,32,10,3,0,16,895,876,1074.0,876,0.8156424581005587
252,3,0,2,1,15,4,94,4,0,5,2,1,220,6,427,19,39,51,7,0,0,9,909,900,1023.0,900,0.8797653958944281
253,0,0,6,1,7,4,63,0,2,3,2,0,119,9,242,14,27,42,12,3,0,9,565,553,749.0,553,0.7383177570093458
254,5,2,7,0,13,6,82,0,2,4,3,0,121,0,262,20,39,21,8,7,0,14,616,595,787.0,595,0.7560355781448539
255,0,1,4,0,18,2,100,2,2,7,2,1,112,3,312,18,59,34,11,7,0,7,702,688,847.0,688,0.8122786304604487
256,2,1,3,1,18,5,79,1,1,4,2,0,105,1,308,14,42,31,4,6,0,9,637,622,789.0,622,0.788339670468948
257,1,0,7,2,8,1,73,1,0,8,1,1,113,1,254,16,47,43,8,7,0,9,601,585,754.0,585,0.7758620689655172
258,2,2,4,0,21,2,95,2,3,7,2,2,134,3,287,19,49,42,5,5,0,8,694,681,844.0,681,0.806872037914692
259,3,1,8,1,9,0,74,0,1,2,1,0,96,4,258,14,41,48,3,4,0,10,578,564,723.0,564,0.7800829875518672
260,0,4,6,1,7,3,49,1,2,5,1,0,105,4,239,18,42,50,7,2,0,11,557,544,694.0,544,0.7838616714697406
261,0,2,4,0,14,6,86,2,1,2,3,1,99,1,246,19,53,29,10,1,0,5,584,578,738.0,578,0.7831978319783198
262,2,1,14,2,20,2,94,0,3,5,0,0,118,0,212,14,48,35,9,1,0,11,591,579,778.0,579,0.7442159383033419
263,2,2,7,0,22,4,100,0,3,4,2,1,123,1,281,24,58,51,33,3,0,11,732,718,881.0,718,0.8149829738933031
264,0,2,14,0,28,0,112,4,3,2,8,0,102,1,307,8,85,37,8,2,0,10,733,721,894.0,721,0.8064876957494407
265,0,3,4,1,15,4,81,2,2,4,4,0,95,2,258,16,56,24,13,2,0,8,594,584,750.0,584,0.7786666666666666
266,1,2,2,1,14,3,97,0,1,8,7,0,103,1,264,22,63,34,6,0,0,9,638,629,779.0,629,0.8074454428754814
267,1,1,14,0,10,2,82,0,3,4,7,0,111,1,252,16,58,30,18,2,0,10,622,610,758.0,610,0.8047493403693932
268,1,1,6,1,7,2,78,3,2,1,4,0,111,1,250,26,51,45,9,6,0,7,612,599,753.0,599,0.795484727755644
269,0,1,15,1,17,2,85,0,1,3,2,0,99,5,298,26,44,53,8,2,0,10,672,660,812.0,660,0.812807881773399
270,2,8,9,0,17,0,76,2,5,4,2,0,98,6,276,17,69,58,6,4,0,13,672,655,820.0,655,0.7987804878048781
271,0,1,7,3,16,0,67,1,0,4,11,1,102,3,266,20,47,49,11,8,0,10,627,609,794.0,609,0.7670025188916877
272,0,7,8,0,12,2,71,0,1,2,3,0,114,3,289,14,56,49,7,4,0,16,658,638,786.0,638,0.811704834605598
273,0,1,1,1,19,0,58,3,1,2,1,2,78,2,260,24,32,29,4,3,0,12,533,518,663.0,518,0.7812971342383107
274,2,5,10,0,29,1,139,3,2,4,8,1,103,2,191,18,74,53,3,2,0,13,663,648,780.0,648,0.8307692307692308
275,0,4,10,2,16,5,108,0,2,5,3,1,88,3,212,11,64,42,7,2,0,8,593,583,731.0,583,0.7975376196990424
276,2,4,9,0,17,2,76,1,4,3,2,0,81,1,242,20,83,61,5,2,0,11,626,613,766.0,613,0.8002610966057441
277,1,0,14,0,21,5,126,0,1,7,2,3,79,2,223,9,84,49,7,2,0,13,648,633,775.0,633,0.8167741935483871
278,1,3,8,2,32,0,125,1,0,10,4,0,90,1,220,13,74,41,13,3,0,11,652,638,792.0,638,0.8055555555555556
279,1,1,15,1,29,0,96,3,2,2,5,1,43,0,93,5,65,17,5,4,0,6,394,384,483.0,384,0.7950310559006211
280,0,0,6,1,9,0,61,0,2,4,0,0,34,0,91,5,44,18,4,2,0,9,290,279,337.0,279,0.827893175074184
281,0,6,6,1,18,1,97,1,1,4,1,1,94,5,174,7,51,19,7,1,0,9,504,494,618.0,494,0.7993527508090615
282,0,2,3,0,17,0,84,1,2,4,6,0,61,0,120,8,74,21,5,3,0,4,415,408,529.0,408,0.7712665406427222
283,0,1,7,0,10,0,69,0,2,2,4,0,42,1,147,5,84,23,26,0,0,6,429,423,585.0,423,0.7230769230769231
284,1,1,12,4,23,6,93,6,4,6,3,2,116,2,270,14,51,32,16,5,0,9,676,662,765.0,662,0.865359477124183
285,0,3,10,1,9,0,82,0,1,2,0,0,95,3,268,22,65,37,4,2,0,6,610,602,744.0,602,0.8091397849462365
286,1,2,6,1,9,3,70,1,2,2,0,2,106,7,275,22,72,28,6,3,0,7,625,615,756.0,615,0.8134920634920635
287,0,2,6,3,14,0,58,1,2,3,2,0,106,2,278,26,46,75,8,1,0,9,642,632,798.0,632,0.7919799498746867
288,0,1,8,1,28,3,97,1,2,4,4,1,97,3,271,21,55,42,1,1,0,5,646,640,807.0,640,0.7930607187112764
289,1,1,6,1,17,0,61,0,3,2,1,0,100,0,280,17,28,30,6,8,0,10,572,554,699.0,554,0.7925608011444921
290,2,1,8,0,13,0,54,0,1,3,0,1,93,4,235,24,25,32,7,2,0,11,516,503,672.0,503,0.7485119047619048
291,2,3,5,0,10,3,77,2,0,2,1,0,63,0,341,7,46,20,12,2,0,6,602,594,733.0,594,0.810368349249659
292,1,1,8,3,4,0,70,0,1,5,1,0,94,4,234,28,56,32,11,6,0,4,563,553,728.0,553,0.7596153846153846
293,1,1,7,1,14,3,65,0,2,4,0,0,62,4,174,14,26,31,7,2,0,4,422,416,490.0,416,0.8489795918367347
294,0,0,6,1,5,1,37,1,0,1,1,0,70,2,207,10,37,40,2,1,0,8,430,421,518.0,421,0.8127413127413128
295,0,1,4,2,11,7,75,2,3,6,1,0,131,3,331,15,33,33,5,1,0,12,676,663,850.0,663,0.78
296,0,1,9,4,15,4,66,1,2,7,0,0,125,3,297,15,34,35,13,2,0,12,645,631,793.0,631,0.7957124842370744
297,0,4,3,1,14,1,51,0,2,2,1,0,96,8,312,18,43,32,5,1,0,8,602,593,756.0,593,0.7843915343915344
298,2,4,4,1,15,2,60,0,2,4,2,1,107,5,300,20,46,30,8,5,0,11,629,613,796.0,613,0.7701005025125628
299,3,2,3,0,16,2,56,2,3,1,0,0,96,3,315,18,50,34,8,1,0,9,622,612,760.0,612,0.8052631578947368
300,1,6,6,0,14,2,50,2,4,3,0,0,93,0,305,19,36,36,4,4,2,15,602,581,751.0,581,0.7736351531291611
301,2,3,7,3,8,2,86,0,0,6,2,2,124,4,325,15,32,36,8,7,0,15,687,665,904.0,665,0.7356194690265486
302,1,3,7,1,11,1,70,0,0,1,1,0,113,2,338,19,61,33,14,5,0,9,690,676,828.0,676,0.8164251207729468
303,1,0,5,0,8,5,83,1,2,3,2,1,120,1,244,29,33,23,10,7,0,14,592,571,813.0,571,0.7023370233702337
304,2,0,8,2,8,0,86,1,3,4,3,2,121,4,329,21,54,49,27,1,0,13,738,724,862.0,724,0.839907192575406
305,0,2,9,6,12,2,84,2,4,9,2,0,136,2,318,17,37,48,13,4,0,10,717,703,872.0,703,0.8061926605504587
306,0,3,5,5,17,2,90,0,4,4,3,0,124,2,334,17,70,55,12,5,0,9,761,747,910.0,747,0.8208791208791208
307,6,0,6,5,16,3,83,0,2,12,2,0,146,7,424,27,58,56,7,1,0,20,881,860,1034.0,860,0.8317214700193424
308,1,1,1,1,8,1,46,0,2,3,7,0,114,7,287,28,30,32,1,3,0,14,587,570,789.0,570,0.7224334600760456
309,1,2,3,0,5,1,76,1,1,1,2,0,115,6,270,10,31,28,5,2,0,12,572,558,805.0,558,0.6931677018633541
310,0,2,3,0,7,0,117,0,2,3,0,3,86,4,203,15,34,45,4,4,0,14,546,528,691.0,528,0.76410998552822
311,1,0,3,0,10,2,80,0,1,1,0,0,86,5,179,9,15,23,2,3,0,19,439,417,665.0,417,0.6270676691729323
312,1,3,2,2,10,0,46,0,1,4,1,0,116,4,237,14,26,29,1,2,0,17,516,497,680.0,497,0.7308823529411764
313,0,2,2,0,7,3,61,0,3,2,2,0,92,1,252,10,13,20,3,3,0,7,483,473,631.0,473,0.7496038034865293
314,0,2,4,0,29,3,100,0,4,1,4,0,108,2,245,17,81,26,5,3,0,17,651,631,773.0,631,0.8163001293661061
315,0,1,2,3,9,2,61,0,1,1,0,0,83,3,188,6,17,24,3,4,0,9,417,404,619.0,404,0.6526655896607432
316,5,1,9,2,16,1,74,1,4,2,3,0,128,9,271,6,57,21,7,0,0,6,623,617,834.0,617,0.7398081534772182
317,0,0,9,0,13,5,70,1,6,4,4,1,145,3,292,8,34,33,8,2,0,9,647,636,858.0,636,0.7412587412587412
318,2,1,4,0,14,5,88,1,2,3,4,0,151,11,289,23,52,35,11,3,0,16,715,696,883.0,696,0.7882219705549264
319,0,1,7,2,17,3,96,0,0,2,0,0,109,1,246,10,28,26,9,3,0,5,565,557,688.0,557,0.809593023255814
320,0,2,7,1,17,5,69,0,3,5,2,0,93,2,254,13,56,24,7,1,0,8,569,560,686.0,560,0.8163265306122449
321,2,3,9,0,19,2,81,0,2,2,5,0,110,1,264,17,60,28,9,0,0,6,620,614,780.0,614,0.7871794871794872
322,1,1,8,1,21,2,120,0,2,5,4,0,132,3,265,15,62,32,4,5,0,10,693,678,840.0,678,0.8071428571428572
323,1,5,5,1,11,1,73,1,2,0,1,0,112,5,273,13,39,26,6,4,0,15,594,575,755.0,575,0.7615894039735099
324,0,3,6,3,15,4,82,0,1,3,1,0,114,5,268,18,33,34,8,3,0,10,611,598,788.0,598,0.7588832487309645
325,0,0,2,0,20,5,93,0,0,9,1,0,101,4,192,6,54,23,7,1,0,8,526,517,655.0,517,0.7893129770992366
326,0,0,3,9,6,1,102,0,6,3,3,0,92,4,182,11,31,15,6,3,0,13,490,474,734.0,474,0.6457765667574932
327,0,2,1,4,19,1,104,0,1,5,2,1,94,5,257,15,48,30,8,6,0,9,612,597,785.0,597,0.7605095541401274
328,2,3,4,0,14,7,92,0,2,4,3,0,139,3,277,16,31,27,10,3,0,12,649,634,824.0,634,0.7694174757281553
329,1,6,10,1,10,5,74,2,2,3,1,3,128,4,253,18,42,35,9,1,0,12,620,607,767.0,607,0.7913950456323338
330,0,2,4,0,18,0,63,2,5,2,1,1,103,3,239,25,47,24,5,3,0,12,559,544,717.0,544,0.7587168758716876
331,0,1,8,0,9,3,91,2,5,4,0,0,93,1,246,9,67,18,5,7,0,6,575,562,710.0,562,0.7915492957746478
332,0,0,8,1,16,1,85,0,1,5,1,0,113,2,238,13,42,18,8,5,0,14,571,552,719.0,552,0.7677329624478443
333,1,1,3,3,7,0,59,0,1,2,1,0,76,4,282,18,26,33,5,2,0,10,534,522,675.0,522,0.7733333333333333
334,3,6,4,0,16,0,91,0,2,0,3,1,136,2,250,18,52,22,9,0,0,9,624,615,803.0,615,0.7658779576587795
335,1,1,6,3,8,1,62,1,4,2,0,2,100,3,247,14,45,29,6,3,0,11,549,535,702.0,535,0.7621082621082621
336,1,3,7,1,8,2,84,0,0,2,3,1,114,5,235,17,45,24,7,4,0,14,577,559,742.0,559,0.7533692722371967
337,0,1,8,1,24,4,114,0,3,2,2,2,135,5,271,12,35,23,9,7,0,12,670,651,811.0,651,0.8027127003699137
338,1,3,6,1,17,1,82,3,3,4,2,1,119,1,265,21,43,40,1,2,0,13,629,614,782.0,614,0.7851662404092071
339,1,1,1,2,10,0,83,0,3,1,2,1,88,6,228,15,32,28,8,5,0,12,527,510,694.0,510,0.7348703170028819
340,0,4,8,1,11,2,64,1,0,1,0,1,116,9,268,14,24,30,8,3,0,15,580,562,724.0,562,0.7762430939226519
341,0,1,3,1,12,3,96,1,2,4,4,3,135,3,277,21,39,56,9,3,0,18,691,670,844.0,670,0.7938388625592417
342,2,1,5,1,18,4,89,1,8,2,3,0,212,8,313,30,47,29,6,5,0,16,800,779,996.0,779,0.7821285140562249
343,1,2,3,0,11,2,55,1,1,1,2,1,102,2,318,21,47,44,14,3,0,12,643,628,751.0,628,0.8362183754993342
344,0,2,6,2,8,3,81,3,0,3,0,0,143,1,315,25,43,24,15,7,0,8,689,674,847.0,674,0.7957497048406139
345,1,3,5,2,15,1,128,3,2,9,1,1,166,4,328,20,48,42,8,5,0,16,808,787,1044.0,787,0.7538314176245211
346,1,1,4,3,10,1,75,0,2,3,1,0,164,8,326,27,22,42,12,5,0,20,727,702,923.0,702,0.7605633802816901
347,0,4,1,3,16,7,82,0,5,3,1,0,157,7,312,32,31,32,13,6,0,27,739,706,939.0,706,0.751863684771033
348,2,3,4,1,6,4,85,0,0,6,2,0,154,9,333,19,36,28,11,1,0,15,719,703,952.0,703,0.7384453781512605
349,0,2,7,4,21,2,97,2,1,6,5,0,156,4,322,28,40,30,12,5,0,9,753,739,977.0,739,0.7563971340839304
350,1,1,9,4,21,2,58,0,2,7,3,1,162,9,322,24,48,43,4,3,0,28,752,721,946.0,721,0.7621564482029598
351,1,1,1,1,8,0,74,1,3,5,1,0,117,7,266,20,24,19,3,2,1,14,569,552,773.0,552,0.7141009055627425
352,0,4,3,1,9,1,69,0,1,1,4,1,124,3,300,28,19,23,4,1,0,10,606,595,754.0,595,0.7891246684350133
353,0,0,6,2,8,2,101,0,3,4,3,1,167,11,172,14,8,15,4,4,0,14,539,521,862.0,521,0.6044083526682135
354,0,0,0,0,0,0,5,0,0,1,1,0,3,1,24,2,2,3,0,0,0,2,44,42,,42,
355,0,1,1,0,2,0,22,0,1,0,0,1,14,4,52,0,5,2,0,2,0,1,108,105,,105,
356,0,0,1,1,1,0,16,0,2,1,0,0,19,0,50,1,9,5,1,1,0,5,113,107,,107,
357,0,0,0,1,2,2,20,0,0,0,0,0,6,1,56,4,8,4,2,2,0,2,110,106,,106,
358,0,0,1,0,0,0,8,0,0,0,0,0,6,1,46,1,7,6,3,0,0,1,80,79,,79,
359,0,0,0,0,1,0,13,1,0,1,1,0,8,0,36,1,6,6,2,1,0,3,80,76,,76,
360,0,0,1,0,0,0,8,0,0,2,0,0,14,1,13,2,6,7,0,2,0,1,57,54,,54,
361,0,1,0,1,5,0,14,0,1,1,1,0,9,1,61,1,7,4,3,1,0,0,111,110,,110,
