SEZIONE,CASAPOUND ITALIA,CENTRO DEMOCRATICO,CON MONTI PER L'ITALIA,FARE PER FERMARE IL DECLINO,FORZA NUOVA,FRATELLI D'ITALIA,IL POPOLO DELLA LIBERTA',LA DESTRA,LEGA NORD,LISTA AMNISTIA GIUSTIZIA LIBERTA',MIR - MODERATI IN RIVOLUZIONE,MOVIMENTO 5 STELLE BEPPEGRILLO.IT,PARTITO COMUNISTA DEI LAVORATORI,PARTITO DEMOCRATICO,RIVOLUZIONE CIVILE,SINISTRA ECOLOGIA LIBERTA',BIANCHE,CONTESTATE,NULLE,TOTALE_COMPLESSIVO,TOTALE_VALIDI,TOTALE ISCRITTI,TOTALE,AFFLUENZA
1,0,2,68,6,1,16,106,1,5,4,1,77,0,160,3,34,3,0,5,492,484,664.0,484,0.7289156626506024
2,0,1,64,6,0,12,104,2,6,0,1,60,3,105,9,19,3,1,5,401,392,570.0,392,0.6877192982456141
3,3,2,65,6,0,22,108,2,6,9,0,110,2,148,13,36,2,0,6,540,532,729.0,532,0.7297668038408779
4,0,5,70,4,0,14,93,2,2,1,2,80,2,140,5,44,2,0,6,472,464,677.0,464,0.6853766617429837
5,1,1,30,4,2,4,64,4,2,4,2,76,0,227,17,47,1,0,6,492,485,664.0,485,0.7304216867469879
6,1,1,86,4,0,16,82,1,4,1,0,84,3,204,14,56,0,0,7,564,557,730.0,557,0.763013698630137
7,2,1,71,10,0,18,96,0,0,4,3,65,4,195,4,38,2,0,10,523,511,647.0,511,0.7897990726429676
8,2,2,45,3,0,14,73,1,2,5,0,59,4,188,13,32,2,0,5,450,443,583.0,443,0.7598627787307033
9,0,1,81,6,0,16,112,4,1,4,3,65,0,148,2,21,6,0,1,471,464,592.0,464,0.7837837837837838
10,0,0,54,10,0,15,99,1,2,1,0,83,1,169,7,39,0,0,6,487,481,654.0,481,0.735474006116208
11,0,1,60,5,0,10,81,3,3,2,2,68,2,170,7,36,3,0,10,463,450,612.0,450,0.7352941176470589
12,0,4,43,3,0,8,57,2,1,4,2,53,5,144,6,39,0,0,4,375,371,506.0,371,0.733201581027668
13,1,4,50,8,0,6,70,0,3,3,0,111,3,309,11,68,5,0,6,658,647,852.0,647,0.7593896713615024
14,0,2,44,5,0,3,42,1,1,1,0,77,5,214,30,67,1,0,6,499,492,666.0,492,0.7387387387387387
15,1,3,60,9,0,11,76,2,0,4,0,88,1,271,20,54,3,0,8,611,600,786.0,600,0.7633587786259542
16,1,3,63,1,1,10,54,2,4,5,0,109,5,260,19,54,0,0,7,598,591,778.0,591,0.7596401028277635
17,0,2,87,10,1,17,151,1,7,2,3,78,1,179,10,20,6,0,6,581,569,709.0,569,0.8025387870239774
18,1,2,60,10,3,16,106,2,5,0,1,91,1,221,14,31,0,0,12,576,564,706.0,564,0.7988668555240793
19,1,4,91,6,0,11,108,2,3,1,0,89,1,252,9,42,3,0,17,640,620,776.0,620,0.7989690721649485
20,1,0,52,7,0,10,89,2,4,3,2,83,3,202,1,31,3,0,8,501,490,640.0,490,0.765625
21,3,0,62,3,1,15,68,1,6,7,0,109,1,218,15,74,2,0,8,593,583,786.0,583,0.7417302798982188
22,1,1,50,3,0,5,48,0,4,2,0,94,2,230,4,35,0,0,8,487,479,622.0,479,0.770096463022508
23,0,3,51,13,1,11,95,4,3,2,1,83,1,155,17,28,0,0,8,476,468,618.0,468,0.7572815533980582
24,0,1,85,8,1,10,81,3,4,2,1,60,1,130,4,19,2,0,5,417,410,549.0,410,0.7468123861566485
25,1,1,43,3,1,1,56,6,3,1,0,77,2,193,11,39,2,0,9,449,438,610.0,438,0.7180327868852459
26,0,0,35,12,0,14,66,3,3,2,0,80,2,135,14,25,0,0,3,394,391,542.0,391,0.7214022140221402
27,2,0,77,8,0,30,145,5,9,1,0,79,1,194,7,8,2,0,10,578,566,762.0,566,0.7427821522309711
28,1,2,69,10,2,19,133,1,6,4,1,85,0,188,16,35,3,0,6,581,572,728.0,572,0.7857142857142857
29,1,1,33,2,1,12,90,1,4,0,0,101,2,223,11,23,4,0,7,516,505,636.0,505,0.7940251572327044
30,0,2,40,8,0,10,84,2,0,3,1,84,1,219,14,34,1,0,3,506,502,649.0,502,0.773497688751926
31,3,2,51,6,0,7,57,2,3,0,1,108,2,290,13,50,2,0,6,603,595,721.0,595,0.8252427184466019
32,0,0,74,4,2,11,81,2,5,0,0,95,1,223,6,22,3,0,12,541,526,652.0,526,0.8067484662576687
33,1,5,61,5,1,12,101,4,5,7,1,95,4,215,18,33,4,0,8,580,568,737.0,568,0.7706919945725916
34,1,0,62,4,1,10,97,1,6,2,4,95,0,217,11,22,6,0,12,551,533,682.0,533,0.781524926686217
35,2,2,44,6,0,13,81,0,2,4,0,77,0,226,14,36,2,0,5,514,507,645.0,507,0.786046511627907
36,0,2,48,6,1,17,97,0,4,5,1,79,2,226,12,26,4,0,5,535,526,648.0,526,0.8117283950617284
37,1,5,64,5,0,13,113,2,3,4,1,88,3,240,9,37,3,0,11,602,588,757.0,588,0.7767503302509907
38,0,0,59,5,0,14,78,1,8,2,0,103,0,277,18,46,2,0,5,618,611,751.0,611,0.8135818908122503
39,0,3,58,6,1,8,76,1,9,1,0,122,2,245,16,31,5,0,8,592,579,768.0,579,0.75390625
40,2,1,67,6,0,15,105,3,7,5,1,94,4,259,11,53,4,0,11,648,633,838.0,633,0.7553699284009546
41,1,0,70,7,1,16,95,0,3,2,0,82,1,266,15,22,3,0,14,598,581,726.0,581,0.800275482093664
42,1,3,63,3,0,8,105,1,7,1,0,73,1,236,7,20,0,0,9,538,529,666.0,529,0.7942942942942943
43,0,4,41,6,0,10,83,2,4,4,0,98,4,254,13,36,3,0,11,573,559,706.0,559,0.7917847025495751
44,2,1,50,9,1,8,75,3,1,4,0,102,2,238,20,49,1,0,11,577,565,736.0,565,0.7676630434782609
45,1,0,45,7,1,8,75,5,3,2,0,123,4,213,13,48,1,0,12,561,548,743.0,548,0.7375504710632571
46,0,0,46,6,0,18,100,1,1,1,1,95,1,214,12,51,3,0,8,558,547,729.0,547,0.7503429355281207
47,1,2,57,2,0,11,71,2,3,5,0,81,5,128,8,15,2,0,5,398,391,539.0,391,0.725417439703154
48,0,2,48,7,0,21,74,3,3,3,0,87,5,196,20,58,2,0,12,541,527,700.0,527,0.7528571428571429
49,1,1,77,12,0,24,94,3,5,3,0,95,2,190,9,34,4,0,6,560,550,701.0,550,0.7845934379457917
50,2,4,56,7,0,20,82,3,2,4,1,101,1,217,20,46,3,0,9,578,566,746.0,566,0.7587131367292225
51,0,3,33,5,3,16,67,3,1,3,1,83,1,151,5,24,3,0,8,410,399,587.0,399,0.6797274275979557
52,0,2,47,2,0,21,106,0,3,4,1,81,0,148,10,39,4,0,3,471,464,645.0,464,0.7193798449612403
53,0,2,63,9,0,8,91,2,7,5,3,85,3,190,6,62,3,0,7,546,536,721.0,536,0.7434119278779473
54,1,1,83,13,0,14,95,4,0,5,1,114,1,285,14,58,3,0,5,697,689,890.0,689,0.7741573033707865
55,1,1,55,12,2,11,93,2,2,6,0,90,2,203,17,57,4,0,8,566,554,792.0,554,0.6994949494949495
56,1,0,36,5,0,12,50,3,4,1,0,93,10,201,21,58,3,0,6,504,495,695.0,495,0.7122302158273381
57,0,1,52,6,1,12,84,1,4,2,0,110,2,219,12,68,3,0,10,587,574,778.0,574,0.7377892030848329
58,0,8,87,8,0,9,106,3,9,6,1,86,3,216,9,53,3,0,8,615,604,825.0,604,0.7321212121212122
59,1,0,64,14,1,19,67,6,8,8,0,74,2,234,11,36,7,0,8,560,545,712.0,545,0.7654494382022472
60,0,1,91,6,2,18,98,0,2,3,0,60,0,208,11,26,4,0,6,536,526,682.0,526,0.7712609970674487
61,0,1,114,13,0,23,120,4,4,7,0,80,1,210,13,50,0,0,2,642,640,787.0,640,0.8132147395171537
62,2,1,56,5,2,5,77,0,5,2,0,81,0,240,14,46,4,0,6,546,536,751.0,536,0.7137150466045273
63,2,2,153,9,0,28,173,2,9,2,0,84,4,165,11,37,4,0,16,701,681,850.0,681,0.8011764705882353
64,1,1,90,6,0,22,99,1,3,6,0,55,1,185,17,19,5,0,6,517,506,634.0,506,0.7981072555205048
65,0,1,104,10,2,21,91,3,8,2,0,95,3,226,10,37,10,0,10,633,613,763.0,613,0.8034076015727392
66,1,1,83,13,1,20,146,0,8,1,3,61,2,231,8,25,4,0,13,621,604,768.0,604,0.7864583333333334
67,0,2,102,8,0,22,113,3,5,3,1,104,2,199,7,37,2,0,4,614,608,769.0,608,0.7906371911573472
68,0,3,39,5,0,12,50,3,5,1,1,78,2,248,9,51,2,0,6,515,507,671.0,507,0.7555886736214605
69,0,4,62,2,1,22,78,0,1,1,0,93,5,224,11,28,8,0,9,549,532,672.0,532,0.7916666666666666
70,1,3,59,4,2,24,81,5,1,1,0,121,4,277,11,47,2,0,5,648,641,791.0,641,0.8103666245259166
71,1,1,49,6,1,12,79,2,4,2,0,86,3,263,14,49,2,0,12,586,572,766.0,572,0.7467362924281984
72,1,4,85,7,1,16,70,2,3,2,0,101,3,261,5,35,3,0,8,607,596,739.0,596,0.8064952638700947
73,1,2,67,5,0,22,99,2,3,2,1,73,1,161,4,24,3,0,4,474,467,606.0,467,0.7706270627062707
74,0,2,35,5,0,8,65,2,2,4,0,49,1,164,4,12,1,0,5,359,353,525.0,353,0.6723809523809524
75,0,4,73,3,1,17,64,1,3,3,0,89,1,251,9,38,2,0,7,566,557,686.0,557,0.8119533527696793
76,0,2,60,5,1,11,79,2,1,3,0,99,1,289,20,43,4,0,12,632,616,765.0,616,0.8052287581699347
77,1,3,77,4,1,14,107,2,9,5,0,101,3,310,11,50,0,0,9,707,698,874.0,698,0.7986270022883295
78,0,0,75,9,0,9,78,4,2,3,0,109,6,332,16,44,2,0,15,704,687,832.0,687,0.8257211538461539
79,0,0,58,5,1,22,102,1,2,2,2,113,3,260,12,47,5,0,14,649,630,790.0,630,0.7974683544303798
80,1,3,67,6,0,15,95,2,7,7,2,68,1,263,7,72,5,0,8,629,616,770.0,616,0.8
81,0,3,66,12,1,14,99,2,4,0,2,90,4,217,15,32,4,0,9,574,561,710.0,561,0.7901408450704225
82,0,0,94,7,1,26,124,1,5,3,2,81,1,176,11,30,1,0,9,572,562,682.0,562,0.8240469208211144
83,1,0,116,9,0,32,124,5,5,1,2,70,1,184,11,23,5,0,6,595,584,726.0,584,0.8044077134986226
84,0,2,109,10,2,14,110,2,7,4,0,84,2,240,12,26,3,0,8,635,624,758.0,624,0.8232189973614775
85,0,2,98,6,0,26,87,3,5,4,2,85,1,259,10,37,0,0,5,630,625,772.0,625,0.8095854922279793
86,0,2,76,12,1,17,90,2,5,0,1,67,3,260,9,38,1,0,14,598,583,728.0,583,0.8008241758241759
87,0,1,74,10,0,21,90,4,2,2,1,111,0,218,13,29,5,0,13,594,576,760.0,576,0.7578947368421053
88,0,0,53,6,2,13,88,3,3,4,1,89,4,256,5,26,2,0,12,567,553,755.0,553,0.7324503311258278
89,2,2,70,4,2,24,111,4,3,4,1,110,2,209,6,29,1,0,5,589,583,742.0,583,0.7857142857142857
90,2,5,69,6,0,36,82,2,6,3,1,86,2,249,10,37,4,0,12,612,596,740.0,596,0.8054054054054054
91,2,2,57,9,1,17,85,4,4,1,2,92,3,267,9,32,1,0,15,603,587,743.0,587,0.7900403768506057
92,1,4,80,8,1,25,84,1,9,1,0,109,3,246,6,24,2,0,13,617,602,775.0,602,0.7767741935483871
93,3,3,77,4,0,26,92,2,2,2,0,95,3,289,15,30,2,0,9,654,643,782.0,643,0.8222506393861893
94,1,2,79,5,1,30,121,4,7,0,2,70,1,207,13,21,5,0,8,577,564,699.0,564,0.8068669527896996
95,0,0,69,6,0,38,103,5,8,1,0,69,1,239,8,35,0,0,9,591,582,723.0,582,0.8049792531120332
96,2,2,64,10,2,14,85,2,5,3,1,89,3,243,14,38,3,0,11,591,577,736.0,577,0.7839673913043478
97,0,1,45,5,0,20,88,2,10,1,0,110,3,279,12,32,3,0,13,624,608,781.0,608,0.7784891165172856
98,0,3,81,7,0,24,116,3,3,2,0,98,3,236,3,39,3,0,14,635,618,772.0,618,0.8005181347150259
99,1,2,73,7,0,24,106,2,1,2,1,101,4,257,12,28,5,0,8,634,621,775.0,621,0.8012903225806451
100,0,2,62,4,0,18,88,2,4,1,0,83,3,260,9,27,6,0,14,583,563,699.0,563,0.8054363376251789
101,1,0,83,6,1,27,94,1,4,0,0,112,3,281,12,31,7,0,8,671,656,818.0,656,0.8019559902200489
102,0,3,76,6,0,23,113,3,7,0,0,93,0,301,13,31,2,0,9,680,669,823.0,669,0.8128797083839611
103,1,2,51,7,0,26,77,0,2,2,0,101,5,265,12,35,0,0,5,591,586,746.0,586,0.7855227882037533
104,2,2,61,3,2,15,87,1,4,0,1,106,3,342,12,49,4,0,15,709,690,876.0,690,0.7876712328767124
105,0,1,53,5,2,18,75,4,1,1,0,131,5,386,15,33,2,0,12,744,730,915.0,730,0.7978142076502732
106,0,6,70,3,3,27,75,3,5,2,0,82,1,337,12,42,5,0,8,681,668,796.0,668,0.8391959798994975
107,1,2,51,5,2,16,56,2,3,6,1,75,2,264,13,30,1,0,8,538,529,664.0,529,0.7966867469879518
108,2,1,51,6,5,8,71,2,4,1,2,86,6,301,11,33,6,0,8,604,590,776.0,590,0.7603092783505154
109,1,4,86,7,0,14,100,4,3,1,0,82,5,304,8,36,5,0,7,667,655,822.0,655,0.7968369829683698
110,0,2,52,3,1,17,90,1,5,3,1,117,1,285,10,37,6,0,7,638,625,780.0,625,0.8012820512820513
111,2,3,50,3,1,12,75,2,3,2,0,98,8,253,11,29,3,0,11,566,552,717.0,552,0.7698744769874477
112,3,2,45,3,0,11,67,2,6,3,0,94,2,262,19,27,3,0,13,562,546,732.0,546,0.7459016393442623
113,0,3,98,6,2,21,113,4,3,2,0,91,1,290,6,37,2,0,5,684,677,826.0,677,0.8196125907990315
114,0,1,50,9,1,21,93,1,5,0,2,79,3,239,3,22,4,0,5,538,529,637.0,529,0.8304552590266876
115,0,1,71,12,0,13,71,1,2,0,0,51,2,172,3,22,1,0,7,429,421,550.0,421,0.7654545454545455
116,1,2,61,4,0,13,71,2,2,1,1,62,1,177,2,32,6,0,9,447,432,516.0,432,0.8372093023255814
117,1,4,47,4,0,19,76,2,4,2,0,93,6,218,11,26,5,0,9,527,513,748.0,513,0.6858288770053476
118,0,0,66,6,0,16,60,3,2,1,0,128,4,280,11,24,4,0,17,622,601,770.0,601,0.7805194805194805
119,0,6,50,4,0,20,94,1,4,2,0,72,2,270,7,21,3,0,8,564,553,652.0,553,0.848159509202454
120,0,1,56,9,0,15,75,1,3,2,3,100,5,262,10,22,3,0,8,575,564,708.0,564,0.7966101694915254
121,0,3,31,1,0,11,82,2,2,1,0,98,4,212,4,16,5,0,13,485,467,665.0,467,0.7022556390977444
122,2,4,51,4,1,15,124,2,4,4,1,116,2,262,6,19,3,0,23,643,617,756.0,617,0.8161375661375662
123,2,2,45,5,2,19,107,4,5,1,0,119,4,350,11,36,2,0,5,719,712,857.0,712,0.8308051341890315
124,2,1,50,4,4,20,73,2,3,1,0,71,6,267,12,38,12,0,1,567,554,665.0,554,0.8330827067669173
125,0,0,55,4,1,5,73,3,5,0,1,92,3,274,14,38,1,0,7,576,568,706.0,568,0.8045325779036827
126,1,0,50,4,0,12,69,2,3,2,0,98,3,269,6,29,1,0,10,559,548,706.0,548,0.7762039660056658
127,1,1,59,1,2,12,96,1,5,1,0,109,7,259,6,39,6,0,20,625,599,764.0,599,0.7840314136125655
128,1,3,89,14,1,22,111,0,8,3,0,100,4,237,17,33,2,0,8,653,643,800.0,643,0.80375
129,0,1,55,7,3,12,116,5,2,4,1,115,1,256,6,24,3,0,15,626,608,785.0,608,0.7745222929936306
130,2,4,56,6,3,15,54,3,6,2,0,109,4,328,14,25,2,0,11,644,631,810.0,631,0.7790123456790123
131,0,3,34,7,2,13,80,2,4,1,0,78,7,285,7,56,2,0,11,592,579,791.0,579,0.7319848293299621
132,1,1,71,9,3,15,83,5,5,1,0,114,6,305,15,48,5,0,2,689,682,881.0,682,0.7741203178206584
133,2,0,109,15,2,27,138,5,5,2,1,108,3,217,13,26,4,0,12,689,673,875.0,673,0.7691428571428571
134,0,2,99,15,0,31,164,6,3,3,1,64,0,173,6,26,1,0,8,602,593,758.0,593,0.7823218997361477
135,0,2,108,26,1,33,143,2,4,6,2,55,2,196,17,39,4,0,8,648,636,781.0,636,0.8143405889884763
136,0,3,131,12,0,20,135,5,5,4,0,74,2,188,5,31,2,0,8,625,615,724.0,615,0.8494475138121547
137,0,1,88,9,0,14,106,4,3,2,0,79,0,213,15,29,4,0,5,572,563,694.0,563,0.8112391930835735
138,1,4,83,15,2,21,72,4,3,1,0,98,1,257,16,28,5,0,10,621,606,776.0,606,0.7809278350515464
139,1,6,69,13,1,23,148,3,3,9,0,94,1,274,7,27,1,0,13,693,679,838.0,679,0.8102625298329356
140,0,1,92,11,1,21,116,1,1,1,0,82,2,282,10,30,3,0,8,662,651,802.0,651,0.8117206982543641
141,0,1,76,11,2,22,116,1,5,6,2,116,3,271,4,58,3,0,7,704,694,851.0,694,0.8155111633372503
142,2,4,72,6,1,20,112,2,2,1,2,70,0,251,11,29,5,0,9,599,585,780.0,585,0.75
143,0,2,98,8,0,32,101,2,7,4,0,90,3,261,15,45,3,0,6,677,668,814.0,668,0.8206388206388207
144,3,4,48,6,1,11,87,1,5,3,4,101,0,279,17,32,2,0,9,613,602,777.0,602,0.7747747747747747
145,2,1,59,2,1,21,88,4,3,3,0,110,3,271,12,26,2,0,19,627,606,811.0,606,0.7472256473489519
146,1,2,61,11,2,23,99,3,2,5,0,117,4,233,9,42,2,0,11,627,614,804.0,614,0.763681592039801
147,0,2,76,3,0,9,127,3,3,3,1,84,3,244,11,39,8,0,10,626,608,808.0,608,0.7524752475247525
148,3,1,111,15,0,23,147,2,5,7,2,91,1,257,11,32,4,0,8,720,708,879.0,708,0.8054607508532423
149,0,5,84,7,1,18,151,5,3,0,0,92,4,172,8,30,6,0,10,596,580,761.0,580,0.7621550591327201
150,1,3,48,5,2,23,81,6,5,1,1,100,4,243,16,52,4,0,9,604,591,746.0,591,0.792225201072386
151,1,1,47,1,0,8,65,4,5,2,0,119,2,271,8,37,1,0,10,582,571,740.0,571,0.7716216216216216
152,1,2,42,2,3,13,66,1,6,2,0,123,7,254,8,24,4,0,9,567,554,723.0,554,0.7662517289073306
153,2,1,63,0,0,8,115,2,5,2,1,110,4,272,21,53,7,0,11,677,659,805.0,659,0.8186335403726708
154,0,4,60,7,2,8,84,1,9,1,0,101,3,287,17,45,1,0,9,639,629,797.0,629,0.7892095357590966
155,2,2,69,2,1,15,90,2,4,1,0,97,9,277,8,33,0,0,9,621,612,777.0,612,0.7876447876447876
156,0,4,99,5,2,17,90,2,4,3,0,96,2,268,12,37,2,0,16,659,641,803.0,641,0.7982565379825654
157,3,1,58,5,1,12,83,1,6,1,0,117,1,304,14,29,1,0,13,650,636,793.0,636,0.8020176544766708
158,0,2,59,5,1,15,67,5,5,2,0,116,5,304,21,32,5,0,17,661,639,786.0,639,0.8129770992366412
159,2,3,59,1,1,11,73,3,2,0,0,94,2,304,11,34,9,0,10,619,600,777.0,600,0.7722007722007722
160,1,1,60,4,2,16,86,4,5,2,0,90,4,339,6,36,5,0,22,683,656,841.0,656,0.7800237812128419
161,4,1,51,7,1,12,77,3,1,2,1,104,10,240,9,20,5,0,11,559,543,711.0,543,0.7637130801687764
162,0,2,56,4,2,16,70,2,4,1,0,97,6,301,12,35,2,0,6,616,608,738.0,608,0.8238482384823849
163,2,4,69,4,0,20,82,3,2,4,0,75,3,294,13,31,3,0,11,620,606,756.0,606,0.8015873015873016
164,2,3,83,8,0,17,95,3,0,0,1,58,4,283,14,23,4,0,4,602,594,718.0,594,0.8272980501392758
165,0,1,70,4,0,19,71,0,3,1,0,67,3,256,9,21,4,0,5,534,525,658.0,525,0.7978723404255319
166,0,1,43,6,1,13,84,3,3,3,0,66,2,290,9,23,9,0,4,560,547,651.0,547,0.8402457757296466
167,1,1,84,4,0,23,80,2,8,2,0,53,0,300,4,25,6,0,7,600,587,745.0,587,0.7879194630872484
168,2,1,77,5,2,23,106,1,6,0,0,65,1,226,8,19,4,0,7,553,542,680.0,542,0.7970588235294118
169,1,0,62,1,0,14,115,3,0,1,0,100,3,223,3,23,1,0,3,553,549,674.0,549,0.814540059347181
170,2,0,78,7,1,12,82,5,8,4,1,98,3,317,9,41,7,0,9,684,668,813.0,668,0.8216482164821648
171,1,3,64,6,0,16,82,1,2,2,0,97,2,254,5,24,3,0,7,569,559,695.0,559,0.8043165467625899
172,0,2,34,3,2,17,109,4,2,4,0,141,5,339,19,32,3,0,14,730,713,933.0,713,0.7642015005359056
173,1,3,55,3,1,8,75,1,0,1,0,121,11,281,14,27,4,0,13,619,602,757.0,602,0.7952443857331571
174,2,1,72,3,0,18,89,1,3,0,0,116,4,385,12,38,3,0,13,760,744,927.0,744,0.8025889967637541
175,2,5,62,5,4,23,125,1,6,3,0,110,1,323,11,32,5,0,7,725,713,901.0,713,0.7913429522752498
176,0,1,36,1,1,4,38,1,6,1,0,85,14,240,20,18,2,0,14,482,466,574.0,466,0.8118466898954704
177,1,1,78,12,1,18,126,3,6,3,2,72,0,104,2,9,4,0,6,448,438,744.0,438,0.5887096774193549
178,0,2,77,6,2,17,105,2,6,5,0,125,1,233,7,29,5,0,13,635,617,793.0,617,0.7780580075662042
179,0,1,54,9,1,17,81,6,5,3,0,103,3,280,14,30,3,0,6,616,607,760.0,607,0.7986842105263158
180,0,1,71,8,1,20,84,0,2,0,0,62,0,162,6,19,3,0,3,442,436,534.0,436,0.8164794007490637
181,1,0,58,5,1,11,87,1,3,1,0,63,1,162,3,21,3,0,2,423,418,536.0,418,0.7798507462686567
182,0,1,43,4,0,5,23,0,1,1,0,53,3,135,5,14,3,0,9,300,288,380.0,288,0.7578947368421053
183,1,3,50,7,0,9,65,2,3,1,0,85,3,318,13,22,5,0,5,592,582,689.0,582,0.8447024673439768
184,1,3,48,5,0,14,84,3,3,3,0,94,7,265,11,14,4,0,11,570,555,733.0,555,0.757162346521146
185,0,1,84,3,0,15,82,3,3,1,0,123,4,346,9,30,5,0,10,719,704,865.0,704,0.8138728323699422
186,1,0,40,2,2,13,66,1,2,0,0,89,1,270,12,34,4,0,10,547,533,670.0,533,0.7955223880597015
187,1,2,60,6,1,15,85,3,6,3,0,105,1,319,6,24,5,0,19,661,637,805.0,637,0.7913043478260869
188,0,1,67,11,1,16,84,2,1,2,0,98,2,243,5,25,5,0,12,575,558,706.0,558,0.7903682719546742
189,1,1,44,4,3,14,54,0,9,3,3,90,4,286,10,45,3,0,9,583,571,746.0,571,0.7654155495978552
190,1,0,38,4,0,14,49,1,1,2,0,97,4,213,8,30,2,0,7,471,462,620.0,462,0.7451612903225806
191,0,1,52,9,4,14,66,2,0,3,0,116,5,250,11,48,4,0,8,593,581,724.0,581,0.8024861878453039
192,1,2,58,4,0,10,82,2,2,4,0,92,3,221,14,29,2,0,8,534,524,722.0,524,0.7257617728531855
193,1,1,39,0,1,7,77,1,6,0,0,123,1,237,13,35,2,0,2,546,542,700.0,542,0.7742857142857142
194,0,1,40,13,0,22,78,0,3,3,1,83,1,228,13,54,1,0,8,549,540,731.0,540,0.7387140902872777
195,1,4,88,10,1,13,85,2,4,3,0,85,2,261,10,33,6,0,2,610,602,750.0,602,0.8026666666666666
196,0,1,74,4,3,33,82,2,5,3,1,109,3,254,9,34,8,0,15,640,617,805.0,617,0.7664596273291926
197,0,1,51,5,1,14,85,2,1,1,0,93,2,262,10,26,5,0,11,570,554,708.0,554,0.7824858757062146
198,0,2,74,3,0,10,97,2,3,2,0,69,3,266,7,16,2,0,9,565,554,698.0,554,0.7936962750716332
199,2,3,51,2,2,10,89,4,2,2,0,106,5,293,12,24,5,0,12,624,607,750.0,607,0.8093333333333333
200,0,0,45,7,2,14,81,1,7,3,3,94,6,294,9,32,3,0,10,611,598,753.0,598,0.7941567065073041
201,1,1,48,3,1,19,66,2,4,2,1,151,1,259,10,38,1,0,11,619,607,769.0,607,0.7893368010403121
202,0,1,67,6,0,16,110,3,5,2,0,87,0,241,9,19,2,0,12,580,566,695.0,566,0.814388489208633
203,0,2,95,3,1,11,89,1,3,1,0,128,5,363,16,32,4,0,6,760,750,924.0,750,0.8116883116883117
204,0,3,68,3,0,20,69,0,12,1,0,151,3,338,15,31,0,0,9,723,714,866.0,714,0.8244803695150116
205,1,3,68,17,0,30,94,0,3,2,0,78,2,292,8,29,3,0,10,640,627,784.0,627,0.7997448979591837
206,0,2,84,10,0,29,130,4,1,2,3,111,3,330,10,37,2,0,8,766,756,855.0,756,0.8842105263157894
207,0,1,47,3,1,16,93,5,2,2,0,110,5,376,15,41,5,0,15,737,717,879.0,717,0.8156996587030717
208,1,2,60,4,1,13,96,5,3,3,3,130,5,330,20,28,7,0,12,723,704,912.0,704,0.7719298245614035
209,1,1,39,7,1,19,82,2,6,1,0,114,3,380,15,21,2,0,9,703,692,879.0,692,0.7872582480091013
210,1,3,62,3,3,21,98,7,5,1,1,179,4,387,20,37,4,0,17,853,832,987.0,832,0.8429584599797366
211,0,5,45,8,0,14,109,0,5,2,0,130,4,280,7,34,4,0,11,658,643,796.0,643,0.8077889447236181
212,1,4,54,3,0,15,69,4,2,0,3,107,1,260,7,20,1,0,8,559,550,693.0,550,0.7936507936507936
213,2,1,37,5,1,13,82,2,2,0,0,88,2,254,8,32,1,0,10,540,529,711.0,529,0.7440225035161744
214,4,1,44,7,0,21,71,2,2,2,0,69,3,234,12,22,2,0,10,506,494,638.0,494,0.774294670846395
215,1,0,34,4,1,12,101,1,1,1,0,92,2,264,9,31,4,0,11,569,554,709.0,554,0.7813822284908322
216,1,1,38,3,2,10,58,1,0,0,0,135,1,330,11,36,4,0,4,635,627,778.0,627,0.8059125964010283
217,0,4,61,1,2,11,61,1,5,1,0,90,7,280,9,16,4,0,8,561,549,696.0,549,0.7887931034482759
218,2,2,40,2,1,6,48,3,3,2,0,99,4,280,9,20,4,0,13,538,521,684.0,521,0.7616959064327485
219,0,0,21,2,0,9,82,2,2,4,2,100,0,247,9,51,2,0,7,540,531,714.0,531,0.7436974789915967
220,1,4,37,1,1,8,52,2,2,3,0,102,4,276,11,45,0,0,5,554,549,709.0,549,0.7743300423131171
221,0,3,23,4,1,13,46,4,3,1,0,125,3,313,19,48,1,0,5,612,606,760.0,606,0.7973684210526316
222,0,5,41,3,1,13,72,1,2,0,1,104,0,248,16,29,3,0,5,544,536,684.0,536,0.783625730994152
223,2,1,36,3,0,14,71,2,3,3,2,92,2,237,10,30,3,0,6,517,508,659.0,508,0.7708649468892261
224,1,2,26,4,1,13,82,1,3,3,1,109,4,249,12,37,6,0,14,568,548,708.0,548,0.7740112994350282
225,1,1,31,2,0,22,74,1,2,1,0,111,4,249,12,46,0,1,7,565,557,707.0,557,0.7878359264497878
226,0,2,33,2,0,10,91,1,3,2,0,102,5,246,11,29,2,0,7,546,537,689.0,537,0.7793904208998549
227,2,4,23,4,2,8,65,4,3,1,0,83,3,236,18,25,3,0,9,493,481,638.0,481,0.7539184952978056
228,0,1,33,3,1,23,63,1,2,2,1,94,4,297,10,29,3,0,9,576,564,718.0,564,0.7855153203342619
229,0,2,42,5,0,12,69,1,6,0,1,97,3,298,19,40,5,0,15,615,595,751.0,595,0.7922769640479361
230,1,1,54,1,1,16,71,6,3,0,0,133,3,337,13,35,2,0,5,682,675,826.0,675,0.8171912832929782
231,0,0,55,3,0,12,83,1,1,5,0,105,1,244,8,22,2,0,8,550,540,667.0,540,0.8095952023988006
232,1,0,32,4,0,17,58,3,3,0,0,96,4,272,13,16,1,0,9,529,519,653.0,519,0.7947932618683001
233,2,5,24,1,4,3,82,4,1,2,0,84,11,187,9,25,4,0,10,458,444,638.0,444,0.6959247648902821
234,1,3,34,3,2,8,62,8,6,0,0,112,3,226,11,23,11,0,16,529,502,732.0,502,0.6857923497267759
235,1,1,22,0,2,6,77,3,2,0,0,115,8,194,14,23,3,0,14,485,468,702.0,468,0.6666666666666666
236,4,2,16,1,3,15,69,2,5,0,0,94,7,190,14,18,4,0,13,457,440,687.0,440,0.6404657933042213
237,1,1,13,4,1,4,97,6,1,0,2,109,4,205,18,11,4,0,11,492,477,722.0,477,0.6606648199445984
238,0,1,64,6,1,9,90,1,2,0,0,135,7,304,10,24,3,0,11,668,654,794.0,654,0.8236775818639799
239,2,1,34,1,0,9,41,1,2,1,0,81,4,338,11,33,4,0,6,569,559,677.0,559,0.8257016248153619
240,0,1,39,2,0,17,69,4,4,0,0,139,6,296,12,30,3,0,11,633,619,803.0,619,0.7708592777085927
241,1,0,58,8,2,9,81,3,6,3,0,141,4,385,16,40,3,0,9,769,757,930.0,757,0.8139784946236559
242,0,3,37,1,1,6,97,2,5,2,1,101,1,217,13,17,5,0,13,522,504,666.0,504,0.7567567567567568
243,1,3,33,3,5,20,90,2,0,2,0,148,8,227,12,27,6,0,6,593,581,784.0,581,0.7410714285714286
244,1,0,35,2,3,11,69,2,5,3,0,111,2,265,9,39,1,0,12,570,557,726.0,557,0.7672176308539945
245,3,2,43,10,3,15,102,2,7,3,0,154,3,393,17,21,3,0,10,791,778,949.0,778,0.8198103266596417
246,1,3,60,3,2,16,97,4,4,3,0,119,3,344,29,27,2,0,19,736,715,915.0,715,0.7814207650273224
247,1,1,51,4,5,9,73,7,3,2,0,107,6,292,9,26,2,0,7,605,596,753.0,596,0.7915006640106241
248,2,2,29,3,0,20,67,1,5,2,1,111,6,308,21,17,3,0,11,609,595,788.0,595,0.7550761421319797
249,1,2,42,1,4,17,68,2,5,3,1,99,6,257,14,29,3,0,13,567,551,736.0,551,0.748641304347826
250,0,2,55,10,0,13,114,1,6,1,0,177,4,448,11,27,4,0,20,893,869,1052.0,869,0.8260456273764258
251,6,2,51,7,0,25,136,6,5,40,0,188,1,311,23,31,3,0,12,847,832,1013.0,832,0.8213228035538006
252,0,2,39,2,1,20,93,1,6,1,0,187,5,420,14,39,1,0,11,842,830,952.0,830,0.8718487394957983
253,0,0,41,4,1,7,60,3,4,3,0,114,10,237,14,32,3,0,8,541,530,716.0,530,0.7402234636871509
254,2,1,39,4,0,14,91,2,6,4,0,107,2,261,16,23,4,0,13,589,572,749.0,572,0.7636849132176236
255,1,1,73,2,0,19,95,2,7,2,0,93,2,305,12,36,5,0,5,660,650,800.0,650,0.8125
256,0,2,44,2,1,18,81,1,4,2,0,94,1,300,10,30,5,0,8,603,590,749.0,590,0.787716955941255
257,0,0,60,5,3,9,74,0,7,1,1,98,1,254,13,39,5,0,8,578,565,723.0,565,0.7814661134163209
258,2,1,53,3,1,16,92,5,7,2,0,115,4,290,12,37,6,0,9,655,640,801.0,640,0.7990012484394506
259,3,1,46,6,1,7,69,1,2,2,0,93,3,250,8,44,3,0,9,548,536,686.0,536,0.7813411078717201
260,0,2,48,5,1,8,50,2,6,2,0,94,4,240,10,46,3,0,10,531,518,662.0,518,0.7824773413897281
261,0,2,60,4,0,15,79,2,1,4,0,89,1,245,14,27,2,0,5,550,543,697.0,543,0.7790530846484935
262,1,2,56,15,0,16,93,2,7,0,0,97,0,210,12,33,3,0,9,556,544,729.0,544,0.7462277091906722
263,0,1,84,8,0,19,94,3,4,1,1,111,0,268,19,54,4,0,10,681,667,820.0,667,0.8134146341463414
264,0,2,87,9,0,27,113,2,2,5,0,88,1,294,5,38,3,0,6,682,673,837.0,673,0.8040621266427718
265,0,2,67,3,0,12,86,3,7,5,0,84,3,255,10,20,2,0,6,565,557,716.0,557,0.7779329608938548
266,1,2,61,1,0,12,99,1,9,5,0,89,2,258,17,34,3,0,5,599,591,738.0,591,0.8008130081300813
267,1,1,70,11,0,11,76,3,3,4,1,99,1,245,12,29,4,0,9,580,567,702.0,567,0.8076923076923077
268,0,3,46,4,1,9,78,2,1,5,0,106,2,250,19,46,4,0,6,582,572,714.0,572,0.8011204481792717
269,0,2,48,12,1,20,84,0,2,2,0,86,3,294,19,53,4,0,9,639,626,773.0,626,0.8098318240620958
270,0,5,66,4,0,16,76,6,3,1,0,92,6,260,17,53,3,0,11,619,605,756.0,605,0.8002645502645502
271,2,4,55,7,3,16,73,0,2,8,1,85,5,250,12,52,12,0,6,593,575,748.0,575,0.7687165775401069
272,2,2,67,5,0,8,65,2,2,2,1,97,2,279,9,47,4,0,16,610,590,731.0,590,0.8071135430916553
273,1,5,33,3,2,16,54,2,2,0,2,73,2,254,20,27,2,0,9,507,496,633.0,496,0.7835703001579779
274,1,3,72,8,0,31,144,2,5,8,1,84,0,192,8,41,1,0,12,613,600,722.0,600,0.8310249307479224
275,0,3,70,5,2,14,109,3,6,1,2,71,2,214,8,38,4,0,7,559,548,685.0,548,0.8
276,2,3,84,5,0,18,79,3,6,3,1,66,0,225,14,48,3,0,9,569,557,697.0,557,0.7991391678622669
277,1,0,95,9,1,19,122,4,5,2,2,70,0,212,9,42,3,0,10,606,593,720.0,593,0.8236111111111111
278,1,2,86,4,2,27,124,0,9,3,0,74,2,217,12,35,3,0,9,610,598,740.0,598,0.8081081081081081
279,1,0,68,7,1,32,100,2,1,3,0,36,0,98,3,13,4,0,6,375,365,456.0,365,0.8004385964912281
280,0,0,42,4,2,6,61,3,3,0,0,28,0,92,6,11,2,0,8,268,258,311.0,258,0.8295819935691319
281,0,1,53,7,1,20,93,1,5,0,0,81,1,171,6,21,1,0,4,466,461,573.0,461,0.8045375218150087
282,0,0,74,4,0,22,79,0,3,5,0,50,0,120,6,17,2,0,4,386,380,488.0,380,0.7786885245901639
283,0,2,108,7,1,8,71,2,2,3,0,37,1,133,4,21,0,0,3,403,400,555.0,400,0.7207207207207207
284,0,2,66,9,4,24,85,5,6,4,1,100,1,269,12,34,7,0,8,637,622,723.0,622,0.8603042876901799
285,0,3,68,7,1,8,86,0,2,0,0,86,3,252,17,37,2,0,4,576,570,704.0,570,0.8096590909090909
286,1,0,78,3,1,11,62,4,3,0,2,93,3,281,10,30,4,0,4,590,582,712.0,582,0.8174157303370787
287,0,1,48,4,2,16,57,1,3,2,0,97,2,294,13,58,1,0,5,604,598,758.0,598,0.7889182058047494
288,1,0,53,10,1,20,94,3,3,4,1,82,2,267,10,30,1,0,4,586,581,735.0,581,0.7904761904761904
289,1,0,34,2,2,11,67,1,4,0,0,92,0,282,8,27,5,0,9,545,531,670.0,531,0.7925373134328358
290,1,1,38,3,0,10,56,0,2,0,1,86,4,225,20,36,3,0,12,498,483,648.0,483,0.7453703703703703
291,2,2,59,6,0,9,76,0,4,0,0,53,0,337,6,15,3,0,4,576,569,705.0,569,0.8070921985815603
292,1,2,61,6,3,5,69,2,5,1,0,78,2,234,24,34,2,0,7,536,527,692.0,527,0.7615606936416185
293,0,0,34,6,1,11,68,1,3,0,0,55,3,170,9,30,2,0,5,398,391,461.0,391,0.8481561822125814
294,0,2,40,5,1,4,37,0,0,1,0,67,1,191,9,30,1,0,4,393,388,478.0,388,0.8117154811715481
295,0,1,36,6,3,14,70,2,6,1,0,116,2,330,13,32,1,0,11,644,632,815.0,632,0.7754601226993865
296,0,1,49,5,4,17,65,3,5,0,0,111,3,300,6,34,2,0,10,615,603,759.0,603,0.7944664031620553
297,0,4,46,1,2,14,47,5,1,0,0,86,6,305,18,32,1,0,7,575,567,722.0,567,0.7853185595567868
298,2,2,54,4,1,11,56,1,6,2,1,104,4,293,11,28,11,0,9,600,580,761.0,580,0.7621550591327201
299,3,3,55,2,0,15,55,4,2,0,0,83,3,308,12,31,1,2,8,587,576,717.0,576,0.803347280334728
300,0,6,41,7,1,10,45,4,4,0,0,81,1,302,13,36,6,0,14,571,551,706.0,551,0.7804532577903682
301,0,3,32,7,2,9,80,1,7,2,0,114,5,320,8,37,5,0,15,647,627,853.0,627,0.735052754982415
302,1,2,63,4,3,13,70,1,3,1,0,94,3,336,14,32,5,0,8,653,640,785.0,640,0.8152866242038217
303,0,1,38,3,1,7,83,3,1,2,1,111,3,235,22,22,7,0,13,553,533,763.0,533,0.6985583224115334
304,1,1,80,6,2,8,88,4,4,3,3,103,3,311,12,53,2,0,9,693,682,815.0,682,0.8368098159509203
305,0,2,49,8,7,15,82,3,11,1,0,117,3,308,14,37,2,0,11,670,657,814.0,657,0.8071253071253072
306,1,1,71,7,4,17,85,2,5,2,0,110,3,335,13,40,6,0,8,710,696,846.0,696,0.8226950354609929
307,6,0,64,7,7,13,84,3,11,2,0,132,6,402,21,42,2,0,14,816,800,958.0,800,0.8350730688935282
308,1,2,30,1,0,7,44,2,2,6,1,101,7,279,26,31,3,0,12,555,540,736.0,540,0.7336956521739131
309,3,3,28,1,0,5,75,1,0,2,0,102,5,265,12,27,2,0,10,541,529,755.0,529,0.7006622516556291
310,0,1,36,2,0,11,106,3,4,0,3,75,6,198,11,32,3,0,10,501,488,637.0,488,0.7660910518053375
311,1,0,14,2,0,7,86,2,0,0,0,79,5,167,5,22,4,0,16,410,390,619.0,390,0.630048465266559
312,1,1,24,3,2,9,42,2,3,1,0,108,3,222,8,30,1,0,17,477,459,631.0,459,0.7274167987321711
313,0,1,18,1,1,6,59,3,2,2,0,89,0,244,6,17,3,0,8,460,449,594.0,449,0.7558922558922558
314,0,1,88,2,1,24,95,2,3,4,0,104,2,239,13,21,5,0,11,615,599,733.0,599,0.8171896316507503
315,0,1,20,1,4,10,62,0,0,0,0,78,3,183,4,20,1,0,9,396,386,592.0,386,0.652027027027027
316,4,2,59,6,3,18,71,4,2,2,0,120,6,260,5,21,3,0,5,591,583,784.0,583,0.7436224489795918
317,0,0,48,6,1,13,69,8,3,4,0,134,3,282,6,28,2,0,8,615,605,814.0,605,0.7432432432432432
318,1,1,66,4,0,12,89,3,3,3,0,135,6,280,17,30,5,0,12,667,650,827.0,650,0.7859733978234583
319,2,1,45,6,3,17,90,0,2,0,0,87,1,245,9,17,2,1,5,533,525,647.0,525,0.8114374034003091
320,0,3,60,7,2,14,71,4,3,2,0,87,3,253,10,18,2,0,6,545,537,653.0,537,0.8223583460949464
321,2,2,60,7,1,16,82,2,3,3,0,103,2,269,11,28,1,0,6,598,591,753.0,591,0.7848605577689243
322,1,1,73,10,1,19,116,1,5,2,0,114,2,260,8,31,3,0,7,654,644,790.0,644,0.8151898734177215
323,0,3,40,4,0,11,72,2,0,1,0,100,2,269,9,28,5,0,17,563,541,713.0,541,0.758765778401122
324,1,1,36,4,4,13,81,3,0,2,1,111,5,259,13,24,3,0,8,569,558,734.0,558,0.7602179836512262
325,0,0,54,2,0,21,94,0,9,0,1,91,3,196,5,20,1,0,6,503,496,629.0,496,0.7885532591414944
326,1,1,31,4,6,8,94,4,5,2,0,95,6,165,6,16,4,0,14,462,444,698.0,444,0.6361031518624641
327,1,1,50,2,5,20,98,1,3,2,2,90,4,257,9,28,2,0,8,583,573,743.0,573,0.7711978465679677
328,1,1,56,4,1,13,84,4,4,3,0,123,4,265,13,26,7,0,10,619,602,783.0,602,0.768837803320562
329,1,6,50,7,3,8,78,3,3,1,3,115,2,257,10,25,2,0,12,586,572,723.0,572,0.7911479944674965
330,0,2,51,4,0,14,61,5,1,1,1,92,5,237,19,19,3,0,12,527,512,677.0,512,0.7562776957163959
331,0,0,66,5,1,6,92,6,4,1,0,76,1,239,9,17,6,0,8,537,523,661.0,523,0.7912254160363086
332,0,1,47,7,1,12,82,3,6,1,0,100,3,233,9,15,4,0,12,536,520,680.0,520,0.7647058823529411
333,0,0,29,3,3,6,58,1,2,2,0,65,2,280,13,32,3,0,8,507,496,639.0,496,0.7762128325508607
334,3,4,59,5,0,18,87,2,1,1,2,114,1,255,11,22,0,0,8,593,585,764.0,585,0.7657068062827225
335,0,2,50,7,1,10,62,2,2,1,2,86,3,254,12,20,3,0,9,526,514,667.0,514,0.7706146926536732
336,1,4,49,5,1,8,88,0,1,2,0,104,4,233,8,24,5,0,7,544,532,703.0,532,0.7567567567567568
337,0,1,48,6,1,22,108,2,3,2,1,106,4,266,13,18,8,0,10,619,601,769.0,601,0.7815344603381015
338,1,4,46,8,1,12,82,2,3,1,1,101,1,267,14,37,5,0,10,596,581,744.0,581,0.7809139784946236
339,0,5,36,1,1,10,78,4,1,2,0,81,4,225,9,25,2,0,10,494,482,654.0,482,0.7370030581039755
340,1,2,29,7,3,8,65,2,2,0,0,98,8,266,12,30,5,0,11,549,533,687.0,533,0.7758369723435226
341,0,2,48,0,1,12,92,2,4,4,2,119,3,270,15,48,2,0,17,641,622,788.0,622,0.7893401015228426
342,1,2,52,4,0,21,86,6,2,4,0,190,8,311,13,31,6,0,10,747,731,925.0,731,0.7902702702702703
343,1,2,54,3,0,8,55,4,0,2,1,96,3,318,15,37,2,0,13,614,599,716.0,599,0.8365921787709497
344,0,1,50,5,2,5,86,0,0,2,1,119,1,309,14,28,6,0,7,636,623,783.0,623,0.7956577266922095
345,1,3,51,4,1,16,124,1,10,1,1,147,2,322,19,31,3,0,13,750,734,964.0,734,0.7614107883817427
346,1,2,26,4,4,13,80,1,3,1,0,143,7,308,24,43,5,0,18,683,660,861.0,660,0.7665505226480837
347,1,1,41,1,3,15,86,3,2,0,1,142,8,310,25,27,7,0,30,703,666,889.0,666,0.749156355455568
348,2,2,42,3,3,5,81,0,5,3,0,144,7,315,15,27,3,0,10,667,654,890.0,654,0.7348314606741573
349,0,1,47,6,4,14,92,4,5,3,0,127,4,316,21,34,5,0,11,694,678,904.0,678,0.75
350,1,1,55,5,4,18,56,2,5,3,1,155,8,319,16,39,3,0,23,714,688,896.0,688,0.7678571428571429
351,2,1,32,1,0,5,70,1,5,1,0,100,7,262,14,13,2,0,10,526,514,721.0,514,0.7128987517337032
352,1,5,22,3,0,8,67,1,1,4,0,103,4,302,24,27,2,0,8,582,572,722.0,572,0.7922437673130194
353,0,0,12,4,4,6,88,3,5,2,2,145,9,166,13,15,3,0,11,488,474,780.0,474,0.6076923076923076
354,0,0,3,0,0,0,5,0,1,1,0,3,0,23,0,4,0,0,2,42,40,,40,
355,0,1,5,1,0,2,20,1,0,0,1,13,4,49,0,3,3,0,1,104,100,,100,
356,0,0,11,1,1,0,16,1,1,0,0,18,0,49,2,4,1,1,3,109,104,,104,
357,0,0,11,0,1,2,21,0,0,0,0,5,0,58,3,3,2,0,1,107,104,,104,
358,0,0,9,0,0,1,10,0,0,0,0,5,1,44,0,7,1,0,1,79,77,,77,
359,0,1,9,0,0,0,14,0,1,3,0,8,0,40,0,3,0,0,0,79,79,,79,
360,0,0,6,1,0,0,7,0,1,1,0,15,0,14,2,7,0,0,2,56,54,,54,
361,0,0,8,0,1,4,13,1,1,1,0,9,0,60,3,1,2,0,1,105,102,,102,
