SEZIONE,UDC,SCCM,FLI,RIVCIV,FN,CENDEM,PD,SEL,PLI,AGL,FRIT,PDL,GSUD,LEGAN,LDES,MIR,FPFD,M5ST,TOTALE_ISCRITTI,TOTALE,AFFLUENZA
1,10,28,1,51,0,0,166,36,5,3,9,112,12,0,2,3,5,150,967,593,0.6132368148914168
2,10,34,1,23,2,3,86,11,0,2,5,89,1,1,1,0,1,148,662,418,0.6314199395770392
3,5,21,2,19,1,2,50,3,0,5,7,137,15,0,0,2,2,191,917,462,0.5038167938931297
4,8,32,4,31,0,2,124,12,1,5,4,186,15,0,6,2,1,259,1066,692,0.649155722326454
5,10,31,3,20,2,0,87,23,0,7,8,71,1,0,1,3,1,116,697,384,0.5509325681492109
6,15,22,3,24,0,1,89,13,1,7,8,176,10,0,2,4,3,183,1044,561,0.5373563218390804
7,10,19,2,26,0,1,68,5,2,3,1,136,15,0,0,1,2,181,889,472,0.530933633295838
8,7,27,0,30,0,0,79,14,1,3,6,159,9,0,3,2,1,154,949,495,0.5216016859852476
9,20,53,1,40,0,0,84,12,3,2,10,179,9,2,0,3,3,266,1091,687,0.6296975252062328
10,6,14,0,6,0,0,19,0,0,4,1,165,9,0,1,0,1,101,937,327,0.3489861259338314
11,15,18,3,22,1,1,77,8,2,2,10,239,13,1,6,3,1,283,1203,705,0.5860349127182045
12,7,35,1,22,0,1,57,8,4,2,2,127,19,0,1,1,1,88,1083,376,0.3471837488457987
13,4,34,3,34,0,2,127,35,4,4,24,118,13,0,1,5,0,183,1165,591,0.5072961373390558
14,12,27,2,27,1,2,94,10,6,2,8,192,4,1,1,1,6,227,1103,623,0.5648232094288305
15,13,10,11,28,0,0,69,6,2,6,1,139,16,0,1,2,0,165,904,469,0.5188053097345132
16,7,14,4,16,1,0,60,2,1,11,1,148,14,0,0,2,1,118,895,400,0.44692737430167595
17,8,30,1,30,1,1,146,12,1,5,1,89,9,0,8,1,0,155,789,498,0.6311787072243346
18,13,42,3,37,1,4,153,19,0,3,4,85,7,0,3,1,0,193,851,568,0.6674500587544065
19,11,38,4,22,0,2,128,10,0,0,2,106,10,0,2,0,0,167,703,502,0.7140825035561877
20,2,45,2,39,0,0,185,30,1,2,7,104,2,0,5,0,3,189,834,616,0.7386091127098321
21,2,61,6,54,0,2,202,26,1,2,11,117,10,0,5,0,2,191,972,692,0.7119341563786008
22,15,81,3,33,2,4,183,21,1,3,9,145,6,1,3,1,2,169,937,682,0.727854855923159
23,11,24,1,33,0,6,95,7,1,3,17,160,7,1,3,3,2,185,926,559,0.603671706263499
24,12,37,2,26,3,5,112,6,2,1,2,143,9,3,0,1,2,251,905,617,0.6817679558011049
25,8,39,3,28,5,1,127,10,5,2,12,176,11,1,7,2,6,232,968,675,0.6973140495867769
26,14,44,1,28,0,2,138,12,0,2,6,80,1,1,2,2,2,167,709,502,0.7080394922425952
27,7,66,5,27,0,3,131,18,1,4,7,137,5,0,3,2,2,202,935,620,0.6631016042780749
28,4,19,0,13,1,6,92,11,0,2,3,168,6,0,1,1,0,183,886,510,0.5756207674943566
29,5,21,2,37,0,0,102,17,0,13,22,129,12,0,2,0,4,144,1101,510,0.46321525885558584
30,8,24,4,42,2,4,136,11,2,2,3,146,10,0,3,1,2,214,960,614,0.6395833333333333
31,7,20,6,24,0,1,94,5,2,3,3,144,4,1,2,1,0,140,943,457,0.48462354188759277
32,10,43,4,19,1,2,169,21,0,0,2,136,6,0,5,8,4,270,1024,700,0.68359375
33,9,41,3,52,2,0,153,23,1,0,5,122,6,0,5,1,4,215,974,642,0.6591375770020534
34,19,44,4,43,2,0,156,23,0,1,5,86,5,1,2,3,5,208,891,607,0.6812570145903479
35,26,34,4,31,0,2,131,23,4,0,7,225,9,0,1,3,2,237,1164,739,0.6348797250859106
36,6,41,3,35,3,0,140,31,2,1,6,100,9,0,0,2,4,126,923,509,0.551462621885157
37,6,27,1,24,0,1,80,27,1,4,4,139,3,0,1,1,4,136,871,459,0.5269804822043628
38,5,36,2,28,0,4,92,8,1,1,1,130,8,0,3,1,1,223,791,544,0.6877370417193426
39,6,19,5,49,3,0,176,22,0,1,3,141,18,0,1,0,2,198,974,644,0.6611909650924025
40,28,30,6,40,0,1,95,17,1,2,10,187,15,0,0,3,1,204,1063,640,0.6020696142991533
41,6,31,3,30,0,0,75,11,1,11,3,100,2,0,1,3,1,141,780,419,0.5371794871794872
42,22,50,1,39,0,2,122,12,2,1,3,142,7,0,3,1,3,186,818,596,0.7286063569682152
43,4,17,2,33,0,2,90,37,2,1,4,52,4,0,2,4,5,99,759,358,0.47167325428194995
44,15,50,6,45,0,3,141,32,1,0,8,89,11,1,3,2,2,165,857,574,0.6697782963827305
45,9,26,4,27,1,8,63,8,3,2,2,116,6,0,1,3,0,135,770,414,0.5376623376623376
46,15,32,6,19,0,0,107,16,3,2,6,154,10,0,1,3,4,220,946,598,0.6321353065539113
47,7,23,3,25,6,3,77,11,2,6,8,141,7,1,0,5,0,135,923,460,0.49837486457204766
48,9,24,4,36,1,1,103,13,1,4,10,155,6,0,1,5,1,309,1002,683,0.6816367265469062
49,13,18,2,34,0,0,69,10,1,1,6,162,17,0,7,4,2,206,1004,552,0.549800796812749
50,9,30,3,20,1,0,102,6,1,5,4,166,7,0,0,3,0,203,978,560,0.5725971370143149
51,8,31,5,32,0,8,73,2,0,2,2,174,15,1,1,1,1,172,966,528,0.546583850931677
52,20,49,4,39,0,2,136,5,1,2,15,115,6,2,3,0,1,175,820,575,0.7012195121951219
53,11,17,3,25,0,1,47,8,0,2,3,101,8,1,3,0,0,109,861,339,0.39372822299651566
54,14,27,1,18,0,3,116,13,3,1,7,145,8,0,2,1,1,186,920,546,0.5934782608695652
55,8,17,1,13,0,0,46,8,1,5,0,199,8,0,1,2,0,108,809,417,0.515451174289246
56,12,18,2,33,0,0,146,14,0,0,2,123,11,0,0,3,4,253,912,621,0.680921052631579
57,6,19,2,28,2,1,106,29,0,6,7,139,7,0,4,2,7,144,1064,509,0.4783834586466165
58,11,26,1,29,0,1,112,18,4,0,8,131,21,0,2,2,1,187,1047,554,0.5291308500477555
59,8,23,1,30,0,3,104,8,3,5,7,153,14,1,2,5,1,188,1012,556,0.549407114624506
60,7,60,10,25,0,1,171,27,0,2,14,118,9,1,3,1,2,147,824,598,0.7257281553398058
61,12,48,5,39,0,1,150,12,3,5,14,162,10,0,3,0,2,216,1063,682,0.6415804327375353
62,12,63,4,61,2,6,198,16,1,1,7,95,12,0,3,1,3,147,903,632,0.6998892580287929
63,0,10,0,8,0,0,33,9,0,2,2,37,1,0,0,0,2,31,284,135,0.4753521126760563
64,8,27,4,35,1,4,111,19,2,1,11,115,5,0,3,4,2,225,879,577,0.6564277588168373
65,15,47,6,44,1,0,187,18,2,1,7,114,5,0,2,0,4,182,901,635,0.704772475027747
66,6,33,1,37,1,1,144,21,3,1,12,187,11,0,2,2,3,256,1090,721,0.6614678899082569
67,2,10,1,9,0,0,32,12,1,4,1,51,4,0,1,0,3,47,441,178,0.4036281179138322
68,11,65,5,47,2,0,199,28,1,3,9,126,7,0,9,2,2,187,987,703,0.7122593718338399
69,18,15,2,38,2,2,85,7,1,2,7,176,12,0,6,13,1,239,1067,626,0.5866916588566073
70,10,37,1,43,1,2,170,14,0,0,1,94,5,0,2,4,2,210,853,596,0.6987104337631888
71,8,16,2,25,0,1,38,5,1,3,6,247,18,0,2,4,2,158,1005,536,0.5333333333333333
72,4,8,3,14,0,0,46,9,0,2,1,89,8,0,3,0,3,78,604,268,0.44370860927152317
73,8,20,3,12,1,0,52,7,1,1,1,130,7,1,1,2,0,146,815,393,0.4822085889570552
74,20,28,1,17,0,1,76,7,1,5,11,186,9,0,1,0,2,243,1081,608,0.5624421831637373
75,2,10,1,9,1,1,32,5,2,8,0,210,19,0,5,2,1,111,888,419,0.47184684684684686
76,4,11,0,30,0,1,80,13,1,3,3,119,3,0,4,2,0,93,769,367,0.47724317295188556
77,12,25,1,33,2,1,94,11,0,2,5,107,3,0,2,1,0,149,630,448,0.7111111111111111
78,1,21,1,35,0,1,103,7,1,2,2,146,20,0,3,1,0,187,930,531,0.5709677419354838
79,5,36,1,47,1,0,111,7,1,4,11,180,6,0,7,0,1,235,1034,653,0.6315280464216635
80,14,41,5,36,0,3,97,12,0,8,7,188,13,2,3,1,1,229,1077,660,0.6128133704735376
81,10,37,5,31,0,0,151,12,1,3,8,125,2,0,0,0,1,212,856,598,0.6985981308411215
82,50,12,0,16,3,1,57,3,5,4,1,173,13,0,4,2,1,182,1160,527,0.4543103448275862
83,4,29,5,34,0,3,85,12,2,0,11,232,14,0,2,0,4,260,1207,697,0.5774647887323944
84,5,25,0,34,0,3,100,7,1,8,11,148,2,0,1,1,4,248,999,598,0.5985985985985987
85,2,24,3,21,1,2,68,15,0,3,2,121,1,0,2,1,2,89,811,357,0.4401972872996301
86,10,18,8,28,0,2,111,9,1,1,14,224,2,2,2,4,2,257,1059,695,0.6562795089707271
87,7,39,5,26,0,2,148,32,1,0,8,87,7,0,2,0,7,158,822,529,0.6435523114355232
88,17,32,1,32,0,1,131,7,2,1,5,132,8,0,3,0,0,283,891,655,0.7351290684624018
89,10,33,1,28,1,1,68,21,5,2,7,117,4,3,1,1,5,63,729,371,0.5089163237311386
90,9,42,6,34,0,5,160,17,1,6,6,137,7,0,0,1,2,211,908,644,0.7092511013215859
91,30,33,6,19,1,1,101,15,2,2,8,211,6,4,4,0,1,232,1113,676,0.6073674752920036
92,9,50,3,42,1,1,155,21,1,8,6,142,3,3,4,1,3,180,949,633,0.667017913593256
93,16,30,0,38,2,1,122,14,0,0,7,68,11,0,3,2,1,149,689,464,0.6734397677793904
94,12,59,2,52,0,1,219,20,2,3,15,104,3,1,2,1,1,164,928,661,0.7122844827586207
95,2,7,3,17,1,5,45,16,2,5,1,110,9,2,0,3,0,78,741,306,0.41295546558704455
96,10,26,2,38,0,4,135,21,2,4,6,85,6,0,1,6,5,170,793,521,0.6569987389659521
97,7,55,4,43,4,3,191,36,1,3,12,128,6,3,3,4,8,196,946,707,0.7473572938689218
98,5,12,7,24,0,1,38,2,2,5,5,95,4,0,2,0,1,81,719,284,0.3949930458970793
99,6,34,7,34,5,5,128,12,0,4,2,122,10,0,1,0,1,188,891,559,0.6273849607182941
100,10,28,5,37,0,2,114,20,1,3,10,159,11,1,5,4,8,267,961,685,0.7127991675338189
101,27,27,3,35,0,9,110,7,0,5,7,161,7,0,0,0,2,213,1073,613,0.5712954333643989
102,10,32,2,41,0,1,118,19,0,3,10,125,15,0,0,4,1,192,893,573,0.6416573348264277
103,15,22,5,33,0,0,86,14,2,4,10,167,7,0,4,3,3,217,1084,592,0.5461254612546126
104,20,39,1,49,2,1,206,13,0,3,5,82,9,0,0,6,1,237,985,674,0.6842639593908629
105,13,19,1,12,0,0,56,6,2,4,1,133,10,3,1,1,3,205,858,470,0.5477855477855478
106,13,43,2,33,1,0,139,16,2,1,8,125,6,0,3,4,1,241,933,638,0.6838156484458735
107,17,33,6,33,1,0,126,16,2,3,4,138,12,0,1,0,1,186,910,579,0.6362637362637362
108,15,28,4,31,4,3,96,8,2,3,7,206,19,0,2,1,1,250,1105,680,0.6153846153846154
109,7,34,3,32,1,0,135,19,1,0,13,98,7,0,0,1,4,160,717,515,0.7182705718270572
110,18,18,3,60,3,0,161,14,3,3,3,96,2,1,2,3,0,218,989,608,0.6147623862487361
111,9,11,2,11,0,0,62,2,2,5,5,144,6,1,5,1,0,123,837,389,0.4647550776583035
112,16,19,4,44,1,1,96,4,8,2,3,145,11,0,3,1,3,169,969,530,0.5469556243550051
113,16,36,4,38,0,2,121,11,3,0,5,164,12,1,2,12,4,196,985,627,0.6365482233502539
114,4,7,4,17,1,0,48,13,2,2,1,101,7,0,3,1,1,70,778,282,0.36246786632390743
115,8,7,6,9,0,0,38,2,2,5,1,122,5,1,2,0,1,97,740,306,0.4135135135135135
116,9,67,2,26,0,2,130,25,0,0,16,152,12,0,1,1,5,161,863,609,0.7056778679026651
117,15,82,6,36,0,2,126,24,2,1,13,164,11,0,1,4,12,154,916,653,0.712882096069869
118,11,64,0,42,3,3,132,30,0,2,12,110,8,1,0,3,4,190,907,615,0.6780595369349504
119,4,31,3,32,1,1,103,29,1,5,5,115,5,0,5,4,6,159,789,509,0.6451204055766794
120,7,24,0,33,0,3,101,11,0,6,5,125,8,0,2,4,2,175,928,506,0.5452586206896551
121,13,12,0,33,1,1,72,8,1,4,10,131,3,1,1,1,1,163,738,456,0.6178861788617886
122,8,31,7,35,0,2,157,26,1,3,7,137,5,1,0,6,0,170,894,596,0.6666666666666666
123,14,41,3,36,0,0,118,13,0,0,11,133,12,0,4,3,2,143,865,533,0.6161849710982659
124,19,12,0,38,2,1,64,9,3,0,6,123,4,0,0,2,1,181,797,465,0.5834378920953576
125,12,34,3,38,0,7,150,6,1,3,1,120,8,0,2,0,1,165,918,551,0.6002178649237473
126,14,31,6,46,1,0,89,13,5,132,5,162,16,0,2,5,2,138,1046,667,0.6376673040152964
127,15,25,5,37,0,4,86,11,3,8,9,175,7,0,3,18,1,220,1112,627,0.5638489208633094
128,12,68,7,23,2,2,148,27,1,1,22,159,15,0,4,1,18,156,944,666,0.7055084745762712
129,10,9,1,16,0,0,72,6,0,6,2,189,20,0,3,3,1,179,1010,517,0.5118811881188119
130,13,29,3,20,0,1,69,2,2,1,3,161,11,0,3,5,1,211,874,535,0.6121281464530892
131,6,24,1,26,0,1,105,23,1,2,3,97,6,2,4,0,0,186,815,487,0.5975460122699386
132,13,58,3,32,0,0,115,27,0,3,12,139,6,0,4,0,3,157,1003,572,0.5702891326021934
133,14,50,4,27,0,1,77,14,1,4,3,124,4,0,2,2,3,128,752,458,0.6090425531914894
134,4,23,15,40,0,1,101,10,2,2,10,166,7,1,3,3,3,205,1020,596,0.5843137254901961
135,8,13,4,21,1,0,84,15,4,6,5,170,4,0,2,2,2,124,993,465,0.46827794561933533
136,6,1,0,10,0,0,31,1,1,8,3,129,7,0,1,3,0,70,963,271,0.2814122533748702
137,2,36,3,31,2,0,142,23,0,2,4,100,3,0,4,3,1,162,724,518,0.7154696132596685
138,8,27,1,14,0,2,86,6,0,2,4,159,37,0,3,8,0,190,1066,547,0.5131332082551595
139,14,29,8,17,0,1,83,22,1,6,9,132,7,0,1,2,3,123,926,458,0.4946004319654428
140,7,22,4,24,1,0,78,15,0,4,1,161,5,0,5,2,1,143,1013,473,0.46692991115498517
141,6,54,2,33,0,0,152,16,0,1,7,89,3,0,2,0,8,160,739,533,0.7212449255751014
142,30,75,3,50,3,2,197,51,1,1,11,123,6,1,1,1,8,230,1097,794,0.723792160437557
143,10,43,4,40,2,1,143,25,2,1,7,96,7,0,3,0,1,142,699,527,0.753934191702432
144,7,37,4,26,0,1,120,16,0,0,8,170,5,1,5,0,2,173,876,575,0.656392694063927
145,10,81,5,30,0,1,120,19,4,6,18,96,10,2,8,0,5,120,744,535,0.7190860215053764
146,13,47,6,36,0,3,108,5,7,3,8,88,12,0,1,0,3,126,670,466,0.6955223880597015
147,13,71,3,30,0,1,216,16,1,2,12,124,2,1,0,2,6,156,939,656,0.6986155484558041
148,11,67,3,44,0,2,212,29,0,1,4,129,11,0,4,6,13,138,954,674,0.7064989517819706
149,7,46,0,26,0,0,174,23,0,4,8,109,7,0,3,1,1,171,799,580,0.7259073842302879
150,4,19,4,31,0,3,127,8,2,1,5,116,5,0,3,1,2,160,860,491,0.5709302325581396
151,7,26,1,29,0,2,68,6,1,3,9,91,1,0,1,0,0,139,683,384,0.5622254758418741
152,6,37,4,33,1,0,128,19,0,1,6,134,11,1,2,5,4,208,1070,600,0.5607476635514018
153,17,75,2,37,4,0,172,33,0,5,12,133,4,0,3,0,4,198,992,699,0.7046370967741935
154,7,24,4,21,0,1,55,8,2,0,3,101,10,0,2,0,0,150,758,388,0.5118733509234829
155,4,14,4,13,0,4,70,7,1,1,5,201,5,1,1,1,2,174,886,508,0.5733634311512416
156,5,24,4,19,1,0,102,20,0,3,4,113,13,0,3,0,1,181,975,493,0.5056410256410256
157,14,52,2,27,1,2,140,10,1,2,17,102,11,0,3,0,1,145,729,530,0.7270233196159122
158,2,13,1,24,0,0,77,8,3,2,3,108,17,0,0,1,0,206,846,465,0.549645390070922
159,7,14,1,24,1,1,79,8,2,4,4,100,15,0,1,2,2,196,868,461,0.5311059907834101
160,7,15,2,26,1,0,64,9,2,5,4,103,6,1,2,2,4,174,876,427,0.4874429223744292
161,5,30,0,24,1,0,120,21,2,1,11,107,3,1,1,2,2,229,830,560,0.6746987951807228
162,12,17,0,28,4,0,91,5,0,5,6,93,7,0,1,0,2,160,778,431,0.5539845758354756
163,16,35,5,49,4,7,134,16,4,1,5,150,6,0,2,0,1,240,1073,675,0.6290773532152842
164,10,22,1,29,2,5,84,11,0,3,5,86,12,0,3,4,1,166,907,444,0.4895259095920617
165,10,42,3,53,0,2,133,19,0,0,6,68,3,0,1,2,1,177,770,520,0.6753246753246753
166,12,19,4,21,0,1,148,15,2,3,9,112,12,0,2,1,0,193,946,554,0.5856236786469344
167,16,30,0,30,1,9,83,10,4,2,10,175,10,0,2,1,3,235,1098,621,0.5655737704918032
168,9,47,3,32,2,0,178,36,2,1,8,130,2,1,4,2,7,158,874,622,0.7116704805491991
169,19,43,3,34,2,7,188,26,1,0,3,129,7,0,6,0,3,157,926,628,0.6781857451403888
170,7,86,5,52,0,1,214,43,2,4,8,105,10,0,4,1,10,218,1079,770,0.7136237256719185
171,13,95,12,33,1,5,197,22,1,3,8,149,2,0,7,1,11,147,995,707,0.7105527638190955
172,9,75,5,44,0,1,173,40,3,5,10,136,9,1,1,6,15,166,992,699,0.7046370967741935
173,18,98,6,61,2,2,198,32,0,0,8,103,5,0,5,3,3,153,946,697,0.7367864693446089
174,11,43,3,44,2,7,167,20,0,4,12,105,1,0,10,2,3,169,884,603,0.6821266968325792
175,11,25,4,44,1,0,127,15,2,2,6,124,7,1,5,1,0,170,889,545,0.6130483689538808
176,11,60,5,31,2,1,169,28,1,3,11,104,5,0,5,0,15,144,861,595,0.6910569105691057
177,12,66,7,33,0,0,171,32,1,2,7,109,10,0,4,1,12,159,859,626,0.7287543655413271
178,18,58,5,42,0,5,225,33,2,6,17,111,6,2,6,1,4,205,1055,746,0.7071090047393365
179,11,49,6,17,0,1,142,49,1,2,7,104,3,0,4,3,6,150,765,555,0.7254901960784313
180,7,74,3,30,2,2,139,34,1,0,7,101,10,0,3,0,12,115,758,540,0.712401055408971
181,5,35,0,24,2,3,89,9,1,3,4,97,10,2,0,2,2,127,709,415,0.5853314527503526
182,10,35,3,36,0,2,136,32,2,0,7,86,3,0,3,4,5,118,764,482,0.6308900523560209
183,9,29,4,34,0,0,112,31,0,0,5,90,4,1,8,2,8,145,690,482,0.6985507246376812
184,8,36,5,39,0,0,124,28,1,1,8,66,7,0,7,1,5,132,745,468,0.6281879194630873
185,8,77,11,31,0,0,157,28,0,1,11,119,7,0,3,1,9,142,827,605,0.7315598548972189
186,7,14,0,29,0,14,121,11,2,1,5,129,6,0,3,5,1,143,827,491,0.5937122128174124
187,5,56,7,39,1,5,171,29,0,2,6,95,5,2,1,1,5,134,798,564,0.706766917293233
188,17,28,4,35,1,1,71,5,0,4,4,173,4,0,1,0,1,208,1007,557,0.5531281032770605
189,8,26,0,25,0,3,120,11,0,0,9,201,6,3,1,5,0,260,1080,678,0.6277777777777778
190,5,28,6,24,0,4,94,14,0,0,6,172,7,1,1,9,1,231,993,603,0.6072507552870091
191,20,58,3,38,2,2,168,19,2,1,16,160,8,0,8,2,2,116,851,625,0.7344300822561692
192,11,70,2,24,0,2,159,21,0,6,16,177,12,1,5,0,13,142,982,661,0.6731160896130346
193,5,26,3,31,0,4,163,19,1,4,12,106,8,0,5,0,5,133,909,525,0.5775577557755776
194,5,54,5,44,1,2,177,31,2,3,17,111,11,0,3,1,4,183,930,654,0.7032258064516129
195,7,22,4,49,0,1,113,20,2,2,6,125,8,1,1,1,1,218,956,581,0.6077405857740585
196,5,25,1,19,1,1,82,10,1,1,2,193,9,0,0,3,1,218,1075,572,0.532093023255814
197,12,36,4,50,1,1,147,36,0,1,7,77,2,1,5,2,2,132,776,516,0.6649484536082474
198,11,47,7,47,1,5,144,28,1,5,12,117,8,0,0,1,5,151,829,590,0.7117008443908324
199,9,30,1,34,0,4,87,8,3,0,6,160,2,1,1,0,0,163,840,509,0.6059523809523809
200,9,35,1,51,2,3,102,17,1,5,15,199,15,0,3,0,3,242,1036,703,0.6785714285714286
201,13,52,4,38,2,2,120,43,0,9,15,116,4,0,1,0,2,130,814,551,0.6769041769041769
202,9,28,6,16,0,3,92,17,1,1,4,155,14,1,2,0,2,157,945,508,0.5375661375661376
203,8,11,3,21,0,0,45,0,3,3,6,230,16,0,2,1,0,167,968,516,0.5330578512396694
204,7,27,1,29,2,1,101,16,1,3,7,132,17,0,0,1,4,217,901,566,0.6281908990011099
205,14,22,4,42,3,2,107,17,0,5,2,125,16,0,0,0,3,216,939,578,0.6155484558040468
206,10,11,4,27,0,0,105,15,3,5,2,165,1,1,2,1,2,184,980,538,0.5489795918367347
207,7,23,2,30,0,0,81,16,1,3,6,122,4,0,6,1,0,168,819,470,0.5738705738705738
208,7,33,4,40,3,2,152,18,1,3,4,99,5,0,2,3,3,209,884,588,0.665158371040724
209,9,50,0,50,1,0,172,33,0,0,5,79,7,0,2,1,3,141,744,553,0.7432795698924731
210,12,50,2,47,1,1,165,15,0,1,10,124,4,0,8,3,4,208,932,655,0.7027896995708155
211,5,24,1,31,2,1,96,15,3,0,1,133,9,0,1,1,1,176,952,500,0.5252100840336135
212,11,74,5,50,1,0,214,30,4,3,17,134,5,1,1,5,8,188,1050,751,0.7152380952380952
213,10,43,5,35,0,3,122,13,4,4,13,109,7,0,1,1,6,194,833,570,0.6842737094837935
214,17,22,5,43,1,1,109,16,0,3,11,145,8,0,0,0,2,225,1015,608,0.5990147783251232
215,23,23,3,31,1,0,130,9,2,5,12,138,6,1,6,4,0,261,1004,655,0.6523904382470119
216,12,74,4,52,1,1,220,24,0,1,8,136,6,0,4,2,2,202,1013,749,0.7393879565646594
217,9,33,1,35,0,2,122,41,3,4,3,138,8,0,2,1,2,155,979,559,0.5709908069458631
218,16,62,3,44,1,2,127,15,2,2,2,125,22,0,1,3,5,260,1111,692,0.6228622862286228
219,10,45,3,38,0,2,140,39,3,0,10,148,5,0,6,3,6,181,1020,639,0.6264705882352941
220,7,16,4,33,0,0,97,19,2,3,3,147,6,1,2,1,0,139,909,480,0.528052805280528
221,4,24,1,44,2,0,124,23,1,0,5,86,6,0,1,1,3,177,869,502,0.5776754890678941
222,8,31,1,37,0,2,118,9,0,4,3,126,9,1,5,2,2,230,1046,588,0.5621414913957935
223,12,23,2,21,0,0,62,9,0,4,3,101,7,0,3,2,5,150,665,404,0.6075187969924812
224,11,25,3,28,3,1,110,26,3,3,7,103,7,0,0,5,2,145,817,482,0.5899632802937577
225,18,25,1,32,1,0,127,14,1,2,5,139,14,0,0,1,0,172,935,552,0.5903743315508021
226,6,15,2,37,2,1,92,21,1,3,8,129,8,0,0,1,3,152,910,481,0.5285714285714286
227,4,10,1,11,0,0,38,3,4,7,3,140,14,0,3,0,1,116,882,355,0.40249433106575966
228,15,19,2,23,0,1,72,5,3,0,5,157,7,1,2,0,0,154,1000,466,0.466
229,3,13,4,24,2,7,62,7,0,6,3,122,29,5,3,11,0,146,941,447,0.47502656748140276
230,33,30,3,29,0,3,79,7,2,3,6,281,24,0,1,0,3,236,1231,740,0.6011372867587328
231,12,30,2,42,1,2,86,15,5,7,9,225,9,0,2,1,2,237,1147,687,0.5989537925021796
232,12,14,3,26,2,4,73,10,3,3,8,94,10,0,2,0,2,141,769,407,0.52925877763329
233,13,25,4,27,1,2,112,12,1,0,6,175,13,1,3,0,1,142,904,538,0.5951327433628318
234,18,15,7,23,1,7,69,6,0,1,6,189,4,0,0,0,2,179,934,527,0.5642398286937902
235,7,6,1,8,1,1,40,3,1,2,4,83,17,2,0,1,0,118,731,295,0.40355677154582764
236,20,32,2,36,3,1,127,16,0,3,3,155,7,0,2,0,2,202,987,611,0.6190476190476191
237,21,40,2,48,1,3,152,17,2,0,19,187,11,1,2,6,1,278,1137,791,0.6956904133685137
238,13,52,3,40,0,2,170,17,0,1,21,87,11,0,3,4,3,149,812,576,0.7093596059113301
239,21,30,4,54,1,2,117,18,4,5,6,165,9,0,1,0,3,233,1082,673,0.621996303142329
240,14,61,5,39,1,0,201,21,1,2,5,155,3,0,7,0,2,164,927,681,0.7346278317152104
241,5,3,1,16,1,1,41,7,2,4,2,138,30,0,3,3,0,103,933,360,0.3858520900321543
242,5,5,5,18,0,0,40,7,1,7,1,122,61,2,3,4,0,101,959,382,0.3983315954118874
243,15,53,3,24,1,0,127,20,0,3,7,139,2,0,0,2,1,157,880,554,0.6295454545454545
244,13,25,2,31,1,2,109,9,6,2,1,164,13,1,2,0,0,266,1088,647,0.5946691176470589
245,7,12,0,17,0,0,41,2,2,1,0,113,22,0,2,2,0,130,775,351,0.4529032258064516
246,7,11,0,19,1,0,49,8,1,5,4,98,38,1,1,3,0,136,888,382,0.43018018018018017
247,4,16,3,19,0,0,73,6,4,5,9,107,10,1,2,2,0,126,873,387,0.44329896907216493
248,8,33,4,30,2,2,142,7,2,2,15,151,14,0,6,2,1,198,1029,619,0.6015549076773566
249,12,16,1,38,0,1,108,10,2,5,3,128,3,1,3,1,0,106,784,438,0.5586734693877551
250,11,20,0,48,0,3,120,14,2,8,9,102,4,2,2,1,2,190,834,538,0.645083932853717
251,7,47,6,22,0,4,113,17,0,0,8,140,9,0,3,0,5,161,884,542,0.6131221719457014
252,22,35,0,21,0,5,79,14,1,5,6,171,3,0,0,0,0,202,998,564,0.5651302605210421
253,5,47,3,32,0,3,84,9,1,0,3,105,6,0,2,7,0,178,742,485,0.6536388140161725
254,13,27,3,30,1,1,63,13,4,0,10,94,7,0,3,0,0,168,786,437,0.5559796437659033
255,16,21,0,19,0,0,80,7,1,5,8,153,11,0,1,0,1,205,846,528,0.624113475177305
256,6,32,3,27,3,1,120,20,1,0,4,81,5,0,4,3,6,164,804,480,0.5970149253731343
257,4,19,1,29,2,2,60,3,4,3,4,172,14,0,1,3,0,159,892,480,0.5381165919282511
258,15,20,2,26,2,1,83,3,0,0,6,186,14,2,0,2,3,195,1073,560,0.5219012115563839
259,10,10,0,11,0,2,51,4,0,3,5,105,2,0,0,0,0,83,694,286,0.41210374639769454
260,10,65,2,40,3,3,232,26,3,3,16,123,3,0,3,1,3,228,1102,764,0.6932849364791288
261,3,22,1,23,1,1,118,9,2,4,3,102,3,1,2,2,0,163,824,460,0.558252427184466
262,8,32,7,30,2,0,97,13,0,3,3,153,10,0,3,13,1,199,942,574,0.6093418259023354
263,11,29,2,28,1,0,103,15,0,6,6,83,9,1,3,3,1,131,754,432,0.5729442970822282
264,6,32,5,42,1,2,101,16,1,6,9,190,13,1,3,5,3,281,1153,717,0.6218560277536861
265,7,14,1,12,1,0,49,13,1,0,10,103,10,0,0,0,0,121,704,342,0.48579545454545453
266,5,38,1,31,0,0,86,21,0,10,3,169,1,1,2,1,4,229,965,602,0.6238341968911917
267,7,19,1,27,0,0,58,5,0,3,8,129,6,1,2,4,0,131,852,401,0.4706572769953052
268,6,40,4,27,1,3,129,9,2,1,9,165,10,1,0,0,1,232,1101,640,0.5812897366030881
269,11,24,3,17,4,2,95,1,0,2,6,150,7,1,3,3,0,149,817,478,0.5850673194614443
270,25,39,4,25,0,0,78,14,0,0,3,122,4,0,3,0,3,176,874,496,0.5675057208237986
271,4,25,0,16,1,2,70,3,3,4,9,228,13,0,5,2,0,206,1110,591,0.5324324324324324
272,26,23,0,54,0,3,120,14,2,2,8,133,1,1,0,0,2,181,1003,570,0.5682951146560319
273,16,23,3,28,2,2,111,13,1,7,5,117,2,0,1,5,0,156,808,492,0.6089108910891089
274,6,12,0,14,0,3,43,2,2,3,7,139,8,0,0,1,0,121,774,361,0.4664082687338501
275,6,36,1,21,0,0,89,11,2,0,1,105,3,0,0,1,7,135,832,418,0.5024038461538461
276,12,25,1,27,0,2,91,7,1,5,3,124,7,0,3,1,0,159,829,468,0.5645355850422196
277,8,22,3,18,0,4,56,6,1,1,5,110,14,0,1,2,2,144,843,397,0.4709371293001186
278,12,34,6,23,0,0,109,11,2,2,1,128,4,0,3,0,1,210,861,546,0.6341463414634146
279,2,22,3,34,0,1,70,11,0,0,12,95,4,1,1,2,0,163,748,421,0.5628342245989305
280,4,14,7,14,0,3,62,1,2,13,5,224,27,1,4,1,0,181,1136,563,0.49559859154929575
281,7,19,0,23,1,3,62,8,1,4,2,114,3,0,1,0,1,143,769,392,0.5097529258777633
282,14,8,2,15,0,0,72,7,3,2,6,172,22,0,2,0,0,203,907,528,0.5821389195148843
283,7,43,4,46,2,0,181,23,1,4,17,120,0,0,5,2,8,223,948,686,0.7236286919831224
284,14,31,1,22,0,3,55,3,2,13,10,94,11,2,1,2,1,102,832,367,0.4411057692307692
285,11,14,3,25,0,0,55,4,0,1,6,127,7,0,2,2,3,162,717,422,0.5885634588563459
286,15,11,1,30,0,1,93,12,0,2,3,102,4,0,1,0,2,129,724,406,0.5607734806629834
287,7,26,3,32,0,2,97,7,2,5,12,145,5,0,2,2,1,201,956,549,0.5742677824267782
288,1,6,0,14,1,0,42,2,3,7,7,126,11,0,2,9,0,61,785,292,0.3719745222929936
289,13,25,6,14,1,0,74,7,0,7,8,148,6,0,2,5,0,142,872,458,0.5252293577981652
290,11,28,3,48,0,0,121,5,0,6,6,117,10,1,2,2,1,195,909,556,0.6116611661166117
291,7,11,3,9,1,1,71,3,0,0,5,71,11,0,3,1,0,125,595,322,0.5411764705882353
292,8,14,2,28,2,1,58,6,4,1,5,114,3,1,0,0,0,88,675,335,0.4962962962962963
293,11,42,2,33,0,7,184,21,0,1,9,81,3,0,3,1,5,140,696,543,0.7801724137931034
294,10,23,4,23,1,0,66,9,3,1,4,105,2,0,0,2,1,128,739,382,0.516914749661705
295,4,38,4,33,0,0,142,23,0,0,6,125,5,0,2,5,1,210,918,598,0.6514161220043573
296,8,47,7,23,0,1,165,22,1,0,4,113,6,0,5,2,2,141,785,547,0.6968152866242038
297,15,14,2,17,0,1,69,9,2,6,4,119,6,0,7,0,2,141,867,414,0.47750865051903113
298,6,15,0,15,0,1,66,5,2,0,6,101,5,1,1,2,0,94,699,320,0.45779685264663805
299,7,19,1,12,3,0,82,12,1,0,6,80,5,0,1,0,5,134,763,368,0.48230668414154654
300,11,23,4,22,0,4,101,7,2,5,4,127,6,1,6,1,1,167,936,492,0.5256410256410257
301,8,9,2,15,0,2,67,6,0,1,2,139,10,0,1,1,0,104,807,367,0.4547707558859975
302,11,49,2,58,2,1,227,31,0,1,10,130,13,0,2,4,2,281,1095,824,0.7525114155251141
303,16,20,4,21,0,5,80,5,2,2,9,153,13,0,2,0,0,164,1115,496,0.44484304932735425
304,10,20,2,27,1,7,86,7,1,8,4,152,15,0,2,1,0,171,904,514,0.5685840707964602
305,10,16,6,14,0,1,89,12,0,3,6,150,8,1,3,0,2,128,929,449,0.48331539289558667
306,5,13,5,31,0,3,93,12,1,1,6,131,3,0,3,1,2,157,875,467,0.5337142857142857
307,3,64,12,39,1,0,175,19,0,1,5,111,9,1,4,0,6,168,807,618,0.7657992565055762
308,13,23,0,23,1,0,85,13,2,7,4,109,3,1,0,2,0,158,875,444,0.5074285714285715
309,6,17,3,31,2,0,78,8,3,5,9,116,11,0,0,3,2,156,846,450,0.5319148936170213
310,6,49,4,25,0,1,147,14,0,2,3,71,5,0,2,0,0,176,734,505,0.6880108991825613
311,7,20,0,26,2,1,61,4,1,4,10,188,8,1,1,24,1,186,1003,545,0.543369890329013
312,6,41,2,32,3,4,177,9,1,0,10,129,9,0,2,2,4,240,997,671,0.6730190571715146
313,3,7,1,29,0,0,106,7,0,12,2,196,5,0,1,37,2,148,971,556,0.572605561277034
314,4,32,5,27,0,1,133,14,0,4,8,129,13,0,2,7,2,182,998,563,0.564128256513026
315,9,21,0,16,1,1,72,3,1,0,8,132,8,0,0,8,3,170,860,453,0.5267441860465116
316,10,27,3,24,1,2,112,16,2,7,5,153,4,0,14,4,0,212,1111,596,0.5364536453645364
317,14,30,0,30,2,2,99,5,2,14,12,195,14,2,1,2,1,184,1138,609,0.5351493848857645
318,3,16,4,33,2,2,76,12,2,10,7,175,10,0,0,7,0,153,1012,512,0.5059288537549407
319,5,30,0,47,1,0,93,6,1,9,7,176,8,0,0,7,0,170,984,560,0.5691056910569106
320,8,21,2,25,1,1,78,5,2,2,3,144,13,0,0,7,0,181,980,493,0.503061224489796
321,9,21,0,29,0,1,104,8,0,2,8,170,13,0,3,15,2,186,1027,571,0.5559883154819864
322,5,32,2,41,1,3,101,5,2,6,10,197,11,1,1,9,1,179,1109,607,0.5473399458972047
323,10,22,1,32,0,2,69,3,1,5,1,154,22,0,4,6,1,162,964,495,0.5134854771784232
324,4,7,4,13,1,1,41,2,1,6,4,157,22,5,2,8,0,116,1036,394,0.3803088803088803
325,10,15,4,15,0,3,94,3,0,2,5,172,9,0,3,13,0,218,1123,566,0.5040071237756011
326,4,20,0,10,0,1,58,1,5,0,6,140,20,0,0,7,0,141,799,413,0.5168961201501877
327,11,19,0,22,0,2,86,13,2,3,10,204,11,0,0,1,1,173,1057,558,0.5279091769157994
328,13,39,4,60,0,1,106,22,3,2,9,127,10,0,3,1,5,231,891,636,0.7138047138047138
329,6,28,3,29,1,0,78,4,1,18,8,186,6,0,1,1,2,231,959,603,0.6287799791449427
330,6,10,4,27,0,0,59,4,0,2,8,142,17,0,3,6,0,147,902,435,0.48226164079822614
331,1,11,0,17,1,1,56,9,0,1,10,165,17,0,0,2,0,177,791,468,0.5916561314791403
332,5,20,6,21,1,2,71,9,0,5,3,136,36,1,2,7,4,159,958,488,0.5093945720250522
333,11,21,4,27,1,1,69,10,1,6,14,150,39,0,1,9,1,149,983,514,0.5228891149542217
334,28,18,1,21,12,7,59,4,4,1,4,200,20,0,3,6,1,160,1042,549,0.5268714011516314
335,6,14,1,18,0,2,41,5,0,7,2,146,12,1,0,1,0,115,1022,371,0.363013698630137
336,8,37,4,35,2,2,123,14,6,3,9,139,11,0,1,0,1,209,988,604,0.611336032388664
337,4,7,1,17,2,3,35,0,2,11,5,191,9,1,0,0,0,125,1080,413,0.3824074074074074
338,18,22,0,29,1,2,94,10,1,3,10,188,11,2,2,3,4,194,1116,594,0.532258064516129
339,7,15,1,28,0,1,47,2,0,4,1,84,2,0,0,2,5,113,603,312,0.5174129353233831
340,7,17,3,28,0,6,81,5,2,1,4,143,4,1,0,1,0,181,897,484,0.5395763656633222
341,9,10,1,39,2,0,73,7,4,2,4,122,14,1,1,5,0,154,762,448,0.5879265091863517
342,8,17,1,32,1,2,62,4,1,5,13,165,11,1,0,1,1,165,1015,490,0.4827586206896552
343,17,28,0,39,2,5,105,16,1,4,2,128,25,0,3,3,1,225,1003,604,0.6021934197407777
344,9,41,5,24,2,3,125,8,5,2,2,116,11,0,1,1,1,184,915,540,0.5901639344262295
345,30,29,4,31,2,4,68,9,6,5,5,177,11,1,2,1,1,227,1173,613,0.5225916453537937
346,10,48,3,40,2,1,145,17,2,1,8,128,14,0,6,3,5,140,802,573,0.7144638403990025
347,14,20,4,44,1,1,92,8,0,0,10,254,23,2,2,3,1,259,1305,738,0.5655172413793104
348,14,37,4,26,1,5,76,12,1,5,5,212,27,0,1,3,1,215,1163,645,0.5546001719690455
349,17,33,1,35,3,2,77,12,0,5,10,177,17,0,4,1,3,286,1150,683,0.5939130434782609
350,5,33,1,47,1,2,180,22,1,0,15,120,11,0,4,3,11,191,964,647,0.671161825726141
351,10,24,2,26,1,2,120,19,3,5,9,96,3,0,4,1,1,167,726,493,0.6790633608815427
352,16,32,0,21,0,0,85,10,2,3,3,279,35,0,5,2,1,222,1255,716,0.5705179282868525
353,1,49,6,39,0,0,121,12,4,0,8,93,11,0,2,0,3,190,824,539,0.654126213592233
354,8,15,3,18,0,0,49,8,2,7,3,147,25,0,1,2,2,111,872,401,0.4598623853211009
355,18,35,1,33,1,1,141,17,0,0,12,156,0,1,8,3,3,182,958,612,0.6388308977035491
356,8,41,5,36,1,5,130,13,4,1,4,148,8,1,1,2,2,215,1005,625,0.6218905472636815
357,8,41,5,37,2,0,99,16,4,1,15,157,13,0,3,3,2,229,976,635,0.6506147540983607
358,10,58,2,38,0,1,144,14,1,2,8,81,9,1,6,0,2,173,804,550,0.6840796019900498
359,4,22,1,24,0,0,66,8,2,0,6,191,4,0,3,5,1,233,978,570,0.5828220858895705
360,21,63,3,44,1,7,125,10,2,2,6,164,9,1,2,0,3,311,1114,774,0.6947935368043088
361,18,37,5,44,0,2,135,19,0,3,6,117,11,0,1,0,1,208,931,607,0.6519871106337272
362,11,33,5,38,1,6,102,10,6,3,13,274,9,3,5,1,3,261,1230,784,0.6373983739837399
363,20,68,7,49,0,1,188,27,1,1,12,125,6,0,4,1,5,211,999,726,0.7267267267267268
364,5,77,3,50,0,0,202,49,0,4,6,110,5,1,1,1,3,174,969,691,0.7131062951496389
365,11,41,3,33,0,0,131,25,2,1,1,96,5,0,1,0,1,150,741,501,0.6761133603238867
366,9,24,6,27,3,0,132,2,1,4,7,181,6,0,1,1,1,193,1048,598,0.5706106870229007
367,21,52,3,30,2,0,144,16,4,2,9,201,7,0,2,1,1,236,1096,731,0.666970802919708
368,4,12,3,28,0,5,72,6,0,1,3,161,10,0,1,5,1,141,819,453,0.5531135531135531
369,16,22,5,50,0,5,167,20,1,1,9,129,5,0,1,1,2,183,941,617,0.6556854410201913
370,41,11,4,26,1,5,78,10,1,2,1,140,10,0,2,2,1,182,933,517,0.5541264737406216
371,24,32,3,34,1,0,112,9,1,0,8,156,4,0,0,0,2,235,1026,621,0.6052631578947368
372,4,17,2,29,0,1,88,9,0,5,3,111,2,1,2,2,0,184,744,460,0.6182795698924731
373,5,5,0,16,0,1,38,6,0,3,4,133,5,0,3,1,0,93,674,313,0.46439169139465875
374,16,39,10,39,2,2,118,11,2,3,11,169,7,1,2,8,4,258,1148,702,0.6114982578397212
375,5,40,1,66,1,3,163,17,2,3,16,160,12,1,4,1,3,238,1133,736,0.649602824360106
376,9,18,2,19,0,2,71,8,3,2,6,112,12,0,1,1,2,188,693,456,0.658008658008658
377,27,30,1,36,1,5,73,9,2,0,19,182,11,1,0,1,3,216,1087,617,0.5676172953081877
378,24,27,2,22,0,0,76,10,4,6,11,164,10,1,5,0,0,200,1029,562,0.5461613216715258
379,2,11,1,22,0,0,80,6,2,0,1,89,1,1,0,4,0,101,567,321,0.5661375661375662
380,4,24,2,11,0,5,43,3,4,20,11,252,11,0,1,1,1,197,1102,590,0.5353901996370236
381,10,23,3,27,2,2,101,15,0,3,9,126,12,0,1,0,1,248,895,583,0.6513966480446928
382,10,18,2,21,2,0,69,6,1,7,6,227,3,0,1,5,0,202,943,580,0.6150583244962884
383,14,25,7,27,0,0,65,11,0,4,7,124,9,0,1,2,2,217,878,515,0.5865603644646925
384,17,17,2,23,0,0,59,3,2,5,3,188,15,5,2,1,3,195,1005,540,0.5373134328358209
385,11,43,8,46,1,0,128,14,3,7,5,221,8,0,2,1,0,253,1156,751,0.6496539792387543
386,0,17,2,15,0,0,77,7,3,3,4,165,8,0,4,2,2,179,828,488,0.5893719806763285
387,20,20,4,41,4,1,111,9,1,1,3,191,3,0,5,1,2,258,1099,675,0.6141947224749773
388,11,22,4,37,1,0,69,13,2,2,9,174,2,0,3,2,1,192,973,544,0.5590955806783144
389,19,27,1,31,1,1,133,15,1,4,11,185,8,3,3,4,0,241,1122,688,0.6131907308377896
390,20,30,6,26,0,2,109,19,0,4,10,242,9,0,4,5,1,222,1132,709,0.6263250883392226
391,27,31,3,31,2,0,133,20,0,7,8,232,7,1,4,2,4,231,1140,743,0.6517543859649123
392,7,63,3,33,2,0,144,24,1,3,6,166,6,0,2,3,4,220,1006,687,0.6829025844930418
393,10,47,2,42,1,2,139,22,2,2,6,189,6,1,1,5,1,199,1153,677,0.5871639202081527
394,14,45,5,47,0,0,139,20,1,2,13,222,16,1,3,8,4,280,1190,820,0.6890756302521008
395,8,76,10,39,0,2,146,16,0,1,5,224,9,2,1,1,14,233,1141,787,0.6897458369851008
396,9,54,9,45,0,4,127,32,4,3,11,196,9,0,2,6,4,219,1053,734,0.6970560303893637
397,5,42,2,43,0,2,123,17,2,2,5,140,8,0,6,0,0,252,945,649,0.6867724867724868
398,5,18,2,53,2,4,110,7,1,4,6,144,6,2,4,2,2,211,950,583,0.6136842105263158
399,7,16,1,10,0,3,46,3,3,11,2,154,11,1,2,0,2,136,1111,408,0.36723672367236726
400,10,29,4,9,0,3,89,9,2,4,6,139,4,0,4,0,1,162,735,475,0.6462585034013606
401,5,47,4,33,0,0,166,19,2,3,10,85,10,0,6,0,0,202,830,592,0.7132530120481928
402,8,10,2,6,0,0,44,3,5,2,4,181,15,0,2,3,0,152,901,437,0.48501664816870144
403,9,41,6,33,0,2,185,21,2,2,5,124,7,2,1,1,3,157,866,601,0.6939953810623557
404,7,31,4,18,2,4,146,18,0,2,6,108,5,0,2,0,6,156,731,515,0.7045143638850889
405,19,55,1,42,0,0,166,33,2,4,12,114,5,0,6,3,3,197,929,662,0.71259418729817
406,8,10,2,22,0,0,49,2,1,2,3,171,18,2,3,6,0,93,1007,392,0.38927507447864945
407,7,57,6,29,1,0,160,23,1,0,6,110,7,0,1,0,1,180,791,589,0.7446270543615676
408,5,17,1,36,1,2,73,4,0,2,7,154,13,0,6,11,2,203,930,537,0.5774193548387097
409,7,23,7,40,1,1,137,11,0,2,4,114,2,0,1,0,3,183,908,536,0.5903083700440529
410,5,3,2,9,0,0,22,2,0,4,1,118,6,0,3,6,1,67,844,249,0.2950236966824645
411,13,44,6,37,0,1,147,23,3,3,10,137,1,0,4,6,3,237,977,675,0.6908904810644831
412,9,54,3,46,1,0,160,28,0,1,7,143,7,0,2,1,2,181,930,645,0.6935483870967742
413,10,24,0,45,0,3,120,14,0,3,6,168,8,0,4,3,3,274,1071,685,0.6395891690009337
414,8,43,5,41,0,4,134,15,2,4,14,168,5,1,2,0,2,229,1009,677,0.6709613478691774
415,13,25,4,38,0,1,104,13,0,5,14,156,8,0,1,5,0,289,1054,676,0.6413662239089184
416,20,30,1,31,1,3,90,10,1,1,3,104,9,0,0,3,2,200,801,509,0.6354556803995006
417,5,9,2,19,2,0,61,3,2,2,1,122,4,0,2,6,1,119,724,360,0.4972375690607735
418,5,20,2,47,0,0,101,5,0,3,6,70,3,0,1,3,1,234,830,501,0.6036144578313253
419,11,28,5,32,3,0,95,15,0,2,5,130,2,1,0,3,2,221,992,555,0.5594758064516129
420,8,28,3,41,7,0,95,10,1,4,9,100,10,0,2,5,2,216,1004,541,0.5388446215139442
421,5,21,3,33,2,0,75,10,4,5,4,134,10,0,3,1,1,207,1053,518,0.4919278252611586
422,13,81,6,38,0,4,133,23,0,1,9,116,2,0,6,2,12,166,850,612,0.72
423,10,15,1,15,0,2,81,4,4,0,10,186,10,1,0,0,0,159,866,498,0.5750577367205543
424,11,37,2,32,0,2,98,6,1,3,5,111,6,0,1,0,3,229,909,547,0.6017601760176018
425,6,24,1,21,0,3,72,8,1,7,5,73,15,3,5,2,2,181,887,429,0.4836527621195039
426,0,43,1,53,1,2,186,26,0,0,14,128,13,0,3,4,1,221,1005,696,0.6925373134328359
427,8,17,3,26,0,1,81,11,2,3,15,166,14,4,1,3,4,172,963,531,0.5514018691588785
428,7,65,0,43,0,1,188,29,0,3,14,86,15,1,1,1,4,166,891,624,0.7003367003367004
429,12,44,7,38,0,0,176,23,1,3,7,109,9,0,4,0,8,240,1008,681,0.6755952380952381
430,18,35,3,41,0,4,154,8,0,6,15,136,17,1,1,2,1,207,1023,649,0.6344086021505376
431,6,33,5,35,0,0,84,10,1,3,11,191,8,0,9,1,1,224,973,622,0.6392600205549845
432,8,29,2,57,0,2,120,22,3,3,8,93,5,1,4,4,0,181,790,542,0.6860759493670886
433,16,34,1,38,0,1,136,22,1,2,10,189,11,0,3,2,3,222,1089,691,0.6345270890725436
434,7,17,2,43,0,0,88,15,0,2,6,144,14,0,3,0,2,184,832,527,0.6334134615384616
435,6,28,3,31,1,6,121,10,4,2,5,107,2,1,5,0,12,201,840,545,0.6488095238095238
436,12,63,2,37,0,4,175,23,1,1,3,99,8,0,2,2,6,187,913,625,0.6845564074479737
437,3,39,3,29,2,2,142,12,1,6,8,150,15,0,4,0,2,239,1070,657,0.6140186915887851
438,6,16,3,14,0,5,102,7,3,7,3,181,3,1,0,2,6,177,892,536,0.600896860986547
439,11,39,2,33,1,0,127,10,0,0,8,158,1,0,1,1,0,201,1009,593,0.5877106045589693
440,7,11,1,9,1,1,67,5,2,1,1,86,7,0,0,1,1,112,613,313,0.5106035889070146
441,4,24,1,13,0,1,63,10,0,8,2,130,6,1,2,1,1,145,718,412,0.5738161559888579
442,9,18,5,14,7,1,63,12,2,6,1,124,3,1,3,2,1,166,868,438,0.5046082949308756
443,8,9,0,22,0,1,41,1,6,1,3,138,2,1,3,1,0,122,737,359,0.4871099050203528
444,8,17,6,20,0,1,108,11,2,3,6,112,4,1,0,1,1,161,854,462,0.5409836065573771
445,14,48,5,28,1,0,133,8,0,0,10,142,6,1,0,7,5,209,887,617,0.6956031567080045
446,7,22,2,13,1,8,69,7,1,7,3,172,8,1,4,1,0,145,868,471,0.5426267281105991
447,5,18,0,22,0,1,43,4,2,0,2,133,5,0,1,3,1,102,757,342,0.45178335535006603
448,11,21,1,20,1,2,113,12,2,5,4,91,8,0,0,0,0,196,770,487,0.6324675324675325
449,2,25,4,34,1,3,76,8,2,3,5,100,3,0,0,7,1,164,846,438,0.5177304964539007
450,4,29,0,28,1,1,103,12,0,3,4,145,7,0,1,1,1,188,933,528,0.5659163987138264
451,10,15,33,22,1,2,77,10,3,2,3,148,8,0,2,1,1,132,768,470,0.6119791666666666
452,15,41,4,45,0,1,178,14,2,0,4,137,8,0,0,0,8,239,959,696,0.7257559958289885
453,5,14,1,24,0,0,89,11,1,1,3,110,13,0,0,4,0,158,698,434,0.6217765042979942
454,10,20,2,20,0,1,82,7,0,2,18,207,16,3,2,1,0,235,1059,626,0.591123701605288
455,5,24,9,25,0,2,59,7,2,6,3,191,16,0,5,6,2,144,933,506,0.5423365487674169
456,15,36,4,42,1,1,110,27,0,10,8,157,10,0,3,4,0,300,1105,728,0.6588235294117647
457,14,13,3,22,0,2,40,1,1,18,2,192,28,4,1,2,1,106,1014,450,0.4437869822485207
458,25,22,4,26,0,6,39,6,5,4,4,199,7,0,2,3,1,231,1064,584,0.5488721804511278
459,3,33,5,26,1,3,98,8,2,1,5,142,10,0,2,4,2,184,890,529,0.5943820224719101
460,15,30,2,40,0,0,136,21,2,2,7,118,5,1,0,1,3,282,1124,665,0.5916370106761566
461,7,12,1,16,1,1,72,7,0,1,3,69,5,0,0,1,0,124,625,320,0.512
462,4,41,2,38,2,2,145,16,2,2,6,124,13,0,5,0,5,220,1037,627,0.6046287367405979
463,17,35,4,38,0,4,137,25,0,1,10,95,4,0,3,2,1,186,891,562,0.6307519640852974
464,5,69,1,43,0,0,180,31,0,0,8,90,4,1,4,1,10,167,856,614,0.7172897196261683
465,5,64,7,47,1,1,183,34,1,4,8,102,4,0,5,3,6,183,942,658,0.6985138004246284
466,5,62,14,32,0,0,111,13,0,0,12,189,12,1,1,1,4,212,1002,669,0.6676646706586826
467,7,35,3,34,2,1,102,11,2,0,19,128,3,0,1,3,2,271,943,624,0.6617179215270413
468,14,51,3,37,3,0,175,12,2,1,12,119,11,0,1,4,1,206,952,652,0.6848739495798319
469,8,30,3,17,3,1,108,10,2,2,15,134,1,1,5,4,0,181,890,525,0.5898876404494382
470,17,73,7,45,0,0,182,52,3,3,14,125,5,0,5,1,8,170,963,710,0.7372793354101765
471,14,23,2,24,0,3,59,9,2,2,9,135,7,2,1,1,2,177,867,472,0.544405997693195
472,1,21,20,35,3,3,76,4,0,0,4,166,9,0,3,1,0,200,961,546,0.5681581685744017
473,4,12,4,17,0,0,45,1,1,7,9,209,14,0,1,0,0,149,918,473,0.5152505446623094
474,11,45,1,37,1,2,100,13,0,2,4,163,9,0,0,0,6,270,1027,664,0.6465433300876339
475,3,6,1,12,0,0,36,3,3,1,3,112,17,1,0,5,0,72,776,275,0.3543814432989691
476,5,7,1,8,0,0,37,7,1,2,5,136,7,1,2,2,0,110,778,331,0.4254498714652956
477,13,9,1,27,0,1,57,4,3,4,2,183,28,0,2,4,0,176,1077,514,0.47725162488393685
478,7,44,2,39,0,0,120,15,4,1,12,202,8,1,7,0,7,261,1090,730,0.6697247706422018
479,17,60,7,46,0,2,170,23,4,4,10,103,3,0,1,4,7,157,926,618,0.6673866090712743
480,7,11,1,12,1,0,40,3,4,3,2,163,10,0,1,0,0,84,1120,342,0.3053571428571429
481,6,41,3,34,0,2,122,16,1,5,8,148,7,0,2,0,4,209,889,608,0.6839145106861643
482,11,35,1,25,2,1,95,7,0,6,5,117,8,0,0,2,2,163,811,480,0.591861898890259
483,1,8,0,9,0,1,42,4,2,1,7,117,14,0,0,7,2,82,835,297,0.35568862275449104
484,0,0,0,0,0,0,2,1,1,0,0,1,1,0,0,0,0,2,1,8,8.0
485,1,6,0,2,0,0,9,0,0,0,0,11,1,0,0,0,0,18,0,48,inf
486,0,1,0,3,0,0,13,0,1,1,0,6,0,0,0,0,0,14,0,39,inf
487,0,3,0,0,0,1,7,2,0,0,0,4,1,0,1,0,0,7,0,26,inf
488,0,2,2,0,0,0,7,0,0,0,0,2,0,0,1,0,0,13,0,27,inf
489,8,16,6,29,0,1,48,3,2,1,5,214,33,0,1,5,2,161,1090,535,0.4908256880733945
490,12,28,3,25,1,1,58,4,0,3,10,154,17,1,2,3,0,145,790,467,0.5911392405063292
491,12,50,5,40,0,1,234,37,1,1,11,114,8,0,2,3,1,252,995,772,0.7758793969849246
492,0,3,1,2,0,0,10,2,0,0,1,11,0,0,0,0,0,13,0,43,inf
493,12,2,2,2,0,0,28,0,0,5,5,142,7,1,1,0,0,86,1048,293,0.27958015267175573
494,8,36,5,48,1,3,110,25,0,2,1,136,15,1,2,3,2,289,1087,687,0.6320147194112236
495,19,26,0,18,2,1,107,17,4,0,4,113,4,0,1,1,4,187,787,508,0.6454891994917408
496,3,21,5,17,2,1,71,6,2,1,3,100,9,1,2,4,0,112,740,360,0.4864864864864865
497,8,23,1,46,2,2,122,5,2,5,5,125,1,0,6,8,1,248,902,610,0.6762749445676275
498,9,37,7,34,0,1,96,9,2,1,3,134,20,0,7,6,2,264,998,632,0.6332665330661322
499,9,54,8,43,0,2,184,9,0,2,11,127,5,1,1,5,0,185,921,646,0.7014115092290988
500,5,34,3,30,0,0,75,6,3,3,3,121,7,0,1,2,2,175,849,470,0.5535924617196702
501,15,70,4,37,0,0,192,28,0,1,9,117,1,0,3,3,7,169,945,656,0.6941798941798942
502,7,16,3,28,0,3,85,20,2,1,11,77,8,2,1,1,3,163,768,431,0.5611979166666666
503,8,51,7,23,0,5,163,21,1,3,10,95,8,0,2,0,2,185,818,584,0.7139364303178484
504,14,49,2,38,1,2,163,12,1,3,4,105,6,1,1,1,4,286,1050,693,0.66
505,8,29,9,55,0,0,125,9,3,1,9,126,11,1,1,0,2,206,873,595,0.6815578465063001
506,4,57,1,32,0,0,131,17,2,6,16,84,3,2,3,5,6,147,744,516,0.6935483870967742
507,32,21,2,36,0,1,99,16,2,5,1,110,9,1,0,1,0,202,892,538,0.6031390134529148
508,7,48,7,41,4,3,163,9,0,1,12,108,3,1,10,0,3,125,726,545,0.7506887052341598
509,6,16,8,28,0,2,95,4,0,3,1,134,42,0,2,1,0,203,968,545,0.5630165289256198
510,2,2,0,2,0,0,10,1,0,0,1,10,1,0,1,0,0,7,9,37,4.111111111111111
511,8,54,2,34,1,2,147,22,0,6,8,133,5,0,2,3,5,211,979,643,0.6567926455566905
512,6,49,3,35,1,2,164,22,1,2,8,120,5,1,0,0,0,252,937,671,0.7161152614727855
513,3,45,4,46,2,1,166,27,1,5,13,117,6,1,3,1,5,164,768,610,0.7942708333333334
514,6,35,2,28,1,2,114,11,1,3,3,109,10,0,6,1,1,150,785,483,0.6152866242038216
515,11,19,1,32,1,2,63,9,0,4,3,157,10,0,0,6,1,196,976,515,0.5276639344262295
516,4,20,1,29,1,1,78,5,3,6,5,260,18,0,1,4,2,267,1288,705,0.547360248447205
517,10,47,1,27,0,1,138,16,0,1,5,92,10,0,2,1,1,220,831,572,0.6883273164861613
518,13,62,2,42,2,2,198,31,0,2,11,94,6,2,9,0,7,156,925,639,0.6908108108108109
519,5,13,1,22,0,0,53,3,0,0,4,122,1,1,2,0,0,129,656,356,0.5426829268292683
520,10,20,2,34,2,8,95,19,1,4,5,115,12,0,2,0,2,161,871,492,0.5648679678530425
521,13,30,4,17,0,1,88,4,1,0,6,150,18,1,1,0,3,186,872,523,0.5997706422018348
522,6,27,2,32,1,0,80,17,5,5,6,193,10,0,4,0,2,207,1015,597,0.5881773399014778
523,7,13,6,14,1,0,83,6,0,2,6,97,5,0,1,0,3,184,716,428,0.5977653631284916
524,6,31,2,32,1,0,102,3,2,1,3,130,8,1,2,1,1,188,851,514,0.6039952996474736
525,6,46,3,46,0,4,222,43,2,7,11,120,8,0,4,2,5,204,1051,733,0.6974310180780209
526,13,82,4,62,1,2,206,56,1,0,9,113,5,0,0,5,2,185,1025,746,0.7278048780487805
527,5,3,1,11,4,0,31,2,4,9,4,141,10,0,0,0,0,100,815,325,0.3987730061349693
528,5,9,2,20,1,1,55,6,2,1,8,168,27,4,1,3,1,166,944,480,0.5084745762711864
529,9,31,1,24,0,1,65,4,1,7,13,165,14,0,1,11,4,207,1024,558,0.544921875
530,12,52,6,28,2,2,164,29,0,7,6,87,9,1,2,2,6,129,846,544,0.6430260047281324
531,12,21,2,20,0,2,61,3,5,5,17,176,16,0,1,9,0,167,1064,517,0.4859022556390977
532,8,38,2,31,1,9,179,24,2,3,7,120,5,0,3,0,13,169,892,614,0.6883408071748879
533,9,39,1,45,0,0,162,28,0,1,13,90,10,0,2,0,3,175,868,578,0.6658986175115207
534,7,16,2,7,0,0,32,2,0,2,5,170,11,2,0,0,0,64,1053,320,0.30389363722697055
535,9,68,7,33,0,0,196,35,1,6,19,156,12,2,5,4,13,160,1009,726,0.7195242814667988
536,14,29,1,22,0,2,123,12,0,8,2,117,6,1,0,2,2,162,834,503,0.6031175059952039
537,7,22,1,23,0,2,75,13,0,2,8,89,8,0,2,1,4,149,694,406,0.5850144092219021
538,11,28,3,35,0,3,98,15,1,2,4,138,12,0,0,3,0,157,980,510,0.5204081632653061
539,9,42,3,31,1,5,148,4,0,2,5,123,8,0,3,3,2,147,903,536,0.593576965669989
540,2,17,2,25,1,2,90,4,2,0,5,126,8,1,2,1,1,107,759,396,0.5217391304347826
541,10,28,2,38,1,0,111,16,2,3,18,131,4,0,1,1,4,212,931,582,0.6251342642320086
542,11,24,5,44,0,1,104,9,1,3,8,199,8,1,1,3,3,244,1086,669,0.6160220994475138
543,11,62,1,31,0,0,118,13,0,2,3,115,2,0,3,0,0,158,835,519,0.6215568862275449
544,28,17,5,25,0,0,46,7,0,2,3,114,5,0,0,0,1,152,765,405,0.5294117647058824
545,1,42,2,47,1,2,95,19,1,1,4,115,8,0,1,0,1,209,919,549,0.5973884657236126
546,16,62,5,45,1,4,135,12,1,0,9,109,6,0,8,0,2,185,896,600,0.6696428571428571
547,18,30,4,34,0,1,90,8,2,1,0,89,2,0,2,0,3,157,775,441,0.5690322580645162
548,12,37,7,31,1,2,128,20,0,1,11,154,7,0,4,3,2,171,942,591,0.6273885350318471
549,7,25,4,25,0,4,90,5,0,0,8,106,6,0,0,1,1,185,722,467,0.646814404432133
550,12,28,2,26,2,10,98,10,1,2,0,257,11,1,3,1,2,248,1197,714,0.5964912280701754
551,10,23,1,18,1,3,55,1,2,3,5,189,4,0,0,1,1,153,858,470,0.5477855477855478
552,7,27,7,17,1,2,93,9,1,0,6,131,17,2,1,7,1,195,825,524,0.6351515151515151
553,5,40,8,33,1,4,141,29,1,3,2,162,18,0,0,0,4,145,950,596,0.6273684210526316
554,8,69,1,36,0,1,175,29,1,4,8,153,7,0,4,0,8,120,828,624,0.7536231884057971
555,5,64,3,35,0,1,172,29,2,2,17,117,11,0,3,2,5,168,832,636,0.7644230769230769
556,1,21,0,21,1,0,72,7,2,4,8,159,23,1,1,5,4,125,816,455,0.5575980392156863
557,3,41,4,32,0,3,179,34,4,1,13,114,11,0,1,2,2,173,839,617,0.735399284862932
558,8,54,4,32,0,1,176,35,1,8,10,104,11,0,5,3,4,155,850,611,0.7188235294117648
559,13,25,3,39,2,2,89,11,2,1,5,163,5,3,1,1,2,230,1022,597,0.5841487279843445
560,5,15,4,19,0,1,48,6,1,5,0,134,22,0,0,1,2,160,789,423,0.5361216730038023
561,11,64,9,58,0,1,221,28,0,0,14,131,2,1,2,3,5,200,1015,750,0.7389162561576355
562,3,26,2,28,5,3,106,7,0,5,2,117,8,0,2,4,0,161,882,479,0.5430839002267573
563,10,39,3,55,0,1,106,19,1,1,3,144,7,0,0,1,3,241,994,634,0.6378269617706237
564,11,11,1,21,1,1,52,0,3,2,5,158,4,0,1,1,1,121,1035,394,0.38067632850241545
565,7,13,5,12,0,0,43,4,0,0,11,138,5,1,1,2,2,153,680,397,0.5838235294117647
566,8,17,1,15,0,0,58,5,0,4,1,151,6,1,5,1,2,159,757,434,0.5733157199471598
567,12,29,5,38,1,0,95,13,0,0,8,162,13,0,2,1,1,280,1097,660,0.601640838650866
568,26,32,12,54,1,5,144,8,4,5,20,151,12,0,4,1,4,253,1062,736,0.6930320150659134
569,7,6,2,8,0,1,31,3,3,2,3,83,5,0,2,2,0,76,524,234,0.44656488549618323
570,5,19,0,19,0,1,76,8,1,5,4,117,13,0,0,3,2,156,791,429,0.5423514538558787
571,10,34,7,29,0,7,97,12,2,5,10,177,10,1,4,2,3,190,1025,600,0.5853658536585366
572,10,8,3,10,0,0,50,1,4,1,9,227,26,1,3,3,0,149,1055,505,0.4786729857819905
573,11,59,4,41,0,6,156,27,1,2,7,130,3,0,2,1,1,172,939,623,0.663471778487753
574,13,69,9,39,0,7,224,21,2,1,7,135,4,0,6,2,5,182,1002,726,0.7245508982035929
575,10,53,4,63,2,3,172,32,0,0,7,111,10,0,4,1,1,192,933,665,0.7127545551982851
576,9,62,7,41,1,1,201,36,0,2,19,108,9,0,1,1,3,184,914,685,0.74945295404814
577,17,68,4,38,2,1,183,40,3,3,4,111,9,0,2,1,2,124,820,612,0.7463414634146341
578,10,40,3,44,0,5,133,15,1,1,6,143,5,1,3,1,0,211,973,622,0.6392600205549845
579,7,14,1,39,0,2,118,13,2,1,5,133,12,0,1,1,1,204,936,554,0.5918803418803419
580,12,15,2,17,1,1,43,6,2,6,11,197,11,2,2,2,0,154,1129,484,0.4286979627989371
581,6,26,3,41,0,1,133,45,2,0,5,82,10,1,1,3,1,153,914,513,0.5612691466083151
582,2,16,1,11,1,2,53,7,0,6,5,123,5,0,1,4,2,67,763,306,0.40104849279161203
583,8,35,3,20,0,3,83,4,3,0,6,119,4,0,4,1,4,113,759,410,0.5401844532279315
584,11,27,2,29,1,0,94,8,0,2,4,209,13,0,2,53,0,200,1123,655,0.5832591273374889
585,6,19,2,29,1,0,46,11,4,6,4,143,39,1,1,15,1,170,864,498,0.5763888888888888
586,7,12,1,26,0,2,83,8,1,3,9,125,27,0,3,3,1,136,886,447,0.5045146726862303
587,16,15,2,11,0,0,57,3,2,4,5,186,35,1,1,2,1,200,1062,541,0.5094161958568738
588,3,16,0,16,0,0,69,7,1,4,1,109,13,0,2,14,1,74,651,330,0.5069124423963134
589,17,33,2,15,3,0,91,7,0,1,4,118,2,0,3,2,0,157,757,455,0.6010568031704095
590,10,29,1,23,0,6,99,8,1,4,7,141,1,1,2,2,1,135,897,471,0.5250836120401338
591,2,8,4,16,0,0,47,1,3,3,11,120,7,1,4,0,0,108,906,335,0.369757174392936
592,11,17,5,34,0,2,74,8,0,4,7,152,17,1,1,3,2,139,985,477,0.4842639593908629
593,14,28,1,28,2,0,123,0,10,2,2,136,11,0,1,2,1,205,1001,566,0.5654345654345654
594,2,22,0,26,0,1,57,6,1,3,4,74,11,0,2,10,0,114,660,333,0.5045454545454545
595,10,42,7,29,0,1,120,3,0,1,5,190,13,0,2,0,2,271,1176,696,0.5918367346938775
596,16,16,0,17,1,1,89,6,0,0,6,92,12,0,0,1,2,171,792,430,0.5429292929292929
597,9,12,1,26,1,1,95,4,1,2,4,170,4,0,1,2,0,209,1050,542,0.5161904761904762
598,6,17,0,22,0,0,103,6,2,0,3,127,4,0,1,4,1,230,881,526,0.5970488081725313
599,4,9,0,32,1,0,76,10,2,2,20,127,12,0,1,0,1,196,908,493,0.5429515418502202
600,11,40,0,26,2,0,110,14,1,1,5,161,7,3,4,4,4,246,946,639,0.6754756871035941
