SEZIONE,TOTALE_ISCRITTI,ROSA NEL PUGNO,MARGHERITA,SOCIALISTI,INSIEME PER L'UNIONE,UDEUR,D.S.,P.R.C.,ITALIA VALORI,PENSIONATI,A.N.,U.D.C.,NO EURO,M.S.FIAMMA,FORZA ITALIA,A.S.MUSSOLINI,ECOLOGISTI DEMOCR.,LEGA NORD,TOTALE,AFFLUENZA
1,908,63,89,1,52,5,153,77,21,6,70,31,0,1,141,2,2,32,746,0.8215859030837004
2,587,38,40,3,30,3,82,60,6,2,44,20,1,2,111,5,2,10,459,0.7819420783645656
3,840,46,71,1,46,3,123,67,30,10,103,33,1,9,156,2,2,9,712,0.8476190476190476
4,925,47,49,4,35,6,133,55,17,4,126,52,1,2,219,1,4,22,777,0.84
5,797,23,72,1,36,2,148,80,18,7,64,20,4,1,120,5,1,16,618,0.7754077791718946
6,576,27,45,1,16,2,77,37,21,9,75,27,2,4,113,2,0,9,467,0.8107638888888888
7,780,35,91,2,30,4,113,63,24,5,77,67,3,1,138,2,0,17,672,0.8615384615384616
8,189,7,16,0,6,0,15,16,0,0,37,16,0,0,26,0,1,2,142,0.7513227513227513
9,948,47,74,1,19,2,159,55,20,5,136,74,0,2,220,5,0,23,842,0.8881856540084389
10,857,37,60,1,28,3,171,60,19,4,77,52,0,3,172,8,2,26,723,0.8436406067677946
11,634,45,48,4,21,1,112,39,12,4,73,26,2,3,104,4,3,20,521,0.8217665615141956
12,822,30,41,0,30,2,106,54,16,6,74,56,3,3,194,2,3,15,635,0.7725060827250608
13,722,28,44,0,20,4,108,20,12,2,116,50,0,1,170,4,0,21,600,0.8310249307479224
14,826,40,73,0,24,1,109,28,14,4,104,57,1,0,206,4,7,18,690,0.8353510895883777
15,713,40,54,0,26,3,99,49,19,6,85,38,3,3,140,4,3,11,583,0.8176718092566619
16,829,32,55,0,33,2,103,48,20,6,107,46,0,4,202,2,1,17,678,0.8178528347406514
17,721,31,60,1,31,7,98,59,26,8,62,31,1,2,131,2,2,15,567,0.7864077669902912
18,796,44,71,0,22,4,163,41,13,4,96,53,3,2,141,2,1,11,671,0.842964824120603
19,593,21,40,0,13,6,67,48,14,4,56,48,1,4,125,7,0,11,465,0.7841483979763912
20,790,46,52,0,46,1,140,74,18,6,95,42,1,9,132,3,2,15,682,0.8632911392405064
21,637,28,59,0,15,2,90,35,22,6,104,13,0,5,77,4,2,10,472,0.7409733124018838
22,780,33,58,0,38,5,141,48,24,3,96,50,2,5,159,3,1,30,696,0.8923076923076924
23,746,24,49,1,37,3,128,71,21,7,96,27,2,4,144,1,4,18,637,0.853887399463807
24,708,29,52,1,21,2,125,61,14,2,90,61,2,5,119,0,3,16,603,0.8516949152542372
25,906,40,72,0,43,1,192,77,27,10,82,22,1,3,150,4,3,16,743,0.8200883002207505
26,655,31,51,1,35,5,131,50,14,4,63,20,0,2,102,0,1,9,519,0.7923664122137405
27,723,31,47,3,38,1,132,59,14,0,73,38,1,2,136,10,3,15,603,0.8340248962655602
28,812,26,66,0,45,2,149,81,30,7,78,31,3,1,124,1,0,17,661,0.8140394088669951
29,738,25,77,1,24,3,127,40,21,4,82,47,2,2,157,4,3,13,632,0.8563685636856369
30,682,33,50,2,33,0,140,42,22,3,70,47,3,1,144,4,2,10,606,0.8885630498533724
31,717,34,60,1,19,4,157,46,13,6,63,33,6,4,127,2,0,11,586,0.8172942817294282
32,716,35,73,0,33,5,131,52,15,2,67,38,2,5,117,0,2,16,593,0.8282122905027933
33,720,51,55,0,46,0,127,50,22,7,63,27,2,2,91,4,4,14,565,0.7847222222222222
34,778,33,51,0,31,2,136,57,25,4,67,36,0,2,163,3,1,18,629,0.8084832904884319
35,284,11,13,0,7,3,20,16,3,0,77,22,2,1,73,3,4,10,265,0.9330985915492958
36,811,28,66,1,19,1,139,40,21,5,108,60,0,2,186,4,1,21,702,0.8655980271270037
37,703,32,63,0,14,2,85,31,17,8,90,62,0,6,185,3,4,18,620,0.8819345661450925
38,742,27,56,0,15,4,113,28,24,1,113,55,1,2,180,6,1,16,642,0.8652291105121294
39,692,39,73,1,16,4,117,26,11,4,107,44,3,1,169,4,2,21,642,0.9277456647398844
40,592,28,53,0,17,3,91,20,12,4,76,50,1,0,145,1,1,5,507,0.856418918918919
41,677,41,44,1,30,2,103,47,17,9,63,26,0,4,123,4,1,19,534,0.7887740029542097
42,639,25,42,0,20,3,108,38,13,10,80,44,1,0,148,4,1,12,549,0.8591549295774648
43,723,22,70,0,25,3,133,49,16,4,73,34,0,2,140,4,0,14,589,0.8146611341632088
44,804,31,69,1,17,3,147,61,21,3,108,58,0,4,151,2,1,18,695,0.8644278606965174
45,662,30,67,1,24,3,110,38,25,7,74,37,0,1,108,2,2,13,542,0.8187311178247734
46,660,16,61,1,22,1,100,40,23,6,91,32,0,4,123,3,3,8,534,0.8090909090909091
47,724,32,65,4,32,5,141,52,22,8,83,24,0,2,137,2,1,11,621,0.8577348066298343
48,679,33,62,0,27,0,95,33,18,10,72,44,2,0,145,3,1,20,565,0.8321060382916053
49,803,29,73,0,24,7,116,27,11,0,134,76,0,6,192,3,2,14,714,0.8891656288916563
50,725,29,65,1,12,4,69,10,3,4,100,66,2,4,240,2,0,15,626,0.863448275862069
51,801,17,63,1,6,5,72,10,7,4,109,75,1,6,299,3,0,19,697,0.8701622971285893
52,818,36,52,0,18,4,92,14,17,2,123,80,0,1,262,2,6,14,723,0.8838630806845966
53,724,29,58,0,14,5,111,15,12,5,98,63,0,2,165,1,0,33,611,0.8439226519337016
54,799,23,72,0,26,2,127,44,20,8,91,55,3,2,154,2,1,27,657,0.8222778473091364
55,851,28,72,2,25,4,164,52,22,7,100,42,3,4,140,3,0,23,691,0.8119858989424207
56,657,31,53,0,20,3,79,33,12,5,97,51,0,0,130,5,5,14,538,0.8188736681887366
57,782,26,70,0,32,0,92,26,13,3,80,49,0,2,167,7,5,20,592,0.7570332480818415
58,765,33,85,0,30,3,112,38,26,6,78,60,3,3,154,4,1,18,654,0.8549019607843137
59,781,23,81,0,37,1,129,56,16,3,104,51,0,4,135,10,1,11,662,0.8476312419974392
60,870,29,86,5,32,2,144,50,24,5,113,60,0,2,154,2,2,42,752,0.864367816091954
61,751,25,66,0,31,4,129,61,25,4,85,36,1,4,128,1,0,22,622,0.8282290279627164
62,748,15,85,1,18,6,119,47,26,6,97,32,0,5,134,3,3,13,610,0.8155080213903744
63,736,25,95,0,16,3,99,33,16,4,107,58,0,1,165,9,2,18,651,0.8845108695652174
64,752,20,61,2,37,2,136,33,22,8,79,66,2,6,138,4,0,23,639,0.8497340425531915
65,827,23,75,3,16,1,87,28,17,6,138,94,0,1,209,0,2,24,724,0.875453446191052
66,774,18,89,1,27,2,124,49,16,5,96,39,0,6,146,2,4,18,642,0.8294573643410853
67,762,29,67,2,31,4,116,33,29,12,86,46,2,1,136,3,3,16,616,0.8083989501312336
68,674,34,63,1,20,1,80,19,9,2,102,54,0,2,195,2,2,12,598,0.887240356083086
69,715,21,68,2,18,6,80,18,8,0,95,79,0,3,214,0,2,8,622,0.8699300699300699
70,742,39,56,1,13,3,82,39,21,2,119,59,2,3,178,2,1,22,642,0.8652291105121294
71,717,29,69,1,23,2,115,32,17,5,112,58,0,0,136,1,0,16,616,0.8591352859135286
72,718,25,55,3,31,3,124,47,20,3,77,45,1,3,118,1,3,22,581,0.8091922005571031
73,609,27,55,0,23,5,106,33,16,2,73,38,4,6,131,3,1,15,538,0.8834154351395731
74,698,23,53,0,26,1,79,20,7,2,122,50,0,3,193,6,4,14,603,0.8638968481375359
75,422,9,26,0,8,5,63,16,14,3,50,29,1,4,108,2,1,14,353,0.8364928909952607
76,697,22,58,1,20,5,89,38,19,10,86,40,2,1,125,2,1,26,545,0.7819225251076041
77,672,11,46,3,24,4,116,47,11,7,60,33,4,4,121,2,3,16,512,0.7619047619047619
78,656,10,75,3,21,3,86,56,16,13,40,30,3,1,87,4,2,18,468,0.7134146341463414
79,679,32,69,1,23,0,115,31,12,7,87,47,2,3,120,3,2,19,573,0.8438880706921944
80,595,13,42,0,22,5,85,20,15,0,90,56,0,0,143,2,1,14,508,0.853781512605042
81,653,20,56,2,27,3,101,32,19,8,87,45,0,0,130,2,1,14,547,0.8376722817764165
82,1441,23,29,0,14,0,48,49,14,5,47,10,3,2,117,5,0,17,383,0.26578764746703676
83,666,27,82,1,21,3,145,29,20,7,107,34,0,3,93,3,0,28,603,0.9054054054054054
84,592,17,51,0,18,7,100,36,13,8,77,24,1,3,111,3,2,20,491,0.8293918918918919
85,683,17,67,1,31,5,102,45,22,10,77,32,1,3,124,8,4,15,564,0.8257686676427526
86,685,18,80,1,28,5,117,36,21,4,80,34,0,2,140,0,4,30,600,0.8759124087591241
87,943,18,101,2,45,3,140,75,33,12,126,47,4,1,149,2,0,31,789,0.8366914103923648
88,881,17,83,1,39,5,128,50,16,16,107,40,0,6,150,2,5,23,688,0.7809307604994324
89,808,29,81,1,46,7,132,53,21,10,81,39,3,2,105,5,3,23,641,0.7933168316831684
90,681,9,72,2,35,7,108,47,29,7,72,32,2,3,88,5,2,16,536,0.7870778267254038
91,615,18,79,0,33,2,107,41,14,5,56,50,2,1,87,3,1,8,507,0.824390243902439
92,708,17,64,0,22,4,111,48,25,11,73,40,1,4,135,4,3,32,594,0.8389830508474576
93,662,17,74,0,21,6,98,51,22,14,40,14,4,4,115,3,3,16,502,0.7583081570996979
94,821,26,97,1,33,5,112,65,23,5,119,34,2,2,128,0,1,23,676,0.8233861144945189
95,783,8,82,0,32,8,137,30,33,13,94,46,0,5,156,5,2,21,672,0.8582375478927203
96,854,36,103,1,27,9,121,42,37,12,97,32,1,2,173,3,3,27,726,0.8501170960187353
97,780,25,67,1,25,1,126,57,19,7,118,48,1,2,149,5,1,16,668,0.8564102564102564
98,716,12,99,2,29,4,132,46,30,9,69,38,1,1,125,2,2,22,623,0.8701117318435754
99,778,17,79,2,31,5,116,46,21,5,104,26,0,2,151,4,3,17,629,0.8084832904884319
100,816,18,90,0,37,2,131,70,28,7,85,26,2,4,150,1,0,17,668,0.8186274509803921
101,812,15,101,3,42,3,124,63,24,11,75,41,2,5,120,2,3,16,650,0.8004926108374384
102,755,19,87,4,38,3,97,61,36,10,63,30,1,4,134,1,2,22,612,0.8105960264900662
103,749,15,78,3,30,6,106,62,30,8,78,24,6,2,122,3,2,20,595,0.794392523364486
104,812,14,106,1,28,1,156,61,34,12,72,22,0,0,131,7,2,24,671,0.8263546798029556
105,796,15,87,1,34,9,148,59,31,14,74,34,1,1,129,4,3,18,662,0.8316582914572864
106,706,20,65,1,20,4,108,59,24,2,75,38,2,4,119,3,2,22,568,0.8045325779036827
107,615,12,69,2,22,3,106,57,12,7,59,36,0,4,107,3,2,16,517,0.8406504065040651
108,875,19,101,4,43,8,141,55,37,8,101,39,0,3,151,4,2,14,730,0.8342857142857143
109,898,27,81,2,41,3,125,71,31,13,89,45,1,7,152,3,3,17,711,0.7917594654788419
110,542,5,57,0,21,2,66,22,12,3,81,30,0,4,103,4,0,8,418,0.7712177121771218
111,844,7,89,3,40,1,117,61,27,15,85,44,1,1,167,5,4,34,701,0.830568720379147
112,771,14,78,1,25,4,129,47,42,8,84,44,2,8,138,5,2,17,648,0.8404669260700389
113,724,22,105,0,37,0,143,37,15,8,66,52,2,1,109,0,3,18,618,0.8535911602209945
114,690,22,60,0,15,5,111,20,20,2,100,67,2,5,154,3,5,14,605,0.8768115942028986
115,797,16,99,3,33,1,128,56,30,13,91,42,2,2,132,2,3,21,674,0.8456712672521958
116,909,22,75,2,44,2,169,67,33,9,103,40,5,7,159,0,3,35,775,0.8525852585258525
117,791,15,83,2,34,7,135,62,27,9,87,36,1,2,127,2,3,23,655,0.8280657395701644
118,629,19,54,0,20,2,96,24,20,3,79,52,2,3,143,3,4,21,545,0.8664546899841018
119,796,12,83,1,34,5,153,58,18,4,102,39,0,4,156,4,1,22,696,0.8743718592964824
120,702,17,76,1,29,9,111,40,25,7,67,35,3,6,122,3,1,23,575,0.8190883190883191
121,702,13,72,4,29,2,143,51,19,10,62,37,4,3,92,2,1,20,564,0.8034188034188035
122,827,21,95,0,38,6,163,45,31,18,86,44,2,5,120,4,2,27,707,0.8548972188633616
123,713,11,68,2,39,2,136,58,30,7,60,38,2,1,102,4,2,15,577,0.8092566619915849
124,744,8,62,2,34,4,114,60,35,16,71,38,2,8,116,4,1,28,603,0.8104838709677419
125,728,26,79,2,26,2,102,68,20,4,86,39,2,1,97,3,2,25,584,0.8021978021978022
126,693,21,85,2,26,7,122,41,25,6,62,31,2,0,116,3,2,14,565,0.8152958152958153
127,686,22,79,1,29,5,125,50,28,16,68,26,3,2,114,0,3,10,581,0.8469387755102041
128,685,12,89,2,44,4,137,54,25,7,73,25,3,0,81,8,1,11,576,0.8408759124087591
129,717,16,97,3,31,2,133,32,35,2,89,40,2,1,132,2,3,21,641,0.8940027894002789
130,653,10,74,0,26,3,127,29,19,6,77,42,0,6,115,4,3,29,570,0.8728943338437979
131,721,13,95,3,30,2,100,56,18,10,90,31,3,2,136,6,1,13,609,0.8446601941747572
132,265,0,13,0,2,0,9,6,1,7,4,7,0,5,17,0,1,1,73,0.27547169811320754
133,931,22,120,1,38,2,166,71,37,8,94,50,1,1,145,3,3,24,786,0.8442534908700322
134,781,17,90,0,22,2,137,55,27,7,86,35,4,3,141,4,3,19,652,0.8348271446862996
135,808,15,100,3,37,5,158,52,27,18,78,38,0,6,121,4,1,27,690,0.8539603960396039
136,791,18,93,0,38,5,155,46,42,11,119,33,0,4,139,7,1,29,740,0.9355246523388117
137,825,18,81,0,33,3,189,64,23,9,77,29,0,0,119,3,5,19,672,0.8145454545454546
138,902,13,92,5,29,8,166,58,30,9,97,63,2,1,176,5,5,26,785,0.8702882483370288
139,796,9,80,1,25,3,179,55,29,10,88,33,2,1,133,2,2,17,669,0.8404522613065326
140,1005,33,115,1,62,5,182,77,29,15,103,27,2,5,133,0,1,34,824,0.8199004975124378
141,949,17,140,0,45,1,187,50,35,17,88,34,1,5,151,4,0,17,792,0.8345626975763962
142,726,20,95,1,23,5,134,42,21,7,71,35,0,5,108,7,3,23,600,0.8264462809917356
143,768,13,93,1,35,2,124,58,16,11,84,29,1,3,105,4,0,29,608,0.7916666666666666
144,735,19,84,2,48,4,123,58,23,11,67,23,3,0,106,8,4,24,607,0.8258503401360544
145,747,12,83,3,36,4,132,47,28,12,76,41,5,4,112,8,1,15,619,0.8286479250334672
146,766,14,77,2,44,3,161,56,27,16,91,31,4,2,98,7,2,10,645,0.8420365535248042
147,789,14,90,5,35,9,142,42,23,7,88,43,1,1,148,5,1,19,673,0.85297845373891
148,890,30,113,5,36,10,189,28,38,11,77,44,2,1,128,5,8,18,743,0.8348314606741573
149,782,11,84,2,27,2,138,40,24,11,119,51,2,2,143,7,2,17,682,0.8721227621483376
150,861,17,114,0,45,4,155,41,27,8,96,46,0,2,174,3,4,20,756,0.8780487804878049
151,693,20,91,2,31,1,101,41,22,7,61,40,0,5,141,1,2,13,579,0.8354978354978355
152,845,23,86,3,41,16,138,70,26,17,94,33,1,4,128,4,2,17,703,0.8319526627218935
153,835,27,116,1,35,3,132,60,33,11,64,31,4,1,119,10,2,18,667,0.7988023952095809
154,824,16,104,1,20,5,156,65,39,5,90,36,1,3,118,6,4,22,691,0.8385922330097088
155,927,23,96,2,39,6,156,72,26,12,108,45,2,5,145,7,7,28,779,0.8403451995685005
156,838,26,96,4,41,1,138,57,27,10,87,40,0,2,132,4,2,18,685,0.8174224343675418
157,876,20,94,2,41,1,160,60,25,12,97,50,2,5,129,3,3,25,729,0.8321917808219178
158,750,25,74,4,27,6,136,35,31,2,82,46,0,1,137,4,3,29,642,0.856
159,749,14,75,1,45,3,138,57,22,21,70,30,0,2,115,2,3,23,621,0.829105473965287
160,680,12,77,3,28,4,133,32,25,6,80,34,0,3,128,0,2,15,582,0.8558823529411764
161,725,19,92,2,28,8,156,24,25,5,69,37,1,1,142,2,1,18,630,0.8689655172413793
162,714,20,70,2,8,16,125,39,27,7,87,51,2,3,121,1,2,16,597,0.8361344537815126
163,749,16,57,1,34,15,113,75,29,19,66,29,3,1,101,3,3,19,584,0.7797062750333779
164,688,6,70,3,22,1,74,45,18,13,56,43,3,3,143,4,3,20,527,0.7659883720930233
165,658,5,46,2,17,17,97,50,23,21,32,22,3,4,91,5,3,13,451,0.6854103343465046
166,764,17,80,1,33,12,173,52,33,5,64,33,2,4,114,5,1,11,640,0.837696335078534
167,796,15,75,2,27,4,142,66,31,10,66,40,1,2,153,4,5,19,662,0.8316582914572864
168,899,24,94,0,38,8,204,72,41,13,73,45,2,4,118,5,6,27,774,0.8609566184649611
169,784,10,68,1,25,9,70,85,18,13,38,18,1,5,121,5,2,15,504,0.6428571428571429
170,699,11,70,1,38,2,144,50,29,9,71,48,0,2,99,4,2,22,602,0.8612303290414879
171,648,22,89,3,24,2,118,51,21,5,72,21,0,3,84,0,2,13,530,0.8179012345679012
172,660,13,56,2,28,7,136,50,23,17,58,20,1,4,90,1,4,16,526,0.796969696969697
173,506,14,58,1,17,5,99,62,24,6,37,11,1,3,71,4,2,15,430,0.849802371541502
174,971,23,99,1,40,7,202,56,43,10,114,52,1,2,160,3,3,27,843,0.8681771369721936
175,790,22,101,1,25,5,165,41,34,9,96,48,0,3,125,1,2,29,707,0.8949367088607595
176,656,21,54,1,22,5,114,46,24,5,73,30,0,4,140,1,2,21,563,0.8582317073170732
177,893,20,91,3,49,1,170,75,31,7,101,39,2,6,138,7,6,21,767,0.858902575587906
178,720,14,75,1,27,3,165,38,30,7,78,36,0,3,128,4,0,36,645,0.8958333333333334
179,711,8,91,1,21,5,149,80,27,11,42,21,1,5,107,3,2,6,580,0.8157524613220816
180,874,13,109,0,46,7,220,61,39,10,80,44,2,7,119,2,0,25,784,0.897025171624714
181,809,18,69,1,30,5,136,80,18,10,50,17,5,4,119,5,1,12,580,0.7169344870210136
182,810,14,99,5,27,5,202,45,35,4,70,45,5,2,118,4,2,11,693,0.8555555555555555
183,702,22,110,0,30,1,129,34,26,3,77,36,0,0,126,5,1,25,625,0.8903133903133903
184,651,18,97,2,23,3,156,26,21,2,69,44,0,2,100,4,1,19,587,0.901689708141321
185,795,18,121,2,41,8,173,47,25,11,91,43,2,0,99,2,0,30,713,0.8968553459119497
186,766,22,88,1,45,0,140,34,31,12,98,49,2,4,122,5,4,26,683,0.891644908616188
187,742,16,92,2,37,2,166,36,47,8,59,29,2,2,112,1,1,21,633,0.8530997304582211
188,727,13,67,2,26,5,127,46,20,8,94,36,0,9,124,4,6,13,600,0.8253094910591472
189,738,14,81,0,37,6,149,79,35,18,46,24,1,2,98,2,3,10,605,0.8197831978319783
190,864,15,88,1,23,6,99,63,17,8,114,33,1,4,124,7,2,17,622,0.7199074074074074
191,827,16,87,2,40,5,173,66,60,12,81,25,0,3,135,1,3,13,722,0.8730350665054414
192,688,24,68,1,16,4,114,41,21,6,88,42,2,0,133,6,5,26,597,0.8677325581395349
193,610,21,66,1,25,3,127,45,17,5,85,32,0,1,90,3,0,9,530,0.8688524590163934
194,569,25,52,0,23,1,98,46,16,10,53,28,1,0,77,4,1,17,452,0.7943760984182777
195,652,32,60,3,21,3,131,26,17,2,77,42,0,5,115,3,1,17,555,0.8512269938650306
196,673,32,46,2,26,3,121,63,19,11,66,36,0,2,85,0,0,23,535,0.7949479940564635
197,895,21,68,3,33,7,146,72,33,7,114,77,0,1,158,11,1,22,774,0.864804469273743
198,765,38,86,0,35,4,129,46,18,5,83,36,0,2,144,4,5,19,654,0.8549019607843137
199,791,23,91,3,24,1,148,32,30,3,92,55,1,3,147,2,0,13,668,0.8445006321112516
200,605,23,61,0,20,3,117,34,9,2,64,32,1,0,112,2,1,20,501,0.828099173553719
201,584,12,67,0,33,3,106,44,9,5,54,30,0,4,97,1,2,12,479,0.8202054794520548
202,839,24,72,1,27,3,139,47,28,2,107,55,0,3,163,6,3,25,705,0.8402860548271752
203,796,18,57,1,32,2,137,50,13,7,103,42,1,2,171,7,3,23,669,0.8404522613065326
204,801,21,90,2,30,1,123,59,23,5,94,41,1,4,146,3,2,22,667,0.83270911360799
205,716,21,66,0,33,2,148,54,15,3,76,36,0,1,115,3,4,24,601,0.8393854748603352
206,646,17,51,0,28,6,114,42,16,6,74,49,2,3,101,4,2,15,530,0.8204334365325078
207,564,6,59,0,16,7,62,14,13,4,54,70,1,1,72,1,0,7,387,0.6861702127659575
208,762,37,63,3,20,2,136,29,16,3,117,53,0,2,144,2,0,18,645,0.8464566929133859
209,616,18,59,0,36,5,108,53,17,6,60,29,1,1,88,0,1,8,490,0.7954545454545454
210,589,18,60,4,31,2,94,43,14,3,66,12,0,4,103,2,5,10,471,0.799660441426146
211,775,18,73,0,28,6,123,56,29,17,89,45,2,2,122,4,0,23,637,0.8219354838709677
212,689,19,58,0,35,0,128,60,25,10,74,24,1,4,111,4,4,17,574,0.8330914368650217
213,682,10,77,1,32,1,131,58,27,13,74,33,1,4,85,1,2,15,565,0.8284457478005866
214,794,24,86,1,23,7,164,50,27,6,74,29,2,9,103,3,1,18,627,0.7896725440806045
215,972,18,87,1,38,3,179,38,24,7,116,46,6,5,215,3,3,35,824,0.8477366255144033
216,693,22,64,1,26,2,120,46,25,7,62,29,4,1,111,4,1,15,540,0.7792207792207793
217,819,18,93,0,27,2,123,49,30,9,107,43,1,1,157,2,1,25,688,0.8400488400488401
218,927,28,81,0,38,4,132,69,20,3,127,51,0,3,167,11,1,21,756,0.8155339805825242
219,830,27,87,0,55,1,128,66,33,13,76,29,3,0,121,2,2,18,661,0.7963855421686747
220,690,23,72,2,33,2,99,74,30,9,53,18,0,4,104,3,5,18,549,0.7956521739130434
221,683,20,67,3,26,0,101,55,21,5,56,12,1,2,134,3,1,16,523,0.7657393850658858
222,688,17,53,0,30,2,108,57,21,18,47,18,1,1,124,2,0,14,513,0.7456395348837209
223,674,16,78,2,29,0,111,60,26,12,43,15,2,0,105,9,1,15,524,0.7774480712166172
224,698,11,78,1,34,4,123,56,26,6,69,16,4,3,95,5,2,16,549,0.7865329512893983
225,742,20,60,3,35,3,103,58,30,5,83,27,4,3,103,3,3,19,562,0.7574123989218329
226,631,18,44,0,20,2,99,42,17,4,70,32,1,4,140,5,1,18,517,0.8193343898573693
227,649,15,76,1,25,1,108,50,30,6,65,37,3,2,106,0,2,20,547,0.8428351309707242
228,612,12,41,1,20,2,109,42,16,6,44,21,1,1,144,2,1,16,479,0.7826797385620915
229,611,15,58,2,30,3,70,54,13,12,60,19,1,3,85,4,1,8,438,0.7168576104746317
230,934,24,107,0,47,0,140,73,19,7,96,31,1,3,155,4,2,35,744,0.7965738758029979
231,786,26,65,1,34,3,162,61,23,10,72,30,1,2,130,2,2,12,636,0.8091603053435115
232,831,20,95,7,34,3,127,77,24,9,91,27,2,5,119,3,1,28,672,0.8086642599277978
233,680,15,51,1,40,2,124,69,21,12,62,24,1,2,101,4,2,16,547,0.8044117647058824
234,629,13,55,1,25,2,100,58,24,12,62,39,3,0,96,3,3,12,508,0.8076311605723371
235,806,21,83,1,37,0,131,72,21,12,69,35,3,6,131,4,1,12,639,0.792803970223325
236,732,16,64,0,39,2,131,64,20,7,71,27,4,5,119,2,2,9,582,0.7950819672131147
237,720,15,92,2,39,4,71,90,30,14,59,22,5,3,98,9,0,7,560,0.7777777777777778
238,710,19,52,1,28,3,120,78,23,6,67,24,0,2,117,1,2,11,554,0.780281690140845
239,737,15,63,0,33,2,131,78,28,11,58,28,5,3,90,5,1,22,573,0.7774762550881954
240,718,29,62,1,23,0,113,56,27,10,71,29,2,2,115,4,1,23,568,0.7910863509749304
241,590,18,52,1,27,5,106,47,16,11,58,27,3,1,74,3,4,18,471,0.7983050847457627
242,753,12,84,5,34,3,145,65,17,15,68,32,1,6,93,1,1,28,610,0.8100929614873837
243,714,12,74,2,35,3,163,55,20,13,64,21,1,5,101,4,5,19,597,0.8361344537815126
244,836,15,86,0,37,3,126,76,22,13,102,32,2,3,121,7,3,19,667,0.7978468899521531
245,795,14,84,2,42,1,111,77,31,17,66,36,4,2,148,1,2,22,660,0.8301886792452831
246,725,23,84,2,29,2,111,70,30,10,64,19,3,3,118,5,3,16,592,0.8165517241379311
247,735,22,65,0,35,1,112,51,22,10,43,27,3,1,146,8,2,20,568,0.7727891156462585
248,834,24,85,2,27,2,93,81,31,15,86,30,6,4,127,3,0,31,647,0.7757793764988009
249,830,17,66,3,28,0,138,52,17,9,102,48,2,2,158,5,1,32,680,0.8192771084337349
250,677,17,75,3,29,1,115,57,26,11,77,24,3,4,84,3,1,22,552,0.8153618906942393
251,722,10,68,1,24,3,132,74,25,5,70,20,4,5,103,1,4,13,562,0.778393351800554
252,717,17,105,0,23,4,111,66,27,7,84,25,0,4,106,4,1,22,606,0.8451882845188284
253,812,25,84,3,38,5,144,95,23,13,74,32,2,6,132,4,2,21,703,0.8657635467980296
254,751,22,102,1,30,0,116,57,26,11,80,30,2,0,91,2,2,18,590,0.7856191744340879
255,750,15,74,2,24,1,124,71,19,11,69,29,5,3,120,5,1,15,588,0.784
256,855,15,79,1,44,2,139,72,39,10,66,27,2,3,128,2,2,17,648,0.7578947368421053
257,1060,28,108,3,35,2,226,70,18,19,161,47,7,1,170,10,2,22,929,0.8764150943396226
258,979,20,105,0,34,1,159,87,29,15,108,60,3,5,145,5,2,28,806,0.8232890704800817
259,789,18,83,2,28,3,146,70,36,10,69,31,2,4,105,3,1,22,633,0.8022813688212928
260,635,6,69,1,29,1,115,44,14,8,79,29,1,0,113,5,1,22,537,0.8456692913385827
261,696,10,71,0,29,4,147,65,15,9,88,23,1,3,95,5,2,22,589,0.8462643678160919
262,866,23,99,3,34,5,180,61,22,6,104,32,3,0,132,4,2,16,726,0.8383371824480369
263,907,15,114,2,33,4,151,86,37,13,89,31,2,4,118,7,5,21,732,0.8070562293274531
264,728,17,94,4,25,4,128,52,28,16,67,23,0,0,122,4,1,26,611,0.8392857142857143
265,763,17,74,1,34,5,153,55,20,9,77,25,0,2,139,1,2,14,628,0.8230668414154653
266,888,10,93,0,41,4,179,76,28,15,90,30,4,2,150,4,1,15,742,0.8355855855855856
267,793,19,74,3,40,4,139,97,15,10,62,23,0,3,135,2,2,17,645,0.8133669609079445
268,809,22,89,2,39,6,146,63,15,11,71,32,3,2,127,7,3,16,654,0.8084054388133498
269,733,20,77,1,6,1,106,14,15,2,123,51,1,1,190,3,0,35,646,0.8813096862210096
270,698,12,55,0,16,2,84,14,21,5,94,55,1,3,228,3,1,28,622,0.8911174785100286
271,744,20,60,1,10,2,98,26,20,6,141,62,0,5,179,2,3,18,653,0.8776881720430108
272,687,22,75,1,16,5,103,25,23,11,110,36,1,1,142,4,2,27,604,0.8791848617176128
273,724,15,78,1,40,3,126,62,35,7,76,32,1,6,102,0,2,24,610,0.8425414364640884
274,721,13,63,1,22,6,116,67,13,8,74,31,6,7,97,2,2,25,553,0.7669902912621359
275,519,10,60,0,19,0,88,42,11,6,59,17,2,3,88,3,1,8,417,0.8034682080924855
276,599,10,85,3,28,2,103,42,30,3,72,26,2,2,81,1,3,25,518,0.8647746243739566
277,593,16,60,3,20,3,107,52,17,12,55,31,2,1,92,2,1,19,493,0.8313659359190556
278,621,11,62,1,31,0,138,44,17,12,58,37,2,0,100,0,2,10,525,0.8454106280193237
279,683,21,61,6,30,4,121,56,20,12,61,35,4,1,121,6,2,11,572,0.8374816983894583
280,877,14,104,2,33,1,149,73,32,15,112,30,0,2,143,1,4,18,733,0.8358038768529077
281,710,21,65,2,33,3,128,62,21,1,93,27,0,2,105,5,2,18,588,0.828169014084507
282,839,25,92,1,27,8,145,41,13,13,103,34,1,1,161,1,1,22,689,0.8212157330154947
283,732,16,101,2,20,0,130,40,6,14,81,29,3,2,111,5,2,23,585,0.7991803278688525
284,791,21,85,2,34,2,153,71,20,6,105,45,3,3,110,2,2,20,684,0.8647281921618205
285,517,13,57,0,27,2,104,27,28,3,65,26,1,1,91,0,1,18,464,0.8974854932301741
286,747,13,82,0,37,3,132,54,20,11,91,23,3,1,111,6,2,19,608,0.8139223560910308
287,710,26,86,1,20,4,135,24,34,6,84,65,0,0,129,4,1,30,649,0.9140845070422535
288,632,7,88,1,20,1,115,31,15,6,64,27,0,3,129,1,0,16,524,0.8291139240506329
289,892,18,111,2,32,4,171,40,37,5,107,55,2,3,149,4,5,31,776,0.8699551569506726
290,763,19,103,1,41,1,153,48,20,5,91,31,0,2,117,6,0,19,657,0.8610747051114024
291,783,21,97,2,26,3,147,34,33,8,92,50,0,4,131,2,2,28,680,0.8684546615581098
292,756,22,98,3,21,7,139,27,33,3,91,43,2,5,128,6,2,17,647,0.8558201058201058
293,835,18,91,3,32,3,165,83,47,10,88,23,2,5,108,5,4,21,708,0.8479041916167664
294,604,22,62,2,28,2,92,41,26,9,64,28,3,2,109,2,2,12,506,0.8377483443708609
295,915,33,86,0,29,4,171,38,26,7,104,61,2,7,202,2,2,41,815,0.8907103825136612
296,789,19,82,5,45,1,165,65,15,11,73,37,1,5,137,5,4,18,688,0.8719898605830165
297,754,15,83,0,30,4,139,48,28,8,69,31,3,4,98,8,1,17,586,0.7771883289124668
298,791,19,87,5,28,9,139,67,42,9,79,33,1,2,128,3,1,23,675,0.8533501896333755
299,695,20,60,1,34,5,130,12,19,5,101,47,2,0,144,1,1,27,609,0.8762589928057554
300,846,26,82,1,32,7,173,62,28,8,73,39,0,2,142,5,3,30,713,0.8427895981087471
301,967,31,99,4,31,11,174,66,41,7,103,30,1,4,174,5,5,22,808,0.8355739400206825
302,833,26,95,2,30,3,125,85,37,8,81,28,4,2,133,8,1,16,684,0.8211284513805522
303,781,18,80,2,32,1,99,68,31,12,91,20,5,4,159,3,2,20,647,0.8284250960307298
304,760,11,77,3,35,4,113,60,28,9,62,37,5,5,127,0,8,25,609,0.8013157894736842
305,688,11,73,0,35,2,108,57,20,13,63,26,2,2,124,3,2,14,555,0.8066860465116279
306,899,17,134,4,40,6,147,64,23,12,72,41,0,5,121,7,2,24,719,0.7997775305895439
307,786,6,83,8,32,4,122,75,33,14,83,28,2,2,134,4,3,14,647,0.8231552162849872
308,866,14,111,2,40,2,143,71,19,8,78,48,3,1,158,5,6,31,740,0.8545034642032333
309,661,10,85,2,22,5,111,58,19,15,63,27,6,0,106,3,4,21,557,0.8426626323751891
310,643,14,56,3,36,4,124,52,20,14,47,18,0,0,102,3,2,21,516,0.80248833592535
311,880,16,106,4,52,1,128,78,42,11,78,36,3,4,122,7,3,16,707,0.803409090909091
312,885,20,94,8,51,8,142,81,40,10,83,28,4,2,134,3,3,24,735,0.8305084745762712
313,631,15,72,1,25,4,105,72,18,8,59,21,2,2,90,1,1,8,504,0.7987321711568938
314,653,11,55,1,36,1,124,60,19,9,73,17,0,3,96,2,1,17,525,0.8039816232771823
315,793,11,99,1,46,6,130,72,32,9,84,37,1,5,123,3,1,12,672,0.8474148802017655
316,791,12,104,3,42,3,144,59,31,5,60,29,1,1,122,3,1,24,644,0.8141592920353983
317,670,15,83,0,30,1,123,65,22,6,62,36,1,1,84,3,3,12,547,0.8164179104477612
318,694,15,91,1,29,0,112,78,32,8,41,15,5,1,93,2,1,18,542,0.7809798270893372
319,666,15,82,1,30,2,149,71,10,10,52,19,1,3,77,5,2,11,540,0.8108108108108109
320,730,18,57,2,28,3,135,68,19,9,73,30,3,0,121,1,2,29,598,0.8191780821917808
321,783,27,64,3,26,2,101,64,19,6,109,44,2,1,176,2,1,14,661,0.8441890166028098
322,685,15,60,0,27,2,132,55,31,8,75,28,3,2,101,1,3,23,566,0.8262773722627738
323,679,12,71,0,25,4,134,67,23,10,44,17,5,1,74,3,4,16,510,0.7511045655375552
324,685,26,77,2,26,2,117,73,26,4,71,28,2,6,79,2,1,17,559,0.8160583941605839
325,668,17,66,1,45,2,118,71,23,7,43,23,3,1,86,1,0,10,517,0.7739520958083832
326,776,24,69,3,40,0,144,89,17,9,55,28,3,4,113,3,2,15,618,0.7963917525773195
327,633,13,67,2,22,2,89,71,21,11,46,20,3,2,124,3,2,19,517,0.8167456556082149
328,685,13,66,0,38,2,115,54,24,3,54,41,6,1,113,0,3,18,551,0.8043795620437956
329,759,18,103,1,30,3,120,56,18,14,52,46,4,7,93,5,5,27,602,0.7931488801054019
330,647,14,50,2,19,3,141,55,21,7,42,15,3,4,108,1,1,16,502,0.7758887171561051
331,652,26,49,6,30,4,85,69,14,11,70,10,0,4,101,5,1,13,498,0.7638036809815951
332,865,35,110,2,34,3,145,63,25,5,91,52,6,2,125,3,2,33,736,0.8508670520231214
333,701,20,75,1,31,3,110,80,14,7,77,25,2,3,104,4,2,21,579,0.8259629101283881
334,769,25,73,3,28,6,121,37,14,3,88,61,4,3,150,3,4,21,644,0.8374512353706112
335,684,22,72,1,22,3,84,48,23,5,49,104,2,2,90,3,1,16,547,0.7997076023391813
336,764,22,59,6,41,2,130,64,24,3,89,53,2,2,116,4,1,21,639,0.8363874345549738
337,731,29,60,0,38,4,155,40,16,13,79,43,1,2,134,3,2,13,632,0.8645690834473324
338,791,34,80,1,37,1,138,41,20,7,96,61,0,3,146,7,2,12,686,0.8672566371681416
339,781,29,83,1,39,1,161,64,10,6,79,38,0,6,135,2,0,23,677,0.8668373879641486
340,679,29,63,1,29,6,136,54,15,2,66,43,0,2,114,0,0,30,590,0.8689248895434463
341,785,31,72,0,20,1,127,27,22,2,115,58,0,1,186,4,2,23,691,0.8802547770700637
342,758,29,72,2,24,8,104,56,28,5,115,34,0,8,131,1,1,22,640,0.8443271767810027
343,718,9,91,2,31,3,108,54,27,8,80,42,4,1,136,1,0,25,622,0.8662952646239555
344,782,13,81,1,29,5,135,89,16,11,69,52,4,3,110,4,3,21,646,0.8260869565217391
345,769,20,82,3,33,3,122,53,21,5,67,31,2,1,143,3,0,25,614,0.7984395318595578
346,559,6,65,0,18,3,68,54,19,4,45,23,2,8,77,5,1,16,414,0.740608228980322
347,864,23,77,1,42,6,145,83,23,14,90,37,2,5,105,6,5,27,691,0.7997685185185185
348,553,8,66,1,21,0,85,56,13,12,51,16,2,4,99,6,3,10,453,0.8191681735985533
349,652,11,75,1,27,2,119,48,22,8,68,23,3,3,110,2,4,16,542,0.8312883435582822
350,815,12,94,3,26,5,109,69,15,14,80,25,6,5,128,4,2,20,617,0.7570552147239263
351,590,6,69,0,27,2,102,33,12,9,67,33,2,1,117,3,0,19,502,0.8508474576271187
352,686,23,65,2,27,1,92,33,14,6,90,42,0,5,169,3,0,15,587,0.8556851311953353
353,737,15,62,1,34,0,110,61,15,6,75,38,4,4,157,4,0,21,607,0.8236092265943012
354,737,19,61,0,25,3,128,52,16,7,81,37,0,3,135,3,2,20,592,0.8032564450474898
355,756,18,74,1,27,6,99,68,20,6,75,31,5,2,139,3,2,31,607,0.8029100529100529
356,661,20,53,3,30,2,105,71,14,6,43,22,4,6,103,6,6,7,501,0.7579425113464447
357,634,20,63,0,27,2,79,47,15,11,60,26,4,2,129,1,0,18,504,0.7949526813880127
358,696,27,55,3,23,3,95,47,24,7,73,33,4,1,155,2,1,23,576,0.8275862068965517
359,715,19,95,0,37,0,109,48,26,9,84,32,2,3,102,3,0,23,592,0.827972027972028
360,712,24,85,2,29,2,114,64,19,7,67,45,1,5,114,2,2,22,604,0.848314606741573
361,788,24,75,1,35,6,139,56,14,11,97,45,0,7,130,3,3,30,676,0.8578680203045685
362,770,25,81,2,25,4,116,53,35,4,97,26,3,3,127,6,1,26,634,0.8233766233766234
363,815,18,80,1,25,5,145,52,23,4,95,34,2,0,179,1,1,15,680,0.8343558282208589
364,655,14,55,1,30,9,125,41,27,7,63,21,2,2,103,2,2,23,527,0.8045801526717558
365,685,24,65,3,28,1,117,63,13,10,75,38,1,5,96,5,2,15,561,0.8189781021897811
366,687,21,72,0,35,3,100,51,22,5,80,43,0,2,133,6,0,22,595,0.86608442503639
367,595,16,54,0,22,3,105,44,23,5,72,25,2,5,88,2,5,15,486,0.8168067226890756
368,851,20,87,1,23,4,122,68,20,4,88,48,2,2,144,4,5,33,675,0.7931844888366627
369,600,18,67,3,29,0,104,53,22,8,61,17,2,1,76,3,2,22,488,0.8133333333333334
370,676,16,77,0,34,1,91,61,17,10,54,18,3,2,104,5,3,24,520,0.7692307692307693
371,658,8,90,2,30,6,99,55,24,10,56,22,0,3,73,5,2,18,503,0.7644376899696048
372,766,17,80,3,22,11,114,84,26,13,77,30,3,3,92,8,2,17,602,0.7859007832898173
373,829,20,95,0,39,3,139,90,25,13,77,28,3,6,128,4,3,19,692,0.8347406513872135
374,817,21,72,1,36,2,149,63,31,6,89,25,3,4,137,4,3,20,666,0.8151774785801713
375,743,13,90,0,36,6,119,63,23,11,64,25,5,3,105,5,2,17,587,0.7900403768506057
376,823,21,86,4,36,2,159,56,30,8,95,36,1,0,104,3,1,20,662,0.804374240583232
377,731,11,70,5,20,2,84,78,33,14,64,22,4,1,105,5,2,12,532,0.7277701778385773
378,771,30,96,0,19,5,108,50,19,11,61,35,1,7,141,2,3,30,618,0.8015564202334631
379,852,17,106,4,33,4,149,63,24,7,107,30,0,3,116,3,6,31,703,0.8251173708920188
380,858,26,89,1,22,6,99,47,26,8,90,77,1,4,161,5,1,28,691,0.8053613053613053
381,629,9,48,3,23,3,91,55,16,10,37,19,2,5,105,4,4,13,447,0.7106518282988871
382,957,22,82,1,34,2,169,59,31,6,138,48,5,2,158,6,3,31,797,0.832810867293626
383,810,21,98,0,43,4,133,49,35,3,91,45,1,5,151,8,1,22,710,0.8765432098765432
384,939,18,103,1,48,1,139,75,36,11,91,44,2,3,183,2,1,24,782,0.832800851970181
385,805,15,104,2,26,1,133,58,31,14,94,24,1,5,108,3,3,28,650,0.8074534161490683
386,805,12,100,2,42,1,123,54,26,11,77,32,3,2,136,5,2,27,655,0.8136645962732919
387,828,13,86,1,32,3,148,43,33,11,87,29,5,2,128,1,3,31,656,0.7922705314009661
388,861,28,89,0,25,4,120,46,18,11,126,40,2,3,175,2,7,26,722,0.8385598141695703
389,686,9,92,0,30,2,112,64,18,12,65,23,2,3,77,5,0,16,530,0.7725947521865889
390,764,19,82,1,40,0,126,62,27,19,67,32,0,4,103,0,2,31,615,0.8049738219895288
391,636,7,56,0,35,0,102,61,27,5,64,21,3,4,101,7,2,9,504,0.7924528301886793
392,825,16,88,3,50,3,134,62,37,20,62,31,6,2,127,3,5,29,678,0.8218181818181818
393,791,16,90,3,40,3,118,65,39,11,83,31,3,3,115,4,0,14,638,0.8065739570164349
394,792,20,114,1,39,2,166,65,18,11,50,20,1,2,110,4,0,17,640,0.8080808080808081
395,796,24,113,0,29,3,113,27,22,3,101,58,6,1,143,2,0,43,688,0.864321608040201
396,828,27,78,1,18,4,120,50,21,8,126,39,0,3,183,3,2,27,710,0.857487922705314
397,831,27,88,3,39,3,125,19,24,4,146,66,0,2,164,2,0,28,740,0.8904933814681107
398,780,23,61,1,21,9,114,51,34,3,91,55,0,0,133,6,1,37,640,0.8205128205128205
399,746,18,109,1,38,1,124,49,37,14,70,24,0,6,97,7,2,10,607,0.8136729222520107
400,732,16,80,3,44,4,104,72,20,10,69,36,5,5,106,1,1,10,586,0.8005464480874317
401,717,16,76,0,24,4,122,56,23,14,80,31,2,4,114,3,0,13,582,0.8117154811715481
402,787,31,70,2,31,5,126,62,27,4,116,39,0,4,128,0,3,23,671,0.8526048284625158
403,689,25,63,4,29,1,123,58,37,9,69,33,1,6,104,4,2,17,585,0.8490566037735849
404,717,21,80,0,31,3,113,74,32,7,65,28,0,2,96,3,4,21,580,0.8089260808926081
405,752,14,80,4,30,3,138,64,24,9,78,20,3,6,113,8,1,25,620,0.824468085106383
406,662,13,86,0,24,4,97,55,17,8,71,37,2,0,115,3,3,25,560,0.8459214501510574
407,798,17,83,2,33,3,123,34,33,10,114,45,0,2,169,4,0,27,699,0.8759398496240601
408,773,21,81,1,22,5,115,26,20,7,118,53,0,4,168,1,0,27,669,0.8654592496765847
409,731,10,75,1,39,2,114,59,18,14,53,42,4,4,122,2,2,10,571,0.7811217510259918
410,780,11,91,2,34,2,119,42,29,11,101,34,4,1,128,2,3,37,651,0.8346153846153846
411,684,15,65,2,21,5,96,57,25,15,107,28,0,6,108,7,1,23,581,0.8494152046783626
412,804,16,88,1,38,3,124,72,37,15,91,43,1,5,117,1,5,20,677,0.8420398009950248
413,770,17,72,3,34,6,117,44,33,14,82,43,4,3,122,0,1,33,628,0.8155844155844156
414,838,26,74,0,34,6,120,64,38,5,115,34,1,6,157,5,2,30,717,0.8556085918854416
415,494,20,33,0,22,0,82,47,15,4,63,28,2,5,75,4,5,12,417,0.8441295546558705
416,664,8,72,3,26,2,130,55,30,2,52,29,3,7,106,1,1,20,547,0.8237951807228916
417,768,6,102,2,22,7,154,70,22,3,80,34,1,5,108,4,2,25,647,0.8424479166666666
418,726,10,104,2,29,4,121,67,23,11,58,25,6,3,106,2,3,33,607,0.8360881542699724
419,751,18,86,4,26,5,130,75,28,9,53,24,2,5,117,4,2,28,616,0.8202396804260985
420,719,15,85,4,27,3,132,60,37,12,49,30,2,4,120,6,2,17,605,0.8414464534075105
421,937,14,85,4,36,3,181,68,31,15,74,28,6,7,154,9,5,35,755,0.8057630736392742
422,824,10,78,2,38,3,198,77,31,8,49,21,7,7,104,10,1,26,670,0.8131067961165048
423,899,11,86,1,31,3,190,63,41,9,68,45,3,7,135,6,1,16,716,0.796440489432703
424,767,15,67,4,23,4,132,76,22,13,50,26,7,4,114,4,1,14,576,0.7509778357235984
425,838,14,82,2,36,3,156,75,37,11,61,22,5,5,121,6,2,23,661,0.788782816229117
426,815,13,69,3,31,0,130,72,26,15,62,30,2,3,160,6,5,24,651,0.7987730061349694
427,755,22,64,2,23,4,125,66,25,10,56,28,2,5,110,4,0,24,570,0.7549668874172185
428,815,10,66,0,35,1,177,78,25,7,68,28,3,2,117,1,1,29,648,0.7950920245398773
429,846,17,87,2,22,6,144,84,26,7,76,23,4,4,125,7,8,28,670,0.7919621749408984
430,642,15,72,1,29,0,115,78,20,9,47,21,1,3,103,5,3,21,543,0.8457943925233645
431,707,20,73,1,29,3,114,48,22,17,76,28,3,3,105,5,2,24,573,0.8104667609618105
432,782,14,87,4,35,1,165,76,32,13,62,22,1,3,119,8,1,20,663,0.8478260869565217
433,807,13,57,2,25,3,150,73,19,8,85,35,2,2,143,9,1,32,659,0.8166047087980174
434,947,24,98,3,37,7,214,73,32,11,90,49,1,2,139,6,2,27,815,0.8606124604012672
435,565,11,37,1,19,3,70,44,14,14,25,15,3,3,83,2,1,15,360,0.6371681415929203
436,737,13,94,1,24,5,166,74,17,5,47,28,2,2,97,4,3,19,601,0.8154681139755766
437,660,13,65,4,33,8,120,58,18,14,41,22,2,5,78,5,2,20,508,0.7696969696969697
438,793,17,83,2,23,1,152,60,38,18,75,34,5,2,113,2,1,29,655,0.8259773013871374
439,861,20,116,0,33,2,217,64,31,14,65,40,1,2,129,1,2,25,762,0.8850174216027874
440,826,13,91,1,26,4,160,70,22,9,74,35,2,3,141,6,1,32,690,0.8353510895883777
441,864,13,98,4,26,5,177,83,40,17,49,31,1,3,120,3,1,25,696,0.8055555555555556
442,810,14,86,2,31,0,183,75,30,9,54,21,6,4,103,4,1,23,646,0.7975308641975308
443,726,18,72,2,21,3,139,64,19,10,46,24,2,3,100,5,1,16,545,0.7506887052341598
444,740,17,72,2,23,4,172,58,21,9,44,28,2,2,94,5,2,14,569,0.768918918918919
445,760,22,63,2,24,2,164,52,19,20,60,21,2,0,120,1,0,23,595,0.7828947368421053
446,812,17,97,2,39,4,157,58,20,5,74,38,0,3,124,4,4,23,669,0.8238916256157636
447,798,22,86,2,30,3,172,57,27,13,75,26,1,2,114,6,2,22,660,0.8270676691729323
448,782,14,69,1,44,4,142,61,29,12,83,31,2,7,112,5,2,22,640,0.8184143222506394
449,683,7,78,2,23,5,186,46,34,16,57,25,6,1,88,3,3,19,599,0.87701317715959
450,767,14,86,1,23,7,86,87,27,16,54,18,5,3,122,5,3,21,578,0.7535853976531942
451,561,8,48,3,13,2,119,58,17,9,33,14,1,2,80,3,4,15,429,0.7647058823529411
452,624,16,50,0,23,3,114,76,22,6,38,14,4,2,87,2,1,23,481,0.7708333333333334
453,791,10,100,1,43,0,154,75,39,11,77,30,0,3,117,3,5,18,686,0.8672566371681416
454,721,5,64,6,28,2,116,68,22,7,59,24,9,5,135,5,0,17,572,0.7933425797503467
455,918,14,119,0,34,5,173,101,28,8,80,34,3,3,142,4,3,19,770,0.8387799564270153
456,825,6,84,4,39,4,154,78,35,14,78,24,9,7,114,5,1,19,675,0.8181818181818182
457,686,7,98,1,29,2,155,51,26,10,46,37,1,4,106,3,1,16,593,0.8644314868804664
458,703,10,63,0,33,4,149,77,23,10,54,33,0,1,116,3,6,14,596,0.8477951635846372
459,412,10,40,0,16,2,95,39,11,2,35,15,3,1,69,2,2,15,357,0.866504854368932
460,762,21,80,3,36,5,153,47,28,7,65,44,2,2,114,6,3,19,635,0.8333333333333334
461,694,8,79,2,33,0,125,73,22,15,39,19,7,2,101,2,1,21,549,0.7910662824207493
462,712,20,56,2,33,4,156,61,19,15,57,17,3,1,119,6,1,14,584,0.8202247191011236
463,711,24,68,2,31,3,129,70,34,16,45,24,2,0,93,6,3,15,565,0.7946554149085795
464,648,4,70,1,32,0,109,55,16,10,49,17,2,1,106,4,2,19,497,0.7669753086419753
465,714,7,80,1,32,1,131,77,21,11,65,11,8,4,89,4,2,17,561,0.7857142857142857
466,780,13,81,9,28,7,148,76,33,6,51,32,2,2,118,1,6,20,633,0.8115384615384615
467,863,16,76,3,36,5,162,98,33,11,74,30,4,1,120,9,4,31,713,0.8261877172653534
468,736,9,71,4,38,2,159,65,26,7,42,25,2,2,102,2,4,15,575,0.78125
469,805,14,86,1,41,5,127,83,31,9,63,31,5,9,127,5,1,27,665,0.8260869565217391
470,717,15,74,2,21,4,141,71,16,10,58,23,2,2,120,6,0,23,588,0.8200836820083682
471,712,28,69,3,22,5,100,70,31,8,58,27,6,4,124,4,2,18,579,0.8132022471910112
472,805,22,59,5,42,2,144,68,19,10,85,27,1,3,129,8,1,21,646,0.8024844720496894
473,692,8,56,5,27,1,123,72,23,15,49,26,4,0,123,6,2,25,565,0.8164739884393064
474,693,14,59,3,45,2,144,68,27,9,40,23,4,4,82,4,1,12,541,0.7806637806637806
475,782,14,95,1,36,5,148,78,23,12,68,20,2,2,112,5,0,13,634,0.8107416879795396
476,654,10,85,3,26,1,128,73,18,9,54,26,1,4,63,1,2,8,512,0.7828746177370031
477,814,14,97,3,32,2,143,70,37,7,79,43,2,6,101,3,1,23,663,0.8144963144963145
478,748,18,73,1,28,3,112,61,22,13,47,28,1,2,118,3,1,18,549,0.733957219251337
479,1016,23,127,4,45,6,179,107,36,10,91,34,2,3,126,4,4,27,828,0.8149606299212598
480,755,10,81,2,34,3,105,77,23,10,53,26,5,2,124,2,2,14,573,0.7589403973509934
481,669,11,81,3,17,1,75,65,17,17,43,17,5,12,108,6,2,16,496,0.7414050822122571
482,666,10,59,3,18,2,68,49,18,20,43,10,3,2,150,1,1,12,469,0.7042042042042042
483,707,11,80,1,17,4,90,55,22,14,64,30,5,6,121,3,5,14,542,0.7666195190947667
484,745,9,60,2,20,0,97,64,14,10,48,18,4,2,128,2,1,20,499,0.6697986577181209
485,683,4,63,1,17,4,69,90,15,19,29,11,1,5,133,7,1,17,486,0.7115666178623719
486,704,12,52,1,10,2,57,56,11,21,44,13,5,1,126,1,1,13,426,0.6051136363636364
487,736,10,76,3,31,1,98,68,22,16,36,20,5,2,113,4,1,8,514,0.6983695652173914
488,715,13,91,2,22,2,142,45,17,11,80,39,0,3,113,3,4,25,612,0.855944055944056
489,794,17,67,6,38,0,156,67,38,11,86,18,5,2,132,2,0,30,675,0.8501259445843828
490,821,14,92,0,37,0,191,54,37,10,59,45,2,2,121,3,6,32,705,0.8587088915956151
491,643,9,66,2,21,1,147,35,21,13,75,34,3,2,102,6,1,12,550,0.8553654743390358
492,701,15,110,2,28,9,141,48,24,4,60,39,3,0,96,2,1,22,604,0.8616262482168331
493,782,14,112,2,19,3,136,55,21,21,73,27,3,1,122,3,2,16,630,0.8056265984654731
494,760,11,95,1,38,4,117,55,35,5,72,24,9,0,117,5,1,34,623,0.8197368421052632
495,759,14,67,3,33,6,117,78,27,10,75,17,3,5,121,0,2,24,602,0.7931488801054019
496,832,18,66,1,53,3,155,91,35,6,69,33,1,1,114,2,1,28,677,0.8137019230769231
497,782,14,74,2,37,1,97,79,13,12,48,25,2,5,107,6,2,22,546,0.6982097186700768
498,783,11,79,1,47,4,125,82,45,18,53,30,3,1,113,2,2,22,638,0.8148148148148148
499,803,9,100,2,31,4,174,78,43,9,51,26,5,3,103,5,0,12,655,0.8156911581569116
500,877,18,101,1,38,6,164,79,30,11,71,47,3,3,119,1,2,25,719,0.8198403648802737
501,752,8,112,4,29,2,150,71,19,12,57,28,4,0,85,1,3,29,614,0.8164893617021277
502,732,11,83,2,34,4,120,77,26,5,69,33,8,3,114,6,1,18,614,0.8387978142076503
503,817,14,88,1,33,0,142,77,28,9,75,11,5,3,116,6,2,17,627,0.7674418604651163
504,770,15,61,2,34,3,156,92,19,9,60,18,2,2,105,6,2,19,605,0.7857142857142857
505,757,7,82,1,34,1,140,60,24,10,69,34,2,2,117,4,1,15,603,0.7965653896961691
506,823,12,96,3,27,2,123,73,20,8,92,30,2,0,156,3,1,28,676,0.8213851761846902
507,735,9,76,2,30,1,136,50,27,9,85,18,3,3,129,2,0,29,609,0.8285714285714286
508,690,18,65,0,28,3,115,66,40,8,67,23,2,2,107,0,4,22,570,0.8260869565217391
509,814,20,77,2,32,5,145,90,31,11,72,43,2,2,125,3,0,8,668,0.8206388206388207
510,962,12,110,3,48,4,163,109,36,8,71,28,6,1,137,5,1,20,762,0.7920997920997921
511,879,18,108,2,36,4,164,78,43,9,81,22,2,5,136,9,2,19,738,0.8395904436860068
512,917,16,78,2,45,7,196,86,40,15,106,40,4,3,128,2,3,35,806,0.8789531079607416
513,589,6,59,1,20,1,69,46,17,10,79,16,2,3,93,4,0,14,440,0.7470288624787776
514,684,22,76,4,21,1,56,73,20,11,46,17,2,1,160,6,0,8,524,0.7660818713450293
515,718,13,62,2,20,6,98,71,21,13,41,24,4,5,128,4,0,10,522,0.7270194986072424
516,714,20,61,1,30,3,121,75,25,9,67,47,4,8,89,3,2,12,577,0.8081232492997199
517,695,11,84,1,21,0,116,70,25,15,50,24,2,2,78,2,1,9,511,0.7352517985611511
518,739,10,75,7,25,3,135,95,20,12,61,32,8,3,79,3,2,12,582,0.7875507442489851
519,828,22,75,4,31,2,121,85,36,14,73,24,3,4,114,3,2,20,633,0.7644927536231884
520,679,12,77,1,19,2,76,63,17,14,48,16,5,5,108,5,1,11,480,0.7069219440353461
521,830,18,91,2,26,3,139,61,29,9,80,36,1,2,136,5,5,15,658,0.7927710843373494
522,867,10,80,4,35,8,104,72,19,21,45,19,7,10,160,9,1,10,614,0.7081891580161477
523,562,9,65,4,15,2,68,63,18,6,46,37,4,8,70,2,0,7,424,0.7544483985765125
524,663,6,81,4,12,4,102,50,14,10,48,35,7,5,109,4,4,20,515,0.7767722473604827
525,832,10,93,5,35,3,156,76,40,10,56,29,8,4,114,4,5,35,683,0.8209134615384616
526,702,9,81,3,25,8,131,55,33,8,64,20,2,3,83,3,2,15,545,0.7763532763532763
527,766,24,80,4,23,2,150,63,39,13,77,31,0,3,109,6,2,11,637,0.8315926892950392
528,917,13,88,0,40,0,180,77,29,19,71,35,2,4,134,3,5,26,726,0.7917121046892039
529,1063,18,115,1,53,2,129,102,38,19,94,30,8,8,181,7,2,24,831,0.7817497648165569
530,765,10,72,2,23,7,130,91,32,2,54,30,1,6,123,9,4,26,622,0.8130718954248366
531,782,14,72,5,27,1,142,84,28,11,78,28,2,1,111,1,5,14,624,0.7979539641943734
532,628,12,32,2,36,1,235,104,19,7,19,13,1,5,52,0,3,4,545,0.8678343949044586
533,708,7,59,1,32,1,171,82,23,17,24,17,2,8,80,0,2,18,544,0.768361581920904
534,570,9,45,4,20,2,94,47,17,8,71,28,0,2,103,4,5,17,476,0.8350877192982457
535,608,15,61,2,20,2,93,50,17,17,45,9,1,1,104,2,4,14,457,0.7516447368421053
536,748,24,88,2,34,0,163,60,12,6,62,38,6,3,114,7,1,14,634,0.8475935828877005
537,771,20,87,3,39,4,154,51,21,7,69,26,0,4,112,3,1,37,638,0.8274967574578469
538,679,12,83,4,34,1,164,39,18,8,51,34,3,4,97,4,3,18,577,0.8497790868924889
539,897,12,104,4,39,2,194,68,24,14,98,34,0,4,115,9,2,29,752,0.8383500557413601
540,733,13,64,0,40,2,143,78,27,10,59,24,4,0,92,5,3,19,583,0.7953615279672579
541,763,13,77,2,33,3,179,63,22,8,49,22,3,0,106,5,4,17,606,0.7942332896461337
542,751,12,91,1,40,2,157,67,21,10,52,33,1,3,98,5,3,14,610,0.8122503328894807
543,779,8,101,3,25,1,159,60,31,13,61,20,2,1,100,4,1,27,617,0.79204107830552
544,727,5,90,2,29,3,184,66,24,14,54,31,1,0,93,2,1,16,615,0.8459422283356258
545,693,7,72,1,41,6,130,60,24,14,55,23,3,1,100,1,0,15,553,0.797979797979798
546,880,12,72,1,32,4,136,71,29,20,53,24,6,1,175,7,4,20,667,0.7579545454545454
547,816,17,92,3,42,1,177,77,30,13,57,29,2,3,119,3,1,21,687,0.8419117647058824
548,770,7,98,0,32,1,148,76,27,12,59,35,4,2,117,2,0,37,657,0.8532467532467533
549,723,14,62,4,25,2,149,64,29,9,50,26,6,1,114,2,2,10,569,0.7869986168741355
550,661,11,47,3,18,4,129,60,27,9,46,21,1,4,88,8,2,23,501,0.7579425113464447
551,691,16,34,2,24,4,90,61,16,10,57,24,4,4,139,6,1,20,512,0.7409551374819102
552,661,10,53,1,19,0,90,48,13,10,41,24,4,8,121,0,6,20,468,0.708018154311649
553,645,8,51,2,24,3,114,63,14,9,36,9,2,3,101,6,2,10,457,0.7085271317829457
554,676,8,53,1,28,2,117,49,15,9,37,28,4,4,119,3,3,28,508,0.7514792899408284
555,684,9,77,1,21,2,113,63,19,13,49,33,1,1,85,2,5,22,516,0.7543859649122807
556,676,3,72,0,28,6,118,70,20,6,50,17,2,5,83,3,2,19,504,0.7455621301775148
557,709,7,68,1,25,0,104,62,28,14,50,13,5,4,113,6,4,11,515,0.7263751763046544
558,674,7,65,3,22,1,118,65,23,14,45,22,6,5,80,2,3,20,501,0.7433234421364985
559,769,10,61,0,30,3,146,71,9,10,66,18,5,0,126,5,2,26,588,0.764629388816645
560,773,16,88,2,50,7,154,61,36,12,64,32,1,3,88,3,3,18,638,0.8253557567917206
561,791,10,82,1,39,7,162,57,31,10,58,30,6,3,103,4,0,18,621,0.7850821744627055
562,739,14,84,1,37,3,110,55,17,12,71,21,7,3,89,5,3,32,564,0.7631935047361299
563,773,10,66,1,25,5,148,66,21,13,64,35,2,3,110,6,1,19,595,0.7697283311772316
564,637,6,57,1,16,2,118,55,16,8,40,18,1,3,101,3,3,13,461,0.7237048665620094
565,713,13,56,0,25,3,129,78,19,13,45,18,3,7,106,5,4,18,542,0.7601683029453016
566,685,7,71,1,32,3,102,71,23,8,60,38,3,1,106,8,2,14,550,0.8029197080291971
567,721,7,67,5,28,4,154,74,23,16,64,14,4,2,89,4,2,12,569,0.7891816920943134
568,722,5,63,3,31,2,114,58,31,11,71,12,4,6,117,5,1,13,547,0.7576177285318559
569,538,6,47,1,14,3,94,64,11,7,46,13,1,0,97,5,1,13,423,0.7862453531598513
570,719,7,58,5,29,2,128,78,29,16,46,13,4,4,84,9,0,15,527,0.7329624478442281
571,728,5,61,2,47,5,123,82,18,17,64,17,2,2,88,5,0,15,553,0.7596153846153846
572,794,15,82,1,31,3,118,78,21,21,58,28,2,6,136,2,3,21,626,0.7884130982367759
573,921,9,73,0,36,3,155,81,33,16,55,26,5,1,128,5,2,14,642,0.6970684039087948
574,745,7,49,3,25,1,156,54,17,15,48,12,4,3,121,2,4,14,535,0.7181208053691275
575,905,15,83,1,39,2,201,96,31,9,53,28,1,2,120,11,1,22,715,0.7900552486187845
576,737,22,69,2,35,4,141,75,25,11,54,13,2,1,96,10,1,19,580,0.7869742198100407
577,719,15,67,2,18,2,134,48,26,16,47,25,2,1,100,8,1,20,532,0.7399165507649513
578,861,20,78,0,28,5,167,71,29,13,53,26,4,6,144,5,4,30,683,0.7932636469221835
579,746,10,52,1,30,9,106,68,27,9,54,15,4,5,108,4,2,16,520,0.6970509383378016
580,676,7,48,1,16,1,100,58,12,7,37,18,16,4,116,4,1,10,456,0.6745562130177515
581,717,7,74,1,29,4,97,58,12,16,57,24,3,4,132,1,0,21,540,0.7531380753138075
582,786,16,60,1,30,2,134,68,16,10,56,37,3,6,113,4,0,21,577,0.7340966921119593
583,793,11,77,5,33,4,134,57,25,9,63,34,3,6,128,2,3,32,626,0.7894073139974779
584,755,13,87,2,30,2,163,65,12,8,44,23,1,2,89,3,1,18,563,0.7456953642384105
585,624,5,41,2,14,4,67,63,9,11,27,10,8,4,72,4,1,18,360,0.5769230769230769
586,653,13,50,0,26,2,114,65,18,18,39,15,5,4,104,6,0,16,495,0.7580398162327718
587,731,13,51,1,42,0,103,77,16,9,82,22,7,2,131,5,7,12,580,0.7934336525307798
588,699,4,50,5,23,7,123,63,21,9,56,31,3,4,118,4,2,17,540,0.7725321888412017
589,764,14,78,1,32,4,143,70,34,11,92,23,0,5,95,6,2,30,640,0.837696335078534
590,694,13,72,3,16,5,135,49,29,4,62,28,2,2,105,4,2,27,558,0.8040345821325648
591,754,18,88,4,30,4,180,42,24,9,60,35,0,4,94,2,0,35,629,0.8342175066312998
592,748,15,74,2,21,2,150,62,24,10,61,31,0,5,121,6,4,20,608,0.8128342245989305
593,698,15,83,1,33,1,162,38,19,10,78,22,1,2,94,5,1,19,584,0.836676217765043
594,695,11,70,1,32,5,123,48,26,6,50,31,3,1,125,3,0,15,550,0.7913669064748201
595,751,17,64,0,32,5,145,58,28,13,74,22,4,3,98,4,2,34,603,0.8029294274300932
596,768,17,78,2,28,6,153,34,22,6,97,31,3,3,128,5,1,23,637,0.8294270833333334
597,799,10,82,2,35,4,165,58,15,13,68,24,3,3,149,5,1,16,653,0.8172715894868585
598,681,12,65,4,19,3,105,40,23,14,64,37,4,5,118,7,2,20,542,0.7958883994126285
599,677,9,43,1,21,1,115,54,20,5,33,14,1,3,100,8,1,10,439,0.6484490398818316
600,825,18,82,4,33,3,160,84,29,8,58,21,2,6,111,1,1,22,643,0.7793939393939394
601,723,16,81,0,26,0,115,70,19,7,37,27,2,4,133,5,1,19,562,0.7773167358229599
602,687,6,55,0,15,3,105,65,22,13,42,30,6,4,103,7,5,15,496,0.7219796215429404
603,740,21,82,1,30,3,140,54,20,13,51,40,2,1,119,3,4,15,599,0.8094594594594594
604,558,10,55,2,27,0,91,50,21,9,46,15,5,4,86,3,1,19,444,0.7956989247311828
605,788,13,82,2,26,1,134,54,27,11,87,33,3,0,135,4,2,31,645,0.8185279187817259
606,906,13,96,2,38,9,161,74,36,10,79,48,2,3,149,5,3,23,751,0.8289183222958058
607,909,20,106,1,45,1,145,86,23,17,92,30,2,0,152,2,2,27,751,0.8261826182618262
608,753,16,86,3,36,3,131,61,31,8,67,28,3,4,106,4,2,16,605,0.8034528552456839
609,889,23,114,4,30,2,145,77,32,11,81,27,3,3,140,7,1,24,724,0.8143982002249719
610,833,11,118,5,15,1,146,73,34,11,77,29,4,4,133,4,3,24,692,0.8307322929171669
611,741,11,88,5,34,0,135,59,46,16,46,40,6,4,120,0,1,24,635,0.8569500674763832
612,888,10,126,7,35,9,140,81,34,12,86,25,2,6,117,4,2,20,716,0.8063063063063063
613,426,5,28,0,13,1,37,44,14,8,52,30,1,1,92,2,1,18,347,0.8145539906103286
614,660,7,87,3,14,1,62,74,15,13,25,28,7,5,98,4,2,13,458,0.693939393939394
615,708,9,82,0,20,1,118,70,34,10,41,14,2,6,116,3,0,16,542,0.7655367231638418
616,671,8,77,0,14,6,93,60,30,9,48,27,8,6,106,2,3,19,516,0.7690014903129657
617,702,7,86,1,29,0,93,78,27,12,54,23,3,2,109,1,2,15,542,0.7720797720797721
618,737,10,89,3,28,2,131,56,21,9,68,16,2,2,102,6,1,16,562,0.762550881953867
619,693,5,73,3,26,6,121,53,31,10,59,25,2,4,99,2,1,18,538,0.7763347763347763
620,740,16,79,0,17,2,136,62,29,10,58,31,2,2,139,11,2,24,620,0.8378378378378378
621,787,14,60,6,34,2,203,91,29,10,45,11,3,2,101,3,2,18,634,0.8055908513341804
622,882,12,89,1,27,4,174,82,34,13,78,22,2,3,142,5,2,37,727,0.8242630385487528
623,992,19,84,4,37,5,140,118,32,17,65,17,0,3,159,5,3,23,731,0.7368951612903226
624,851,11,59,4,30,10,137,57,19,13,119,50,2,1,157,6,2,37,714,0.8390129259694477
625,768,13,49,4,35,4,114,80,36,12,48,26,2,2,121,3,3,24,576,0.75
626,780,9,74,7,29,5,122,60,31,26,67,33,3,10,114,4,1,31,626,0.8025641025641026
627,826,14,52,5,22,10,119,86,23,12,76,52,4,4,165,10,7,24,685,0.8292978208232445
628,809,20,80,0,34,1,144,57,26,14,79,39,2,5,128,2,5,35,671,0.8294190358467244
629,748,18,60,1,35,5,126,42,23,8,83,29,3,5,132,7,3,29,609,0.8141711229946524
630,752,19,61,6,30,1,138,76,20,7,49,21,1,0,134,2,0,28,593,0.788563829787234
631,725,7,56,2,22,4,100,55,22,12,98,21,7,2,98,5,1,20,532,0.7337931034482759
632,784,17,70,6,32,1,139,74,40,10,73,31,4,6,120,4,2,23,652,0.8316326530612245
633,817,12,98,1,34,4,143,62,28,11,83,32,1,3,157,1,0,20,690,0.8445532435740514
634,818,10,71,3,27,5,136,64,17,13,64,22,5,4,131,3,2,29,606,0.7408312958435208
635,743,26,66,1,29,5,122,52,18,9,72,49,2,5,149,2,2,24,633,0.8519515477792732
636,745,26,58,0,31,4,137,68,24,11,82,20,2,0,97,3,1,26,590,0.7919463087248322
637,753,35,82,1,35,1,185,74,15,5,69,20,1,0,142,2,1,18,686,0.9110225763612217
638,714,29,64,1,46,4,153,52,24,3,60,38,2,2,94,1,2,9,584,0.8179271708683473
639,706,16,70,2,33,0,132,77,15,6,52,14,1,5,103,2,0,12,540,0.7648725212464589
640,707,24,73,2,36,3,118,89,25,16,46,17,5,2,94,3,4,11,568,0.8033946251768034
641,517,20,40,2,16,0,86,44,13,6,43,29,1,2,97,1,3,30,433,0.8375241779497099
642,697,19,59,1,30,1,138,71,19,5,48,25,4,3,113,5,1,25,567,0.8134863701578192
643,701,25,62,0,35,1,122,86,28,6,50,25,5,2,110,5,0,18,580,0.8273894436519258
644,699,30,47,1,29,3,107,72,22,5,75,33,0,1,132,2,1,24,584,0.8354792560801144
645,699,24,56,0,27,2,110,93,24,4,52,39,1,4,88,4,4,16,548,0.7839771101573677
646,729,28,47,1,43,1,148,72,29,8,45,34,1,2,109,8,1,19,596,0.8175582990397805
647,716,20,44,1,31,4,144,51,21,5,81,31,1,4,123,6,1,20,588,0.8212290502793296
648,803,28,76,3,35,5,158,62,18,7,77,24,2,4,133,3,4,24,663,0.825653798256538
649,695,20,50,1,44,1,87,56,19,5,61,19,1,6,133,8,0,20,531,0.7640287769784173
650,725,19,44,3,28,4,111,68,24,8,51,16,0,8,146,6,2,37,575,0.7931034482758621
651,653,21,44,0,22,4,94,59,12,4,55,17,1,1,119,4,2,19,478,0.7320061255742726
652,642,12,64,0,24,0,75,57,15,12,39,19,0,4,120,6,1,35,483,0.7523364485981309
653,309,1,58,0,2,4,5,7,1,4,7,144,0,1,18,0,1,3,256,0.8284789644012945
654,495,0,64,0,2,4,2,2,2,0,7,208,0,0,12,0,0,1,304,0.6141414141414141
655,459,1,50,0,0,1,4,3,1,2,1,214,0,0,9,0,0,0,286,0.6230936819172114
656,685,9,84,1,14,7,62,43,22,5,47,78,2,2,117,2,0,21,516,0.7532846715328467
657,710,17,134,0,24,1,65,54,22,8,65,44,2,2,85,1,1,25,550,0.7746478873239436
658,613,13,40,0,23,3,61,49,23,5,56,18,3,5,96,1,2,14,412,0.6721044045676998
659,882,19,111,6,32,4,140,64,35,26,66,46,1,6,139,7,4,28,734,0.8321995464852607
660,964,26,97,1,49,1,157,79,31,15,92,27,3,4,163,4,1,32,782,0.8112033195020747
661,756,17,76,0,27,2,117,64,42,11,74,24,3,5,126,3,2,19,612,0.8095238095238095
662,624,20,47,4,26,0,114,62,12,6,67,25,1,2,82,4,1,17,490,0.7852564102564102
663,614,25,61,0,24,7,85,38,18,5,70,38,0,5,108,1,0,30,515,0.8387622149837134
664,719,31,50,1,28,3,110,41,27,19,89,35,0,0,113,6,0,21,574,0.7983310152990264
665,720,32,65,1,43,4,116,67,28,6,52,30,1,1,132,2,0,26,606,0.8416666666666667
666,737,27,82,2,31,1,126,73,26,11,55,41,3,5,76,2,2,12,575,0.7801899592944369
667,943,26,122,2,45,6,175,72,40,19,91,55,1,4,141,2,2,34,837,0.887592788971368
668,674,18,71,0,32,2,104,64,19,7,42,16,2,5,90,3,1,21,497,0.7373887240356083
669,772,16,74,2,26,5,148,76,25,10,70,17,0,4,117,5,2,24,621,0.8044041450777202
670,840,22,79,3,33,5,134,79,28,6,99,20,0,3,119,5,3,22,660,0.7857142857142857
671,800,23,79,3,45,4,129,71,31,10,88,35,1,0,107,3,1,20,650,0.8125
672,760,13,73,3,34,1,135,88,36,9,59,13,7,2,109,2,1,15,600,0.7894736842105263
673,825,23,88,4,34,4,132,66,21,15,83,39,2,1,146,2,3,14,677,0.8206060606060606
674,919,24,81,2,36,4,156,54,26,5,95,47,0,6,178,0,0,18,732,0.7965179542981502
675,754,27,97,0,30,3,146,31,25,3,75,47,2,3,138,1,1,21,650,0.8620689655172413
676,949,16,94,7,53,3,166,61,34,14,95,27,3,0,157,5,5,30,770,0.8113804004214963
677,726,20,72,2,36,3,141,74,16,8,55,30,4,3,101,1,3,22,591,0.8140495867768595
678,952,26,87,4,42,3,179,96,30,8,115,37,2,2,121,5,2,36,795,0.8350840336134454
679,730,13,69,2,27,2,141,53,21,8,77,39,2,0,145,3,3,27,632,0.8657534246575342
680,766,21,73,4,37,0,152,67,21,9,62,28,3,2,113,2,1,29,624,0.814621409921671
681,805,13,65,2,34,4,146,61,26,19,85,30,2,6,138,8,3,22,664,0.8248447204968944
682,767,19,75,3,27,3,144,38,23,5,107,42,1,2,134,7,3,24,657,0.8565840938722294
683,769,16,91,5,39,3,128,70,34,8,47,40,2,4,99,1,5,21,613,0.7971391417425228
684,763,24,100,2,27,2,166,57,29,12,76,31,4,3,90,2,1,31,657,0.8610747051114024
685,819,24,108,0,36,0,175,68,24,3,57,30,1,3,120,3,3,30,685,0.8363858363858364
686,800,17,72,1,28,3,143,67,25,10,58,24,3,4,165,2,0,24,646,0.8075
687,789,19,70,0,38,3,126,81,33,8,87,23,3,4,134,3,3,32,667,0.8453738910012675
688,765,14,67,1,38,1,159,89,25,5,66,19,5,3,110,4,4,21,631,0.8248366013071895
689,765,22,71,4,35,2,142,72,27,5,64,18,0,4,112,5,1,13,597,0.7803921568627451
690,743,21,35,3,29,4,117,75,29,7,78,22,1,3,132,2,1,28,587,0.7900403768506057
691,802,23,100,1,35,6,107,84,14,7,77,26,2,2,114,0,1,23,622,0.7755610972568578
692,587,8,43,2,17,2,87,63,11,9,41,15,3,2,118,1,1,10,433,0.737649063032368
693,759,21,59,5,24,4,127,73,16,14,68,25,5,3,117,3,5,20,589,0.7760210803689065
694,673,14,63,2,34,0,76,66,15,8,46,7,3,5,121,3,0,15,478,0.7102526002971769
695,714,16,64,1,27,2,107,66,23,8,54,12,3,1,125,4,0,34,547,0.7661064425770309
696,730,18,63,0,32,3,106,69,37,4,54,18,2,4,100,4,3,23,540,0.7397260273972602
697,692,9,57,2,37,2,98,63,19,7,64,32,2,5,134,7,0,16,554,0.8005780346820809
698,861,24,74,2,32,1,130,68,28,14,73,23,2,5,138,6,2,31,653,0.7584204413472706
699,857,16,84,2,36,3,159,60,25,12,80,28,4,4,153,4,0,27,697,0.8133022170361727
700,802,25,64,2,30,4,121,73,20,16,74,32,4,2,121,7,4,27,626,0.7805486284289277
701,772,11,71,2,31,4,100,56,36,8,64,29,5,2,142,3,1,35,600,0.7772020725388601
702,698,11,66,1,26,2,116,68,35,10,52,24,2,3,124,2,0,23,565,0.8094555873925502
703,745,14,54,0,34,3,119,52,32,7,94,35,1,3,148,4,3,29,632,0.8483221476510067
704,672,21,46,1,24,4,131,56,22,8,59,26,5,5,94,3,1,18,524,0.7797619047619048
705,571,14,50,0,20,1,64,69,15,6,42,9,2,4,96,3,3,20,418,0.7320490367775832
706,558,16,41,0,18,3,85,41,12,9,42,19,1,4,87,3,1,20,402,0.7204301075268817
707,547,9,44,1,25,1,89,47,8,6,32,16,4,4,92,1,2,16,397,0.7257769652650823
708,610,7,11,1,10,0,15,27,8,3,22,4,1,2,40,2,1,3,157,0.2573770491803279
709,550,18,54,0,27,6,88,62,11,2,68,28,0,1,63,2,0,20,450,0.8181818181818182
710,574,18,38,4,31,2,99,31,16,2,63,23,0,0,108,1,3,11,450,0.7839721254355401
711,584,10,63,1,24,1,108,57,19,8,69,28,1,4,76,3,1,13,486,0.8321917808219178
712,485,12,51,0,16,2,75,19,14,1,80,30,0,6,93,2,0,10,411,0.8474226804123711
713,775,19,66,2,40,1,157,48,11,11,98,35,4,4,127,2,1,23,649,0.8374193548387097
714,1030,34,99,4,57,3,203,82,33,16,108,46,3,5,123,3,3,38,860,0.8349514563106796
715,566,13,63,3,16,4,91,41,21,6,79,33,2,2,103,5,1,22,505,0.892226148409894
716,464,16,69,1,17,3,78,12,9,5,58,38,0,0,82,0,1,14,403,0.8685344827586207
717,429,22,31,0,19,1,67,26,6,2,60,20,0,2,103,1,1,13,374,0.8717948717948718
718,363,16,30,1,22,2,54,7,8,1,46,28,1,0,80,0,1,6,303,0.8347107438016529
719,488,18,54,0,15,1,61,18,18,4,75,32,0,5,100,5,0,11,417,0.8545081967213115
720,584,16,63,1,25,4,83,32,14,1,72,30,3,1,125,5,2,25,502,0.8595890410958904
721,223,14,17,0,9,0,30,15,10,0,23,12,0,2,48,0,1,9,190,0.852017937219731
722,713,29,54,2,22,3,131,41,20,5,110,51,0,3,131,4,0,18,624,0.8751753155680224
723,514,24,37,0,13,0,59,14,4,2,83,45,2,1,143,5,1,14,447,0.8696498054474708
724,707,34,36,7,34,2,94,71,22,5,52,12,1,4,141,0,1,27,543,0.768033946251768
725,688,13,42,1,26,2,71,87,28,13,47,15,5,4,99,6,1,11,471,0.684593023255814
726,578,28,27,1,28,4,109,52,16,2,38,21,2,3,98,0,2,11,442,0.7647058823529411
727,565,25,38,1,37,5,126,47,14,6,47,14,2,3,102,2,0,14,483,0.8548672566371681
728,620,14,33,1,24,4,96,60,22,12,43,11,0,1,122,3,2,19,467,0.7532258064516129
729,720,27,60,1,41,2,114,66,24,11,60,26,1,2,112,4,1,23,575,0.7986111111111112
730,771,24,51,1,47,3,109,80,20,5,56,29,1,8,132,3,3,24,596,0.7730220492866408
731,681,21,41,1,23,2,135,64,19,10,66,28,1,4,135,1,0,16,567,0.8325991189427313
732,867,21,64,3,44,4,170,80,18,9,79,36,1,5,152,6,0,30,722,0.8327566320645905
733,721,33,71,3,38,4,112,48,22,2,77,42,1,5,140,1,0,24,623,0.8640776699029126
734,681,35,43,1,27,5,116,38,14,8,78,32,0,5,135,2,3,22,564,0.8281938325991189
735,857,38,54,1,21,4,116,41,15,0,112,75,1,4,182,2,2,30,698,0.8144690781796966
736,841,28,48,1,32,3,130,49,14,5,83,49,0,0,158,7,4,24,635,0.7550535077288941
737,706,35,64,0,29,2,154,40,15,6,75,26,4,1,119,1,2,21,594,0.8413597733711048
738,770,41,62,0,17,5,132,34,16,4,93,97,2,3,167,0,2,24,699,0.9077922077922078
739,688,28,58,1,33,5,107,37,18,4,89,41,0,1,127,4,0,28,581,0.8444767441860465
740,658,32,61,0,24,3,124,44,22,4,65,38,0,5,116,3,2,23,566,0.8601823708206687
741,139,0,9,0,0,1,1,5,3,6,2,10,0,0,13,1,0,2,53,0.381294964028777
742,527,13,60,1,25,5,111,58,16,2,64,14,0,5,67,5,4,10,460,0.872865275142315
743,812,33,67,1,32,4,127,22,20,3,114,77,0,3,190,2,3,17,715,0.8805418719211823
744,810,32,46,0,13,8,101,21,16,6,119,81,0,4,216,2,0,21,686,0.8469135802469135
745,494,12,63,0,13,1,77,23,9,4,39,82,0,0,80,1,0,9,413,0.8360323886639676
746,693,23,65,1,29,2,139,48,36,5,64,35,2,4,98,5,3,13,572,0.8253968253968254
747,692,41,65,1,24,8,115,42,14,1,73,49,0,4,123,3,1,15,579,0.8367052023121387
748,732,33,59,0,35,1,163,85,35,8,45,25,0,1,110,1,4,18,623,0.8510928961748634
749,701,17,64,0,31,4,136,52,26,2,62,35,2,2,124,4,2,30,593,0.8459343794579173
750,681,29,59,1,33,1,122,73,13,5,69,31,2,4,114,5,3,14,578,0.8487518355359766
751,755,31,57,1,30,7,127,72,26,13,67,46,2,7,101,1,4,28,620,0.8211920529801324
752,759,38,50,0,26,1,162,58,17,6,92,34,0,2,141,2,1,20,650,0.8563899868247694
753,695,14,74,0,27,3,114,45,24,5,71,46,0,2,125,3,1,20,574,0.8258992805755395
754,740,22,74,2,21,3,106,53,31,5,85,28,2,4,139,2,4,22,603,0.8148648648648649
755,733,35,76,0,33,5,139,52,26,6,53,32,3,4,99,1,3,17,584,0.7967257844474761
756,756,21,85,3,27,6,151,55,30,8,86,31,0,2,122,3,5,9,644,0.8518518518518519
757,704,28,45,0,24,1,121,50,20,6,80,30,3,4,129,7,1,27,576,0.8181818181818182
758,659,24,54,0,21,1,129,58,18,6,66,18,2,1,88,3,1,21,511,0.7754172989377845
759,661,20,50,1,23,4,127,52,24,9,49,29,1,1,121,1,5,17,534,0.8078668683812406
760,802,31,77,0,21,1,146,35,27,8,81,60,0,5,185,1,0,15,693,0.8640897755610972
761,756,18,62,3,25,4,127,46,23,6,84,44,2,2,160,4,1,40,651,0.8611111111111112
762,1036,36,83,2,35,3,179,59,19,3,143,67,3,7,203,0,4,32,878,0.8474903474903475
763,718,29,62,1,31,1,145,63,26,9,54,37,3,8,103,3,0,20,595,0.8286908077994429
764,776,28,78,5,37,6,126,44,18,6,93,47,3,2,151,3,2,24,673,0.8672680412371134
765,729,21,61,1,23,1,121,71,28,9,53,35,1,4,136,0,2,30,597,0.8189300411522634
766,762,26,66,0,18,0,148,42,20,6,93,54,2,3,164,2,0,16,660,0.8661417322834646
767,754,19,74,2,30,6,115,64,24,6,79,20,3,2,111,6,2,26,589,0.7811671087533156
768,828,22,82,1,31,4,127,41,27,9,122,23,1,4,135,2,0,38,669,0.8079710144927537
769,681,24,53,2,34,3,146,58,19,8,62,21,0,2,90,5,0,12,539,0.7914831130690162
770,766,21,55,1,28,2,122,44,13,4,107,45,1,1,202,5,0,19,670,0.8746736292428199
771,742,23,76,1,21,3,97,33,18,1,106,56,1,3,154,4,0,26,623,0.839622641509434
772,799,28,69,0,25,4,113,47,23,5,105,55,0,5,167,3,3,29,681,0.8523153942428036
773,663,20,62,0,21,2,95,56,22,7,76,30,2,2,117,0,2,26,540,0.8144796380090498
774,691,29,55,1,17,0,112,28,17,5,108,44,1,3,146,4,3,18,591,0.8552821997105644
775,546,17,21,0,11,1,89,26,7,0,74,29,3,1,168,1,2,23,473,0.8663003663003663
776,551,24,38,1,17,6,70,12,10,1,86,66,0,1,135,0,0,9,476,0.8638838475499092
777,295,6,30,0,7,1,38,4,7,1,26,49,0,3,72,2,0,6,252,0.8542372881355932
778,217,4,10,1,3,0,17,3,4,2,15,10,1,2,46,2,1,4,125,0.576036866359447
779,689,17,30,1,10,0,43,11,4,4,130,49,0,0,251,2,1,18,571,0.8287373004354136
780,604,24,42,0,11,3,77,26,11,4,104,51,0,4,145,0,2,23,527,0.8725165562913907
781,485,21,39,2,6,4,63,22,11,3,65,57,0,0,119,1,3,11,427,0.8804123711340206
782,468,18,41,0,7,5,53,16,5,5,70,47,4,3,116,0,5,13,408,0.8717948717948718
783,254,6,15,0,6,1,38,7,9,0,62,20,0,1,75,1,1,6,248,0.9763779527559056
784,697,29,77,4,29,2,112,28,23,5,75,56,1,0,119,2,2,36,600,0.860832137733142
785,663,36,53,1,12,5,120,23,17,3,106,22,0,3,151,3,2,18,575,0.8672699849170438
786,501,22,49,0,17,2,69,31,14,3,58,33,0,1,103,5,1,30,438,0.874251497005988
787,767,15,85,0,35,5,142,63,40,6,73,38,1,2,112,4,1,22,644,0.8396349413298566
788,743,17,62,2,32,5,122,56,19,18,84,45,0,2,135,6,2,10,617,0.8304172274562585
789,755,15,91,3,31,2,141,47,34,11,64,33,1,1,126,6,2,21,629,0.833112582781457
790,795,16,87,1,18,4,117,39,23,9,86,67,3,2,167,4,2,30,675,0.8490566037735849
791,716,16,76,2,29,11,107,53,24,7,82,33,2,3,127,1,0,17,590,0.8240223463687151
792,730,14,82,0,31,4,108,67,28,9,59,27,3,6,138,3,1,18,598,0.8191780821917808
793,698,14,78,2,26,2,150,49,20,9,67,40,2,4,93,3,1,7,567,0.8123209169054442
794,668,13,81,0,20,3,129,42,30,7,55,27,2,2,96,6,1,5,519,0.7769461077844312
795,727,20,71,2,23,3,128,66,13,14,71,30,1,5,117,3,2,26,595,0.8184319119669876
796,692,18,74,0,20,1,114,53,16,10,52,33,4,4,93,2,2,24,520,0.7514450867052023
797,766,17,68,5,26,6,132,76,36,10,85,22,1,1,109,3,4,20,621,0.8107049608355091
798,707,14,74,5,25,6,107,41,20,13,48,12,8,4,98,4,1,14,494,0.6987270155586988
799,661,13,80,3,26,7,120,43,46,8,84,32,2,4,65,5,2,15,555,0.8396369137670197
800,693,10,61,4,32,4,124,61,22,10,72,11,1,3,104,3,1,15,538,0.7763347763347763
801,684,12,91,1,24,1,104,41,33,7,67,36,1,2,117,4,3,22,566,0.827485380116959
802,618,18,59,2,19,5,103,48,30,4,67,33,1,6,97,3,3,14,512,0.8284789644012945
803,775,9,75,3,40,1,135,84,36,10,76,21,2,5,126,2,2,22,649,0.8374193548387097
804,715,11,72,3,22,4,144,51,21,7,87,35,0,3,128,2,6,22,618,0.8643356643356643
805,720,13,89,2,16,2,97,64,24,4,68,44,1,7,129,1,1,21,583,0.8097222222222222
806,648,11,69,0,21,2,118,52,34,13,54,25,3,2,79,5,1,24,513,0.7916666666666666
807,644,16,36,1,24,1,75,52,25,13,40,12,1,3,96,4,4,12,415,0.6444099378881988
808,963,22,88,1,35,7,180,88,35,8,106,41,1,3,132,4,3,25,779,0.8089304257528557
809,704,15,56,2,32,1,96,50,22,7,81,39,0,1,145,4,0,20,571,0.8110795454545454
810,745,14,70,6,29,14,133,57,26,6,68,20,3,6,105,8,1,13,579,0.7771812080536913
811,755,29,79,1,29,6,114,35,18,2,92,39,1,0,162,1,1,15,624,0.8264900662251655
812,719,11,80,4,28,16,125,34,30,10,70,30,1,1,120,9,1,19,589,0.8191933240611962
813,679,13,73,2,25,7,111,35,18,10,75,24,2,4,131,0,2,25,557,0.8203240058910162
814,684,16,74,4,34,3,113,74,10,10,53,30,0,3,111,2,3,10,550,0.804093567251462
815,802,21,71,2,25,5,136,53,23,8,95,50,0,5,177,3,4,22,700,0.8728179551122195
816,606,13,48,3,38,0,87,62,14,6,31,15,1,3,75,3,4,17,420,0.693069306930693
817,624,11,58,0,31,5,110,62,22,12,44,25,3,1,99,2,0,20,505,0.8092948717948718
818,687,11,74,1,29,2,130,61,21,6,73,39,1,3,83,7,4,20,565,0.8224163027656477
819,710,17,88,3,25,1,107,51,29,10,63,36,3,2,101,7,2,22,567,0.7985915492957747
820,706,13,96,2,32,4,118,58,27,8,51,41,0,1,81,2,3,19,556,0.7875354107648725
821,692,8,85,1,35,5,96,66,39,11,56,23,5,1,105,5,0,23,564,0.815028901734104
822,705,19,89,1,31,2,94,80,20,12,65,22,5,2,89,4,2,12,549,0.7787234042553192
823,743,16,79,1,29,3,130,67,33,7,63,36,2,4,115,2,3,28,618,0.8317631224764468
824,725,31,74,4,24,1,94,41,17,5,89,44,2,6,118,3,1,26,580,0.8
825,803,21,95,3,35,8,124,61,23,10,70,18,3,2,115,2,5,21,616,0.7671232876712328
826,705,11,90,2,35,14,120,44,31,8,62,41,1,6,88,3,2,21,579,0.8212765957446808
827,630,5,81,1,25,7,111,59,23,13,54,19,3,7,86,1,1,8,504,0.8
828,683,14,76,1,19,8,115,35,15,10,92,51,1,2,107,4,1,31,582,0.8521229868228404
829,681,12,63,4,31,3,104,46,19,13,62,33,4,2,105,7,2,16,526,0.7723935389133627
830,716,21,72,1,33,5,154,46,23,5,70,28,2,2,96,5,0,23,586,0.8184357541899442
831,711,23,85,2,27,4,110,67,31,19,67,28,2,3,81,1,3,25,578,0.8129395218002813
832,618,20,76,4,21,2,106,40,19,5,77,16,2,2,120,4,3,13,530,0.8576051779935275
833,660,10,75,1,31,9,120,49,11,8,55,14,0,2,112,1,3,17,518,0.7848484848484848
834,789,15,115,3,43,3,137,47,29,12,57,21,0,4,121,4,5,15,631,0.7997465145754119
835,783,15,67,5,39,4,137,72,32,11,87,22,6,1,124,0,2,26,650,0.8301404853128991
836,679,11,102,3,34,3,128,67,29,9,57,15,1,2,78,2,3,10,554,0.8159057437407953
837,723,7,83,3,30,11,121,38,28,8,67,43,1,2,104,4,2,22,574,0.7939142461964038
838,691,14,76,1,33,5,126,64,20,9,63,25,2,6,97,5,7,22,575,0.8321273516642547
839,654,9,80,2,37,3,114,53,19,9,45,30,2,3,104,3,5,13,531,0.8119266055045872
840,666,9,58,0,24,2,100,60,26,9,64,22,4,1,97,3,3,31,513,0.7702702702702703
841,741,13,91,2,32,3,137,55,31,10,75,35,2,5,102,5,0,22,620,0.8367071524966262
842,787,21,105,1,29,7,141,66,29,12,80,37,0,1,112,1,0,22,664,0.843710292249047
843,779,8,95,2,33,3,150,65,28,10,57,34,4,3,113,4,1,22,632,0.8112965340179717
844,761,26,105,6,35,3,125,48,46,10,74,42,5,1,93,3,4,16,642,0.8436268068331143
845,752,21,82,1,27,2,128,56,36,12,58,41,2,3,140,2,0,33,644,0.8563829787234043
846,743,9,86,7,49,8,116,77,27,10,73,17,0,2,87,6,5,13,592,0.7967698519515478
847,716,20,100,3,24,1,128,58,23,14,65,23,3,2,114,6,3,17,604,0.8435754189944135
848,725,16,91,4,21,2,143,48,24,9,84,31,0,1,118,2,10,17,621,0.856551724137931
849,659,13,91,0,29,2,130,38,28,11,69,19,0,1,105,6,2,10,554,0.8406676783004552
850,755,12,85,2,24,5,123,50,26,10,85,38,2,2,147,7,0,21,639,0.8463576158940397
851,761,16,75,1,26,4,143,46,26,9,81,50,2,0,136,2,3,29,649,0.8528252299605782
852,730,28,82,2,29,8,185,79,32,7,87,22,0,3,76,7,4,8,659,0.9027397260273973
853,777,18,82,1,41,6,149,62,32,14,70,21,2,2,124,2,4,22,652,0.8391248391248392
854,739,6,90,4,37,4,170,44,31,17,67,31,3,3,102,5,5,13,632,0.8552097428958051
855,630,11,67,1,18,2,121,42,20,10,80,30,1,5,126,3,1,12,550,0.873015873015873
856,906,21,98,3,40,0,158,68,38,4,114,42,2,2,146,7,2,32,777,0.8576158940397351
857,730,15,66,3,23,3,154,72,27,15,55,45,2,2,97,1,2,19,601,0.8232876712328767
858,814,23,96,0,36,3,170,47,22,7,74,62,0,5,135,4,2,22,708,0.8697788697788698
859,755,14,93,1,28,5,126,45,44,14,81,27,0,1,149,0,2,21,651,0.8622516556291391
860,799,31,96,2,35,5,166,56,23,5,98,34,1,6,113,3,4,21,699,0.8748435544430538
861,790,12,89,4,39,5,183,66,48,16,65,29,2,3,106,0,8,7,682,0.8632911392405064
862,746,10,78,0,22,3,174,52,32,8,66,39,0,4,113,3,5,24,633,0.8485254691689008
863,778,17,102,2,29,9,140,59,36,9,77,37,2,5,94,3,1,16,638,0.8200514138817481
864,773,12,108,2,34,7,150,49,31,14,66,41,0,4,97,1,3,22,641,0.8292367399741267
865,728,8,76,1,30,4,129,52,28,11,75,44,3,2,110,6,1,25,605,0.8310439560439561
866,684,14,94,0,34,3,131,54,32,7,50,21,2,5,98,2,1,24,572,0.8362573099415205
867,619,13,117,2,32,5,117,33,27,9,44,20,2,2,82,2,1,14,522,0.8432956381260097
868,631,7,78,1,33,3,114,63,19,11,63,8,6,1,88,5,4,19,523,0.8288431061806656
869,666,11,82,3,24,3,132,61,22,13,48,14,2,4,82,6,3,8,518,0.7777777777777778
870,584,12,42,2,23,2,75,58,16,9,34,10,3,1,93,4,2,6,392,0.6712328767123288
871,715,13,93,0,32,0,113,61,26,7,62,26,0,3,105,1,3,25,570,0.7972027972027972
872,879,18,85,4,30,2,171,82,29,13,92,43,1,4,124,0,3,19,720,0.8191126279863481
873,522,6,76,0,31,1,84,30,22,11,36,14,2,0,82,3,2,21,421,0.8065134099616859
874,856,17,98,0,36,9,125,57,42,13,67,41,0,4,141,2,3,26,681,0.7955607476635514
875,480,5,31,1,10,2,45,37,5,8,33,14,4,3,83,4,1,0,286,0.5958333333333333
876,997,23,134,2,53,1,196,98,30,9,101,30,6,1,129,3,6,35,857,0.8595787362086259
877,796,24,96,2,34,6,167,57,46,6,57,37,2,4,105,0,1,15,659,0.8278894472361809
878,692,7,84,0,38,2,112,51,32,12,54,24,2,5,125,4,3,22,577,0.8338150289017341
879,817,11,104,3,36,3,146,87,35,6,71,22,2,2,141,4,2,15,690,0.8445532435740514
880,977,19,125,2,44,2,185,93,36,10,102,36,4,7,111,3,0,19,798,0.8167860798362334
881,773,16,85,4,22,3,130,72,28,14,54,21,8,5,92,3,3,32,592,0.7658473479948253
882,557,15,64,1,21,2,95,53,21,12,43,22,4,1,86,2,2,10,454,0.8150807899461401
883,739,16,78,3,22,4,136,57,23,5,62,18,1,3,112,2,2,19,563,0.7618403247631935
884,746,21,100,2,23,1,184,56,25,5,56,35,2,3,104,1,3,16,637,0.853887399463807
885,728,14,80,0,29,3,159,58,29,15,50,19,1,3,112,6,4,16,598,0.8214285714285714
886,784,7,63,1,23,2,180,87,24,17,42,21,4,5,104,4,0,12,596,0.7602040816326531
887,435,4,54,1,20,0,84,37,25,4,36,29,1,5,72,2,1,11,386,0.8873563218390804
888,891,10,91,2,28,2,183,88,52,18,62,35,1,4,121,4,4,9,714,0.8013468013468014
889,750,13,97,1,36,1,161,64,32,8,71,22,0,2,94,2,1,10,615,0.82
890,714,13,80,1,21,2,168,50,33,12,70,25,3,3,97,5,1,1,585,0.819327731092437
891,734,10,83,1,26,4,133,76,28,8,71,23,5,4,128,5,1,17,623,0.8487738419618529
892,815,13,78,1,26,2,177,73,41,14,70,32,1,4,108,2,2,17,661,0.811042944785276
893,692,14,64,0,24,6,115,78,27,17,64,23,2,7,76,6,1,27,551,0.796242774566474
894,718,16,80,1,23,6,175,41,33,13,55,46,3,3,70,4,3,24,596,0.83008356545961
895,869,18,113,5,31,5,167,73,29,6,86,33,2,4,123,6,2,31,734,0.8446490218642118
896,929,10,104,1,40,8,193,96,34,10,98,42,2,3,100,3,9,16,769,0.8277717976318623
897,748,12,111,3,22,6,134,46,37,12,41,17,5,7,89,5,5,10,562,0.7513368983957219
898,680,10,76,2,32,1,141,67,21,7,49,19,3,2,86,3,1,7,527,0.775
899,676,7,69,0,26,1,136,63,35,7,40,23,3,2,111,1,3,6,533,0.7884615384615384
900,756,11,82,5,31,6,150,56,25,6,72,26,4,7,108,5,1,10,605,0.8002645502645502
901,632,17,71,1,28,5,151,55,30,9,58,10,7,1,74,1,1,13,532,0.8417721518987342
902,663,6,111,0,19,2,108,54,27,4,43,30,3,8,104,4,2,14,539,0.8129713423831071
903,675,8,71,1,20,1,149,68,22,9,73,14,4,4,83,2,0,7,536,0.794074074074074
904,773,9,85,4,38,6,125,67,18,13,68,18,9,6,138,4,1,18,627,0.8111254851228978
905,770,9,95,5,28,5,154,80,30,17,51,23,3,5,98,1,1,20,625,0.8116883116883117
906,728,23,72,4,28,1,125,64,16,13,53,19,3,5,93,2,1,18,540,0.7417582417582418
907,769,24,83,0,53,1,157,64,33,7,94,35,0,2,104,4,3,21,685,0.8907672301690507
908,0,0,13,0,3,2,17,12,2,3,5,4,0,0,19,0,0,2,82,inf
909,0,2,18,0,3,0,27,15,5,2,18,10,1,2,33,1,1,5,143,inf
910,0,0,1,0,0,1,6,3,1,2,1,2,0,0,7,0,0,1,25,inf
911,3,3,37,0,17,5,49,11,15,1,15,9,0,3,46,0,0,7,218,72.66666666666667
912,0,6,14,3,8,1,35,15,9,3,14,7,0,1,40,0,1,4,161,inf
913,819,19,80,1,40,4,160,51,18,7,95,41,0,1,146,1,2,29,695,0.8485958485958486
914,0,0,2,1,1,0,9,11,4,0,6,4,1,1,10,0,0,0,50,inf
915,0,1,8,0,7,0,12,4,3,1,5,3,0,1,13,1,1,3,63,inf
916,4,2,6,0,1,0,10,8,1,0,5,4,0,0,9,0,0,3,49,12.25
917,0,2,19,0,5,0,21,14,7,2,8,9,0,2,25,1,1,5,121,inf
918,0,2,12,0,2,0,23,7,5,2,14,7,0,4,24,1,0,1,104,inf
919,0,5,8,0,5,0,25,9,3,1,11,4,0,0,11,2,0,2,86,inf
