MOVIMENTO 5 STELLE,AZIONE - ITALIA VIVA - CALENDA,FRATELLI D'ITALIA CON GIORGIA,FORZA ITALIA,NOI MODERATI/LUPI - TOTI - BRU,LEGA PER SALVINI PREMIER,ITALEXIT PER L'ITALIA,ITALIA SOVRANA E POPOLARE,+EUROPA,PARTITO DEMOCRATICO - ITALIA D,ALLEANZA VERDI E SINISTRA,IMPEGNO CIVICO LUIGI DI MAIO -,VITA,UNIONE POPOLARE CON DE MAGISTR,TOTALE,SEZIONE,AFFLUENZA
58,85,76,30,1,13,7,8,51,197,70,1,7,21,625,1,0.7126567844925884
36,42,44,20,1,20,6,6,38,115,53,0,6,15,402,2,0.5946745562130178
39,77,79,31,1,21,10,9,39,135,51,2,3,18,515,3,0.6723237597911227
52,138,137,39,8,29,6,10,46,153,70,2,5,19,714,4,0.7204843592330978
42,50,57,19,3,12,7,14,38,123,54,3,5,13,440,5,0.5548549810844893
40,118,97,31,2,11,6,4,34,100,26,2,1,4,476,6,0.7115097159940209
44,88,108,22,3,13,8,6,48,175,54,1,2,11,583,7,0.694047619047619
6,9,13,6,0,1,3,2,1,19,2,0,0,1,63,8,0.6774193548387096
41,160,156,45,4,15,5,7,35,154,36,0,0,15,673,9,0.6988577362409139
40,99,93,27,4,18,8,4,34,153,39,1,5,16,541,10,0.709043250327654
27,94,86,31,4,11,6,4,38,133,48,1,5,4,492,11,0.6776859504132231
33,87,112,26,3,19,4,12,44,102,30,2,2,3,479,12,0.5675355450236966
26,170,223,45,2,22,8,6,30,128,25,3,4,3,695,13,0.7006048387096774
30,140,112,40,4,22,5,4,45,122,39,2,0,4,569,14,0.6896969696969697
19,92,103,28,3,11,7,7,27,139,34,1,4,8,483,15,0.6949640287769784
40,142,140,53,2,26,9,9,26,118,48,1,3,7,624,16,0.6895027624309392
53,28,52,13,3,16,7,12,30,121,38,1,4,5,383,17,0.5856269113149847
45,95,80,26,9,18,11,7,50,155,65,2,2,12,577,18,0.6977025392986699
40,45,71,19,1,12,10,2,25,97,23,3,8,16,372,19,0.6138613861386139
42,84,103,18,3,19,9,7,57,159,82,0,1,22,606,20,0.7180094786729858
34,43,54,9,1,11,5,6,23,107,26,1,2,6,328,21,0.5996343692870201
43,59,109,25,8,17,8,7,48,146,48,1,7,8,534,22,0.7017082785808147
42,87,83,37,1,8,7,7,49,142,37,3,3,16,522,23,0.6932270916334662
26,90,111,29,6,19,13,8,43,171,56,2,1,15,590,24,0.7347447073474471
54,76,90,18,0,29,7,5,50,210,54,3,5,6,607,25,0.675194660734149
34,82,51,11,1,6,7,10,31,94,31,2,1,18,379,26,0.6602787456445993
28,62,86,29,1,11,1,6,41,118,42,0,3,10,438,27,0.6865203761755486
36,57,76,26,2,13,3,7,44,148,51,6,4,16,489,28,0.6810584958217271
33,110,86,21,3,16,11,4,37,135,52,1,3,7,519,29,0.6938502673796791
27,135,79,34,4,14,11,6,34,121,59,0,2,10,536,30,0.7302452316076294
29,113,79,37,2,21,4,13,37,150,52,0,2,10,549,31,0.6879699248120301
48,87,75,21,2,11,13,8,36,184,66,0,4,13,568,32,0.7135678391959799
36,71,63,16,1,16,8,15,40,141,56,0,3,10,476,33,0.6520547945205479
33,88,97,27,10,17,6,7,41,149,53,2,5,7,542,34,0.6741293532338308
0,0,129,24,3,10,0,0,34,71,21,5,0,0,297,35,0.5201401050788091
32,136,143,41,9,23,5,8,42,167,42,0,5,6,659,36,0.756601607347876
32,148,106,28,9,12,3,5,51,137,20,2,5,7,565,37,0.7225063938618926
20,113,100,27,3,11,2,4,36,112,24,1,0,4,457,38,0.7667785234899329
16,138,113,42,2,17,10,3,38,132,25,1,4,7,548,39,0.7435549525101763
33,102,101,29,1,17,3,4,30,105,25,1,4,8,463,40,0.7396166134185304
33,70,52,13,3,12,8,5,55,100,45,1,1,8,406,41,0.6403785488958991
29,97,83,27,2,7,9,7,21,108,34,2,2,7,435,42,0.6541353383458647
34,65,73,16,3,23,8,3,28,140,36,2,3,7,441,43,0.6533333333333333
38,102,103,23,6,17,9,9,45,185,57,4,4,5,607,44,0.6290155440414508
26,80,52,30,6,12,4,7,28,101,30,2,4,7,389,45,0.6264090177133655
45,65,83,17,3,16,2,5,49,123,45,0,3,11,467,46,0.6605374823196606
40,106,75,23,0,16,9,7,47,127,38,1,0,5,494,47,0.6957746478873239
33,93,81,23,1,24,7,6,36,114,12,0,5,11,446,48,0.6510948905109489
25,150,118,31,6,15,10,6,44,143,30,2,8,4,592,49,0.7474747474747475
24,184,140,46,5,19,7,8,34,91,20,2,1,8,589,50,0.7699346405228759
13,201,168,44,4,23,6,4,32,94,21,0,2,10,622,51,0.7369668246445498
12,178,117,42,6,21,6,7,36,125,29,0,2,9,590,52,0.7642487046632125
25,126,129,29,4,17,4,6,28,148,21,0,4,5,546,53,0.7212681638044914
23,94,97,22,6,25,8,9,37,121,18,3,2,2,467,54,0.7022556390977444
39,107,87,28,4,16,8,7,38,157,32,5,3,8,539,55,0.6848792884371029
22,87,100,31,1,13,11,4,20,89,18,2,2,3,403,56,0.7170818505338078
26,117,86,29,3,20,4,8,34,142,31,0,3,4,507,57,0.6823687752355316
33,113,87,23,6,15,4,4,36,164,31,2,1,8,527,58,0.7209302325581395
42,108,106,24,3,16,5,9,31,151,28,0,1,10,534,59,0.6962190352020861
35,117,85,25,8,28,5,8,48,172,32,2,1,5,571,60,0.7283163265306123
47,50,74,17,0,14,2,4,33,115,22,1,2,9,390,61,0.6770833333333334
40,73,76,22,4,17,13,9,24,134,24,2,0,9,447,62,0.6855828220858896
22,87,120,30,14,23,5,5,31,129,14,1,4,0,485,63,0.7271364317841079
30,79,110,27,4,21,13,6,32,143,38,3,3,7,516,64,0.7196652719665272
23,179,150,41,6,20,8,6,22,141,30,0,1,5,632,65,0.7444051825677267
35,92,81,24,3,19,10,7,35,139,24,2,2,11,484,66,0.7065693430656934
39,73,91,17,2,21,5,9,26,129,31,3,4,7,457,67,0.6491477272727273
23,120,124,30,11,10,1,5,28,111,20,1,3,1,488,68,0.7484662576687117
20,173,145,50,9,10,4,1,39,123,12,2,4,2,594,69,0.7785058977719528
26,150,119,38,4,16,1,4,39,107,20,1,1,4,530,70,0.748587570621469
30,114,117,23,5,21,10,4,43,154,30,0,4,3,558,71,0.7227979274611399
33,84,86,21,0,15,4,4,39,112,37,1,6,8,450,72,0.6598240469208211
30,102,85,19,3,9,1,2,26,150,24,0,2,8,461,73,0.7594728171334432
19,104,96,21,3,10,3,4,27,104,24,0,0,8,423,74,0.6497695852534562
24,61,60,17,5,16,4,4,20,85,15,1,2,2,316,75,0.7297921478060047
45,56,102,16,0,27,0,6,26,88,16,0,2,5,389,76,0.5957120980091883
46,53,78,20,2,11,11,7,20,99,30,1,5,3,386,77,0.5993788819875776
48,21,41,20,0,21,3,3,13,56,11,3,1,5,246,78,0.40931780366056575
24,93,89,21,1,30,10,0,30,145,25,1,1,3,473,79,0.6955882352941176
14,119,84,31,5,21,7,1,27,124,26,1,2,5,467,80,0.6837481698389458
29,61,70,24,1,9,9,7,22,107,22,0,0,3,364,81,0.6594202898550725
61,13,80,31,1,15,2,5,10,41,10,3,0,10,282,82,0.15359477124183007
47,51,66,20,4,18,4,3,19,100,19,2,2,8,363,84,0.6447602131438721
41,52,66,19,2,18,12,8,24,89,20,0,7,8,366,85,0.6421052631578947
39,57,106,30,3,23,8,7,37,104,29,3,7,10,463,86,0.6869436201780416
69,61,78,17,5,28,9,4,26,152,21,3,5,8,486,87,0.6488651535380507
50,43,120,27,3,26,6,5,23,108,33,2,4,6,456,88,0.5588235294117647
80,45,97,27,0,27,10,7,19,104,30,3,0,5,454,89,0.6185286103542235
50,43,71,22,2,17,5,8,15,90,26,2,4,2,357,90,0.5900826446280992
48,50,53,18,3,25,5,3,22,95,25,2,3,4,356,91,0.6180555555555556
47,33,78,4,29,19,5,10,105,27,1,23,5,8,394,92,0.6108527131782946
48,12,58,11,0,16,7,3,12,63,13,1,1,2,247,93,0.4616822429906542
59,49,103,37,3,29,14,3,23,112,30,2,5,13,482,94,0.6227390180878553
57,74,136,32,3,29,10,9,33,134,29,2,1,11,560,95,0.6706586826347305
56,52,100,22,6,24,7,9,19,129,18,4,6,8,460,96,0.6141522029372497
57,61,114,21,7,33,3,6,25,103,17,2,2,8,459,97,0.6253405994550408
36,37,85,38,1,28,10,3,24,122,18,2,6,7,417,98,0.6289592760180995
48,54,105,34,2,25,7,4,23,105,7,1,4,5,424,99,0.6048502139800286
52,42,113,35,1,28,19,5,20,124,22,2,2,9,474,100,0.6286472148541115
50,51,89,32,2,21,8,6,14,126,22,5,3,5,434,101,0.6147308781869688
59,32,103,30,3,31,4,8,19,95,27,3,5,4,423,102,0.6148255813953488
42,40,78,25,4,22,3,6,33,118,28,2,2,7,410,103,0.5710306406685237
56,46,106,23,4,25,11,6,24,113,25,4,4,7,454,104,0.5934640522875817
50,50,96,13,0,27,13,8,22,114,25,3,1,8,430,105,0.5470737913486005
40,33,66,28,2,28,11,14,17,132,28,2,1,7,409,106,0.6390625
35,35,82,28,2,34,8,6,17,123,19,0,6,3,398,107,0.5852941176470589
50,51,104,20,5,31,17,13,27,139,38,5,4,13,517,108,0.6266666666666667
47,39,92,22,0,28,3,5,16,97,19,2,1,5,376,109,0.5046979865771812
39,27,67,14,4,19,11,1,10,58,13,4,5,4,276,110,0.5575757575757576
45,47,103,31,2,40,3,6,19,140,27,4,1,4,472,111,0.5959595959595959
47,40,103,29,1,25,9,4,15,125,28,0,6,2,434,112,0.6156028368794326
40,53,58,22,4,30,9,7,21,130,20,1,2,7,404,113,0.6186830015313936
31,73,92,38,4,24,6,10,41,143,23,1,3,2,491,114,0.6254777070063694
57,77,74,28,1,29,18,8,19,138,15,3,2,5,474,115,0.6431478968792401
54,55,118,39,4,42,16,10,18,142,26,1,3,14,542,116,0.6152099886492622
62,46,90,22,5,15,12,7,22,128,21,1,6,1,438,117,0.6143057503506312
31,52,87,24,6,22,5,4,13,109,22,1,8,5,389,118,0.6626916524701874
38,62,88,22,4,30,7,13,27,170,35,1,0,8,505,119,0.6541450777202072
36,41,74,10,3,19,10,12,20,110,21,0,1,5,362,120,0.6135593220338983
62,32,64,18,2,25,8,4,13,110,23,1,4,5,371,121,0.5805946791862285
41,40,85,15,2,24,13,6,20,90,16,2,2,5,361,122,0.6245674740484429
60,28,74,29,2,24,6,13,20,110,22,1,3,6,398,123,0.5852941176470589
47,38,101,14,1,38,12,8,17,99,22,3,2,7,409,124,0.5962099125364432
51,44,82,24,1,26,10,15,25,113,32,2,4,6,435,125,0.6286127167630058
46,23,80,19,1,25,16,8,14,96,16,5,3,6,358,126,0.5821138211382114
41,21,62,19,1,24,8,3,15,104,20,2,1,7,328,127,0.5421487603305785
48,17,70,14,5,20,8,7,22,109,23,1,1,4,349,128,0.6090750436300174
56,42,86,23,3,21,8,6,30,131,22,5,1,7,441,129,0.6363636363636364
55,61,116,28,2,27,8,10,24,165,39,0,2,5,542,130,0.7084967320261438
58,48,80,16,2,17,3,5,27,117,31,1,3,2,410,131,0.586552217453505
60,38,111,26,0,27,16,8,23,120,20,0,4,5,458,132,0.5612745098039216
70,38,142,33,2,31,12,8,31,154,13,1,8,12,555,133,0.5961331901181526
69,33,96,29,1,20,7,7,24,99,31,4,4,4,428,134,0.6158273381294964
62,53,117,23,0,25,5,11,19,141,18,1,5,1,481,135,0.6553133514986376
72,42,95,27,0,42,8,8,24,169,14,0,6,9,516,136,0.6870838881491345
83,52,136,23,3,35,14,2,37,191,34,7,3,8,628,137,0.6548488008342023
54,44,100,30,3,32,9,4,24,116,16,4,0,2,438,138,0.6431718061674009
66,47,113,32,0,25,13,14,24,129,36,3,3,9,514,139,0.6871657754010695
106,77,148,19,4,43,10,13,38,170,30,4,7,7,676,140,0.6575875486381323
80,55,115,35,6,40,16,3,27,148,25,1,8,4,563,141,0.6166484118291348
51,31,80,32,0,19,16,5,11,125,28,0,1,8,407,142,0.5915697674418605
75,43,104,28,0,50,6,1,15,97,20,0,7,5,451,143,0.6442857142857142
43,26,93,21,3,35,6,9,27,84,23,0,1,8,379,144,0.5848765432098766
49,50,89,28,0,28,5,6,17,89,18,1,3,1,384,145,0.6095238095238096
47,32,86,31,5,25,11,5,13,130,25,1,3,9,423,146,0.6103896103896104
57,46,97,39,0,23,10,2,20,122,28,2,1,4,451,147,0.6352112676056338
78,52,107,14,4,26,12,7,45,138,35,2,5,10,535,148,0.6540342298288508
38,71,129,30,3,27,10,0,23,127,10,1,3,2,474,149,0.6556016597510373
63,37,102,29,3,24,6,12,19,162,26,1,4,6,494,150,0.6292993630573248
59,48,96,28,1,29,6,6,21,94,29,2,4,5,428,151,0.6378539493293591
68,41,106,35,0,34,2,9,22,138,25,4,5,14,503,152,0.6256218905472637
52,41,77,20,1,38,9,6,25,99,26,1,3,6,404,153,0.5452091767881242
70,31,111,13,0,37,4,3,29,107,23,2,4,5,439,154,0.5924426450742241
41,48,126,34,2,29,15,12,25,114,33,2,1,11,493,155,0.6707482993197279
47,28,83,22,0,26,9,8,19,109,25,0,1,3,380,156,0.6199021207177814
62,58,100,30,3,33,14,4,28,168,17,3,3,13,536,157,0.6022471910112359
37,61,95,19,3,37,6,7,21,141,29,1,6,1,464,158,0.6471408647140865
50,29,74,28,0,28,9,12,22,72,26,2,7,10,369,159,0.582018927444795
36,56,83,24,1,25,12,9,30,143,26,1,12,6,464,160,0.7261345852895149
41,51,97,24,4,25,3,3,16,130,27,0,9,4,434,161,0.6666666666666666
50,55,84,18,3,37,11,4,21,107,24,1,1,11,427,162,0.6479514415781487
77,29,65,22,1,33,10,9,14,71,9,4,5,6,355,163,0.5461538461538461
51,42,75,30,8,30,8,4,17,84,16,3,3,5,376,164,0.5288326300984529
44,6,47,17,1,43,6,12,5,40,11,6,3,4,245,165,0.4188034188034188
62,32,75,21,5,48,7,4,24,123,21,1,8,3,434,166,0.6191155492154066
59,30,100,28,1,34,11,6,11,98,10,3,8,8,407,167,0.5621546961325967
50,41,86,26,1,44,7,17,22,142,32,1,7,1,477,168,0.6015132408575031
55,8,44,17,1,30,3,1,9,45,13,1,5,1,233,169,0.3675078864353312
63,21,97,18,2,38,7,6,20,88,22,0,3,1,386,170,0.6117274167987322
64,30,81,14,3,23,10,8,24,85,20,5,0,8,375,171,0.6208609271523179
41,27,62,17,0,29,15,7,13,88,15,1,2,3,320,172,0.5653710247349824
30,11,69,15,1,26,14,1,13,56,12,1,2,6,257,173,0.5059055118110236
95,83,153,40,2,42,10,8,31,170,27,2,8,11,682,174,0.6482889733840305
41,69,102,25,3,20,14,9,27,168,27,0,5,13,523,175,0.7314685314685314
45,43,83,20,4,30,5,2,13,79,15,1,1,9,350,176,0.5691056910569106
81,54,125,27,2,40,7,14,23,175,35,2,6,7,598,177,0.7093712930011863
41,81,71,20,5,23,15,6,21,131,23,3,1,6,447,178,0.6612426035502958
50,26,68,20,0,27,13,10,19,70,20,0,2,7,332,179,0.5329052969502408
74,36,89,27,2,38,14,8,16,156,46,8,5,7,526,180,0.6813471502590673
53,16,64,18,5,28,5,5,14,94,19,2,3,5,331,181,0.46554149085794655
60,77,79,25,3,28,11,9,21,153,14,5,2,4,491,182,0.6426701570680629
32,73,91,20,3,20,8,7,20,163,15,2,6,4,464,183,0.7193798449612403
27,56,76,11,3,24,4,4,29,153,24,1,3,1,416,184,0.7111111111111111
54,71,74,15,3,18,2,6,19,168,29,1,2,4,466,185,0.6445366528354081
48,68,82,18,1,20,6,10,16,162,29,1,3,10,474,186,0.6629370629370629
52,50,92,34,2,27,10,12,21,151,24,2,10,6,493,187,0.7042857142857143
49,31,107,17,3,35,13,2,12,93,26,4,4,3,399,188,0.6234375
60,25,100,19,1,19,6,5,13,97,16,1,3,6,371,189,0.5907643312101911
59,21,134,29,2,31,13,6,13,65,12,2,2,4,393,190,0.4918648310387985
0,0,129,20,0,28,0,0,17,127,28,1,0,0,350,191,0.4827586206896552
38,41,80,25,10,23,12,3,37,146,63,1,6,11,496,635,0.7126436781609196
52,44,61,21,4,18,16,9,43,121,62,3,3,21,478,636,0.6232073011734028
32,66,50,19,2,16,9,10,42,174,56,4,3,13,496,637,0.7167630057803468
50,51,47,17,2,16,3,4,39,144,57,1,5,16,452,638,0.6569767441860465
40,23,45,12,2,26,2,8,34,86,70,2,3,19,372,639,0.6220735785953178
25,28,61,20,4,24,7,9,23,76,59,0,6,25,367,640,0.6241496598639455
25,40,64,13,3,15,6,5,17,92,40,0,6,7,333,641,0.6391554702495201
38,31,74,23,3,20,5,10,43,120,57,0,4,12,440,642,0.6528189910979229
33,32,57,17,3,21,5,4,35,106,73,2,2,21,411,643,0.6401869158878505
42,44,70,30,6,13,5,7,38,103,43,1,12,13,427,644,0.6692789968652038
34,33,54,14,1,21,7,6,39,96,59,0,3,9,376,645,0.6277128547579299
46,54,56,21,3,20,10,4,25,151,47,2,1,15,455,646,0.6760772659732541
33,43,62,26,4,27,6,5,25,145,58,3,2,8,447,647,0.6834862385321101
38,45,97,22,2,29,14,6,45,143,65,0,3,18,527,648,0.6579275905118602
47,26,49,21,2,19,1,7,19,69,73,1,2,17,353,649,0.6269982238010657
54,23,64,10,0,32,7,9,17,72,61,1,2,17,369,650,0.5286532951289399
42,21,44,15,0,18,6,12,33,86,81,2,4,23,387,651,0.548936170212766
48,13,45,11,0,17,5,6,30,72,70,3,2,27,349,652,0.5453125
3,41,13,8,2,5,1,1,2,60,3,1,0,0,140,653,0.6334841628959276
1,45,2,6,7,3,0,1,0,76,1,1,1,1,145,654,0.4588607594936709
43,17,59,15,1,18,6,5,9,31,4,3,3,3,217,655,0.550761421319797
34,19,55,19,4,15,2,10,12,66,14,1,3,3,257,656,0.46557971014492755
50,36,68,18,2,29,4,14,22,121,47,2,3,7,423,657,0.6229749631811488
53,19,47,16,1,17,5,4,22,60,38,1,2,12,297,658,0.5120689655172413
57,41,110,39,1,34,13,12,31,116,42,0,5,16,517,659,0.5861678004535147
77,36,116,31,2,53,14,15,34,25,136,4,0,13,556,660,0.6063249727371864
51,28,86,24,1,28,13,7,24,116,28,4,6,10,426,661,0.5827633378932968
41,42,53,25,2,33,10,6,36,122,53,2,6,17,448,662,0.7021943573667712
37,58,79,24,3,21,10,9,26,115,35,0,3,10,430,663,0.7119205298013245
45,50,69,22,3,16,11,12,53,128,61,3,4,19,496,664,0.691771269177127
51,44,58,14,2,17,10,7,33,138,54,3,8,18,457,665,0.6780415430267063
44,34,60,9,1,14,4,3,34,104,55,0,2,9,373,666,0.5642965204236006
51,47,79,18,3,31,10,8,35,128,74,2,4,13,503,667,0.6448717948717949
62,26,51,17,4,28,7,3,25,104,39,2,3,13,384,668,0.5862595419847328
47,32,94,30,1,29,12,7,24,111,71,0,2,22,482,669,0.6308900523560209
62,34,94,25,2,37,13,11,30,115,68,1,5,27,524,670,0.6164705882352941
54,58,81,17,4,24,14,7,30,174,59,1,6,21,550,671,0.5978260869565217
53,22,70,14,1,29,6,7,36,126,66,1,2,18,451,672,0.5872395833333334
40,53,85,16,3,19,5,8,25,94,44,0,2,15,409,673,0.6159638554216867
39,37,85,18,2,24,5,7,23,102,40,0,9,10,401,674,0.6478190630048465
33,82,90,29,4,26,9,5,32,150,39,4,4,4,511,675,0.7107093184979137
53,52,125,36,1,38,8,5,31,173,54,3,5,10,594,676,0.611740473738414
46,36,69,20,1,29,3,3,25,81,46,2,2,9,372,677,0.5679389312977099
83,44,103,18,3,35,5,10,32,152,56,0,4,18,563,678,0.6354401805869074
51,58,91,23,3,26,10,11,26,143,37,4,3,12,498,679,0.7023977433004231
63,25,98,25,1,35,8,4,25,103,33,0,5,5,430,680,0.603085553997195
48,29,89,21,1,37,12,3,28,135,26,4,5,6,444,681,0.6333808844507846
50,46,87,26,4,20,8,7,17,144,41,0,3,9,462,682,0.638121546961326
45,34,61,23,0,25,8,6,24,126,36,0,2,7,397,683,0.5898959881129272
56,49,68,31,9,22,7,5,28,126,26,2,5,7,441,684,0.6185133239831697
48,29,81,23,1,46,5,9,30,125,50,2,1,12,462,685,0.616
55,50,103,28,0,36,12,14,23,109,51,2,3,20,506,686,0.6388888888888888
48,59,99,19,1,31,9,11,47,144,88,3,3,18,580,687,0.6401766004415012
58,35,60,13,3,36,5,5,42,129,78,1,3,18,486,688,0.6246786632390745
44,21,57,17,1,20,7,6,35,86,73,1,1,16,385,689,0.559593023255814
32,30,69,20,1,38,7,10,47,110,76,1,5,26,472,690,0.6194225721784777
66,15,97,13,0,28,8,14,21,85,22,1,4,12,386,691,0.5398601398601398
34,15,52,23,1,24,4,4,14,58,9,2,1,10,251,692,0.5040160642570282
38,23,67,26,2,35,7,3,17,69,32,0,6,9,334,693,0.5107033639143731
54,14,78,38,1,34,4,1,2,61,16,3,1,6,313,694,0.42585034013605444
59,12,81,20,1,36,11,14,9,58,19,1,2,9,332,695,0.5286624203821656
35,17,48,22,2,23,3,4,13,73,41,1,5,11,298,696,0.4591679506933744
46,17,91,16,1,39,5,2,11,71,19,1,1,13,333,697,0.5091743119266054
50,25,110,22,1,30,4,4,23,83,28,2,8,26,416,698,0.538860103626943
46,34,92,18,0,31,5,9,21,101,34,3,7,10,411,699,0.5930735930735931
52,24,67,20,1,29,7,5,17,87,27,1,5,5,347,700,0.5413416536661466
52,13,70,20,1,37,7,0,13,67,27,1,1,15,324,701,0.5320197044334976
96,23,107,29,1,38,9,7,27,115,31,1,7,5,496,702,0.5232067510548524
54,25,80,20,4,32,6,6,25,97,28,2,3,6,388,703,0.5782414307004471
38,18,54,14,3,32,5,5,18,94,39,1,0,14,335,704,0.5785837651122625
35,24,59,21,1,22,8,6,16,48,31,2,1,19,293,705,0.549718574108818
33,12,37,11,1,13,4,3,7,37,19,0,1,13,191,706,0.47044334975369456
48,14,56,21,2,25,6,10,29,82,54,1,2,8,358,707,0.5783521809369951
25,5,16,4,0,6,2,2,5,4,5,0,1,1,76,708,0.18181818181818182
34,47,53,12,1,14,8,2,19,80,46,0,4,10,330,709,0.6309751434034416
21,41,76,22,6,13,9,7,38,106,39,2,2,2,384,710,0.679646017699115
31,36,75,11,6,14,9,10,27,111,33,5,2,7,377,711,0.7086466165413534
29,52,89,19,1,16,3,4,11,81,40,1,0,3,349,712,0.7064777327935222
67,57,105,24,0,27,8,8,27,169,22,1,6,11,532,713,0.672566371681416
91,69,126,30,3,44,10,9,49,175,40,5,9,18,678,714,0.6348314606741573
25,43,77,21,5,15,6,5,12,90,27,2,3,7,338,715,0.6462715105162524
14,58,50,23,5,11,1,8,14,92,17,0,5,2,300,716,0.6818181818181818
12,69,63,26,0,16,3,2,20,74,30,0,6,1,322,717,0.7368421052631579
10,50,69,19,1,9,5,2,18,92,10,0,3,4,292,718,0.6697247706422018
20,83,90,22,3,12,9,5,35,95,31,0,5,7,417,719,0.7433155080213903
19,63,82,26,3,24,7,8,26,107,39,0,2,8,414,720,0.7016949152542373
13,33,36,11,0,17,2,6,12,42,24,0,1,3,200,721,0.7518796992481203
38,84,93,29,3,17,6,11,46,119,52,1,8,5,512,722,0.6975476839237057
21,79,119,30,2,14,4,1,28,89,12,3,4,6,412,723,0.7383512544802867
44,36,69,16,0,14,5,3,32,124,63,0,1,14,421,724,0.6075036075036075
34,33,63,12,1,17,6,7,35,75,58,1,1,9,352,725,0.5517241379310345
35,36,52,10,2,7,3,7,34,84,66,1,2,11,350,726,0.6076388888888888
42,46,52,11,2,15,5,3,32,128,60,2,1,13,412,727,0.6655896607431341
30,27,41,7,0,9,2,6,31,72,62,0,3,11,301,728,0.5657894736842105
44,43,61,16,2,28,7,9,35,120,63,0,1,15,444,729,0.6481751824817519
35,49,68,19,3,27,9,9,40,122,67,3,7,21,479,730,0.6534788540245566
36,68,68,18,3,14,5,12,25,117,54,0,2,12,434,731,0.6605783866057838
41,55,79,19,5,26,6,7,42,159,64,3,0,12,518,732,0.6851851851851852
36,88,86,37,3,20,6,8,44,127,50,1,6,11,523,733,0.6908850726552179
17,87,102,13,8,19,5,4,42,123,62,1,3,5,491,734,0.6905766526019691
30,103,92,26,5,14,8,6,41,139,44,0,4,2,514,735,0.6754270696452037
29,125,113,43,4,16,5,3,24,107,27,1,0,6,503,736,0.6540962288686606
24,94,89,28,2,14,10,6,67,152,49,0,2,9,546,737,0.6816479400749064
26,98,82,32,7,20,10,11,52,184,40,2,6,8,578,738,0.7655629139072848
27,91,100,41,3,12,8,8,39,134,34,0,4,2,503,739,0.6797297297297298
25,88,82,19,1,15,4,7,52,128,52,0,3,12,488,740,0.7082728592162555
6,2,7,8,0,3,1,1,0,11,3,1,0,1,44,741,0.25287356321839083
33,158,127,27,4,19,7,2,43,134,28,0,2,1,585,743,0.7358490566037735
19,176,131,42,5,16,11,5,32,135,32,1,3,4,612,744,0.7472527472527473
27,44,43,17,3,11,2,4,35,108,27,1,0,11,333,745,0.6121323529411765
41,57,50,15,6,9,9,9,29,150,90,1,4,25,495,746,0.7432432432432432
45,105,90,16,2,20,13,9,62,185,58,4,7,13,629,747,0.6642027455121436
43,38,71,19,1,14,7,10,37,130,80,3,4,22,479,748,0.6952104499274311
56,65,81,22,3,16,9,10,27,142,45,1,1,9,487,749,0.7099125364431487
41,38,65,15,6,10,2,3,49,130,71,1,6,13,450,750,0.6437768240343348
48,63,83,18,5,24,8,9,48,156,53,3,5,8,531,751,0.6444174757281553
51,80,90,28,1,17,5,2,54,132,58,0,6,13,537,752,0.7237196765498652
31,45,42,36,3,15,13,6,40,108,44,2,4,13,402,753,0.674496644295302
34,83,74,17,4,14,15,7,40,144,44,2,10,11,499,754,0.6548556430446194
56,51,59,12,4,19,2,4,41,136,64,1,2,14,465,755,0.667144906743185
56,37,87,18,1,24,6,3,49,123,67,0,6,11,488,756,0.6567967698519516
43,46,64,22,1,20,9,5,36,135,31,1,5,11,429,757,0.6661490683229814
46,42,37,19,1,17,7,10,29,96,46,0,1,16,367,758,0.6116666666666667
45,46,50,14,1,16,12,6,42,113,50,1,1,10,407,759,0.5950292397660819
42,166,124,42,2,22,9,8,66,202,59,0,1,9,752,760,0.735812133072407
38,63,120,31,4,50,10,2,46,211,58,1,3,6,643,761,0.6754201680672269
43,100,140,31,6,36,14,1,46,222,32,5,7,9,692,762,0.6738072054527751
33,49,52,8,1,10,5,10,28,114,41,2,4,7,364,763,0.6442477876106195
26,83,106,18,5,21,9,13,39,146,50,3,6,11,536,764,0.6403823178016727
49,54,87,21,3,18,3,8,48,136,54,2,3,10,496,765,0.6424870466321243
32,134,131,23,5,22,5,6,50,165,44,2,1,7,627,766,0.6677316293929713
53,29,56,12,6,23,11,3,30,125,36,2,3,7,396,767,0.6470588235294118
35,42,82,23,2,26,5,6,33,114,34,0,1,6,409,768,0.6321483771251932
41,30,63,27,2,19,10,8,44,126,38,5,2,8,423,769,0.7026578073089701
21,108,93,27,6,18,4,3,48,140,28,4,2,8,510,770,0.6827309236947792
29,105,109,31,6,18,15,4,38,114,18,1,5,7,500,771,0.648508430609598
27,90,114,29,4,24,6,9,33,131,41,2,3,9,522,772,0.6484472049689441
28,57,93,22,1,21,6,8,30,100,31,0,5,6,408,773,0.6496815286624203
39,152,127,44,6,22,13,6,53,140,46,3,3,9,663,774,0.7015873015873015
11,103,78,28,1,10,6,2,17,100,20,0,3,3,382,775,0.7234848484848485
2,74,63,9,6,4,1,2,13,45,19,0,2,1,241,776,0.7237237237237237
16,49,40,11,2,6,2,1,9,46,8,0,0,2,192,777,0.7529411764705882
10,89,66,35,2,6,1,1,20,64,6,1,2,3,306,778,0.5964912280701754
7,119,121,45,6,22,7,1,23,76,9,0,1,3,440,779,0.6973058637083994
26,132,139,35,4,23,5,4,46,102,23,1,3,2,545,780,0.744535519125683
13,100,76,25,10,18,1,6,19,83,17,0,4,6,378,781,0.6885245901639344
15,92,105,21,3,11,1,6,14,67,25,1,1,3,365,782,0.7733050847457628
4,57,55,5,1,5,2,2,9,43,13,1,1,1,199,783,0.7158273381294964
34,68,70,14,4,19,4,2,31,125,39,3,4,7,424,784,0.6762360446570973
31,122,114,35,3,14,13,4,47,106,41,0,5,8,543,785,0.7318059299191375
30,82,73,11,4,16,3,8,27,85,32,2,4,4,381,786,0.70817843866171
56,41,107,37,2,23,8,7,20,116,23,0,5,11,456,787,0.6342141863699583
61,36,76,29,1,20,9,2,13,86,12,1,2,4,352,788,0.5742251223491027
55,20,75,14,1,20,3,12,26,114,11,2,10,8,371,789,0.5815047021943573
47,65,120,25,4,35,8,1,13,119,14,1,2,4,458,790,0.6231292517006802
47,24,113,24,2,34,5,6,34,104,20,2,0,9,424,791,0.6031294452347084
73,37,89,28,1,20,9,9,25,95,16,2,4,3,411,792,0.5692520775623269
53,21,73,12,3,27,10,9,18,79,17,2,0,0,324,793,0.5634782608695652
47,17,66,18,1,22,8,0,19,95,13,2,2,2,312,794,0.5407279029462738
46,29,72,21,0,25,10,3,24,82,29,0,6,6,353,795,0.5844370860927153
50,29,65,19,2,19,13,3,14,97,26,0,3,12,352,796,0.5398773006134969
78,23,68,20,3,33,9,6,20,90,35,7,6,5,403,797,0.5909090909090909
44,17,53,25,0,25,9,2,11,73,17,5,4,4,289,798,0.4683954619124797
41,33,71,22,2,20,7,12,15,96,15,1,2,2,339,799,0.5834767641996558
65,28,88,17,3,16,6,4,17,88,12,1,2,5,352,800,0.5799011532125206
38,38,81,17,3,25,6,6,19,117,13,3,2,5,373,801,0.5901898734177216
45,23,76,20,1,19,10,7,17,108,22,1,2,10,361,802,0.6322241681260946
50,32,79,17,2,26,1,6,24,88,19,3,6,8,361,803,0.5091678420310296
54,48,78,14,1,35,10,1,19,115,10,0,2,5,392,804,0.6012269938650306
50,55,127,34,8,26,6,12,29,132,21,2,1,6,509,805,0.6534017971758665
63,33,60,19,2,26,7,1,17,92,21,0,4,9,354,806,0.5851239669421487
68,14,64,23,0,20,5,6,20,82,23,1,2,3,331,807,0.46619718309859154
66,52,126,24,2,32,8,6,29,150,19,5,3,9,531,808,0.6313912009512486
51,44,75,29,3,16,2,8,22,108,14,3,2,6,383,809,0.6012558869701727
51,28,56,30,1,23,10,6,20,85,17,3,7,8,345,810,0.5655737704918032
45,89,95,25,2,20,6,2,34,138,31,1,1,7,496,811,0.6831955922865014
63,36,71,19,1,16,6,7,21,113,22,3,5,7,390,812,0.5855855855855856
36,48,64,23,1,21,4,4,15,100,20,1,3,10,350,813,0.6261180679785331
43,25,60,21,0,18,5,4,45,98,23,1,1,8,352,814,0.5996592844974447
42,81,107,25,1,22,9,10,32,121,35,0,4,5,494,815,0.6693766937669376
58,9,41,18,2,19,6,6,14,34,15,4,2,6,234,816,0.47368421052631576
24,22,57,23,3,27,7,8,18,97,21,0,0,2,309,817,0.5830188679245283
45,30,48,24,1,22,9,5,27,106,23,4,5,10,359,818,0.5689381933438986
50,19,64,34,1,16,6,0,20,96,18,2,3,2,331,819,0.5313001605136437
38,23,60,19,0,25,4,3,23,119,28,2,0,6,350,820,0.5434782608695652
61,32,74,22,2,32,10,6,24,106,28,2,6,6,411,821,0.6026392961876833
50,26,66,22,2,23,6,7,16,70,16,7,3,13,327,822,0.5726795096322241
44,37,83,19,2,25,6,7,16,84,20,2,4,7,356,823,0.5696
35,42,74,25,1,21,3,5,19,111,19,2,1,4,362,824,0.5647425897035881
46,41,68,17,1,27,6,5,34,108,14,0,5,9,381,825,0.627677100494234
48,38,65,16,0,29,14,3,33,90,16,1,8,6,367,826,0.5881410256410257
48,16,59,27,0,23,11,4,14,86,25,2,3,8,326,827,0.5821428571428572
24,79,83,19,3,31,2,0,35,145,24,1,6,3,455,828,0.6967840735068913
58,26,66,23,4,28,9,5,14,76,16,3,4,8,340,829,0.5422647527910686
63,38,87,24,4,22,8,7,23,142,27,2,7,4,458,830,0.6299862448418156
61,26,94,24,0,26,9,4,22,103,13,1,4,4,391,831,0.5835820895522388
35,30,78,15,0,22,8,9,29,105,14,0,1,7,353,832,0.6171328671328671
58,24,74,17,2,27,5,4,14,84,18,1,5,6,339,833,0.5432692307692307
65,19,94,22,1,33,4,7,19,98,20,2,6,8,398,834,0.5558659217877095
60,26,93,23,0,36,14,12,23,109,12,1,6,9,424,835,0.5638297872340425
52,22,66,13,2,27,6,7,16,69,14,2,4,4,304,836,0.5126475548060708
51,29,101,20,2,24,3,5,28,101,18,1,6,3,392,837,0.6251993620414673
54,32,67,24,0,40,7,5,20,78,26,1,3,3,360,838,0.5930807248764415
53,32,74,18,3,33,10,2,17,80,10,2,4,1,339,839,0.5905923344947736
51,10,63,11,0,30,7,9,10,68,26,0,5,2,292,840,0.5387453874538746
78,43,120,30,2,44,12,12,34,181,27,1,11,5,600,841,0.644468313641246
92,51,106,23,0,37,19,8,18,144,32,1,3,9,543,842,0.6306620209059234
79,23,80,26,1,19,7,7,19,99,13,2,2,7,384,843,0.5573294629898403
70,32,86,20,2,42,6,10,21,149,22,3,5,9,477,844,0.5712574850299401
64,50,99,29,1,43,10,11,22,157,19,1,8,9,523,845,0.6378048780487805
49,25,81,23,0,25,7,4,8,95,16,4,5,4,346,846,0.5616883116883117
56,19,92,26,1,33,12,7,16,100,17,2,3,9,393,847,0.5848214285714286
46,51,99,20,2,33,5,4,16,122,21,1,1,4,425,848,0.6609642301710731
47,30,87,26,3,28,10,2,10,88,14,1,2,6,354,849,0.6167247386759582
50,37,100,23,4,43,9,4,16,118,16,5,6,8,439,850,0.634393063583815
44,52,94,29,2,48,9,6,22,123,15,1,0,10,455,851,0.6463068181818182
63,45,82,14,2,30,8,6,20,131,18,0,5,11,435,852,0.6463595839524517
58,33,103,25,2,33,9,2,29,118,19,2,1,6,440,853,0.6102635228848821
54,36,87,19,4,34,5,4,15,114,13,7,7,4,403,854,0.6152671755725191
37,54,73,16,3,29,10,3,21,125,20,1,3,7,402,855,0.6463022508038585
83,43,110,29,1,33,11,13,27,142,37,4,1,2,536,856,0.6232558139534884
56,20,77,26,0,25,9,1,6,113,14,4,5,1,357,857,0.5500770416024653
59,63,121,29,1,31,4,9,26,125,27,1,4,3,503,858,0.6515544041450777
62,57,98,20,0,25,13,4,21,116,24,0,3,3,446,859,0.6454413892908828
69,52,85,36,1,30,5,5,19,150,23,6,4,9,494,860,0.6767123287671233
51,32,83,23,0,40,8,4,10,111,10,5,4,9,390,861,0.5500705218617772
59,36,107,25,2,24,12,6,25,132,21,3,3,10,465,862,0.6868537666174298
55,37,78,29,2,38,3,0,10,124,26,1,3,9,415,863,0.5954088952654233
50,26,70,18,1,32,16,3,12,87,11,4,3,2,335,864,0.5267295597484277
82,47,147,29,2,31,13,8,34,167,22,2,10,5,599,865,0.653217011995638
72,27,68,21,1,33,5,5,18,117,29,1,1,3,401,866,0.6178736517719569
55,14,66,13,0,23,7,9,21,83,32,1,9,9,342,867,0.5796610169491525
35,11,69,16,0,23,9,3,7,55,10,2,0,4,244,868,0.46476190476190476
78,23,62,20,1,23,12,2,15,78,14,0,0,2,330,869,0.5892857142857143
58,12,36,18,1,21,13,3,5,61,13,2,2,7,252,870,0.4315068493150685
66,16,54,25,0,39,9,10,11,77,13,4,4,7,335,871,0.5075757575757576
56,31,95,23,6,41,8,6,20,94,27,1,1,6,415,872,0.5600539811066126
38,16,99,29,0,30,12,5,12,72,9,0,7,4,333,873,0.5467980295566502
55,20,73,15,1,28,4,4,22,68,14,1,3,2,310,874,0.5132450331125827
57,7,48,26,0,27,15,5,11,52,9,2,1,5,265,875,0.41798107255520506
77,58,125,33,1,60,5,7,23,123,17,4,7,7,547,876,0.5932754880694143
44,29,85,19,1,28,6,6,17,101,23,4,3,7,373,877,0.5791925465838509
54,22,96,36,2,41,12,6,13,101,17,1,4,7,412,878,0.6067746686303387
85,30,92,26,1,40,12,16,17,130,14,1,0,4,468,879,0.5486518171160609
82,31,106,32,1,49,10,14,16,123,19,1,7,7,498,880,0.5750577367205543
66,18,109,17,1,22,9,3,4,65,8,2,2,9,335,881,0.4855072463768116
59,18,63,26,1,26,12,5,7,64,4,2,1,3,291,882,0.5521821631878557
55,23,90,26,1,26,9,7,19,85,20,4,3,5,373,883,0.5493372606774669
59,25,69,16,0,28,10,8,12,109,21,1,1,6,365,884,0.553030303030303
63,14,90,22,0,29,10,5,10,95,12,4,4,4,362,885,0.5402985074626866
53,12,54,15,1,31,7,5,5,52,9,3,2,4,253,886,0.41205211726384366
38,14,59,25,2,21,9,4,9,34,7,2,2,3,229,887,0.435361216730038
56,33,86,14,1,43,7,9,14,128,23,0,3,6,423,888,0.6008522727272727
78,30,59,25,1,32,8,4,14,89,14,1,5,5,365,889,0.5391432791728212
50,20,73,14,2,32,5,5,7,92,9,5,3,2,319,890,0.5203915171288744
28,21,97,22,3,34,15,2,11,95,18,1,5,9,361,891,0.5224312590448625
54,19,95,29,1,40,18,3,5,81,6,2,5,9,367,892,0.5303468208092486
66,17,97,27,1,27,10,4,11,85,18,4,3,7,377,893,0.5863141524105754
60,35,85,16,0,32,13,6,15,123,12,2,7,5,411,894,0.6044117647058823
54,54,109,22,2,36,12,4,29,132,31,5,7,12,509,895,0.5974178403755869
75,45,119,20,3,41,10,4,30,122,27,6,5,4,511,896,0.5955710955710956
59,5,73,20,1,25,10,1,10,66,16,1,1,5,293,897,0.47564935064935066
68,8,65,12,1,37,13,2,16,52,12,2,2,5,295,898,0.5393053016453382
63,18,68,26,1,39,4,9,18,76,15,1,8,7,353,899,0.5532915360501567
77,25,80,21,0,45,17,10,17,73,10,2,1,3,381,900,0.5411931818181818
60,13,46,18,0,22,10,2,12,75,20,4,4,4,290,901,0.5025996533795494
54,11,63,24,1,34,7,5,9,63,21,2,0,8,302,902,0.5189003436426117
50,9,58,9,0,35,8,5,10,96,18,5,7,4,314,903,0.5528169014084507
55,17,75,28,4,31,8,6,16,100,17,1,4,12,374,904,0.5582089552238806
45,15,65,20,1,40,13,3,10,74,21,0,0,9,316,905,0.5293132328308208
28,14,44,23,1,24,7,3,8,63,10,1,3,2,231,906,0.4074074074074074
4,7,16,8,0,2,2,0,1,18,1,0,0,0,59,909,
4,4,13,4,0,5,0,0,1,13,5,0,0,2,51,911,
13,11,11,9,1,4,0,0,7,40,12,1,2,2,113,912,
39,56,83,22,4,20,14,6,26,104,40,0,3,10,427,914,0.6810207336523126
5,2,12,2,0,3,0,0,3,7,3,0,0,1,38,916,
10,4,17,4,1,5,3,0,5,12,2,0,1,1,65,918,
2,5,7,5,0,1,0,0,6,10,6,1,0,0,43,919,
57,151,174,39,3,37,15,12,42,203,30,2,5,10,780,83,0.7103825136612022
32,78,74,20,2,12,9,7,55,156,38,1,4,8,496,192,0.7025495750708215
37,82,54,19,4,8,9,10,29,124,41,1,5,13,436,193,0.7504302925989673
39,44,56,11,1,12,2,4,25,110,39,2,1,10,356,194,0.652014652014652
39,95,66,15,4,8,3,4,47,150,38,0,1,3,473,195,0.6955882352941176
43,46,40,16,5,11,10,3,36,134,52,2,3,10,411,196,0.6661264181523501
50,92,92,35,6,22,17,19,42,223,30,2,3,14,647,197,0.7212931995540691
37,84,99,24,2,22,7,8,35,152,39,4,3,13,529,198,0.6713197969543148
21,107,86,35,5,20,10,2,30,153,34,0,4,9,516,199,0.6954177897574124
31,63,65,20,3,17,7,3,25,147,29,0,8,2,420,200,0.7407407407407407
31,70,64,16,4,16,6,1,24,108,32,0,4,6,382,201,0.6761061946902654
59,86,149,31,6,26,11,2,44,202,26,5,3,11,661,202,0.6583665338645418
38,48,104,18,4,17,9,1,34,121,31,0,1,8,434,203,0.6585735963581184
30,82,102,32,8,27,15,6,44,212,49,3,1,16,627,204,0.6822633297062024
49,78,85,27,5,8,5,9,56,166,54,0,2,11,555,205,0.7115384615384616
25,55,78,15,1,18,5,9,29,142,42,3,2,9,433,206,0.6873015873015873
13,56,49,18,4,7,6,3,18,95,15,0,1,5,290,207,0.6170212765957447
35,85,89,26,5,19,11,3,42,167,43,2,3,14,544,208,0.7001287001287001
40,27,58,17,3,29,6,5,17,90,25,3,4,6,330,209,0.5769230769230769
32,33,48,15,0,20,10,6,25,95,25,2,1,7,319,210,0.5696428571428571
40,44,85,24,3,28,23,12,36,102,44,1,3,3,448,211,0.6054054054054054
39,43,77,18,3,24,8,11,16,119,37,0,4,8,407,212,0.6319875776397516
66,38,65,17,2,11,13,5,25,129,30,2,4,4,411,213,0.631336405529954
48,40,87,16,2,24,9,6,30,111,25,2,4,12,416,214,0.5826330532212886
53,74,136,49,6,36,9,6,38,179,27,3,4,8,628,215,0.6759956942949408
55,34,61,17,1,31,13,13,25,90,24,2,3,11,380,216,0.5984251968503937
52,68,106,25,3,38,6,1,49,120,32,0,5,16,521,217,0.6713917525773195
56,57,129,30,3,32,19,12,27,179,42,0,7,9,602,218,0.6622662266226622
41,25,60,24,0,20,10,8,26,79,40,1,2,12,348,219,0.5603864734299517
62,31,65,21,0,29,7,1,28,114,37,4,0,7,406,220,0.6041666666666666
55,36,74,23,1,26,7,10,21,94,16,4,1,11,379,221,0.5996835443037974
44,12,56,13,0,24,4,9,15,77,25,1,1,6,287,222,0.4791318864774624
55,29,66,15,2,22,9,5,17,74,21,1,2,6,324,223,0.5595854922279793
67,41,68,18,2,26,9,8,30,113,32,1,3,6,424,224,0.613603473227207
45,35,69,22,2,17,8,11,14,89,35,4,2,6,359,225,0.5626959247648903
31,55,72,16,5,12,6,6,24,101,19,1,2,4,354,226,0.6378378378378379
39,45,69,21,0,28,8,5,19,122,30,4,4,8,402,227,0.6483870967741936
25,36,74,14,0,13,4,0,26,71,17,1,1,5,287,228,0.6463963963963963
26,14,21,6,0,20,4,2,12,32,4,2,3,10,156,229,0.5148514851485149
55,48,116,18,0,29,4,5,37,128,47,5,2,8,502,230,0.5737142857142857
57,71,81,22,22,1,9,10,41,147,43,4,4,5,517,231,0.6430348258706468
72,40,82,20,0,33,5,10,23,121,27,2,2,8,445,232,0.5771725032425421
46,18,92,13,0,21,13,9,23,70,20,1,1,4,331,233,0.5746527777777778
37,31,68,15,1,23,3,6,22,68,16,4,4,10,308,234,0.5923076923076923
57,19,69,22,0,17,4,3,28,94,20,2,5,7,347,235,0.5354938271604939
46,36,60,11,0,16,2,11,33,102,31,1,4,4,357,236,0.6
49,18,74,12,1,19,4,5,16,61,22,1,2,3,287,237,0.5088652482269503
53,37,59,20,1,22,8,9,30,112,27,0,9,11,398,238,0.629746835443038
38,21,55,14,1,21,5,4,18,83,26,1,2,8,297,239,0.5341726618705036
25,25,67,22,2,25,5,0,18,82,29,1,2,7,310,240,0.5595667870036101
47,34,71,15,3,17,9,5,23,110,17,1,4,5,361,241,0.6234887737478411
45,36,96,23,4,34,5,8,20,104,17,1,1,7,401,242,0.5985074626865672
49,26,74,18,0,27,4,1,22,94,15,1,0,6,337,243,0.5721561969439728
54,36,108,31,5,33,14,5,21,100,35,2,5,6,455,244,0.625
60,43,80,18,3,20,8,3,33,122,39,1,3,8,441,245,0.5779816513761468
52,44,67,14,1,20,7,5,28,71,34,3,3,1,350,246,0.5376344086021505
37,28,71,19,0,17,7,7,23,88,31,0,2,2,332,247,0.5665529010238908
53,36,84,24,4,33,4,6,20,98,30,1,2,8,403,248,0.5431266846361186
55,49,110,39,3,28,9,5,22,132,22,2,2,6,484,249,0.580335731414868
45,30,89,20,2,20,5,4,29,107,15,3,8,5,382,250,0.5327754532775453
45,30,70,16,1,24,6,5,17,107,19,0,1,7,348,251,0.5264750378214826
54,31,105,20,5,33,8,6,16,107,19,6,2,3,415,252,0.6102941176470589
64,28,92,14,0,34,9,6,18,100,19,4,3,10,401,253,0.5554016620498615
53,38,83,29,0,27,9,2,18,95,25,4,2,7,392,254,0.6144200626959248
64,33,71,30,1,17,13,11,19,114,36,3,3,4,419,255,0.5594125500667557
68,24,72,27,1,25,8,6,10,92,23,4,6,4,370,256,0.504774897680764
81,80,151,27,2,45,14,7,35,171,34,2,3,11,663,257,0.7121374865735768
56,59,119,20,4,28,10,5,18,123,30,3,3,8,486,258,0.5541619156214367
60,40,94,31,2,35,16,11,26,118,38,2,1,5,479,259,0.6086404066073697
54,44,120,37,5,35,10,12,32,120,27,3,6,9,514,260,0.6457286432160804
67,25,69,14,0,28,9,9,23,96,16,2,6,12,376,261,0.6025641025641025
55,58,101,38,2,33,12,8,32,143,39,1,1,3,526,262,0.6406820950060901
58,51,86,23,2,33,7,5,15,112,25,1,4,8,430,263,0.5505761843790012
44,30,123,19,2,32,10,11,25,170,41,5,1,8,521,264,0.6100702576112412
47,48,83,29,2,30,7,15,23,137,35,4,7,11,478,265,0.5793939393939394
51,68,140,22,1,24,4,5,29,139,32,2,2,6,525,266,0.6457564575645757
67,83,140,39,1,43,7,13,6,176,46,24,5,8,658,267,0.6284622731614136
62,53,107,28,3,28,11,6,34,115,38,3,5,7,500,268,0.6410256410256411
20,93,124,42,4,29,7,5,22,144,16,1,1,1,509,269,0.7219858156028369
15,112,120,46,5,25,4,3,24,107,9,1,1,3,475,270,0.7330246913580247
31,89,113,31,3,33,8,6,29,146,19,2,2,4,516,271,0.7206703910614525
20,80,94,25,4,31,8,6,20,127,23,0,4,1,443,272,0.6712121212121213
44,38,120,28,4,19,10,9,18,107,21,3,10,5,436,273,0.5899864682002707
46,31,74,19,2,20,14,5,22,92,21,0,3,4,353,274,0.5276532137518685
36,24,61,11,0,25,7,4,23,71,15,0,0,3,280,275,0.5882352941176471
26,35,85,20,0,18,18,8,13,103,20,1,3,1,351,276,0.6324324324324324
39,50,77,18,1,16,4,1,22,55,20,5,5,6,319,277,0.5547826086956522
34,30,84,20,3,17,7,5,27,117,25,0,3,4,376,278,0.6383701188455009
31,35,83,22,4,33,7,8,26,114,20,1,4,2,390,279,0.6027820710973725
46,47,105,30,5,22,1,10,18,133,40,4,2,7,470,280,0.5949367088607594
71,51,91,13,1,24,9,7,23,127,25,3,6,12,463,281,0.6386206896551724
50,65,111,25,1,22,7,9,30,150,28,3,1,8,510,282,0.6728232189973615
47,41,86,22,1,26,10,4,25,119,25,2,6,4,418,283,0.5954415954415955
56,60,109,26,4,16,12,5,30,127,41,1,1,5,493,284,0.6689280868385346
39,70,68,17,4,16,8,4,32,137,22,0,2,5,424,285,0.7008264462809918
74,45,96,32,3,25,13,8,33,134,27,1,0,12,503,286,0.6609724047306176
37,72,81,17,1,23,10,7,19,174,19,3,1,3,467,287,0.7618270799347472
35,37,80,15,1,17,11,3,20,107,22,0,1,4,353,288,0.6326164874551972
49,50,131,20,4,38,9,7,28,170,35,4,6,6,557,289,0.6825980392156863
63,28,77,24,0,39,5,8,16,126,17,1,1,5,410,290,0.5994152046783626
47,55,114,27,5,38,9,4,22,156,31,3,4,8,523,291,0.6973333333333334
51,67,98,29,4,23,7,3,28,156,15,0,8,2,491,292,0.7054597701149425
70,34,95,24,2,33,7,9,20,118,22,3,3,4,444,293,0.5826771653543307
42,52,65,24,0,22,4,8,15,105,17,3,5,1,363,294,0.6258620689655172
50,104,130,31,5,31,12,15,35,193,37,3,2,5,653,295,0.7074756229685807
59,48,86,24,0,28,5,3,25,132,27,3,3,8,451,296,0.623789764868603
50,37,75,20,0,26,7,7,13,110,29,4,4,5,387,297,0.5458392101551481
64,22,109,24,2,33,20,11,23,114,13,4,7,8,454,298,0.627939142461964
38,89,107,24,4,24,3,6,29,154,13,4,1,4,500,299,0.7418397626112759
48,42,110,20,3,27,10,7,29,130,20,3,0,12,461,300,0.6138482023968043
67,54,118,40,2,40,13,4,32,169,48,1,8,5,601,301,0.6518438177874186
59,26,103,32,3,36,22,10,17,103,25,1,3,13,453,302,0.5669586983729662
103,40,135,58,3,54,19,15,16,167,28,5,9,10,662,303,0.5879218472468917
45,20,77,19,1,38,7,9,12,82,19,5,2,3,339,304,0.4977973568281938
50,21,91,24,2,29,3,3,6,68,11,2,2,3,315,305,0.5232558139534884
67,34,111,45,0,35,18,13,17,147,17,4,2,10,520,306,0.5771365149833518
62,38,107,3,30,45,9,8,23,12,108,1,1,9,456,307,0.5976408912188729
77,51,95,22,10,36,15,11,13,112,14,6,2,11,475,308,0.5562060889929742
59,22,102,16,1,28,5,13,10,85,14,1,9,5,370,309,0.6055646481178396
55,21,74,23,1,21,11,6,9,89,12,1,4,4,331,310,0.5687285223367697
56,25,110,33,1,54,8,10,19,102,14,4,4,6,446,311,0.5595984943538268
85,30,115,22,1,39,25,14,26,123,27,0,4,9,520,312,0.5909090909090909
57,20,88,14,2,38,4,4,15,91,17,0,2,9,361,313,0.579454253611557
53,30,81,21,0,30,6,3,16,96,31,2,1,3,373,314,0.5892575039494471
62,27,114,36,1,29,12,13,24,100,19,2,4,3,446,315,0.6043360433604336
59,23,78,25,0,31,19,13,14,98,15,5,3,3,386,316,0.5618631732168851
64,25,87,20,3,30,9,2,15,113,27,2,3,7,407,317,0.5740479548660085
64,17,66,26,0,37,8,7,16,75,21,3,4,4,348,318,0.5329249617151608
58,20,72,21,0,31,15,8,9,88,19,0,0,5,346,319,0.569078947368421
58,18,78,26,0,44,8,9,13,67,13,0,8,9,351,320,0.5782537067545305
54,60,100,33,0,32,7,4,41,145,39,2,4,10,531,321,0.6034090909090909
56,38,66,28,3,18,12,4,26,99,27,1,2,7,387,322,0.6231884057971014
50,26,47,18,0,24,6,5,16,95,24,4,3,11,329,323,0.5247208931419458
46,21,51,16,3,18,9,5,30,100,25,1,4,10,339,324,0.5697478991596638
47,26,42,23,1,20,7,3,17,90,47,1,7,9,340,325,0.5592105263157895
46,41,81,19,3,24,5,8,22,132,51,3,5,18,458,326,0.6414565826330533
46,27,67,34,2,24,3,4,25,82,36,4,5,11,370,327,0.5967741935483871
44,40,60,19,2,23,12,8,33,109,48,0,6,13,417,328,0.6405529953917051
47,31,74,14,1,40,13,5,27,112,51,0,5,15,435,329,0.6258992805755396
48,31,53,11,3,20,6,7,18,88,47,0,5,8,345,330,0.5989583333333334
52,37,85,23,7,18,10,9,36,88,48,2,2,19,436,331,0.6526946107784432
57,87,91,22,5,17,12,9,31,177,44,2,7,7,568,332,0.6835138387484958
54,43,69,22,3,21,8,12,32,138,57,1,2,22,484,333,0.6740947075208914
37,94,92,22,3,16,7,4,45,149,63,0,3,11,546,334,0.6699386503067485
45,55,40,15,4,16,6,3,32,126,35,2,4,7,390,335,0.6190476190476191
58,70,78,24,1,18,9,7,35,191,61,0,7,17,576,336,0.7441860465116279
41,87,79,21,5,13,6,1,46,161,54,0,1,2,517,337,0.6939597315436241
47,108,99,20,5,13,5,6,39,189,58,3,1,9,602,338,0.7261761158021713
39,85,100,17,5,12,10,7,53,189,64,2,3,8,594,339,0.7724317295188556
24,82,79,23,6,17,7,7,37,164,35,1,6,7,495,340,0.7071428571428572
28,140,103,35,6,24,5,6,50,187,29,0,3,10,626,341,0.7399527186761229
51,50,122,25,5,39,17,6,25,90,23,0,1,5,459,342,0.641958041958042
85,31,126,23,3,49,4,3,26,119,24,4,1,5,503,343,0.6082224909310762
85,57,110,27,0,38,13,10,31,133,40,3,6,8,561,344,0.5917721518987342
47,24,76,39,1,39,6,13,29,106,29,1,5,15,430,345,0.5733333333333334
81,37,108,19,3,35,4,11,29,103,33,3,7,9,482,346,0.5899632802937577
62,53,130,32,3,25,7,6,50,144,46,4,7,9,578,347,0.6487093153759821
50,23,67,23,0,29,7,2,14,51,37,2,1,10,316,348,0.5205930807248764
34,16,66,14,0,24,7,7,19,73,29,0,1,3,293,349,0.5528301886792453
56,18,97,30,2,22,12,2,20,74,20,3,7,4,367,350,0.5013661202185792
50,25,61,21,2,19,6,6,24,66,13,2,3,9,307,351,0.5695732838589982
35,62,109,25,1,16,8,4,26,127,27,1,1,4,446,352,0.6473149492017417
40,41,98,22,0,26,9,11,32,151,28,1,3,14,476,353,0.6493860845839018
57,57,92,21,6,35,15,5,37,126,41,2,1,14,509,354,0.6370463078848561
37,39,89,27,5,19,13,9,23,110,50,2,5,12,440,355,0.6052269601100413
43,14,59,14,1,14,12,16,15,98,40,2,3,19,350,356,0.5376344086021505
42,30,71,21,0,24,3,8,21,76,39,3,2,12,352,357,0.5659163987138264
40,58,91,21,3,17,8,10,44,105,41,0,4,8,450,358,0.672645739910314
49,54,82,18,3,15,8,7,25,99,34,1,5,16,416,359,0.651017214397496
59,58,72,12,6,17,11,2,40,112,70,0,4,20,483,360,0.6851063829787234
56,76,100,31,1,21,7,7,28,138,63,2,7,13,550,361,0.7180156657963447
52,68,82,19,6,19,10,7,32,138,41,4,0,16,494,362,0.65
36,72,84,40,5,15,3,8,43,142,46,3,4,7,508,363,0.6623207301173403
43,51,86,18,0,17,7,7,17,96,30,2,1,2,377,364,0.6012759170653907
61,39,83,24,4,19,10,8,23,103,26,0,5,5,410,365,0.6416275430359938
34,55,80,18,1,25,4,6,26,116,34,1,6,17,423,366,0.6051502145922747
29,29,64,15,2,30,10,7,20,83,20,0,5,7,321,367,0.5966542750929368
61,63,87,22,5,25,8,8,28,129,47,1,2,4,490,368,0.5917874396135265
31,30,64,14,0,20,6,8,18,85,27,3,1,11,318,369,0.5792349726775956
29,9,73,18,2,20,5,5,14,68,16,2,5,8,274,370,0.45896147403685095
44,26,49,15,4,13,12,5,17,86,18,2,3,7,301,371,0.5050335570469798
62,32,56,20,1,25,11,2,16,96,22,3,2,3,351,372,0.5238805970149254
61,36,93,31,3,29,10,13,22,98,40,1,3,10,450,373,0.582901554404145
51,39,89,23,2,28,12,9,30,138,32,1,2,5,461,374,0.6229729729729729
65,28,88,26,2,32,9,6,20,95,33,1,1,3,409,375,0.5944767441860465
54,48,67,18,0,10,10,11,29,144,57,2,4,18,472,376,0.6251655629139072
47,32,58,25,2,25,11,6,8,67,21,5,2,10,319,377,0.5128617363344051
42,51,86,30,2,27,5,11,24,117,30,7,1,6,439,378,0.6038514442916093
58,54,104,17,5,37,12,7,27,139,41,1,4,9,515,379,0.673202614379085
51,90,93,23,5,16,3,4,50,143,36,2,5,7,528,380,0.6848249027237354
70,36,104,26,0,35,13,6,21,102,32,1,6,6,458,381,0.5192743764172335
66,73,132,50,1,33,16,6,33,162,40,1,4,8,625,382,0.6275100401606426
47,47,89,37,1,41,8,9,16,146,30,0,4,9,484,383,0.6522911051212938
59,55,144,33,3,52,15,11,26,135,36,1,11,9,590,384,0.6139438085327783
62,37,108,25,3,44,12,11,23,100,22,2,2,7,458,385,0.6002621231979031
58,34,91,18,1,32,12,8,28,114,27,3,5,6,437,386,0.5865771812080537
66,33,111,28,1,25,15,6,26,105,25,1,6,9,457,387,0.57125
61,84,136,48,3,52,16,9,33,123,24,3,2,6,600,388,0.6514657980456026
57,25,43,23,3,31,5,12,19,56,18,0,1,6,299,389,0.5164075993091537
48,22,61,29,1,40,15,6,29,97,36,4,2,6,396,390,0.6055045871559633
42,21,60,24,0,16,17,5,22,96,28,2,2,14,349,391,0.5865546218487395
64,34,94,24,2,38,8,7,22,132,28,3,5,10,471,392,0.6197368421052631
48,34,104,19,2,40,13,6,31,100,22,4,3,10,436,393,0.5860215053763441
80,45,102,34,0,27,8,10,37,133,35,1,1,8,521,394,0.6023121387283237
41,68,101,24,3,28,4,3,29,143,20,1,6,6,477,395,0.636849132176235
44,74,114,32,1,26,4,4,52,150,35,0,2,5,543,396,0.67875
43,81,144,33,15,17,9,8,28,167,33,1,6,7,592,397,0.7158403869407497
51,87,114,34,3,28,11,8,26,119,36,4,12,3,536,398,0.6617283950617284
51,37,79,27,4,34,11,13,13,118,26,0,2,5,420,399,0.5882352941176471
62,24,75,17,1,35,12,8,30,113,33,1,4,7,422,400,0.6063218390804598
53,34,79,27,6,23,12,3,30,130,21,2,1,4,425,401,0.6439393939393939
60,78,108,24,2,20,10,12,33,140,36,2,3,8,536,402,0.6600985221674877
54,39,88,22,0,20,12,10,23,124,30,4,2,10,438,403,0.6717791411042945
50,22,56,14,3,27,9,13,22,100,34,0,6,7,363,404,0.5970394736842105
62,39,79,32,1,23,19,7,49,121,30,4,2,5,473,405,0.5994930291508238
47,46,80,15,1,21,4,6,19,83,15,7,2,13,359,406,0.5671406003159558
56,68,106,34,24,5,10,7,22,160,37,0,4,4,537,407,0.6840764331210191
43,95,147,36,2,26,12,7,26,186,33,2,7,4,626,408,0.7154285714285714
33,46,81,26,2,33,9,8,23,91,12,3,3,3,373,409,0.5453216374269005
55,39,92,23,5,38,13,9,15,108,20,3,7,4,431,410,0.6228323699421965
70,47,135,22,1,43,9,6,19,105,18,1,6,3,485,411,0.5549199084668193
73,44,162,39,1,32,17,15,21,115,23,3,6,7,558,412,0.6326530612244898
43,47,106,13,0,31,5,9,14,111,25,3,2,9,418,413,0.5954415954415955
70,49,105,34,4,24,10,5,20,119,18,1,3,7,469,414,0.602827763496144
35,22,82,9,4,22,11,6,12,54,17,0,2,1,277,415,0.5969827586206896
54,19,84,19,4,38,6,5,17,73,12,0,1,2,334,416,0.5548172757475083
74,20,100,27,1,47,8,5,15,89,17,1,8,4,416,417,0.6081871345029239
54,15,81,21,2,37,8,4,5,71,12,2,2,5,319,418,0.5079617834394905
71,18,84,20,0,27,17,3,15,73,17,1,3,9,358,419,0.5391566265060241
51,17,88,34,3,33,11,6,16,83,13,3,5,4,367,420,0.4993197278911565
64,39,99,26,0,41,10,3,30,98,10,2,2,6,430,421,0.4793756967670011
58,19,80,24,1,37,5,4,14,110,10,4,3,6,375,422,0.5364806866952789
78,30,98,22,3,42,8,6,15,113,15,4,2,9,445,423,0.5322966507177034
76,12,87,30,0,40,8,4,11,67,12,3,3,3,356,424,0.4972067039106145
62,26,109,24,0,36,17,5,16,104,13,3,4,9,428,425,0.5783783783783784
69,27,113,26,5,31,3,4,24,104,18,1,3,3,431,426,0.5656167979002624
46,9,60,16,1,31,6,6,17,73,31,0,1,3,300,427,0.4784688995215311
67,18,102,22,0,26,10,5,10,110,13,3,9,5,400,428,0.5494505494505495
53,24,82,35,0,32,13,7,21,98,13,1,2,2,383,429,0.5312066574202496
56,15,86,13,0,42,4,2,15,62,8,1,1,3,308,430,0.5394045534150613
96,21,122,31,2,32,9,11,11,85,22,0,2,6,450,431,0.5689001264222503
84,27,123,25,4,54,15,11,26,101,13,2,3,12,500,432,0.5980861244019139
85,23,128,27,3,61,7,11,22,89,13,0,5,6,480,433,0.583941605839416
76,30,128,32,4,46,7,9,19,131,28,3,3,6,522,434,0.6112412177985949
51,2,36,21,2,15,10,6,6,38,4,5,1,3,200,435,0.37037037037037035
61,23,87,25,1,39,11,5,16,84,12,1,3,5,373,436,0.5703363914373089
49,15,76,20,0,38,3,0,6,68,8,1,2,3,289,437,0.5070175438596491
77,32,94,21,2,40,14,5,13,112,15,0,6,10,441,438,0.6372832369942196
76,32,105,32,4,34,11,6,14,144,14,4,3,7,486,439,0.6295336787564767
72,32,90,14,1,34,16,11,16,144,14,0,4,5,453,440,0.6096904441453567
69,30,110,33,5,37,12,5,9,92,16,2,7,10,437,441,0.5435323383084577
73,20,72,31,2,19,4,4,10,82,9,3,1,5,335,442,0.52099533437014
46,20,81,16,2,28,8,7,13,68,8,2,4,8,311,443,0.5073409461663948
50,19,45,25,0,31,8,5,14,94,13,1,1,5,311,444,0.4968051118210863
44,16,70,30,12,33,11,7,12,54,10,1,2,6,308,445,0.5229202037351444
62,33,99,24,1,50,16,3,14,82,16,0,4,8,412,446,0.5843971631205673
59,24,84,28,1,40,9,13,13,92,15,3,5,8,394,447,0.57856093979442
58,16,81,20,1,58,4,7,8,89,13,1,5,10,371,448,0.5707692307692308
62,26,103,25,4,48,7,3,13,94,21,3,3,4,416,449,0.6390168970814132
98,27,122,14,1,52,17,6,16,107,18,3,7,9,497,450,0.48773307163886165
62,18,96,21,0,42,10,10,14,88,17,3,5,15,401,451,0.43969298245614036
137,36,120,22,0,44,12,14,25,116,31,6,10,5,578,452,0.4745484400656814
68,26,79,25,2,48,16,3,23,126,28,1,3,7,455,453,0.6363636363636364
59,10,55,17,3,36,7,2,20,65,19,3,5,7,308,454,0.5238095238095238
101,44,115,50,0,33,7,8,19,122,22,1,3,8,533,455,0.6248534583821805
52,18,100,25,2,32,12,7,15,77,14,1,5,1,361,456,0.4904891304347826
47,29,82,24,31,2,14,6,13,94,22,1,3,4,372,457,0.577639751552795
59,32,86,26,0,27,4,16,13,96,16,3,1,11,390,458,0.6161137440758294
32,30,41,9,2,17,7,4,11,63,11,0,3,3,233,459,0.6383561643835617
42,20,85,26,2,34,7,7,13,108,10,1,9,3,367,460,0.5445103857566765
55,19,88,19,0,35,9,12,19,66,10,2,3,8,345,461,0.5441640378548895
41,21,86,22,2,31,15,3,10,77,20,0,4,8,340,462,0.5414012738853503
62,26,76,23,3,34,16,18,13,67,15,3,0,4,360,463,0.5341246290801187
46,22,84,14,2,34,8,4,9,60,18,2,3,9,315,464,0.49606299212598426
57,16,92,17,3,51,9,2,7,59,10,0,2,7,332,465,0.5570469798657718
101,33,152,26,1,55,15,10,19,120,25,3,2,10,572,466,0.5714285714285714
54,37,125,33,2,47,13,5,25,106,16,4,2,8,477,467,0.5712574850299401
45,15,61,15,0,60,7,4,10,81,9,3,4,6,320,468,0.4900459418070444
85,15,115,36,2,52,14,7,12,95,13,0,1,6,453,469,0.5655430711610487
60,16,76,37,0,41,16,6,9,64,11,0,3,8,347,470,0.5125553914327917
53,15,110,27,1,49,2,5,15,75,22,1,6,3,384,471,0.5439093484419264
60,40,129,28,0,46,10,11,11,86,7,0,3,2,433,472,0.5136417556346382
50,20,76,14,2,27,9,3,9,58,11,1,2,3,285,473,0.475
74,18,101,37,0,58,9,6,14,113,27,3,4,3,467,474,0.5337142857142857
53,24,87,35,2,44,4,5,8,85,13,4,4,9,377,475,0.5362731152204836
66,21,113,18,0,40,10,8,9,78,15,2,6,8,394,476,0.5441988950276243
83,22,96,29,1,51,11,11,10,93,15,1,4,6,433,477,0.5907230559345157
66,29,82,31,1,46,12,13,16,89,18,1,3,7,414,478,0.4916864608076009
108,34,157,33,2,61,14,15,26,127,35,1,7,10,630,479,0.6287425149700598
103,30,101,39,3,52,10,4,12,81,35,3,1,9,483,480,0.5319383259911894
40,8,60,23,1,27,10,8,6,66,4,5,4,5,267,481,0.44873949579831934
60,18,81,40,2,27,7,3,5,51,6,2,2,1,305,482,0.41838134430727025
64,13,102,25,2,52,15,9,9,69,10,7,7,4,388,483,0.5194109772423026
71,6,50,21,0,27,7,7,2,37,9,2,5,4,248,484,0.4328097731239092
40,5,55,26,1,38,4,5,4,31,7,4,2,4,226,485,0.38047138047138046
66,5,50,17,0,18,5,5,3,43,8,2,0,1,223,486,0.35118110236220473
53,6,86,28,0,31,4,2,4,54,11,1,0,3,283,487,0.45792880258899676
70,14,114,18,0,37,13,4,19,87,21,1,3,2,403,488,0.591776798825257
69,42,127,27,5,40,15,9,19,102,6,2,4,5,472,489,0.5666266506602641
57,46,86,23,2,52,17,8,22,131,19,4,5,9,481,490,0.5990037359900373
43,14,107,28,0,39,5,5,13,79,7,2,4,2,348,491,0.6
57,22,80,18,6,25,12,4,15,125,18,3,5,3,393,492,0.6442622950819672
44,35,103,25,1,39,7,8,13,115,21,3,7,4,425,493,0.5214723926380368
64,38,87,31,2,35,8,3,10,104,22,1,5,6,416,494,0.5614035087719298
76,18,106,17,0,39,2,6,24,72,9,2,4,2,377,495,0.5511695906432749
68,20,95,26,4,31,18,2,14,128,26,1,0,7,440,496,0.534629404617254
61,32,74,26,0,33,11,12,11,66,20,2,5,3,356,497,0.49859943977591037
55,32,103,23,1,33,2,2,5,83,8,1,4,5,357,498,0.5063829787234042
57,14,94,23,1,47,9,3,16,89,19,2,6,7,387,499,0.5584415584415584
53,30,90,27,0,49,10,12,11,107,11,5,0,9,414,500,0.5433070866141733
71,20,91,22,0,38,5,15,14,100,18,2,1,5,402,501,0.5622377622377622
54,29,83,23,0,32,5,1,16,66,10,1,2,6,328,502,0.5214626391096979
50,18,68,29,1,50,6,7,11,95,16,3,0,7,361,503,0.49519890260631
73,16,80,17,1,38,13,4,11,51,13,6,1,12,336,504,0.5121951219512195
53,15,72,30,2,44,12,3,10,87,13,3,4,4,352,505,0.5560821484992101
67,32,99,34,1,30,2,11,10,98,15,2,1,11,413,506,0.5455746367239102
61,19,85,30,3,34,8,3,13,76,12,3,3,1,351,507,0.5154185022026432
88,40,136,29,2,49,15,11,29,157,36,4,5,6,607,508,0.6369359916054564
83,23,100,28,0,53,7,3,21,104,13,1,0,4,440,509,0.5751633986928104
82,27,118,27,1,46,11,8,16,130,14,3,4,4,491,510,0.5617848970251716
74,23,116,33,2,54,13,9,15,114,22,1,4,6,486,511,0.5820359281437125
106,39,143,29,1,51,16,5,11,135,24,2,5,9,576,512,0.62882096069869
38,11,51,10,0,20,4,3,5,43,2,2,3,3,195,513,0.3939393939393939
68,4,82,44,0,36,8,4,7,37,4,1,1,5,301,514,0.4958813838550247
65,3,85,28,0,34,8,3,3,48,7,2,1,6,293,515,0.4542635658914729
70,18,85,28,2,44,8,6,12,57,16,0,7,20,373,516,0.5592203898050975
60,10,65,37,1,43,9,7,3,51,11,1,1,6,305,517,0.48878205128205127
74,12,94,21,2,39,14,5,13,66,15,2,2,4,363,518,0.515625
75,29,112,26,2,31,10,7,10,50,12,0,5,10,379,519,0.5039893617021277
67,16,67,36,1,28,6,4,7,31,12,1,1,4,281,520,0.4576547231270358
56,27,112,32,2,44,10,7,16,70,6,3,2,4,391,521,0.549929676511955
81,7,71,15,2,30,5,5,10,55,12,3,3,6,305,522,0.4271708683473389
40,12,53,10,1,32,4,3,6,43,18,1,0,8,231,523,0.4556213017751479
60,8,98,34,0,28,14,8,5,46,12,0,2,4,319,524,0.5415959252971138
79,29,137,36,3,46,12,8,12,92,17,6,4,4,485,525,0.5619930475086906
47,18,61,20,0,35,8,3,7,70,11,1,4,6,291,526,0.4898989898989899
74,23,118,24,1,47,21,7,11,125,13,3,2,5,474,527,0.5226019845644984
80,22,126,30,0,50,11,8,12,85,16,4,2,7,453,528,0.49562363238512036
25,7,43,22,2,11,4,5,7,26,1,4,3,2,162,529,0.5491525423728814
58,18,98,25,1,43,1,1,10,79,10,2,5,12,363,530,0.5253256150506512
97,21,118,23,3,49,13,8,23,107,15,3,2,2,484,531,0.6012422360248447
47,12,47,9,1,24,3,3,5,96,9,3,3,10,272,532,0.5333333333333333
59,7,61,25,1,32,7,11,6,46,7,0,2,3,267,533,0.4517766497461929
46,18,96,17,4,29,6,5,10,67,8,2,5,4,317,534,0.5784671532846716
42,18,72,18,1,23,0,0,8,39,25,1,2,2,251,535,0.503006012024048
44,34,110,21,0,25,9,5,16,122,16,4,2,4,412,536,0.6377708978328174
45,28,93,27,4,33,5,8,16,121,15,6,6,3,410,537,0.5916305916305916
45,20,90,14,3,31,10,10,10,55,16,1,1,4,310,538,0.5363321799307958
72,43,141,29,1,50,8,7,24,119,27,2,5,10,538,539,0.6435406698564593
53,13,90,19,1,43,6,8,12,61,12,3,0,13,334,540,0.517829457364341
45,18,94,20,0,33,11,6,14,75,17,0,10,3,346,541,0.5187406296851574
34,18,111,21,2,25,5,8,7,98,16,0,3,4,352,542,0.5525902668759811
56,10,94,35,3,51,9,10,17,106,25,1,4,2,423,543,0.5723951285520974
56,33,59,10,0,17,6,12,19,148,17,0,2,7,386,544,0.595679012345679
40,17,61,32,1,19,8,11,5,104,10,1,2,5,316,545,0.5917602996254682
66,27,90,37,1,48,16,4,14,81,15,3,2,3,407,546,0.4880095923261391
42,34,97,23,2,33,7,9,19,140,51,2,6,5,470,547,0.6143790849673203
56,29,115,33,1,39,12,13,15,86,27,3,1,7,437,548,0.5850066934404283
49,15,81,15,0,35,7,1,8,64,12,3,3,10,303,549,0.4926829268292683
36,13,45,10,1,22,4,2,10,57,23,1,0,5,229,550,0.4810924369747899
47,8,50,17,2,25,10,6,10,50,19,2,2,8,256,551,0.4680073126142596
36,5,58,16,0,27,4,3,3,44,12,3,1,6,218,552,0.44129554655870445
37,4,50,5,1,25,4,1,8,35,13,2,0,11,196,553,0.4143763213530655
43,7,71,8,0,29,8,6,5,39,15,0,1,3,235,554,0.47474747474747475
35,10,73,15,1,28,6,6,4,45,14,0,1,6,244,555,0.43416370106761565
44,12,75,9,2,28,6,4,5,59,15,4,3,1,267,556,0.49444444444444446
28,4,60,22,1,29,5,9,9,51,18,1,3,5,245,557,0.45202952029520294
48,5,59,18,0,33,8,1,15,36,8,0,0,8,239,558,0.4714003944773176
41,9,82,28,3,43,6,3,6,70,16,3,1,6,317,559,0.48103186646433993
44,15,85,24,3,32,5,8,15,104,20,1,2,5,363,560,0.5663026521060842
47,21,88,25,1,40,6,8,18,81,17,1,2,4,359,561,0.5233236151603499
49,10,69,14,1,31,2,10,10,46,9,0,1,3,255,562,0.46875
44,14,92,26,0,39,6,3,12,73,13,2,2,9,335,563,0.5668358714043993
43,12,58,15,1,23,2,6,5,58,6,2,2,4,237,564,0.462890625
41,13,88,15,1,32,3,5,6,46,7,2,3,7,269,565,0.46379310344827585
35,13,82,22,0,37,1,8,8,55,8,1,5,3,278,566,0.4784853700516351
47,17,74,16,0,31,5,6,10,60,8,1,1,4,280,567,0.5
26,10,65,21,1,42,4,4,3,43,10,3,1,5,238,568,0.44074074074074077
45,12,46,12,0,29,3,1,9,28,6,0,3,2,196,569,0.4745762711864407
46,20,65,20,1,24,0,7,5,45,8,1,4,6,252,570,0.4359861591695502
31,14,94,22,3,31,6,4,13,47,7,0,0,1,273,571,0.47150259067357514
113,59,188,51,1,70,17,11,34,133,35,7,6,22,747,572,0.5711009174311926
86,26,106,34,1,52,14,5,8,67,22,1,3,8,433,573,0.43693239152371344
43,5,41,16,0,30,12,2,5,64,11,0,1,3,233,574,0.3969335604770017
90,11,114,31,1,54,23,6,17,77,30,2,4,7,467,575,0.5054112554112554
41,11,84,20,0,43,4,6,9,49,19,0,6,5,297,576,0.4699367088607595
44,14,54,11,0,25,5,10,4,61,14,3,4,6,255,577,0.5334728033472803
65,9,76,24,0,40,7,5,12,74,17,6,1,6,342,578,0.4275
56,12,79,18,1,18,6,9,10,58,14,3,6,9,299,579,0.46938775510204084
44,6,52,35,0,26,5,5,2,42,5,5,1,8,236,580,0.4229390681003584
54,16,79,32,0,32,10,4,8,60,9,2,1,3,310,581,0.484375
58,36,66,36,0,44,5,5,15,75,14,0,6,8,368,582,0.5435745937961596
59,21,85,22,6,29,17,12,16,90,22,7,3,11,400,583,0.554016620498615
78,18,57,22,0,40,10,8,5,68,19,0,0,10,335,584,0.49851190476190477
32,7,32,24,1,24,3,2,2,32,4,3,1,1,168,585,0.36681222707423583
35,7,63,16,0,31,6,7,6,66,10,1,2,2,252,586,0.44601769911504424
31,9,60,12,0,25,7,3,11,50,15,3,2,8,236,587,0.4133099824868651
40,19,101,26,2,28,11,8,4,60,22,2,6,7,336,588,0.5490196078431373
65,18,92,25,0,37,9,6,11,100,21,1,4,2,391,589,0.5370879120879121
44,28,83,18,1,47,9,8,8,71,22,2,2,8,351,590,0.574468085106383
61,40,99,18,0,41,13,2,10,87,14,1,1,9,396,591,0.6036585365853658
51,18,69,33,1,33,3,12,11,89,8,3,1,11,343,592,0.4872159090909091
47,35,93,24,2,30,13,3,13,101,9,1,0,4,375,593,0.5742725880551302
37,11,76,31,1,33,6,1,11,61,13,2,3,4,290,594,0.48333333333333334
41,28,106,25,2,49,9,4,21,86,26,3,6,6,412,595,0.5885714285714285
40,33,98,21,3,45,12,9,18,103,12,1,1,6,402,596,0.5826086956521739
52,14,111,19,1,59,9,3,11,66,6,3,3,6,363,597,0.5185714285714286
47,24,91,13,1,34,12,2,8,59,7,3,10,11,322,598,0.5590277777777778
64,1,58,22,0,29,3,5,1,8,42,2,3,0,238,599,0.37362637362637363
80,22,95,28,4,47,10,4,29,109,23,0,5,6,462,600,0.5862944162436549
39,25,102,21,2,41,3,2,11,88,14,4,0,3,355,601,0.5346385542168675
56,2,49,15,0,38,3,4,3,40,9,2,1,2,224,602,0.3888888888888889
57,17,79,24,1,39,7,6,8,78,8,2,3,3,332,603,0.5068702290076336
40,8,75,15,2,26,0,7,11,66,7,0,2,1,260,604,0.5520169851380042
44,44,132,21,2,31,12,3,11,67,10,2,1,4,384,605,0.5680473372781065
68,31,120,25,3,40,10,8,12,111,15,0,5,5,453,606,0.5451263537906137
70,31,134,19,1,47,10,9,15,99,22,1,4,3,465,607,0.5754950495049505
81,24,87,23,3,46,5,11,12,76,5,4,5,4,386,608,0.5216216216216216
106,32,138,42,0,41,7,15,27,99,22,2,3,5,539,609,0.5910087719298246
71,27,105,20,0,46,3,1,11,88,14,0,2,1,389,610,0.5207496653279786
53,14,73,22,0,42,0,4,8,107,5,5,2,8,343,611,0.5453100158982512
59,38,85,21,1,40,6,2,17,110,9,5,2,5,400,612,0.5333333333333333
43,12,107,27,2,44,23,2,1,28,10,2,1,6,308,613,0.501628664495114
51,6,44,20,1,26,3,6,3,34,8,1,1,4,208,614,0.37410071942446044
63,10,60,16,0,29,6,4,10,34,5,1,3,3,244,615,0.40131578947368424
54,6,0,0,0,98,1,2,7,40,9,3,3,2,225,616,0.3794266441821248
60,8,62,16,1,30,4,3,4,77,8,0,3,4,280,617,0.43209876543209874
81,14,109,22,3,47,9,4,13,81,16,1,3,7,410,618,0.5593451568894953
66,5,91,16,1,36,10,6,7,57,15,0,7,4,321,619,0.49233128834355827
84,17,120,26,0,46,5,10,12,79,10,2,2,5,418,620,0.5618279569892473
62,13,71,29,0,49,10,6,9,103,13,1,1,1,368,621,0.46
69,29,134,22,7,51,14,5,13,100,7,1,1,5,458,622,0.5337995337995338
75,10,101,31,0,37,3,9,11,65,11,3,0,5,361,623,0.4904891304347826
80,36,151,27,3,52,11,5,19,110,23,0,6,4,527,624,0.6050516647531573
62,15,126,34,1,42,13,3,19,111,15,3,5,4,453,625,0.4929270946681175
78,28,124,28,5,46,6,18,15,96,20,0,4,4,472,626,0.552046783625731
60,41,139,39,4,60,15,14,22,110,16,2,8,7,537,627,0.5993303571428571
42,49,102,31,1,37,10,2,16,125,19,1,3,3,441,628,0.5157894736842106
55,33,122,30,2,56,4,1,27,70,19,1,2,1,423,629,0.5486381322957199
47,26,87,38,2,34,8,6,18,83,18,3,4,3,377,630,0.55359765051395
70,17,107,21,2,28,4,9,2,72,8,0,3,5,348,631,0.49361702127659574
76,37,109,37,2,44,14,5,22,96,27,1,4,4,478,632,0.5850673194614443
49,39,121,30,1,46,13,11,10,93,24,2,3,6,448,633,0.6204986149584487
51,30,106,37,1,32,9,6,7,90,16,0,5,4,394,634,0.5177398160315374
129,59,126,30,6,44,8,6,45,220,57,1,7,13,751,742,0.6581945661700263
79,46,132,23,6,25,3,13,42,168,33,1,2,6,579,907,0.6975903614457831
12,8,15,8,0,4,1,1,6,19,4,1,1,1,81,908,
87,44,106,35,6,30,7,9,29,172,27,0,1,9,562,910,0.6779252110977081
62,91,125,29,5,37,10,12,32,191,21,2,8,7,632,913,0.6462167689161554
82,18,131,21,0,51,16,8,21,71,14,2,0,5,440,915,0.5953991880920162
7,0,11,2,1,4,1,2,4,14,2,0,0,1,49,917,
