SEZIONE,TOTALE_ISCRITTI,ITALIA VAL,FED.VERDI,UDEUR,P.PENSION.,SOCIALISTI,ROSA NEL PUGNO,COMUN.ITAL,L'ULIVO,P.RIF.COM.,D.C. N.PSI,A.S. MUSS.,AN FINI,ECOL.DEMOC,LEGA NORD,NO EURO,FORZA ITALIA,M.S. FIAMMA,U.D.C.,TOTALE,AFFLUENZA
1,966,15,28,4,4,1,64,23,277,73,2,4,74,2,30,0,142,1,41,785,0.8126293995859213
2,631,8,15,3,2,0,42,14,151,51,3,4,63,2,15,2,101,2,18,496,0.786053882725832
3,890,25,19,5,9,1,48,35,251,47,2,2,136,1,15,1,171,10,39,817,0.9179775280898876
4,970,15,19,2,5,3,47,23,228,37,3,1,144,2,24,1,224,4,61,843,0.8690721649484536
5,844,15,20,2,8,1,27,32,254,62,3,2,93,3,19,4,123,2,20,690,0.8175355450236966
6,624,19,8,4,8,0,33,14,139,36,5,9,87,0,10,2,120,4,36,534,0.8557692307692307
7,822,18,13,1,3,1,35,14,245,57,4,0,80,1,17,1,148,1,67,706,0.8588807785888077
8,206,0,2,1,0,0,8,5,34,19,0,1,34,0,2,0,27,0,18,151,0.7330097087378641
9,995,18,12,2,3,2,56,20,246,54,7,13,169,1,25,0,241,5,86,960,0.964824120603015
10,912,11,16,2,3,1,44,16,263,61,1,4,92,1,27,0,166,4,56,768,0.8421052631578947
11,684,8,14,3,4,2,45,24,175,31,2,5,76,1,17,0,113,5,31,556,0.8128654970760234
12,893,10,15,3,5,1,35,16,182,41,3,2,87,3,16,3,197,3,59,681,0.7625979843225084
13,760,12,7,8,3,1,32,8,171,20,3,3,124,0,20,0,174,0,46,632,0.8315789473684211
14,868,11,16,2,2,2,49,6,199,24,3,4,100,3,17,0,218,3,70,729,0.8398617511520737
15,751,18,22,2,3,0,39,14,169,43,5,7,86,2,18,2,140,4,42,616,0.8202396804260985
16,870,19,17,3,3,0,38,22,174,40,2,3,105,2,20,0,211,3,51,713,0.8195402298850575
17,757,16,17,6,5,1,23,27,206,37,1,2,69,1,19,1,132,2,31,596,0.7873183619550859
18,847,12,11,6,3,0,40,23,256,40,3,3,96,1,10,2,152,1,58,717,0.846517119244392
19,650,12,9,8,4,0,22,7,122,39,0,5,63,0,13,0,136,4,48,492,0.7569230769230769
20,836,26,24,3,3,0,45,33,216,61,0,6,96,3,16,1,138,11,42,724,0.8660287081339713
21,688,16,11,2,5,0,30,8,170,36,4,6,113,2,9,2,81,2,25,522,0.7587209302325582
22,820,20,20,4,3,1,39,14,224,47,5,3,115,2,30,4,170,5,47,753,0.9182926829268293
23,776,20,19,3,7,0,27,15,207,57,4,3,107,4,23,2,147,2,28,675,0.8698453608247423
24,751,11,13,2,2,1,27,14,204,49,1,0,105,2,15,0,121,2,67,636,0.8468708388814914
25,960,27,18,0,8,2,41,25,311,69,3,7,82,1,18,0,153,3,22,790,0.8229166666666666
26,696,7,20,5,6,1,35,18,219,39,2,0,61,0,10,1,104,2,25,555,0.7974137931034483
27,763,7,14,0,1,4,36,19,223,48,2,7,82,2,17,0,144,2,39,647,0.8479685452162516
28,862,15,16,2,7,0,37,30,241,81,0,1,82,0,18,2,132,2,36,702,0.814385150812065
29,780,17,13,4,3,1,32,15,231,40,2,7,82,1,9,1,161,2,50,671,0.8602564102564103
30,746,15,17,0,5,2,44,19,215,35,2,2,79,1,16,2,151,1,58,664,0.8900804289544236
31,752,8,12,3,5,4,41,20,229,35,1,1,64,0,13,5,139,4,40,624,0.8297872340425532
32,773,10,28,5,4,2,32,23,240,41,0,1,80,1,15,1,121,5,39,648,0.8382923673997412
33,767,18,26,2,6,1,52,19,214,46,3,6,61,2,20,2,96,1,33,608,0.7926988265971316
34,824,20,17,2,7,0,37,17,206,55,3,6,80,1,17,0,161,2,38,669,0.8118932038834952
35,330,3,2,7,1,0,11,2,50,10,1,4,99,2,10,2,82,3,29,318,0.9636363636363636
36,856,16,12,0,4,1,31,16,217,41,4,8,108,1,20,0,195,1,60,735,0.8586448598130841
37,741,11,12,2,7,0,35,12,164,25,4,3,103,4,18,0,194,4,67,665,0.8974358974358975
38,779,15,5,3,0,0,28,9,190,24,2,7,129,0,19,1,177,3,63,675,0.8664955070603337
39,733,12,9,3,3,0,36,9,206,31,1,5,127,1,26,3,172,2,59,705,0.9618008185538881
40,626,8,3,4,5,0,32,8,159,30,4,2,75,3,5,0,151,1,59,549,0.8769968051118211
41,727,12,18,1,5,1,38,14,177,48,3,3,70,1,19,0,128,4,32,574,0.7895460797799174
42,690,10,8,3,10,0,30,12,169,32,4,4,85,1,12,1,158,1,51,591,0.8565217391304348
43,778,15,10,5,3,0,26,15,235,47,1,2,71,0,13,0,154,3,37,637,0.8187660668380463
44,857,15,16,2,2,0,28,10,252,54,2,4,116,1,19,0,154,3,62,740,0.8634772462077013
45,702,13,16,2,7,1,28,16,198,39,4,2,75,0,11,0,119,3,42,576,0.8205128205128205
46,703,17,25,6,3,2,14,13,176,34,4,3,89,3,10,2,134,3,34,572,0.813655761024182
47,764,21,12,3,7,2,44,20,236,40,0,6,83,0,12,0,145,2,26,659,0.862565445026178
48,722,10,13,2,9,1,31,14,179,36,2,5,80,1,23,1,144,0,49,600,0.8310249307479224
49,837,13,11,5,1,0,33,10,200,23,1,2,144,1,14,0,196,4,81,739,0.8829151732377539
50,784,3,6,3,4,0,36,2,144,11,2,1,109,0,15,2,254,4,76,672,0.8571428571428571
51,841,7,10,4,3,1,18,4,135,9,2,3,122,1,25,1,294,2,85,726,0.8632580261593341
52,873,15,10,3,1,0,45,5,162,16,6,2,130,4,20,0,266,1,91,777,0.8900343642611683
53,779,10,4,2,3,2,29,7,198,18,3,2,108,0,33,0,164,0,76,659,0.8459563543003851
54,845,15,15,4,8,1,27,17,217,41,4,5,92,1,25,1,157,2,62,694,0.821301775147929
55,914,11,13,7,7,1,31,13,280,48,1,1,109,0,22,3,135,3,48,733,0.8019693654266958
56,699,11,11,2,4,0,28,10,153,32,2,4,104,5,19,0,128,1,56,570,0.8154506437768241
57,809,8,7,1,4,0,33,8,194,19,5,8,80,3,20,1,170,2,52,615,0.7601977750309024
58,811,23,15,4,5,1,26,13,234,34,2,5,83,2,19,2,162,4,61,695,0.8569667077681874
59,819,13,15,1,2,1,21,8,253,54,1,8,114,0,10,1,148,0,46,696,0.8498168498168498
60,907,21,18,6,5,2,37,18,250,44,3,4,120,2,38,0,155,1,62,786,0.8665931642778391
61,788,15,18,3,4,0,26,13,226,58,2,0,85,1,18,1,138,6,34,648,0.8223350253807107
62,811,17,13,4,6,0,15,12,242,39,3,4,106,3,14,1,140,3,42,664,0.8187422934648582
63,784,13,9,2,6,0,28,8,213,29,2,6,116,3,20,0,172,1,69,697,0.889030612244898
64,785,16,13,2,9,4,31,12,223,31,2,5,96,1,21,1,139,6,60,672,0.8560509554140128
65,875,20,14,4,4,1,27,7,174,24,4,1,162,1,23,3,209,1,102,781,0.8925714285714286
66,813,13,20,3,3,2,19,20,250,31,3,3,97,2,20,0,144,6,47,683,0.8400984009840098
67,800,24,15,4,7,2,33,20,210,26,3,4,90,1,19,3,133,1,53,648,0.81
68,724,6,10,2,1,0,39,7,156,23,2,3,111,1,11,0,199,3,66,640,0.8839779005524862
69,750,4,7,4,0,2,24,5,171,14,1,1,104,4,6,0,218,3,83,651,0.868
70,773,14,15,6,1,1,32,10,149,33,1,4,129,2,20,3,175,3,75,673,0.8706338939197931
71,758,14,7,4,4,2,36,11,196,33,0,1,113,0,20,0,142,2,62,647,0.8535620052770448
72,763,17,12,3,3,3,23,15,221,33,3,2,84,4,23,1,129,1,43,620,0.8125819134993447
73,651,17,9,5,1,0,31,5,183,33,2,2,85,1,15,5,137,4,42,577,0.8863287250384024
74,739,7,14,2,2,1,24,10,145,22,2,7,131,2,15,0,195,1,60,640,0.8660351826792964
75,452,13,4,10,3,0,8,4,103,15,3,1,49,1,16,1,113,2,32,378,0.8362831858407079
76,735,17,13,2,8,1,20,15,169,29,4,5,84,0,25,2,138,0,45,577,0.7850340136054422
77,713,9,4,5,8,2,16,13,194,40,3,5,61,1,18,4,123,4,34,544,0.7629733520336606
78,702,12,12,4,16,0,12,28,186,28,1,2,45,1,22,3,95,2,28,497,0.707977207977208
79,706,14,14,1,7,1,33,9,205,24,1,4,82,3,20,1,123,2,56,600,0.8498583569405099
80,632,8,16,4,1,0,17,7,142,21,2,4,91,0,14,0,149,1,60,537,0.8496835443037974
81,689,18,9,4,7,1,23,18,178,29,2,3,107,0,10,0,119,0,47,575,0.8345428156748912
82,1518,5,16,2,6,0,27,20,79,40,4,5,54,0,19,3,110,2,13,405,0.26679841897233203
83,710,15,13,4,5,0,31,12,254,25,1,1,116,2,31,0,90,2,40,642,0.9042253521126761
84,621,10,5,6,7,0,19,7,171,38,2,6,81,2,16,0,118,2,26,516,0.8309178743961353
85,718,15,17,4,10,0,20,17,191,36,5,9,82,3,19,2,118,2,46,596,0.83008356545961
86,742,14,7,6,7,1,24,16,229,38,5,2,94,3,28,0,136,3,35,648,0.8733153638814016
87,992,27,26,5,12,4,20,16,270,70,5,2,124,1,32,5,152,3,56,830,0.8366935483870968
88,943,10,20,5,14,0,17,21,254,45,2,4,119,3,30,0,157,2,39,742,0.7868504772004242
89,851,19,23,7,9,2,31,22,249,44,1,3,88,2,23,3,107,3,41,677,0.7955346650998825
90,734,23,20,7,6,1,13,18,216,43,1,3,83,0,14,1,90,3,30,572,0.779291553133515
91,665,15,18,1,5,0,19,21,208,40,0,5,64,1,9,2,95,1,58,562,0.8451127819548873
92,758,26,9,2,8,0,19,9,211,44,2,3,79,5,30,0,145,5,41,638,0.841688654353562
93,715,24,16,5,8,1,15,15,214,39,4,5,46,1,15,2,124,1,15,550,0.7692307692307693
94,860,22,15,7,2,1,24,20,251,49,0,1,125,1,23,0,131,4,36,712,0.827906976744186
95,826,26,14,4,10,2,11,12,253,25,3,6,96,3,23,1,163,5,56,713,0.8631961259079903
96,902,28,9,11,9,1,36,19,271,35,2,2,99,2,28,2,185,1,34,774,0.8580931263858093
97,825,13,6,2,6,3,24,21,230,47,3,6,117,1,17,0,161,1,49,707,0.8569696969696969
98,752,24,12,2,5,1,17,19,268,39,1,2,73,0,23,0,124,1,38,649,0.863031914893617
99,815,15,21,5,6,2,20,16,222,36,1,2,104,2,18,0,155,1,29,655,0.803680981595092
100,871,22,19,1,7,1,21,16,277,63,0,2,87,0,20,1,151,3,27,718,0.8243398392652124
101,856,16,23,4,6,2,19,22,267,53,2,2,77,1,18,2,126,5,45,690,0.8060747663551402
102,807,25,22,3,10,3,23,28,225,53,8,0,67,2,19,2,133,3,32,658,0.815365551425031
103,801,22,19,0,7,4,15,23,236,45,4,6,77,2,19,3,126,2,24,634,0.7915106117353309
104,861,30,11,3,9,1,15,19,308,43,2,8,72,1,23,0,138,1,27,711,0.8257839721254355
105,850,30,12,6,15,2,12,26,271,47,0,7,74,3,20,1,141,1,36,704,0.8282352941176471
106,744,25,9,3,3,1,22,13,199,48,1,4,77,1,19,2,126,5,40,598,0.803763440860215
107,656,11,15,1,5,1,12,21,189,40,0,2,71,2,15,0,125,4,36,550,0.8384146341463414
108,939,26,26,8,9,2,24,17,298,43,3,5,116,3,16,1,143,2,44,786,0.8370607028753994
109,942,23,18,3,13,2,20,25,259,51,5,2,92,0,17,1,159,7,51,748,0.7940552016985138
110,578,11,10,1,2,0,5,6,147,21,0,4,97,1,9,0,101,2,29,446,0.7716262975778547
111,881,21,19,2,15,4,10,17,254,40,2,4,90,2,34,1,170,1,47,733,0.8320090805902384
112,831,37,19,2,9,3,17,13,254,34,2,7,100,1,19,2,146,4,38,707,0.8507821901323707
113,761,13,10,3,9,0,23,19,273,32,4,1,65,2,20,2,114,1,54,645,0.8475689881734559
114,742,15,10,5,1,0,26,7,190,22,1,5,108,3,14,1,167,3,73,651,0.8773584905660378
115,843,28,20,2,12,1,21,19,252,50,1,2,98,2,21,1,133,1,49,713,0.8457888493475683
116,967,35,18,2,7,1,25,21,290,56,3,2,111,3,35,6,161,7,40,823,0.8510858324715616
117,834,20,11,7,5,1,20,17,263,54,1,2,93,0,22,1,128,2,40,687,0.8237410071942446
118,660,17,11,1,1,0,22,8,174,18,1,5,84,3,18,1,152,3,52,571,0.8651515151515151
119,845,12,17,3,5,0,9,15,278,48,3,5,103,1,25,0,160,4,49,737,0.8721893491124261
120,741,19,13,10,7,0,21,17,217,33,3,3,80,0,21,3,122,4,31,604,0.815114709851552
121,739,16,16,1,6,1,11,20,253,37,2,1,68,1,22,3,93,3,39,593,0.8024357239512855
122,869,40,20,9,16,0,22,17,284,34,2,5,93,2,23,2,122,6,47,744,0.856156501726122
123,750,25,14,4,6,1,16,20,247,41,1,6,62,1,15,1,106,2,39,607,0.8093333333333333
124,791,26,11,5,12,1,14,17,227,45,5,4,76,2,26,2,132,5,34,644,0.8141592920353983
125,775,14,16,1,5,2,30,18,218,52,2,4,92,1,27,0,103,4,34,623,0.8038709677419354
126,733,20,16,8,5,3,19,19,236,29,3,3,60,3,14,3,123,2,33,599,0.8171896316507503
127,726,21,10,5,17,0,24,22,241,41,3,1,66,2,11,3,119,3,28,617,0.849862258953168
128,738,15,15,3,7,1,15,21,288,38,2,7,79,1,10,2,86,0,26,616,0.8346883468834688
129,753,19,16,4,5,1,17,19,264,30,4,1,91,2,18,2,133,2,49,677,0.899070385126162
130,694,18,4,4,4,0,10,16,235,25,2,3,85,1,33,2,117,5,46,610,0.8789625360230547
131,765,17,15,8,12,3,18,16,219,47,4,5,95,2,14,5,137,3,33,653,0.85359477124183
132,265,3,1,1,7,0,1,1,22,3,0,0,5,0,0,1,17,4,6,72,0.27169811320754716
133,972,26,20,5,9,2,17,23,318,57,4,5,96,1,24,1,149,1,58,816,0.8395061728395061
134,817,24,13,2,7,1,19,17,244,53,3,5,95,3,21,4,140,2,30,683,0.835985312117503
135,856,19,19,1,12,3,17,14,320,43,1,5,80,0,28,1,129,4,36,732,0.8551401869158879
136,844,37,23,3,10,2,20,16,284,46,2,7,141,2,26,1,149,9,35,813,0.9632701421800948
137,862,19,16,1,8,0,17,17,298,64,3,2,75,6,22,0,125,1,28,702,0.814385150812065
138,956,21,15,12,10,4,12,24,291,48,2,5,103,3,30,1,182,0,67,830,0.8682008368200836
139,841,18,13,2,5,0,13,16,301,43,3,2,103,0,15,1,143,1,35,714,0.8489892984542212
140,1066,27,28,2,16,1,35,34,350,55,0,2,116,1,35,0,135,3,34,874,0.8198874296435272
141,1006,28,19,1,16,0,20,29,371,37,3,3,96,0,17,1,159,4,39,843,0.8379721669980119
142,783,20,18,4,8,1,23,12,257,40,2,8,82,2,18,0,109,4,37,645,0.8237547892720306
143,800,10,12,4,10,1,18,15,257,50,1,5,85,1,28,0,108,2,27,634,0.7925
144,783,18,22,6,10,1,18,15,262,44,2,8,73,2,21,3,115,1,23,644,0.822477650063857
145,785,22,18,5,9,3,13,19,254,39,1,8,78,1,17,4,118,6,40,655,0.8343949044585988
146,796,30,12,4,10,1,14,28,274,47,2,5,88,2,11,4,104,1,32,669,0.8404522613065326
147,816,16,30,11,4,3,14,11,266,36,1,6,92,0,19,0,154,0,44,707,0.866421568627451
148,952,40,26,6,7,6,31,16,330,28,0,7,83,7,23,2,131,1,49,793,0.832983193277311
149,820,14,13,1,11,3,16,12,249,36,2,6,120,1,21,2,152,4,53,716,0.8731707317073171
150,897,23,22,2,6,0,21,24,308,33,0,4,101,3,20,1,171,2,46,787,0.8773690078037905
151,747,20,11,0,5,1,25,12,222,43,1,2,64,2,14,1,140,5,48,616,0.8246318607764391
152,909,22,26,17,15,6,19,27,264,59,5,9,97,1,18,2,138,4,30,759,0.834983498349835
153,877,28,13,2,10,1,20,21,291,47,2,10,70,4,17,3,129,1,30,699,0.7970353477765109
154,877,29,25,4,4,0,14,24,285,49,4,7,103,4,23,2,121,4,33,735,0.8380843785632839
155,987,26,21,5,12,0,22,21,298,64,2,8,115,2,27,2,148,7,55,835,0.8459979736575481
156,893,19,20,0,10,2,28,36,275,40,4,2,99,2,21,0,133,2,36,729,0.8163493840985442
157,935,26,19,4,11,2,22,24,289,48,6,2,99,4,27,1,134,4,54,776,0.8299465240641711
158,776,24,12,5,1,1,24,24,245,23,2,4,77,3,25,1,143,2,48,664,0.8556701030927835
159,786,16,28,5,18,0,13,17,261,39,2,3,71,3,25,0,119,0,28,648,0.8244274809160306
160,713,20,7,4,5,3,14,12,241,28,1,3,77,0,13,0,134,3,40,605,0.8485273492286115
161,767,21,5,8,5,1,23,13,279,24,4,5,73,1,20,0,148,2,40,672,0.8761408083441982
162,752,23,4,11,8,1,18,16,217,33,2,2,89,2,16,2,128,2,53,627,0.8337765957446809
163,800,25,17,15,14,1,15,30,211,60,1,3,70,3,18,4,107,0,31,625,0.78125
164,722,13,18,7,12,0,10,17,159,37,2,4,53,2,23,3,145,1,42,548,0.7590027700831025
165,711,13,14,15,15,3,5,12,174,50,4,5,39,3,14,1,92,4,22,485,0.6821378340365682
166,821,24,20,13,8,2,8,24,295,42,5,3,68,1,13,3,115,7,32,683,0.8319123020706456
167,850,23,20,8,11,2,16,27,247,46,2,5,72,4,22,1,155,1,41,703,0.8270588235294117
168,949,33,20,8,15,0,16,32,354,54,3,5,87,1,25,2,116,4,46,821,0.8651211801896733
169,838,13,15,5,9,1,10,37,178,45,1,5,47,2,15,3,125,8,19,538,0.6420047732696897
170,728,25,15,3,9,1,17,11,245,43,4,3,68,1,26,0,105,3,46,625,0.8585164835164835
171,688,20,16,4,4,2,26,8,242,46,0,0,72,1,11,1,88,3,22,566,0.8226744186046512
172,701,12,17,8,14,1,14,20,235,37,3,2,63,5,19,1,90,2,17,560,0.7988587731811697
173,535,16,6,5,7,2,11,20,187,48,0,5,33,2,16,2,80,2,10,452,0.8448598130841122
174,1050,33,23,8,7,1,19,26,357,48,2,4,137,2,28,1,172,4,46,918,0.8742857142857143
175,826,29,10,4,6,3,17,11,308,36,1,3,105,1,30,0,124,3,50,741,0.8970944309927361
176,698,20,11,9,5,1,17,14,192,36,2,1,81,1,21,1,142,3,40,597,0.8553008595988538
177,951,30,20,2,9,5,22,32,294,66,0,6,107,5,20,1,151,6,40,816,0.8580441640378549
178,759,26,14,3,8,1,18,16,267,32,2,4,80,0,38,0,134,2,37,682,0.8985507246376812
179,743,20,5,3,8,2,12,38,292,44,1,5,37,0,7,2,106,4,21,607,0.8169582772543742
180,926,38,21,7,11,1,12,24,377,51,4,2,87,2,31,1,119,6,39,833,0.8995680345572354
181,864,11,15,4,8,0,20,29,259,51,2,1,63,1,13,1,124,4,16,622,0.7199074074074074
182,851,19,13,3,4,6,11,17,355,34,1,5,68,2,8,5,124,2,54,731,0.8589894242068156
183,738,21,11,1,2,0,26,12,263,38,1,3,87,0,22,0,133,1,36,657,0.8902439024390244
184,677,13,12,4,3,3,16,9,278,23,1,3,79,2,20,0,97,0,47,610,0.9010339734121122
185,844,16,18,6,11,2,22,14,346,39,2,0,91,0,31,2,107,0,52,759,0.8992890995260664
186,819,23,13,1,11,2,26,17,270,33,0,5,113,2,30,0,121,5,52,724,0.884004884004884
187,772,37,20,3,5,1,17,16,290,31,1,1,62,1,22,3,110,3,33,656,0.8497409326424871
188,807,14,19,5,6,3,16,11,240,48,2,7,112,4,15,0,129,9,35,675,0.8364312267657993
189,801,24,23,4,15,1,13,27,275,73,1,3,54,3,11,2,100,3,25,657,0.8202247191011236
190,980,17,20,7,9,4,20,31,218,37,5,11,130,3,13,1,134,4,30,694,0.7081632653061225
191,929,40,23,5,11,1,22,27,333,54,2,5,94,2,14,0,146,3,27,809,0.8708288482238966
192,723,16,16,4,2,0,27,19,195,33,3,6,96,3,24,1,137,1,44,627,0.8672199170124482
193,663,12,22,2,6,3,26,18,198,48,2,4,88,0,10,1,99,2,38,579,0.8733031674208145
194,612,10,9,4,8,1,27,17,178,40,0,4,50,2,18,0,85,1,30,484,0.7908496732026143
195,679,13,12,4,3,5,28,7,216,22,0,4,88,2,17,0,116,3,40,580,0.8541973490427098
196,712,12,8,3,9,2,33,18,210,48,1,0,73,0,21,1,92,0,34,565,0.7935393258426966
197,961,25,22,4,6,0,23,9,260,72,1,13,118,1,22,0,166,3,84,829,0.8626430801248699
198,814,13,17,3,3,1,44,11,240,54,5,4,88,3,25,1,149,1,36,698,0.8574938574938575
199,835,26,18,1,3,0,24,8,264,34,1,2,95,0,14,1,155,3,58,707,0.8467065868263473
200,635,7,12,2,1,0,32,13,198,23,0,2,62,1,17,0,121,0,33,524,0.8251968503937008
201,614,10,12,1,4,0,11,17,190,43,2,2,57,1,12,0,102,4,35,503,0.8192182410423453
202,894,24,19,3,5,2,21,12,244,39,6,7,121,2,26,0,158,2,62,753,0.8422818791946308
203,846,10,16,3,6,1,23,9,231,39,2,7,112,2,23,1,179,2,45,711,0.8404255319148937
204,851,21,13,2,4,2,23,13,259,50,0,3,109,3,22,2,147,3,40,716,0.8413631022326674
205,765,10,19,4,2,0,25,20,248,41,2,4,76,2,23,1,118,4,41,640,0.8366013071895425
206,682,9,15,6,4,0,24,16,191,31,2,5,87,1,16,2,101,3,49,562,0.8240469208211144
207,586,9,6,6,3,0,6,18,137,7,2,1,57,0,5,2,76,1,68,404,0.689419795221843
208,796,14,12,1,2,3,35,8,213,33,1,3,121,1,20,0,144,3,57,671,0.842964824120603
209,673,19,25,2,7,1,21,18,190,55,3,1,64,0,9,1,94,2,28,540,0.8023774145616642
210,621,13,20,2,3,4,15,15,175,29,1,2,74,6,13,0,106,3,14,495,0.7971014492753623
211,821,24,15,7,15,0,25,15,230,50,3,7,88,0,24,1,127,1,45,677,0.8246041412911084
212,732,28,16,0,6,0,17,17,211,60,5,6,74,2,18,2,118,5,25,610,0.8333333333333334
213,722,29,21,0,11,1,17,20,228,44,3,1,86,1,14,1,82,3,34,596,0.8254847645429363
214,847,18,17,7,4,0,28,18,275,48,4,3,80,0,17,1,111,7,30,668,0.7886658795749705
215,1028,16,15,1,6,0,25,22,291,40,3,5,129,3,36,2,221,0,53,868,0.8443579766536965
216,732,23,16,2,6,2,21,24,219,28,1,5,67,2,15,3,110,0,32,576,0.7868852459016393
217,859,23,16,3,6,0,21,21,234,42,2,2,111,1,33,1,157,2,44,719,0.8370197904540163
218,994,18,12,3,5,2,27,20,275,50,5,10,123,4,28,0,178,2,55,817,0.8219315895372233
219,890,27,26,0,13,2,31,28,260,61,9,4,82,3,16,3,124,1,27,717,0.8056179775280898
220,750,18,21,3,10,2,22,29,222,57,1,5,64,2,16,0,106,4,15,597,0.796
221,737,16,17,1,9,1,21,20,186,44,5,4,59,2,17,1,141,3,13,560,0.7598371777476255
222,719,17,13,2,14,1,19,14,190,44,4,2,46,0,16,1,134,2,18,537,0.7468706536856745
223,712,24,20,1,12,1,22,14,217,51,2,8,51,1,17,1,101,1,15,559,0.7851123595505618
224,734,22,24,1,7,2,14,13,233,45,3,5,76,1,14,3,98,4,14,579,0.7888283378746594
225,793,28,19,1,4,2,20,20,209,46,0,7,88,2,22,3,105,3,28,607,0.7654476670870114
226,668,19,12,3,2,1,18,10,168,33,4,4,76,0,17,0,147,2,35,551,0.8248502994011976
227,704,25,16,1,4,1,24,18,218,35,3,1,78,2,20,1,103,1,36,587,0.8338068181818182
228,650,15,9,0,4,1,10,15,184,31,2,2,53,1,16,1,149,0,21,514,0.7907692307692308
229,659,11,12,4,13,1,20,22,153,43,3,5,66,1,9,0,88,2,21,474,0.7192716236722306
230,989,21,17,2,8,1,22,32,284,59,4,2,96,1,36,1,161,3,41,791,0.7997977755308392
231,845,15,10,6,11,1,30,23,275,57,0,3,70,1,14,1,138,1,32,688,0.8142011834319527
232,888,22,16,7,11,6,21,20,257,57,2,8,102,1,27,0,123,4,30,714,0.8040540540540541
233,728,16,15,0,13,1,16,19,218,61,2,8,71,1,15,0,103,2,22,583,0.8008241758241759
234,675,21,10,2,13,1,16,25,193,34,6,2,68,0,12,2,102,0,39,546,0.8088888888888889
235,865,17,20,0,14,0,17,40,257,43,4,5,78,1,13,2,139,5,37,692,0.8
236,783,23,11,2,9,0,22,28,227,51,2,2,77,3,5,7,125,6,29,629,0.8033205619412516
237,769,31,19,4,14,3,18,38,197,62,8,11,66,1,8,3,100,2,17,602,0.7828348504551366
238,771,22,12,1,4,0,28,23,203,65,2,2,76,1,10,0,119,4,31,603,0.7821011673151751
239,790,24,18,4,12,0,16,24,237,57,2,9,65,1,18,3,93,3,30,616,0.779746835443038
240,758,19,10,0,6,1,32,17,213,38,4,5,79,1,21,3,117,0,28,594,0.783641160949868
241,626,17,16,3,7,1,18,11,190,38,1,6,66,3,21,2,77,2,23,502,0.8019169329073482
242,808,17,28,2,12,5,18,19,262,54,1,2,65,1,32,1,99,4,35,657,0.8131188118811881
243,762,7,21,2,14,1,11,20,266,60,5,5,76,4,19,2,107,4,17,641,0.8412073490813649
244,888,20,21,5,6,0,18,27,257,62,3,9,105,3,17,0,125,0,35,713,0.8029279279279279
245,844,23,25,2,12,1,15,22,253,50,2,2,82,4,19,3,151,4,35,705,0.8353080568720379
246,772,22,20,2,11,4,21,22,223,60,4,5,72,3,16,2,126,2,19,634,0.8212435233160622
247,804,14,20,2,9,0,27,17,226,42,0,9,57,0,20,3,144,2,29,621,0.7723880597014925
248,889,21,10,3,14,1,25,25,223,65,1,2,97,1,31,6,132,2,33,692,0.7784026996625422
249,879,18,15,3,10,1,21,14,235,45,2,4,109,1,34,1,166,1,46,726,0.825938566552901
250,711,19,16,1,11,2,18,15,224,55,2,4,86,1,20,3,84,2,24,587,0.8255977496483825
251,773,15,12,0,7,1,18,25,244,52,0,3,70,1,13,4,114,5,23,607,0.7852522639068564
252,769,21,21,4,4,0,19,17,243,53,0,5,86,2,22,0,108,4,28,637,0.8283485045513654
253,866,14,16,4,12,2,24,34,274,75,1,8,80,1,25,2,128,5,43,748,0.8637413394919169
254,783,24,14,3,6,0,25,24,245,44,3,2,80,4,14,4,91,1,34,618,0.789272030651341
255,797,11,15,4,7,2,12,33,216,58,3,5,78,2,19,1,126,3,29,624,0.7829360100376411
256,909,24,19,3,8,0,18,35,268,57,3,3,77,1,21,0,135,3,23,698,0.7678767876787679
257,1113,26,14,4,17,7,25,26,364,58,2,11,166,1,25,8,177,2,47,980,0.8805031446540881
258,1031,26,23,2,15,0,18,23,298,71,2,6,113,3,26,2,156,5,58,847,0.8215324927255092
259,839,31,26,3,7,2,21,23,252,61,1,4,73,0,23,0,105,8,29,669,0.797377830750894
260,675,15,16,1,7,1,6,16,215,39,1,4,77,0,24,1,116,1,35,575,0.8518518518518519
261,738,16,14,4,9,0,13,19,258,51,0,5,93,1,25,2,95,2,26,633,0.8577235772357723
262,925,18,11,3,6,3,27,31,314,50,1,5,110,1,15,3,136,2,35,771,0.8335135135135135
263,948,28,20,5,14,3,15,24,309,58,2,8,89,5,21,2,125,7,33,768,0.810126582278481
264,786,27,8,4,12,1,18,22,259,38,1,3,76,2,27,0,133,0,30,661,0.8409669211195929
265,806,16,18,5,8,1,19,24,252,50,1,2,87,0,16,0,133,3,26,661,0.8200992555831266
266,949,26,9,3,15,0,9,25,333,56,3,5,100,1,14,3,154,2,35,793,0.8356164383561644
267,852,16,22,4,10,1,25,24,254,80,0,4,75,0,15,1,133,3,25,692,0.812206572769953
268,859,10,19,5,9,1,27,39,267,43,2,6,73,1,19,4,131,3,39,698,0.8125727590221188
269,763,16,3,3,2,0,19,6,200,11,4,4,122,0,34,1,197,0,56,678,0.8885976408912188
270,754,18,11,1,3,1,11,2,162,19,1,2,105,2,30,2,243,2,58,673,0.8925729442970822
271,795,20,7,4,5,0,20,8,183,25,10,2,142,3,16,1,180,6,67,699,0.879245283018868
272,720,16,4,2,8,3,17,14,195,27,4,4,117,2,27,2,151,1,39,633,0.8791666666666667
273,788,23,18,4,7,2,14,23,260,47,2,0,87,1,24,0,110,3,35,660,0.8375634517766497
274,768,14,10,5,7,1,11,30,209,48,2,3,78,0,25,3,107,1,35,589,0.7669270833333334
275,559,7,10,2,4,0,7,19,181,26,3,3,60,1,8,4,98,3,21,457,0.817531305903399
276,631,26,13,0,5,3,10,12,234,25,1,1,72,2,27,1,84,1,26,543,0.8605388272583201
277,649,12,8,2,11,2,13,20,207,41,0,3,62,1,17,3,100,3,28,533,0.8212634822804314
278,677,10,28,0,10,1,12,8,242,40,2,1,62,0,10,4,107,0,39,576,0.8508124076809453
279,725,19,9,3,11,6,18,25,220,47,2,8,67,3,11,4,123,2,32,610,0.8413793103448276
280,930,27,11,5,10,1,14,23,291,63,5,0,121,2,15,1,150,4,28,771,0.8290322580645161
281,750,12,17,3,1,2,25,20,224,52,1,7,104,1,17,0,107,3,27,623,0.8306666666666667
282,899,8,16,6,12,1,29,17,266,30,2,1,112,3,25,0,172,1,37,738,0.8209121245828699
283,784,11,20,2,9,2,16,17,244,30,4,6,88,2,24,4,112,2,33,626,0.798469387755102
284,837,17,16,4,8,3,26,19,278,54,2,5,108,1,22,2,110,2,44,721,0.8614097968936678
285,547,25,13,2,3,1,16,11,190,18,0,0,77,3,19,0,88,2,27,495,0.9049360146252285
286,792,15,25,2,12,0,12,19,246,43,0,7,97,3,21,3,122,1,21,649,0.8194444444444444
287,738,27,6,2,5,0,22,12,262,20,1,4,86,1,27,0,127,1,68,671,0.9092140921409214
288,654,14,18,3,4,1,9,10,216,21,0,6,63,0,14,3,131,2,28,543,0.8302752293577982
289,948,27,21,3,10,2,17,22,325,29,4,5,120,3,32,0,151,2,51,824,0.869198312236287
290,800,24,16,0,4,1,16,29,278,35,1,6,90,0,18,1,128,2,37,686,0.8575
291,825,27,17,2,7,0,21,22,267,29,1,3,96,1,35,0,133,5,50,716,0.8678787878787879
292,794,31,17,5,5,2,24,11,254,20,2,8,99,4,15,1,130,4,50,682,0.8589420654911839
293,890,41,22,4,5,6,21,33,302,62,1,9,84,4,24,2,115,2,24,761,0.8550561797752809
294,649,27,18,2,5,1,22,16,192,30,2,2,66,1,14,1,121,3,29,552,0.8505392912172574
295,965,22,13,3,8,0,37,9,300,28,5,2,117,0,43,2,205,4,61,859,0.8901554404145078
296,838,8,18,1,10,6,21,28,286,54,6,5,80,2,18,1,142,5,39,730,0.8711217183770883
297,801,26,17,5,7,1,18,19,247,41,1,5,78,0,16,3,110,5,38,637,0.7952559300873908
298,828,35,22,4,4,3,19,29,260,43,1,3,96,1,26,3,148,1,28,726,0.8768115942028986
299,724,17,19,6,4,0,23,7,209,12,5,1,109,1,27,2,138,1,53,634,0.8756906077348067
300,882,26,14,6,6,1,27,18,278,48,5,6,84,2,28,1,143,1,41,735,0.8333333333333334
301,1028,29,29,10,6,4,37,26,316,51,0,9,105,0,19,0,186,4,28,859,0.835603112840467
302,885,23,12,0,10,4,29,24,270,60,4,5,87,2,16,2,137,2,34,721,0.8146892655367232
303,836,27,15,1,8,2,16,26,222,51,0,4,96,2,20,6,162,2,26,686,0.8205741626794258
304,810,20,22,5,8,3,11,25,231,40,4,2,70,7,24,4,130,4,39,649,0.8012345679012346
305,741,24,13,0,11,1,14,15,223,43,2,2,71,0,13,4,133,2,29,600,0.8097165991902834
306,952,22,18,8,6,6,18,23,319,54,5,10,72,1,25,1,130,3,42,763,0.8014705882352942
307,829,23,19,4,13,6,12,29,247,56,3,1,86,2,13,4,134,4,27,683,0.8238841978287093
308,938,17,24,1,7,3,18,22,295,45,5,5,93,4,29,3,176,3,49,799,0.8518123667377399
309,710,16,19,3,9,1,14,21,217,50,2,5,73,5,23,5,109,0,31,603,0.8492957746478873
310,686,21,14,1,12,2,12,20,230,35,2,5,45,0,22,0,111,1,23,556,0.8104956268221575
311,945,38,28,1,11,4,19,36,279,56,3,5,88,3,16,2,127,3,36,755,0.798941798941799
312,956,35,18,8,9,8,27,34,294,54,1,4,91,3,26,2,134,1,39,788,0.8242677824267782
313,682,13,19,3,7,1,19,28,207,54,2,2,61,2,13,5,95,3,14,548,0.8035190615835777
314,684,18,15,0,6,1,12,25,214,44,4,5,73,2,14,1,93,3,20,550,0.804093567251462
315,860,22,25,3,7,1,17,27,283,48,2,2,91,1,13,1,132,3,47,725,0.8430232558139535
316,841,24,19,2,10,2,16,24,304,40,1,1,70,1,21,0,133,0,27,695,0.8263971462544589
317,718,17,13,1,6,0,18,31,238,53,2,3,61,3,11,1,88,3,43,592,0.8245125348189415
318,741,29,13,0,6,0,11,31,236,56,5,4,46,2,17,6,94,0,20,576,0.7773279352226721
319,720,13,16,1,6,1,13,35,266,48,1,7,60,2,12,0,84,2,20,587,0.8152777777777778
320,792,18,14,3,8,1,19,20,238,59,1,1,74,3,30,4,131,1,29,654,0.8257575757575758
321,829,19,19,1,3,2,27,18,188,59,3,2,112,1,15,1,182,3,47,702,0.8468033775633294
322,726,20,15,2,6,1,22,25,214,43,1,3,75,2,24,3,107,2,31,596,0.8209366391184573
323,733,15,15,1,7,1,13,32,250,54,2,1,39,2,15,6,79,2,15,549,0.7489768076398363
324,739,21,19,2,4,2,18,20,244,56,1,1,82,0,15,2,82,6,28,603,0.8159675236806495
325,715,20,27,7,10,2,18,29,213,51,2,1,45,0,12,2,93,1,25,558,0.7804195804195804
326,852,17,27,0,8,3,27,26,256,66,1,9,65,1,14,2,119,4,31,676,0.7934272300469484
327,685,16,15,4,13,3,17,21,180,55,3,5,50,2,21,4,128,1,23,561,0.8189781021897811
328,721,21,14,4,4,0,14,22,215,39,1,1,58,3,23,9,108,0,47,583,0.8085991678224688
329,814,13,22,3,16,2,21,21,265,46,2,7,54,2,29,4,96,6,41,650,0.7985257985257985
330,700,19,11,1,7,2,24,20,225,37,1,1,49,1,17,5,108,3,20,551,0.7871428571428571
331,689,12,19,2,12,4,22,33,154,50,2,9,64,1,13,0,115,4,13,529,0.7677793904208998
332,920,23,22,5,5,2,40,18,271,67,6,5,93,2,30,5,132,1,54,781,0.8489130434782609
333,743,11,24,5,5,2,26,18,203,71,2,2,79,1,23,3,109,3,30,617,0.8304172274562585
334,812,9,6,6,5,5,26,13,220,29,5,2,99,2,24,4,152,3,69,679,0.8362068965517241
335,711,12,14,4,3,1,23,11,185,39,1,2,54,1,15,1,94,3,107,570,0.8016877637130801
336,810,17,21,3,3,5,19,24,226,57,0,4,90,0,21,4,115,3,61,673,0.8308641975308642
337,760,10,15,3,12,1,34,19,239,43,3,4,78,2,16,0,132,1,41,653,0.8592105263157894
338,852,12,13,2,6,0,42,13,261,43,3,7,118,2,14,0,152,3,52,743,0.8720657276995305
339,827,10,23,3,2,1,32,15,278,52,4,1,89,1,24,2,138,3,46,724,0.875453446191052
340,727,14,18,3,3,2,29,22,226,43,1,1,70,0,30,1,126,4,38,631,0.8679504814305364
341,826,21,14,2,4,1,26,9,209,26,0,3,138,3,24,0,181,2,65,728,0.8813559322033898
342,833,25,17,6,5,6,29,15,210,45,1,4,122,1,24,0,141,11,39,701,0.8415366146458584
343,785,21,19,2,7,2,13,20,234,38,1,3,94,1,23,3,151,3,43,678,0.8636942675159236
344,848,21,12,4,11,1,11,44,253,58,3,6,77,1,21,3,116,2,52,696,0.8207547169811321
345,823,21,23,3,7,3,16,18,227,44,2,6,82,1,23,1,160,2,27,666,0.8092345078979344
346,602,16,14,4,4,1,8,23,152,37,2,5,52,0,19,1,81,7,18,444,0.7375415282392026
347,943,21,24,3,11,1,29,34,261,71,0,3,98,3,25,3,114,9,37,747,0.792152704135737
348,595,15,10,0,12,1,11,17,182,47,1,6,59,3,10,3,92,2,16,487,0.8184873949579832
349,703,24,9,1,8,0,10,19,228,31,6,3,74,4,16,2,119,4,22,580,0.8250355618776671
350,870,14,18,5,13,0,13,33,232,53,3,5,82,2,24,6,134,5,24,666,0.7655172413793103
351,623,11,16,1,6,1,8,12,188,32,2,2,71,1,18,2,116,2,37,526,0.8443017656500803
352,722,12,10,3,4,1,20,6,192,34,1,2,104,0,14,0,171,6,44,624,0.8642659279778393
353,780,14,13,2,6,1,14,11,207,53,2,3,81,2,21,4,168,5,37,644,0.8256410256410256
354,785,21,13,3,7,2,23,15,207,50,2,6,94,1,25,0,131,1,34,635,0.8089171974522293
355,816,19,13,2,9,0,17,29,197,56,2,5,90,1,28,3,146,2,34,653,0.8002450980392157
356,707,7,16,1,7,2,16,18,197,62,2,7,48,1,5,7,112,6,18,532,0.7524752475247525
357,681,14,13,3,12,0,18,11,177,39,3,3,69,0,17,1,130,2,26,538,0.7900146842878121
358,753,14,15,1,5,4,27,11,185,44,5,3,90,0,24,2,160,3,36,629,0.8353253652058433
359,759,16,20,1,10,0,20,13,232,41,2,6,91,0,28,3,107,3,32,625,0.8234519104084321
360,774,19,27,1,8,2,19,19,231,58,3,4,75,2,23,1,117,5,39,653,0.8436692506459949
361,846,17,10,3,6,1,29,20,260,50,0,4,107,2,34,0,138,5,43,729,0.8617021276595744
362,821,28,10,3,2,4,21,16,241,48,1,6,104,2,23,1,128,5,30,673,0.8197320341047503
363,873,18,7,4,3,1,23,16,260,42,3,1,111,2,18,4,184,0,35,732,0.8384879725085911
364,691,22,18,5,9,2,22,21,198,35,5,1,63,2,28,2,104,3,18,558,0.8075253256150506
365,750,11,12,2,11,2,30,22,221,42,1,3,80,2,18,1,112,4,39,613,0.8173333333333334
366,734,17,14,4,4,1,24,15,208,45,3,3,84,0,26,1,131,4,49,633,0.8623978201634878
367,651,12,12,1,3,3,19,16,207,28,1,2,83,2,21,1,93,6,29,539,0.8279569892473119
368,908,18,19,5,5,1,19,23,242,54,2,4,100,2,36,1,151,2,46,730,0.8039647577092511
369,645,17,16,1,8,4,23,16,198,43,2,2,65,1,20,4,86,1,21,528,0.8186046511627907
370,720,12,10,2,15,0,22,16,201,51,1,5,58,3,23,3,110,2,18,552,0.7666666666666667
371,708,27,12,5,8,2,14,20,224,41,0,5,56,2,21,1,85,0,22,545,0.769774011299435
372,816,27,11,10,11,4,15,32,227,67,1,5,77,1,18,3,97,5,34,645,0.7904411764705882
373,881,28,16,3,10,0,20,36,265,70,2,6,81,4,19,2,125,7,38,732,0.8308740068104427
374,870,25,19,0,10,0,22,24,252,43,4,8,98,2,19,2,137,3,29,697,0.8011494252873563
375,788,18,25,7,12,0,14,17,247,44,2,6,76,0,18,3,103,1,30,623,0.7906091370558376
376,880,18,26,4,7,1,21,24,285,47,2,4,111,0,22,3,104,0,32,711,0.8079545454545455
377,792,21,20,2,14,4,16,22,188,58,2,2,66,2,12,5,116,2,25,577,0.7285353535353535
378,820,17,11,5,9,2,26,22,234,35,2,5,63,2,31,1,149,5,40,659,0.8036585365853659
379,906,16,21,4,7,3,24,16,308,47,1,3,117,4,29,0,121,4,29,754,0.8322295805739515
380,919,21,9,3,5,1,28,24,225,35,4,5,101,2,28,1,165,6,82,745,0.8106637649619152
381,684,10,5,2,6,0,8,21,198,38,1,5,43,2,15,2,105,5,16,482,0.7046783625730995
382,1016,22,17,4,6,0,25,22,297,45,1,6,140,4,33,5,158,5,56,846,0.8326771653543307
383,854,30,20,4,4,0,21,21,275,41,4,10,102,0,19,1,151,6,43,752,0.8805620608899297
384,991,38,18,1,11,1,24,31,281,62,1,3,97,1,28,1,182,2,40,822,0.829465186680121
385,855,19,22,1,11,0,13,24,270,46,4,6,110,3,26,1,102,3,27,688,0.8046783625730994
386,857,21,14,1,12,1,13,22,268,54,2,4,84,1,27,3,141,2,28,698,0.8144690781796966
387,866,19,19,1,13,1,16,18,260,38,1,1,93,5,31,6,131,2,29,684,0.789838337182448
388,930,13,15,2,8,2,20,14,245,48,0,3,129,5,31,3,194,3,39,774,0.832258064516129
389,735,16,11,1,16,0,11,24,241,51,3,7,68,2,11,4,77,3,23,569,0.7741496598639456
390,815,17,21,0,9,0,22,10,274,51,1,0,68,1,31,1,107,4,37,654,0.8024539877300614
391,681,13,16,0,8,0,11,32,187,50,0,7,74,1,10,2,106,2,24,543,0.7973568281938326
392,876,31,31,3,16,3,24,17,267,48,2,5,71,5,30,8,126,3,31,721,0.8230593607305936
393,842,35,14,3,13,2,18,14,263,54,1,4,96,0,17,1,114,4,33,686,0.8147268408551069
394,849,11,22,5,7,0,21,30,321,51,1,6,54,0,16,1,116,1,26,689,0.8115429917550059
395,838,14,10,2,1,2,33,10,259,27,2,3,107,0,41,4,151,2,60,728,0.8687350835322196
396,887,15,20,2,8,0,26,9,236,46,2,3,138,2,24,2,182,3,38,756,0.8523111612175873
397,891,17,19,4,3,2,23,19,254,23,0,2,147,1,30,2,180,1,69,796,0.8933782267115601
398,831,29,18,8,4,1,25,17,190,42,2,7,101,1,37,0,139,0,64,685,0.8243080625752106
399,809,26,21,1,15,4,25,23,291,24,1,9,76,1,14,0,104,4,25,664,0.8207663782447466
400,773,10,19,4,12,5,21,25,234,55,3,2,76,0,10,4,108,4,31,623,0.8059508408796895
401,765,16,13,4,13,1,15,21,231,46,1,3,91,0,16,3,121,1,29,625,0.8169934640522876
402,845,25,23,6,4,1,24,25,224,55,5,0,123,2,24,1,135,1,42,720,0.8520710059171598
403,728,28,15,0,7,2,26,14,225,58,6,4,68,1,16,1,105,5,31,612,0.8406593406593407
404,762,25,20,2,6,1,16,18,221,67,1,5,70,1,23,1,103,2,31,613,0.8044619422572179
405,808,22,13,3,6,2,14,19,258,50,1,8,78,0,24,3,131,6,26,664,0.8217821782178217
406,704,15,14,3,10,0,14,18,209,48,2,5,79,5,22,1,122,1,31,599,0.8508522727272727
407,851,23,19,3,8,3,18,10,233,36,3,4,130,0,24,0,174,4,55,747,0.8777908343125734
408,825,15,17,5,5,1,26,10,221,27,2,1,132,0,26,0,177,3,50,718,0.8703030303030304
409,779,17,12,3,11,1,16,30,231,39,4,3,54,1,11,3,130,3,38,607,0.7792041078305519
410,832,25,17,0,13,2,13,17,248,31,0,2,103,1,36,4,136,2,43,693,0.8329326923076923
411,732,21,15,4,12,2,22,19,196,41,2,5,102,0,23,0,122,5,27,618,0.8442622950819673
412,859,28,30,1,10,1,23,21,249,56,2,1,100,3,26,0,123,6,46,726,0.8451688009313155
413,813,25,10,4,13,2,20,17,221,43,5,3,80,2,33,3,123,4,49,657,0.8081180811808119
414,912,29,26,6,13,0,35,26,226,43,4,5,116,2,30,3,164,7,41,776,0.8508771929824561
415,530,7,5,0,4,0,17,20,152,36,1,6,65,6,14,3,83,3,26,448,0.8452830188679246
416,713,26,19,2,8,1,11,21,226,43,2,2,55,1,26,2,109,4,25,583,0.8176718092566619
417,814,18,13,7,4,1,6,24,285,53,1,6,85,3,30,2,103,5,42,688,0.8452088452088452
418,763,20,14,2,8,2,8,27,262,42,7,2,69,3,35,5,100,2,30,638,0.836173001310616
419,796,23,16,2,9,3,19,31,260,43,1,5,56,4,27,3,120,3,28,653,0.8203517587939698
420,770,30,11,3,13,4,22,21,250,44,5,5,56,2,18,0,124,5,29,642,0.8337662337662337
421,1012,24,24,3,16,0,15,24,318,54,4,10,76,4,32,11,168,9,26,818,0.808300395256917
422,878,23,16,3,7,2,14,32,334,58,1,9,49,1,28,6,104,7,22,716,0.8154897494305239
423,958,26,13,4,3,2,17,24,335,44,5,5,66,1,18,3,152,5,43,766,0.7995824634655533
424,822,9,12,5,7,1,14,33,232,61,4,4,53,1,19,9,129,2,20,615,0.7481751824817519
425,897,26,19,3,13,3,15,30,275,60,8,9,67,6,22,3,123,6,22,710,0.7915273132664437
426,873,26,23,0,12,3,16,22,227,62,1,5,65,1,27,2,167,6,31,696,0.7972508591065293
427,807,20,14,4,11,1,18,20,232,47,2,3,61,0,27,4,115,4,29,612,0.758364312267658
428,867,21,23,3,6,1,13,19,288,65,0,1,67,1,28,2,122,1,31,692,0.798154555940023
429,909,19,12,6,9,1,16,34,267,67,4,8,82,7,30,5,136,2,22,727,0.7997799779977998
430,682,13,16,0,9,1,19,22,224,64,1,3,51,2,23,0,107,2,23,580,0.8504398826979472
431,767,18,14,4,13,2,21,27,228,40,3,6,75,1,26,1,109,5,30,623,0.8122555410691004
432,826,19,14,1,13,4,22,27,292,59,4,6,64,2,21,1,122,3,24,698,0.8450363196125908
433,875,9,16,4,8,2,19,32,249,43,2,9,95,1,33,2,158,4,29,715,0.8171428571428572
434,1019,35,16,10,10,2,22,25,352,67,2,6,98,2,29,1,142,2,51,872,0.8557409224730128
435,606,12,11,2,12,1,12,25,129,30,7,4,25,0,12,2,82,5,12,383,0.6320132013201321
436,786,14,19,5,7,3,19,28,288,52,2,5,52,3,20,2,99,3,26,647,0.8231552162849872
437,712,14,18,6,13,4,16,29,222,40,0,4,47,3,18,2,81,7,24,548,0.7696629213483146
438,852,33,14,3,15,2,18,29,256,56,4,3,74,2,27,2,122,5,40,705,0.8274647887323944
439,909,23,19,5,10,1,24,29,374,40,2,1,74,2,29,1,126,3,42,805,0.8855885588558856
440,879,18,8,5,8,3,17,20,295,54,6,2,79,0,34,5,148,2,32,736,0.8373151308304891
441,923,21,26,6,14,4,18,22,321,60,2,3,59,0,27,1,126,4,33,747,0.80931744312026
442,876,23,22,1,7,2,10,23,309,59,4,6,58,0,27,6,108,5,21,691,0.7888127853881278
443,781,9,14,1,8,3,16,23,251,52,2,3,50,3,15,2,112,1,23,588,0.7528809218950064
444,789,17,15,7,9,2,18,21,276,45,3,9,50,2,12,1,91,5,25,608,0.770595690747782
445,823,17,19,2,13,1,18,22,258,41,4,3,62,0,18,5,134,2,26,645,0.7837181044957473
446,859,18,20,7,6,2,28,20,286,50,6,3,82,3,23,1,122,2,31,710,0.8265424912689173
447,865,18,19,6,12,6,18,31,293,40,3,7,75,2,25,1,120,3,27,706,0.8161849710982659
448,841,25,10,2,9,2,8,23,278,50,4,2,90,1,20,3,120,10,35,692,0.8228299643281808
449,723,28,23,2,15,1,5,21,299,28,1,5,61,1,18,3,94,3,27,635,0.8782849239280774
450,827,13,12,6,16,3,13,34,226,58,3,5,57,3,22,5,131,3,20,630,0.7617896009673518
451,605,16,12,1,8,2,15,14,183,41,1,2,40,2,15,2,84,3,16,457,0.7553719008264462
452,665,17,12,2,4,0,11,30,204,48,4,2,38,2,22,3,100,2,11,512,0.7699248120300752
453,843,33,15,1,7,2,17,31,286,66,2,6,82,2,15,2,119,4,39,729,0.8647686832740213
454,775,13,20,1,7,4,10,18,228,51,0,8,58,0,22,7,139,5,26,617,0.7961290322580645
455,966,21,21,1,9,1,12,30,329,86,2,5,89,4,18,2,147,2,30,809,0.8374741200828157
456,880,30,18,6,10,3,10,27,286,58,2,12,76,1,22,2,126,7,25,721,0.8193181818181818
457,724,17,14,3,11,1,7,21,295,30,2,5,49,2,13,0,113,3,37,623,0.8604972375690608
458,741,18,16,2,11,2,11,24,249,60,1,4,64,5,14,1,112,1,35,630,0.8502024291497976
459,481,10,13,1,4,0,12,14,165,28,3,2,39,1,16,2,81,2,20,413,0.8586278586278586
460,798,24,12,6,8,3,17,24,263,44,0,4,73,3,20,3,119,2,43,668,0.8370927318295739
461,743,19,17,0,10,1,12,28,227,67,2,5,39,1,25,4,104,2,24,587,0.7900403768506057
462,762,18,20,3,14,0,19,21,255,50,0,8,53,1,16,3,135,2,16,634,0.8320209973753281
463,759,30,23,2,12,0,23,20,237,51,2,5,46,1,18,3,101,1,30,605,0.7971014492753623
464,706,20,11,1,10,0,6,22,206,46,3,8,55,2,19,2,109,1,21,542,0.7677053824362606
465,772,17,24,0,13,1,8,33,236,56,3,5,72,1,20,5,94,5,15,608,0.7875647668393783
466,854,27,20,4,12,6,14,22,274,61,2,2,59,5,18,3,128,3,31,691,0.8091334894613583
467,926,24,21,4,9,5,20,34,297,65,6,6,78,1,34,3,129,2,26,764,0.8250539956803455
468,805,20,26,1,10,3,10,31,287,39,4,3,44,1,18,0,110,0,25,632,0.7850931677018633
469,860,25,13,5,9,2,16,23,270,60,1,6,62,2,31,6,130,12,33,706,0.8209302325581396
470,770,7,8,3,9,4,18,26,274,49,4,5,62,0,21,1,118,4,25,638,0.8285714285714286
471,756,30,22,2,5,3,28,25,208,46,2,5,61,3,20,6,131,2,24,623,0.8240740740740741
472,869,15,16,3,8,2,26,33,238,49,3,9,86,1,25,1,149,4,31,699,0.8043728423475259
473,738,17,24,1,11,4,9,26,212,53,2,6,54,0,20,6,124,1,35,605,0.8197831978319783
474,743,16,19,6,12,1,14,39,248,48,1,3,54,2,12,3,92,3,18,591,0.7954239569313594
475,836,19,15,5,9,1,18,28,282,59,3,9,71,1,14,4,119,4,22,683,0.8169856459330144
476,704,11,13,1,9,2,11,31,234,55,1,4,65,0,9,2,69,3,27,547,0.7769886363636364
477,860,22,12,4,6,1,12,35,297,40,2,2,89,0,24,2,104,5,43,700,0.813953488372093
478,812,22,10,2,13,1,25,30,220,40,3,2,52,2,22,1,126,1,32,604,0.7438423645320197
479,1083,27,19,7,6,5,25,41,357,82,4,4,90,4,30,3,133,6,38,881,0.8134810710987996
480,818,20,13,3,7,0,16,40,232,45,4,5,58,2,12,7,133,3,28,628,0.7677261613691931
481,720,10,13,0,18,1,9,24,183,45,2,2,44,5,14,3,122,12,19,526,0.7305555555555555
482,722,11,10,2,16,3,7,31,155,29,2,1,47,2,12,3,161,2,8,502,0.6952908587257618
483,744,13,3,6,11,2,14,22,193,34,3,4,73,15,16,6,120,4,32,571,0.7674731182795699
484,784,9,15,1,8,3,8,21,185,45,0,3,50,0,21,5,127,1,19,521,0.6645408163265306
485,748,16,10,7,17,2,8,45,167,38,0,5,35,1,16,3,140,4,15,529,0.7072192513368984
486,772,12,8,2,21,1,9,27,135,32,2,5,56,0,14,3,126,2,13,468,0.6062176165803109
487,784,28,24,1,12,4,10,36,194,43,0,6,40,1,6,5,125,2,17,554,0.7066326530612245
488,788,16,23,1,6,3,10,18,267,42,5,4,88,3,29,0,124,4,36,679,0.8616751269035533
489,864,27,23,1,8,5,17,25,281,46,5,2,94,1,29,5,143,1,21,734,0.8495370370370371
490,876,27,24,0,11,0,17,24,325,48,1,6,69,3,29,3,121,3,45,756,0.863013698630137
491,683,17,11,0,10,1,13,15,238,33,0,6,83,1,13,0,105,1,34,581,0.8506588579795022
492,750,22,9,7,5,2,13,27,295,34,3,2,65,1,19,5,101,0,36,646,0.8613333333333333
493,834,17,14,3,21,2,14,22,270,44,4,6,85,2,16,3,120,0,30,673,0.8069544364508393
494,828,27,21,4,5,2,14,22,268,43,1,5,80,1,36,7,116,1,30,683,0.8248792270531401
495,807,26,14,3,5,3,18,24,223,57,0,1,75,3,28,4,133,6,18,641,0.7942998760842627
496,908,28,17,1,7,2,29,42,269,67,2,5,83,0,26,2,125,1,38,744,0.8193832599118943
497,821,13,17,4,13,2,10,32,208,60,4,4,47,2,26,2,115,3,26,588,0.7161997563946407
498,837,32,29,4,15,1,12,32,258,60,0,4,59,0,16,4,121,2,32,681,0.8136200716845878
499,856,30,19,3,8,0,11,38,319,61,2,6,56,0,13,4,103,3,26,702,0.8200934579439252
500,944,29,29,3,11,1,22,25,320,63,2,3,74,1,22,3,125,6,41,780,0.826271186440678
501,784,16,15,3,10,6,8,23,292,52,2,2,53,2,30,3,93,1,30,641,0.8176020408163265
502,787,18,5,5,7,2,13,31,262,53,5,4,76,0,16,4,123,4,35,663,0.8424396442185514
503,880,25,12,1,8,2,15,35,278,50,6,6,80,1,16,6,127,3,10,681,0.7738636363636363
504,825,17,19,1,10,2,15,44,236,70,1,9,62,3,16,4,110,2,21,642,0.7781818181818182
505,804,16,10,2,7,0,11,32,263,42,0,3,78,0,16,2,120,2,39,643,0.7997512437810945
506,871,16,12,2,8,3,9,15,252,60,6,6,98,1,29,1,165,0,31,714,0.8197474167623421
507,783,24,9,1,9,2,11,27,244,34,0,6,86,1,25,4,141,5,18,647,0.8263090676883781
508,735,29,13,0,8,2,17,23,234,41,1,0,69,2,25,1,109,1,29,604,0.8217687074829932
509,927,21,22,4,11,4,21,44,295,57,1,3,88,0,13,3,130,2,41,760,0.819848975188781
510,1060,27,25,4,9,4,13,46,356,73,2,6,78,1,20,5,146,0,30,845,0.7971698113207547
511,955,28,16,1,8,1,19,33,337,64,5,11,90,4,16,2,140,6,24,805,0.8429319371727748
512,1029,37,29,14,9,0,22,30,349,64,0,2,113,5,39,4,138,4,42,901,0.8756073858114675
513,634,20,7,2,12,1,7,21,158,29,1,4,81,0,10,2,97,4,19,475,0.749211356466877
514,751,12,11,1,11,3,26,32,159,50,4,6,56,1,10,7,164,3,17,573,0.762982689747004
515,792,23,7,6,10,3,17,32,198,43,2,10,43,0,12,7,134,4,23,574,0.7247474747474747
516,775,22,12,3,7,0,22,29,222,57,5,5,70,0,15,4,96,7,45,621,0.8012903225806451
517,746,21,19,1,14,2,10,29,219,51,4,7,51,2,11,3,84,2,21,551,0.7386058981233244
518,811,18,17,3,9,6,10,28,263,73,5,7,73,1,12,7,85,2,27,646,0.7965474722564735
519,894,25,20,3,10,6,20,27,243,65,2,4,83,1,20,2,117,3,24,675,0.7550335570469798
520,745,8,15,4,9,2,12,33,182,37,3,4,50,3,11,6,123,7,16,525,0.7046979865771812
521,872,23,19,5,8,1,19,21,263,55,2,4,74,0,19,0,146,3,33,695,0.7970183486238532
522,918,13,19,7,13,5,15,31,230,50,2,10,57,1,7,7,165,3,16,651,0.7091503267973857
523,605,16,11,1,8,2,7,17,166,48,2,2,45,1,6,2,81,8,32,455,0.7520661157024794
524,727,11,10,3,10,3,13,26,212,39,2,4,55,4,20,6,114,6,27,565,0.7771664374140302
525,886,32,18,2,10,5,12,35,288,53,3,5,58,2,37,6,119,3,37,725,0.8182844243792325
526,742,25,7,4,10,3,12,28,249,40,4,3,65,3,14,3,88,2,18,578,0.7789757412398922
527,814,27,12,4,10,3,22,33,260,45,2,8,84,0,11,2,122,4,24,673,0.8267813267813268
528,982,30,21,2,15,0,18,39,295,66,5,3,79,4,27,0,136,4,38,782,0.7963340122199593
529,1180,32,23,5,18,3,22,45,318,66,1,13,100,3,26,9,194,5,37,920,0.7796610169491526
530,824,29,19,7,2,2,12,27,248,66,1,9,56,5,27,1,130,7,25,673,0.816747572815534
531,844,31,27,1,7,4,17,32,251,57,5,2,79,5,16,2,115,2,29,682,0.8080568720379147
532,666,18,12,0,7,2,12,38,309,73,1,3,20,1,7,2,54,3,14,576,0.8648648648648649
533,763,16,12,1,11,0,7,27,285,56,4,2,30,2,20,3,80,7,17,580,0.7601572739187418
534,619,19,12,3,8,3,15,17,150,37,0,2,74,1,18,2,116,3,32,512,0.827140549273021
535,650,11,10,1,16,4,17,12,187,39,3,3,43,3,12,1,109,2,13,486,0.7476923076923077
536,805,10,7,2,6,3,29,30,279,46,3,7,76,1,17,5,122,0,38,681,0.8459627329192546
537,812,15,19,4,7,2,21,19,279,40,2,3,71,2,39,1,114,4,28,670,0.8251231527093597
538,725,14,21,1,8,4,16,21,274,36,2,2,57,2,14,2,106,3,37,620,0.8551724137931035
539,952,14,16,3,12,3,19,29,344,53,2,9,93,3,27,0,123,5,38,793,0.832983193277311
540,790,18,12,3,11,0,16,29,250,65,0,5,67,3,21,4,97,0,23,624,0.789873417721519
541,824,16,19,2,11,1,9,29,304,44,1,5,59,2,18,4,114,1,19,658,0.7985436893203883
542,807,16,12,0,7,1,15,25,306,47,2,4,58,1,17,2,103,2,31,649,0.8042131350681536
543,832,27,15,2,7,5,9,27,300,49,0,1,70,0,27,0,104,2,22,667,0.8016826923076923
544,775,19,15,4,11,3,4,20,327,51,0,2,54,0,18,4,97,0,30,659,0.8503225806451613
545,745,16,18,3,13,2,8,33,253,39,5,3,57,1,15,4,95,1,24,590,0.7919463087248322
546,970,20,23,0,17,1,10,29,246,61,5,9,56,3,21,5,180,5,26,717,0.7391752577319588
547,901,31,18,2,14,3,16,25,324,64,0,6,61,4,23,1,130,6,27,755,0.8379578246392897
548,855,17,17,3,13,1,14,32,300,53,2,2,72,1,33,5,129,3,31,728,0.8514619883040936
549,767,26,9,1,9,7,16,32,240,46,0,4,54,3,12,7,111,0,33,610,0.7953063885267275
550,737,19,8,7,8,2,9,32,215,46,3,8,48,4,24,3,85,1,11,533,0.723202170963365
551,739,9,12,2,15,1,20,25,161,35,4,5,60,3,23,4,143,6,21,549,0.7428958051420839
552,712,8,3,0,10,0,11,24,171,32,4,0,53,5,16,1,131,5,26,500,0.702247191011236
553,709,16,8,4,7,2,8,27,198,44,2,7,36,1,10,2,110,4,10,496,0.6995768688293371
554,735,16,17,4,8,1,9,16,208,29,2,4,37,3,29,2,133,1,28,547,0.7442176870748299
555,735,14,14,3,9,1,7,23,225,49,3,3,51,3,22,3,88,3,27,548,0.745578231292517
556,725,12,11,5,5,0,6,29,222,56,1,4,57,2,18,2,95,4,15,544,0.7503448275862069
557,768,28,16,3,11,0,10,20,209,48,1,7,50,1,12,3,122,1,15,557,0.7252604166666666
558,721,23,15,2,13,4,8,32,199,46,2,2,46,2,20,4,90,3,22,533,0.739251040221914
559,838,8,9,3,7,0,10,26,255,49,1,9,83,1,24,5,127,2,16,635,0.7577565632458234
560,816,27,18,7,12,3,17,29,305,39,0,4,65,2,15,0,95,4,32,674,0.8259803921568627
561,861,30,17,11,10,2,10,37,284,39,3,6,59,1,18,8,108,2,32,677,0.7862950058072009
562,798,14,25,0,10,1,14,20,222,50,0,6,74,2,33,4,105,6,17,603,0.7556390977443609
563,819,15,17,2,10,1,9,28,243,55,4,5,68,2,24,2,115,1,31,632,0.7716727716727717
564,691,17,10,2,5,1,6,19,197,45,2,4,47,2,11,1,107,4,20,500,0.723589001447178
565,783,15,9,2,10,1,19,36,222,58,2,6,52,3,23,3,111,3,24,599,0.7650063856960408
566,740,16,15,2,4,1,10,38,215,47,4,9,68,0,16,3,115,2,34,599,0.8094594594594594
567,773,23,17,4,11,4,10,29,256,55,0,7,66,1,14,2,93,2,13,607,0.7852522639068564
568,783,22,11,4,11,2,13,34,237,34,0,4,64,0,12,3,129,6,13,599,0.7650063856960408
569,580,11,7,4,5,0,6,24,161,38,6,3,56,0,12,2,98,2,14,449,0.7741379310344828
570,775,20,7,4,11,3,8,39,242,48,2,10,46,0,18,3,93,3,14,571,0.7367741935483871
571,777,10,19,9,10,2,9,25,238,58,1,5,71,1,15,1,89,6,22,591,0.7606177606177607
572,844,18,19,1,13,0,7,23,262,50,5,1,55,4,21,6,151,5,23,664,0.7867298578199052
573,991,23,20,2,13,0,11,52,273,58,3,6,49,1,16,5,133,7,25,697,0.7033299697275479
574,800,18,19,1,10,2,15,20,236,38,1,3,49,4,13,4,128,2,17,580,0.725
575,981,20,24,2,8,0,14,42,336,66,4,12,57,3,24,1,130,6,27,776,0.7910295616717635
576,806,25,13,2,10,2,23,36,238,57,0,12,57,2,23,1,106,3,13,623,0.7729528535980149
577,762,21,10,2,17,1,18,21,238,29,3,10,47,1,17,3,105,1,19,563,0.7388451443569554
578,926,17,16,5,12,2,16,28,300,49,4,6,56,2,33,3,150,6,23,728,0.7861771058315334
579,801,23,16,5,8,2,12,27,196,51,1,6,58,2,17,5,120,4,16,569,0.7103620474406991
580,728,11,12,3,10,1,9,21,161,37,2,2,44,1,11,18,119,5,19,486,0.6675824175824175
581,772,9,17,4,13,0,6,30,207,37,2,1,66,0,19,2,137,2,30,582,0.7538860103626943
582,839,17,9,5,14,2,14,33,219,54,2,4,58,1,20,4,117,9,32,614,0.7318235995232419
583,839,17,9,3,10,5,23,30,227,54,3,6,66,3,31,3,127,8,40,665,0.7926102502979738
584,814,9,13,2,9,3,21,29,287,51,2,5,41,1,20,1,95,1,23,613,0.7530712530712531
585,674,7,2,1,11,0,3,25,130,47,1,1,32,1,15,6,86,3,15,386,0.5727002967359051
586,687,16,15,3,16,0,9,33,196,37,3,6,42,1,13,5,105,4,15,519,0.7554585152838428
587,776,15,16,0,11,0,12,37,193,55,1,4,83,5,12,4,130,3,28,609,0.7847938144329897
588,746,20,9,10,3,4,15,21,208,53,5,3,61,1,18,4,105,2,32,574,0.7694369973190348
589,823,13,26,3,14,1,21,14,258,69,5,3,88,2,33,1,106,1,23,681,0.827460510328068
590,737,16,12,4,4,5,10,25,241,32,3,4,70,1,29,1,106,2,34,599,0.8127544097693351
591,796,23,12,2,8,4,18,18,302,37,3,2,62,1,34,1,99,3,31,660,0.8291457286432161
592,788,16,15,1,6,2,18,22,247,48,2,3,67,4,18,0,132,3,33,637,0.8083756345177665
593,750,21,19,0,8,4,18,21,258,37,3,3,83,1,27,0,98,3,27,631,0.8413333333333334
594,739,24,12,5,11,1,10,23,226,39,2,3,55,1,18,1,129,1,31,592,0.8010825439783491
595,803,22,18,6,11,1,17,21,248,48,0,4,75,0,34,2,109,4,26,646,0.8044831880448319
596,815,20,18,5,5,1,15,19,268,26,3,4,102,1,23,3,130,3,31,677,0.8306748466257668
597,858,10,18,2,14,3,10,30,296,41,1,8,73,1,16,3,148,3,24,701,0.817016317016317
598,732,20,6,2,11,2,13,18,209,32,1,8,73,3,19,2,119,5,34,577,0.7882513661202186
599,734,18,6,2,8,2,9,34,187,18,3,11,36,1,10,0,108,7,12,472,0.6430517711171662
600,894,27,18,2,8,3,20,25,281,75,4,2,62,2,24,1,109,8,25,696,0.7785234899328859
601,777,19,16,1,2,0,17,25,226,54,3,3,47,0,22,1,141,6,25,608,0.7824967824967825
602,743,15,12,1,16,0,6,24,202,44,2,9,42,2,15,7,111,4,29,541,0.7281292059219381
603,800,18,19,2,11,1,21,21,265,50,2,3,55,2,12,4,130,2,36,654,0.8175
604,601,17,12,0,7,3,18,22,179,30,2,2,47,1,22,6,98,5,14,485,0.8069883527454242
605,851,16,22,1,11,5,15,18,237,44,7,6,106,2,31,3,142,0,32,698,0.8202115158636898
606,966,29,9,5,10,2,16,41,304,61,4,6,80,2,23,2,156,3,51,804,0.8322981366459627
607,978,11,25,1,10,2,20,34,318,57,1,7,93,3,25,3,156,1,28,795,0.8128834355828221
608,799,18,12,1,4,3,14,23,279,42,2,5,67,1,17,3,113,3,30,637,0.7972465581977471
609,944,30,15,3,11,5,18,23,298,56,3,7,89,1,27,9,139,3,30,767,0.8125
610,915,29,15,4,8,7,7,16,308,56,2,4,86,3,24,3,144,8,32,756,0.8262295081967214
611,770,42,14,1,13,3,9,16,266,42,3,0,55,0,23,5,131,3,34,660,0.8571428571428571
612,938,20,10,6,12,5,11,27,323,65,5,5,80,3,22,4,127,8,24,757,0.8070362473347548
613,460,9,14,1,8,0,4,8,82,31,5,4,56,1,20,2,90,4,31,370,0.8043478260869565
614,729,12,9,0,9,2,7,27,189,48,1,7,28,1,15,5,113,2,21,496,0.6803840877914952
615,747,24,9,4,8,1,14,30,222,41,3,1,47,0,15,5,123,5,15,567,0.7590361445783133
616,694,20,10,6,12,0,8,24,197,29,2,2,49,1,17,6,105,7,34,529,0.7622478386167147
617,745,18,14,1,11,1,10,21,218,51,7,2,54,1,16,3,117,3,21,569,0.763758389261745
618,798,15,28,5,10,3,19,21,242,46,3,8,73,2,14,1,104,4,18,616,0.7719298245614035
619,738,29,14,8,9,2,7,19,214,45,2,4,63,0,24,3,107,4,26,580,0.7859078590785907
620,797,20,13,1,13,0,19,16,254,46,1,10,65,1,27,2,145,3,30,666,0.835633626097867
621,845,37,12,1,7,7,15,52,291,65,5,8,53,1,16,4,101,3,9,687,0.8130177514792899
622,958,21,23,3,14,2,14,35,309,61,3,6,84,1,40,3,150,5,26,800,0.8350730688935282
623,1085,25,32,4,20,6,25,39,277,86,1,6,73,4,23,1,160,3,19,804,0.7410138248847926
624,920,14,17,8,8,6,16,18,242,44,3,9,117,2,35,2,172,2,47,762,0.8282608695652174
625,838,28,16,1,6,1,13,29,218,56,5,4,57,3,22,1,134,1,32,627,0.7482100238663485
626,848,19,22,6,28,7,15,25,245,37,2,4,75,0,30,4,127,5,30,681,0.8030660377358491
627,878,20,17,10,9,4,15,24,220,52,3,10,96,7,29,4,162,4,45,731,0.8325740318906606
628,892,24,14,1,6,1,21,27,276,40,1,2,99,5,37,2,134,7,37,734,0.8228699551569507
629,811,18,15,2,8,2,23,28,218,37,1,7,92,2,30,3,141,5,24,656,0.8088779284833539
630,797,15,12,1,5,4,22,40,233,41,3,4,54,1,30,1,145,1,16,628,0.7879548306148055
631,814,21,17,5,9,3,11,25,202,39,4,6,100,0,19,4,103,3,27,598,0.7346437346437347
632,862,26,17,1,14,5,15,16,270,57,1,9,92,3,29,2,121,6,36,720,0.8352668213457076
633,883,18,15,3,10,1,12,24,290,63,0,3,89,1,25,1,162,3,31,751,0.8505096262740657
634,878,17,10,4,6,3,11,24,243,48,2,4,73,2,28,5,149,2,25,656,0.7471526195899773
635,775,16,15,5,8,2,21,16,220,42,0,2,81,2,27,2,149,6,49,663,0.8554838709677419
636,788,14,20,4,9,1,27,22,227,62,3,3,79,1,26,3,103,0,25,629,0.7982233502538071
637,802,11,17,1,6,2,35,26,303,58,0,5,72,0,18,2,147,0,26,729,0.9089775561097256
638,761,17,19,4,2,1,33,20,254,51,3,3,63,2,11,4,102,0,38,627,0.823915900131406
639,762,14,12,2,6,4,14,30,251,51,1,2,52,1,14,2,107,4,16,583,0.7650918635170604
640,760,19,19,4,12,3,24,27,225,75,3,3,52,1,9,5,105,4,16,606,0.7973684210526316
641,554,8,9,3,4,1,22,10,152,36,2,3,45,3,34,3,101,4,28,468,0.8447653429602888
642,739,17,22,1,4,0,22,18,218,62,5,3,47,1,23,6,118,1,31,599,0.8105548037889039
643,768,24,23,2,3,1,28,29,222,70,0,4,60,1,20,4,123,1,18,633,0.82421875
644,762,15,21,4,4,1,35,20,186,64,1,3,78,0,26,0,139,1,41,639,0.8385826771653543
645,750,19,24,1,4,0,26,31,195,75,0,4,57,3,18,2,99,3,32,593,0.7906666666666666
646,762,27,29,1,7,0,26,17,234,56,2,5,51,0,20,0,115,0,32,622,0.8162729658792651
647,764,17,11,3,4,1,23,25,217,43,1,6,87,3,20,1,133,4,27,626,0.819371727748691
648,852,11,20,5,9,6,39,26,258,59,3,0,78,1,26,1,134,6,27,709,0.8321596244131455
649,740,8,15,2,4,1,19,26,178,44,3,7,66,1,22,3,142,7,18,566,0.7648648648648648
650,771,18,17,3,6,5,23,30,180,50,1,11,61,1,33,0,146,8,15,608,0.788586251621271
651,703,13,11,4,4,0,26,21,157,45,0,4,57,2,19,1,129,3,18,514,0.7311522048364154
652,679,13,12,1,10,2,15,18,160,45,4,5,35,2,34,0,137,4,18,515,0.7584683357879234
653,309,1,0,3,3,0,1,2,70,4,1,0,9,0,3,0,19,1,143,260,0.8414239482200647
654,495,2,1,4,2,0,1,2,66,2,1,0,2,0,1,0,9,0,212,305,0.6161616161616161
655,459,0,0,0,2,0,1,1,46,2,2,2,1,0,0,0,8,1,221,287,0.6252723311546841
656,733,11,4,9,5,1,10,17,176,37,1,3,54,0,15,4,128,2,76,553,0.7544338335607094
657,764,20,7,5,7,1,16,25,226,45,1,0,73,2,23,0,91,2,45,589,0.7709424083769634
658,667,14,14,3,8,0,14,19,133,42,1,1,64,2,11,2,95,4,25,452,0.6776611694152923
659,946,26,15,10,23,6,22,30,287,46,2,7,79,3,30,1,146,9,43,785,0.8298097251585623
660,1034,31,25,4,13,1,25,32,294,68,1,6,104,1,31,3,171,3,30,843,0.8152804642166345
661,815,30,19,0,11,1,18,23,232,55,2,4,83,1,19,0,135,2,27,662,0.8122699386503067
662,659,11,16,1,4,5,18,20,183,53,3,5,69,1,14,1,86,2,25,517,0.7845220030349014
663,644,11,9,12,1,0,29,16,167,35,2,1,72,0,31,0,120,4,36,546,0.8478260869565217
664,753,17,11,2,20,2,33,14,193,40,4,4,89,0,21,2,118,0,38,608,0.8074369189907038
665,759,22,16,3,3,3,34,24,220,53,0,2,49,0,32,1,138,1,36,637,0.839262187088274
666,790,16,11,7,13,2,24,26,255,65,3,1,52,1,17,4,83,4,43,627,0.7936708860759494
667,992,39,14,3,16,0,30,23,348,59,6,3,103,2,33,0,148,3,51,881,0.8881048387096774
668,724,12,21,3,3,0,21,34,213,42,4,3,43,1,19,4,89,6,17,535,0.738950276243094
669,838,25,24,6,7,1,18,23,247,64,2,5,77,3,25,0,124,4,17,672,0.801909307875895
670,898,25,23,7,5,4,22,29,258,54,2,5,102,1,24,2,121,3,18,705,0.7850779510022272
671,848,32,17,3,8,4,22,27,244,62,2,2,84,1,20,1,123,0,33,685,0.8077830188679245
672,838,27,24,1,7,5,15,32,236,71,4,1,59,1,16,6,128,2,19,654,0.7804295942720764
673,874,14,14,8,8,0,25,26,264,54,3,1,88,3,14,3,150,1,38,714,0.816933638443936
674,970,21,15,5,5,1,27,16,277,44,1,0,96,3,19,0,193,8,46,777,0.8010309278350516
675,807,25,10,5,2,0,32,12,277,34,0,2,85,2,21,1,136,3,53,700,0.8674101610904585
676,1013,22,31,3,11,4,18,35,318,50,3,4,104,3,36,1,162,2,23,830,0.8193484698914116
677,771,12,23,1,9,1,20,29,260,51,4,1,63,2,22,0,100,4,30,632,0.8197146562905318
678,1027,18,20,5,6,6,39,32,312,79,2,5,123,4,33,3,126,2,42,857,0.8344693281402142
679,775,19,11,1,8,1,25,29,231,49,0,1,82,1,27,2,144,1,38,670,0.864516129032258
680,807,14,19,1,7,1,20,25,266,50,2,4,64,1,32,2,119,2,31,660,0.8178438661710037
681,829,21,24,3,14,4,20,22,234,44,2,7,87,3,21,1,140,2,29,678,0.8178528347406514
682,801,18,15,0,4,2,27,12,245,35,2,6,113,4,24,1,135,2,41,686,0.8564294631710362
683,823,20,21,2,9,3,12,26,281,56,2,1,60,2,19,1,104,1,36,656,0.7970838396111786
684,802,22,15,1,10,2,26,22,294,51,5,0,80,1,25,3,93,5,35,690,0.8603491271820449
685,864,17,11,0,6,2,25,25,333,48,1,5,60,1,26,0,127,1,34,722,0.8356481481481481
686,857,16,24,2,9,1,19,22,254,46,3,2,69,0,25,4,170,4,25,695,0.8109684947491248
687,854,26,20,3,6,2,17,34,232,57,5,3,99,3,30,4,146,1,24,712,0.8337236533957846
688,827,20,16,1,6,1,18,24,271,74,3,6,81,1,24,6,111,2,14,679,0.8210399032648126
689,821,23,15,1,7,4,27,27,255,52,1,6,73,0,19,0,110,3,15,638,0.7771010962241169
690,805,18,19,5,6,3,13,24,199,54,3,6,84,2,30,2,144,3,25,640,0.7950310559006211
691,855,14,19,6,3,1,21,31,241,68,1,5,81,1,24,4,120,1,25,666,0.7789473684210526
692,638,7,12,3,8,3,12,20,154,43,3,5,41,1,11,1,131,2,16,473,0.7413793103448276
693,818,15,11,5,14,3,25,28,220,45,4,5,83,2,22,4,128,4,24,642,0.784841075794621
694,749,14,15,1,6,1,16,28,182,47,2,6,49,0,14,3,137,5,6,532,0.7102803738317757
695,766,20,14,2,9,0,20,29,209,46,4,4,56,1,32,2,130,1,13,592,0.7728459530026109
696,774,20,6,2,5,0,23,34,209,58,3,1,56,2,22,2,106,4,21,574,0.7416020671834626
697,757,17,20,0,7,2,14,33,184,42,1,8,73,1,18,3,141,8,30,602,0.7952443857331571
698,919,27,26,3,16,4,28,31,222,46,3,8,69,2,29,2,149,5,24,694,0.7551686615886833
699,920,15,14,3,8,1,18,25,289,46,5,5,83,3,32,4,154,3,36,744,0.808695652173913
700,855,16,16,5,17,1,27,22,219,56,0,6,78,5,27,2,138,3,35,673,0.7871345029239766
701,813,30,19,3,6,3,10,21,211,34,1,1,76,1,38,3,147,2,26,632,0.7773677736777368
702,745,27,10,3,6,0,12,27,216,52,2,5,59,2,19,1,131,2,26,600,0.8053691275167785
703,811,22,14,3,7,2,15,21,216,43,2,7,104,0,29,2,170,1,32,690,0.8508014796547472
704,720,19,8,2,7,2,20,22,216,50,1,4,63,2,16,3,104,5,24,568,0.7888888888888889
705,640,13,9,1,5,1,13,24,135,57,1,2,51,1,23,5,102,5,12,460,0.71875
706,601,8,15,2,8,0,15,25,155,25,1,3,46,1,22,3,88,7,16,440,0.7321131447587355
707,577,10,14,1,8,1,13,21,150,31,1,1,33,1,15,2,102,2,15,421,0.729636048526863
708,631,8,4,0,3,1,8,12,36,24,2,1,19,1,2,1,44,3,2,171,0.27099841521394613
709,576,12,14,3,5,0,22,19,160,47,0,3,71,1,15,0,67,1,26,466,0.8090277777777778
710,603,9,8,1,2,4,21,20,159,27,2,2,69,1,10,0,112,0,26,473,0.7844112769485904
711,612,11,16,1,8,1,14,7,204,41,1,2,76,0,13,1,73,4,39,512,0.8366013071895425
712,514,9,9,2,3,0,8,10,144,18,0,5,82,1,10,0,96,4,36,437,0.8501945525291829
713,813,10,18,1,11,1,26,23,253,29,2,1,102,2,23,2,136,2,36,678,0.8339483394833949
714,1136,22,40,6,20,2,44,44,351,61,1,5,105,3,42,6,141,2,50,945,0.8318661971830986
715,599,17,12,2,7,3,14,11,176,33,2,4,87,1,20,1,111,5,30,536,0.8948247078464107
716,487,9,9,4,4,0,14,1,168,13,3,0,64,0,14,1,80,0,37,421,0.864476386036961
717,474,3,14,0,3,1,28,11,122,20,2,2,71,1,12,0,97,2,30,419,0.8839662447257384
718,385,7,10,2,2,0,22,4,94,7,1,0,47,1,9,0,85,0,26,317,0.8233766233766234
719,532,14,8,3,2,0,18,6,145,13,1,5,88,1,10,0,102,3,39,458,0.8609022556390977
720,629,9,12,3,1,1,25,10,169,33,6,3,78,1,25,6,132,0,28,542,0.8616852146263911
721,239,8,11,1,0,0,14,4,57,9,0,0,27,1,13,0,45,2,10,202,0.8451882845188284
722,761,8,14,3,3,1,31,13,218,33,2,4,109,0,19,0,141,2,59,660,0.8672798948751642
723,565,4,7,0,3,0,29,8,106,10,0,5,102,1,15,2,146,0,51,489,0.8654867256637168
724,756,21,19,1,3,5,38,15,161,64,3,0,63,0,23,1,150,2,13,582,0.7698412698412699
725,737,19,17,1,8,1,15,14,166,66,1,6,48,0,14,6,108,4,15,509,0.6906377204884667
726,616,9,14,1,1,0,39,25,158,45,2,2,47,1,11,0,92,2,23,472,0.7662337662337663
727,613,10,19,2,5,2,23,13,199,47,0,3,47,1,12,2,120,5,17,527,0.8597063621533442
728,669,15,7,5,12,1,23,27,155,52,1,1,47,1,18,1,127,2,8,503,0.7518684603886397
729,769,21,23,4,11,3,24,29,204,53,4,4,65,2,24,3,116,1,25,616,0.8010403120936281
730,831,15,17,5,3,0,29,39,204,57,0,9,56,2,31,1,142,6,29,645,0.776173285198556
731,724,14,14,4,3,4,22,13,202,58,2,2,77,0,15,3,140,4,31,608,0.8397790055248618
732,920,15,16,5,9,6,30,28,271,65,4,7,90,3,29,2,148,2,43,773,0.8402173913043478
733,765,14,27,4,3,2,34,8,216,40,3,3,90,0,25,0,141,6,44,660,0.8627450980392157
734,731,13,15,3,7,3,36,13,191,32,0,1,88,1,21,0,139,1,38,602,0.8235294117647058
735,896,11,10,3,0,2,22,7,212,36,3,2,118,4,30,0,185,3,82,730,0.8147321428571429
736,878,11,10,2,6,0,24,15,211,41,1,4,85,3,24,0,161,1,68,667,0.7596810933940774
737,733,6,8,3,8,2,41,18,242,34,2,1,74,3,21,1,122,1,33,620,0.8458390177353342
738,819,11,9,2,4,1,40,10,234,27,4,1,98,1,27,2,174,4,94,743,0.9072039072039072
739,721,14,16,2,5,1,32,8,192,39,2,5,89,0,27,0,128,2,49,611,0.8474341192787794
740,690,19,16,2,2,0,34,19,199,41,3,3,62,2,23,1,120,5,43,594,0.8608695652173913
741,139,0,0,2,6,0,0,6,11,1,0,1,2,0,0,0,12,1,9,51,0.3669064748201439
742,552,23,8,4,1,1,14,17,198,46,0,5,61,3,11,1,70,4,14,481,0.8713768115942029
743,877,17,11,7,3,1,44,11,220,25,7,3,118,2,20,0,200,2,83,774,0.8825541619156214
744,868,11,4,6,3,0,31,6,175,22,2,3,128,0,23,0,234,4,82,734,0.8456221198156681
745,513,8,9,0,2,0,12,6,156,17,2,1,47,1,8,0,84,0,75,428,0.834307992202729
746,744,26,21,3,2,1,29,17,238,45,2,4,71,4,11,2,98,3,37,614,0.8252688172043011
747,756,7,17,3,2,1,54,12,199,45,0,6,91,0,18,0,124,1,50,630,0.8333333333333334
748,773,26,26,4,8,0,29,28,251,76,4,5,48,2,19,1,105,2,26,660,0.8538163001293662
749,744,17,15,2,1,1,22,16,234,48,1,3,74,2,31,1,127,0,32,627,0.842741935483871
750,726,19,21,1,6,1,24,19,198,70,4,7,68,3,13,4,125,5,31,619,0.8526170798898072
751,804,26,16,5,13,0,30,24,232,54,3,3,68,1,26,2,102,5,46,656,0.8159203980099502
752,812,11,19,0,5,0,40,8,242,56,1,2,99,1,24,0,144,2,40,694,0.854679802955665
753,753,18,11,6,6,0,22,15,211,48,0,3,76,1,24,0,132,3,51,627,0.8326693227091634
754,791,16,16,4,7,2,21,15,217,43,1,3,84,4,24,2,151,5,34,649,0.820480404551201
755,780,22,18,3,4,0,35,9,241,59,0,2,57,4,16,4,106,3,37,620,0.7948717948717948
756,790,18,13,6,7,2,16,18,269,46,3,3,97,4,12,0,123,3,31,671,0.8493670886075949
757,747,19,14,0,5,0,28,22,191,38,3,6,86,1,26,3,130,4,32,608,0.8139223560910308
758,702,13,12,1,7,0,27,13,214,48,1,4,60,2,26,4,91,0,21,544,0.7749287749287749
759,703,16,25,3,5,0,23,21,204,37,3,1,52,2,18,1,123,2,28,564,0.802275960170697
760,853,19,13,1,7,0,34,13,241,37,2,2,93,0,20,0,186,3,66,737,0.8640093786635404
761,803,18,14,3,4,2,17,16,241,32,1,2,95,1,42,1,160,3,43,695,0.8655043586550436
762,1084,15,16,2,3,2,34,20,310,49,1,3,154,4,29,2,208,5,73,930,0.8579335793357934
763,763,20,14,0,3,1,31,25,251,51,6,2,59,0,17,1,111,4,38,634,0.8309305373525557
764,823,12,11,5,6,3,35,18,230,47,5,6,95,2,33,2,147,2,49,708,0.8602673147023087
765,778,18,13,1,11,0,28,20,204,67,2,0,65,3,34,2,129,3,37,637,0.8187660668380463
766,806,17,7,0,5,1,29,15,239,31,2,3,101,2,20,1,166,2,60,701,0.869727047146402
767,798,18,21,7,7,2,26,21,216,51,1,5,82,2,26,1,116,2,22,626,0.7844611528822055
768,881,26,18,5,3,2,23,17,245,29,5,4,135,1,33,2,140,4,23,715,0.811577752553916
769,719,20,12,2,4,3,27,20,241,41,1,4,68,0,14,1,86,0,22,566,0.7872044506258693
770,810,8,13,3,3,1,31,6,195,45,2,7,107,0,20,1,203,1,56,702,0.8666666666666667
771,798,17,7,3,4,1,22,8,204,31,3,3,111,0,24,0,165,2,63,668,0.8370927318295739
772,838,20,16,2,4,1,29,12,206,39,5,1,112,3,26,1,174,5,61,717,0.8556085918854416
773,721,25,11,1,6,1,21,15,178,55,2,1,88,1,33,0,119,0,33,590,0.8183079056865464
774,741,21,7,3,5,4,30,6,180,28,0,6,112,4,23,1,157,2,49,638,0.8609986504723347
775,576,5,7,1,0,0,24,8,124,18,4,0,86,4,25,2,163,3,26,500,0.8680555555555556
776,584,9,11,9,2,1,22,3,115,16,0,1,93,0,7,0,135,1,78,503,0.8613013698630136
777,327,3,4,4,1,0,8,4,79,3,1,1,30,0,8,0,79,2,54,281,0.8593272171253823
778,226,2,0,0,0,0,4,5,30,0,1,1,21,0,4,0,48,2,11,129,0.5707964601769911
779,732,1,2,1,4,1,20,6,86,7,4,3,137,1,18,0,264,0,51,606,0.8278688524590164
780,656,7,5,3,3,1,26,9,136,21,0,0,121,3,26,0,148,4,58,571,0.8704268292682927
781,515,9,3,1,3,1,25,9,113,16,1,0,69,3,14,0,121,0,62,450,0.8737864077669902
782,505,5,4,4,3,1,21,6,105,11,0,1,84,4,18,4,115,5,53,444,0.8792079207920792
783,271,5,2,1,0,0,11,3,59,6,0,0,66,1,5,0,85,1,21,266,0.981549815498155
784,737,24,18,3,2,3,39,11,206,26,2,2,76,3,42,2,117,0,63,639,0.8670284938941656
785,717,18,9,1,3,1,48,6,192,16,0,4,114,1,24,0,162,3,24,626,0.8730822873082287
786,535,12,13,3,4,0,28,10,131,17,0,4,63,1,31,0,114,2,32,465,0.8691588785046729
787,823,31,21,6,9,0,16,20,268,49,2,5,86,1,26,0,110,2,37,689,0.8371810449574727
788,799,14,17,6,18,0,19,15,220,56,5,5,89,2,10,2,154,6,35,673,0.8423028785982478
789,788,30,17,3,12,2,12,15,251,46,4,7,80,2,19,1,119,1,38,659,0.8362944162436549
790,842,12,17,6,7,2,20,9,232,33,2,5,105,2,29,3,183,2,79,748,0.8883610451306413
791,770,25,8,8,7,1,19,13,228,38,1,2,85,1,21,2,137,3,36,635,0.8246753246753247
792,779,21,12,4,6,1,25,23,229,50,4,9,64,0,22,3,143,7,31,654,0.8395378690629012
793,751,18,18,2,5,3,17,17,251,48,0,7,75,1,6,4,94,2,42,610,0.8122503328894807
794,710,29,9,2,9,1,14,15,235,36,3,6,62,0,8,2,98,2,28,559,0.7873239436619718
795,777,14,18,4,9,2,17,22,219,62,4,1,78,0,24,1,121,5,34,635,0.8172458172458172
796,738,14,13,2,12,1,19,23,203,48,2,3,53,2,24,4,95,3,35,556,0.7533875338753387
797,826,28,16,7,10,0,14,16,256,58,2,3,91,5,23,1,115,3,26,674,0.8159806295399515
798,760,19,11,6,13,7,17,21,202,38,1,4,56,2,15,8,103,3,10,536,0.7052631578947368
799,698,28,13,6,6,5,16,14,248,33,4,4,80,2,14,1,72,6,34,586,0.839541547277937
800,731,15,15,4,8,4,13,26,203,61,2,4,67,1,14,2,108,3,20,570,0.7797537619699042
801,716,25,16,2,7,0,16,14,212,39,4,6,70,3,24,1,119,3,38,599,0.8365921787709497
802,652,34,19,5,4,0,13,14,180,43,5,1,65,3,12,0,109,6,36,549,0.8420245398773006
803,835,35,18,1,8,2,16,23,258,68,3,2,76,3,23,0,129,7,22,694,0.8311377245508982
804,763,20,16,3,6,3,14,24,248,33,3,1,93,2,26,0,130,4,36,662,0.8676277850589778
805,773,19,10,1,4,2,16,15,204,60,0,6,79,1,19,1,134,6,45,622,0.8046571798188874
806,707,32,14,1,9,1,12,24,220,41,1,9,61,1,24,3,85,1,26,565,0.7991513437057991
807,701,18,15,1,12,0,19,27,146,33,3,5,42,2,13,1,106,4,11,458,0.6533523537803139
808,1030,24,21,9,8,1,26,24,307,79,10,9,113,4,25,1,142,1,40,844,0.8194174757281554
809,735,13,13,1,10,0,15,9,193,40,6,1,81,0,22,0,155,2,40,601,0.817687074829932
810,799,19,11,13,6,4,17,24,240,45,0,8,78,2,11,1,117,5,17,618,0.7734668335419274
811,796,15,19,11,2,2,34,11,214,28,3,1,98,1,17,1,164,0,41,662,0.8316582914572864
812,764,21,15,14,10,3,9,15,246,28,2,8,81,3,21,0,127,1,30,634,0.8298429319371727
813,728,17,15,4,9,1,15,20,210,23,2,4,81,3,28,2,134,1,26,595,0.8173076923076923
814,725,8,13,5,10,1,15,24,229,55,2,4,50,2,9,2,113,6,31,579,0.7986206896551724
815,844,14,8,6,7,4,16,21,245,46,3,3,101,3,29,0,176,6,52,740,0.8767772511848341
816,635,15,10,0,3,2,10,37,172,45,2,4,32,2,16,2,74,3,16,445,0.7007874015748031
817,682,12,8,5,10,0,15,25,223,45,5,6,43,0,20,1,103,2,23,546,0.8005865102639296
818,740,16,17,1,8,2,17,29,230,44,1,6,79,2,23,1,88,2,41,607,0.8202702702702702
819,760,26,21,2,5,1,15,24,231,32,2,6,68,2,21,4,113,4,33,610,0.8026315789473685
820,762,17,14,4,8,0,19,24,256,50,2,2,56,2,18,4,89,1,37,603,0.7913385826771654
821,743,26,12,4,12,2,16,30,226,46,3,4,59,3,22,3,109,4,21,602,0.8102288021534321
822,769,18,21,3,11,3,20,36,211,59,4,5,67,2,13,3,90,2,26,594,0.7724317295188556
823,806,28,15,2,7,1,18,23,245,55,4,2,67,5,29,3,121,3,40,668,0.8287841191066998
824,764,12,14,1,3,2,32,15,200,35,0,4,95,2,29,2,113,4,50,613,0.8023560209424084
825,858,31,21,7,9,4,20,32,250,45,2,5,78,2,21,3,111,2,21,664,0.7738927738927739
826,746,22,29,15,8,2,14,19,238,28,1,7,61,1,21,1,97,4,45,613,0.82171581769437
827,676,20,14,11,10,1,3,10,232,50,2,2,56,1,11,2,88,6,21,540,0.7988165680473372
828,715,12,7,7,9,1,18,19,211,31,1,3,86,2,34,1,112,3,57,614,0.8587412587412587
829,722,14,25,8,14,2,14,13,195,39,4,6,66,1,16,5,105,2,30,559,0.7742382271468145
830,756,20,11,6,4,2,24,21,257,38,3,4,78,1,22,1,95,3,31,621,0.8214285714285714
831,757,25,16,4,20,2,21,21,232,56,5,3,76,4,22,2,70,0,32,611,0.8071334214002642
832,642,15,22,2,5,1,19,13,204,31,0,4,73,2,14,1,127,4,20,557,0.867601246105919
833,697,6,14,9,7,0,12,28,221,31,1,0,60,3,16,0,117,1,17,543,0.7790530846484935
834,844,28,12,5,13,2,21,16,316,33,2,6,52,5,19,1,125,5,19,680,0.8056872037914692
835,838,26,20,3,13,1,20,24,247,59,1,2,88,2,25,4,125,3,25,688,0.8210023866348448
836,754,23,25,4,10,3,14,24,273,53,3,3,61,2,9,1,82,5,19,614,0.8143236074270557
837,773,26,8,14,7,0,8,20,236,39,4,4,72,0,23,2,109,2,43,617,0.7981888745148771
838,727,11,10,3,6,1,11,23,254,44,2,3,66,3,20,2,108,2,29,598,0.8225584594222833
839,716,11,21,4,10,0,11,16,248,41,0,4,55,3,13,1,115,3,29,585,0.8170391061452514
840,699,16,15,3,6,1,10,32,189,36,4,2,61,2,28,4,103,2,21,535,0.765379113018598
841,785,26,17,2,10,0,15,17,260,57,1,4,85,1,23,0,104,5,37,664,0.845859872611465
842,835,24,12,4,10,2,30,28,281,45,3,2,87,0,20,0,119,0,38,705,0.844311377245509
843,827,23,19,4,11,3,18,28,274,47,2,3,62,2,19,6,115,4,37,677,0.8186215235792019
844,825,34,17,4,8,2,25,25,277,47,4,3,84,4,13,5,101,1,47,701,0.8496969696969697
845,796,30,14,3,14,2,26,24,232,42,2,1,67,1,33,2,143,2,39,677,0.8505025125628141
846,797,14,19,6,11,6,10,25,264,61,4,5,74,4,13,1,102,3,18,640,0.8030112923462986
847,763,19,24,1,14,1,18,24,271,41,1,3,68,0,22,2,116,3,19,647,0.8479685452162516
848,774,20,13,4,7,4,12,18,268,33,0,4,84,6,17,0,128,0,39,657,0.8488372093023255
849,707,18,14,2,10,2,17,16,257,30,3,7,83,3,8,2,106,1,17,596,0.842998585572843
850,791,24,13,3,9,2,13,23,227,41,2,8,93,1,21,2,151,2,37,672,0.8495575221238938
851,795,20,5,2,5,1,18,18,265,30,0,3,81,3,32,3,140,0,55,681,0.8566037735849057
852,795,32,14,7,5,1,25,26,328,60,1,5,92,5,11,0,79,3,22,716,0.9006289308176101
853,826,24,21,9,10,2,16,19,282,47,0,6,69,3,20,1,133,5,25,692,0.837772397094431
854,777,25,17,6,15,4,9,25,282,39,4,4,69,6,16,3,108,2,34,668,0.8597168597168597
855,671,15,11,4,7,1,11,10,220,38,1,3,86,3,13,0,128,5,29,585,0.8718330849478391
856,962,35,17,2,4,2,27,15,308,55,6,9,123,2,32,3,139,2,46,827,0.8596673596673596
857,785,29,13,1,15,2,19,23,251,61,2,1,62,0,25,2,97,3,45,651,0.8292993630573249
858,872,21,29,3,4,0,25,23,293,40,3,6,81,1,23,1,144,4,63,764,0.8761467889908257
859,816,35,18,8,13,2,21,11,251,47,0,1,89,1,24,2,151,3,28,705,0.8639705882352942
860,866,21,20,7,4,1,33,25,297,46,2,6,100,3,22,0,129,5,35,756,0.8729792147806005
861,832,36,18,4,14,5,15,31,312,58,3,0,69,5,7,1,112,2,22,714,0.8581730769230769
862,793,22,12,1,7,2,11,20,286,48,0,4,64,2,27,1,120,3,37,667,0.8411097099621689
863,824,25,22,9,12,1,17,23,277,52,0,2,80,0,12,0,98,6,36,672,0.8155339805825242
864,829,20,18,4,12,1,24,18,297,40,3,4,67,5,25,1,100,4,38,681,0.8214716525934861
865,788,20,16,5,11,0,12,13,250,34,2,6,78,1,27,3,123,5,48,654,0.8299492385786802
866,735,22,19,3,8,0,16,20,272,49,2,5,55,0,19,1,99,5,25,620,0.8435374149659864
867,666,17,13,5,11,3,17,17,282,31,2,2,45,0,14,2,83,1,20,565,0.8483483483483484
868,674,19,8,3,14,3,4,25,223,52,2,5,65,5,20,5,95,2,9,559,0.8293768545994066
869,706,13,10,5,12,3,14,19,248,44,1,9,46,2,11,3,88,2,15,545,0.7719546742209632
870,626,9,11,2,10,2,8,31,150,28,2,4,37,2,8,4,91,2,13,414,0.6613418530351438
871,785,30,14,0,8,0,13,36,244,40,2,0,66,3,27,0,110,2,23,618,0.7872611464968153
872,959,19,20,3,13,3,21,40,303,61,1,1,98,4,19,5,131,3,46,791,0.8248175182481752
873,565,16,15,0,10,0,6,14,188,29,5,2,40,1,23,3,83,0,19,454,0.8035398230088495
874,908,32,20,7,14,0,14,26,270,41,3,5,69,4,28,3,145,6,40,727,0.8006607929515418
875,514,5,7,1,8,1,5,20,90,14,3,4,32,0,2,4,87,6,16,305,0.5933852140077821
876,1062,30,25,1,6,1,25,41,392,69,4,4,94,5,36,5,138,3,34,913,0.85969868173258
877,876,43,20,7,6,2,30,22,297,50,1,3,72,1,13,1,117,3,40,728,0.8310502283105022
878,761,26,24,2,9,0,9,26,240,40,4,3,59,2,22,3,137,7,25,638,0.8383705650459922
879,875,30,19,5,7,2,12,35,290,59,1,2,80,1,13,3,144,5,31,739,0.8445714285714285
880,1057,30,28,4,8,4,21,38,357,75,0,4,109,0,20,2,125,7,39,871,0.8240302743614002
881,829,26,18,4,11,4,16,30,242,53,2,3,63,3,31,5,100,4,23,638,0.7696019300361882
882,597,16,8,2,8,2,16,29,188,36,2,2,46,1,12,1,95,0,24,488,0.8174204355108877
883,796,15,17,2,3,1,20,23,247,37,2,5,68,1,19,1,119,2,19,601,0.7550251256281407
884,789,16,11,3,4,2,18,40,319,26,1,1,52,3,17,3,113,3,42,674,0.8542458808618505
885,770,27,13,2,13,1,13,32,272,40,1,7,49,4,16,2,118,4,20,634,0.8233766233766234
886,822,19,13,1,22,2,7,25,275,65,2,6,43,2,12,1,101,6,17,619,0.7530413625304136
887,457,16,9,0,6,1,6,25,165,20,3,4,35,0,10,1,73,3,32,409,0.8949671772428884
888,973,43,19,1,14,1,10,32,332,63,3,2,67,2,11,3,128,3,35,769,0.7903391572456321
889,836,36,17,1,8,1,20,19,304,60,1,5,76,2,11,1,102,1,23,688,0.8229665071770335
890,763,28,11,5,6,1,14,25,271,30,2,6,77,1,4,3,109,3,26,622,0.8152031454783748
891,792,19,19,3,7,1,12,24,254,65,3,5,75,2,19,5,127,5,17,662,0.8358585858585859
892,861,32,15,2,12,0,12,29,287,57,2,4,75,3,16,0,116,4,33,699,0.8118466898954704
893,743,19,13,4,14,0,12,26,230,55,4,6,73,1,25,2,82,5,25,596,0.8021534320323015
894,766,28,14,8,11,1,19,18,288,38,1,4,55,2,26,2,74,3,46,638,0.8328981723237598
895,922,22,24,5,6,3,26,30,304,59,2,7,91,0,30,2,132,3,43,789,0.8557483731019523
896,1011,28,33,5,11,1,16,29,350,66,2,4,113,8,19,3,106,4,39,837,0.827893175074184
897,824,24,15,7,11,2,11,22,298,35,8,6,40,3,10,3,107,8,21,631,0.7657766990291263
898,741,19,19,2,6,2,16,35,254,40,2,2,56,0,7,3,87,3,19,572,0.7719298245614035
899,712,30,10,3,8,1,11,38,217,44,0,3,45,3,6,1,110,2,27,559,0.7851123595505618
900,806,23,20,7,8,2,14,33,255,36,5,6,71,1,9,3,115,6,27,641,0.7952853598014888
901,686,30,16,3,9,1,21,14,264,48,0,4,59,1,9,9,83,0,7,578,0.8425655976676385
902,721,26,13,2,4,0,5,19,255,45,3,1,57,0,14,3,112,3,24,586,0.812760055478502
903,708,15,7,3,9,1,12,18,251,47,2,2,80,0,5,2,91,3,13,561,0.7923728813559322
904,825,15,15,9,13,6,10,31,254,45,3,5,68,0,19,6,139,7,23,668,0.8096969696969697
905,820,25,14,3,15,4,13,34,284,53,4,3,60,2,18,4,100,4,26,666,0.8121951219512196
906,769,19,12,1,7,1,16,33,235,41,1,6,61,2,19,3,98,5,15,575,0.7477243172951885
907,821,28,27,2,7,1,25,26,273,65,4,3,98,3,21,0,107,3,35,728,0.8867235079171741
908,0,3,1,2,1,0,0,6,30,9,1,0,5,0,4,0,17,0,4,83,inf
909,0,3,2,0,1,0,3,5,58,9,0,2,18,0,5,1,32,1,10,150,inf
910,0,1,1,1,0,0,0,0,6,3,0,0,5,0,1,0,7,0,1,26,inf
911,3,8,2,5,2,1,4,4,102,10,0,0,14,1,6,0,49,4,12,224,74.66666666666667
912,0,9,1,2,2,1,2,9,60,9,1,0,15,0,3,0,45,1,7,167,inf
913,866,17,11,5,8,2,21,16,284,45,4,2,95,2,28,1,159,1,38,739,0.8533487297921478
914,0,2,1,1,0,0,0,2,16,10,0,1,7,0,0,0,9,1,3,53,inf
915,0,3,1,0,3,0,0,3,23,5,0,0,5,0,2,0,15,2,2,64,inf
916,4,2,1,0,0,0,3,1,16,7,0,0,5,0,4,0,8,1,3,51,12.75
917,0,6,2,0,2,0,3,7,44,8,2,0,11,1,5,1,25,4,7,128,inf
918,0,5,2,0,4,0,2,4,37,3,0,0,16,0,1,0,29,0,7,110,inf
919,0,3,2,1,0,0,2,4,40,7,0,3,11,0,3,0,12,0,4,92,inf
