SEZIONE,TOTALE_ISCRITTI,RIVOLUZIONE CIVILE INGROIA,SINISTRA ECOLOGIA LIBERTA',CENTRO DEMOCRATICO,PD - PARTITO DEMOCRATICO,CON MONTI PER L'ITALIA,PARTITO COMUNISTA DEI LAVOR.,CASAPOUND ITALIA,MOVIMENTO 5 STELLE BEPPEGRILLO,FN - FORZA NUOVA,PENSIONATI,LA DESTRA STORACE,MIR - MODERATI IN RIVOLUZIONE,FRATELLI D'ITALIA-CENTRODESTRA,IL POPOLO DELLA LIBERTA',LEGA NORD,FARE PER FERMARE IL DECLINO,TOTALE,AFFLUENZA
1,866,18,55,0,240,88,2,1,150,0,3,2,0,13,77,20,11,680,0.7852193995381063
2,563,6,36,1,118,34,2,2,95,1,4,0,0,5,76,9,14,403,0.7158081705150977
3,773,21,46,4,190,78,4,3,125,0,7,3,0,18,83,12,13,607,0.7852522639068564
4,943,16,52,1,180,120,0,1,131,1,3,1,0,19,143,26,37,731,0.7751855779427359
5,767,21,46,4,165,55,6,1,97,1,6,4,1,8,85,10,12,522,0.6805736636245111
6,587,6,18,4,123,87,0,3,101,0,3,2,1,15,101,8,18,490,0.8347529812606473
7,815,5,39,3,176,168,1,1,91,0,3,2,3,16,94,16,15,633,0.7766871165644171
8,94,1,2,0,20,13,0,0,8,1,1,0,0,2,16,2,1,67,0.7127659574468085
9,874,10,33,2,173,164,1,0,109,2,3,3,1,30,159,13,20,723,0.8272311212814645
10,798,3,40,0,206,91,4,2,101,0,3,4,1,21,109,11,10,606,0.7593984962406015
11,657,8,33,3,161,82,1,1,88,0,0,2,1,13,91,13,19,516,0.7853881278538812
12,847,11,33,2,137,107,2,0,80,2,6,1,0,22,156,12,21,592,0.6989374262101535
13,601,5,12,2,117,97,0,0,95,2,2,3,0,14,112,8,16,485,0.8069883527454242
14,777,7,22,4,160,140,0,1,81,0,1,7,0,13,127,18,23,604,0.7773487773487774
15,701,6,38,2,175,83,2,0,88,0,3,5,0,23,107,8,11,551,0.7860199714693296
16,814,12,30,2,136,104,0,1,103,0,2,1,2,35,167,21,14,630,0.773955773955774
17,647,12,35,2,146,64,5,2,88,0,6,1,0,10,86,10,7,474,0.732612055641422
18,757,13,39,3,205,92,0,6,92,0,5,2,4,10,96,11,9,587,0.7754293262879789
19,553,1,22,3,104,53,0,1,82,0,5,3,0,4,101,9,7,395,0.7142857142857143
20,786,15,60,2,200,90,3,1,120,1,3,2,1,3,83,14,23,621,0.7900763358778626
21,626,14,40,0,146,49,0,1,86,0,3,2,0,9,66,4,2,422,0.6741214057507987
22,742,7,38,1,184,99,1,3,110,2,2,1,0,22,109,29,17,625,0.8423180592991913
23,722,8,52,1,169,101,3,0,112,1,5,1,0,27,102,17,7,606,0.8393351800554016
24,697,9,37,3,174,101,0,0,73,0,2,2,1,25,99,16,8,550,0.7890961262553802
25,861,7,35,0,263,93,1,1,106,0,7,4,0,17,83,15,10,642,0.7456445993031359
26,609,14,44,1,164,72,1,1,83,0,3,1,0,11,55,7,12,469,0.7701149425287356
27,634,14,38,1,172,68,0,0,77,1,2,2,0,9,95,10,11,500,0.7886435331230284
28,740,18,40,2,208,78,5,2,109,0,6,1,0,20,74,16,9,588,0.7945945945945946
29,716,7,20,3,166,125,0,3,77,1,2,1,0,22,97,10,18,552,0.770949720670391
30,664,6,23,3,147,143,0,0,62,1,1,1,0,20,103,11,17,538,0.8102409638554217
31,703,5,32,1,184,87,1,0,87,0,3,0,0,18,110,10,6,544,0.7738264580369844
32,751,5,55,1,196,104,0,0,96,0,5,4,0,19,82,9,12,588,0.7829560585885486
33,727,13,55,1,189,75,1,1,112,4,3,0,1,9,67,13,10,554,0.7620357634112792
34,753,6,50,2,180,83,0,0,96,1,4,0,2,11,124,11,11,581,0.7715803452855245
35,239,1,7,0,44,50,0,0,54,2,0,2,1,14,40,3,6,224,0.9372384937238494
36,788,5,20,2,161,161,0,0,98,2,3,3,0,42,124,16,19,656,0.8324873096446701
37,631,5,17,0,127,120,1,1,78,0,1,2,0,23,110,17,14,516,0.8177496038034865
38,749,4,15,3,159,166,0,0,74,0,0,3,2,31,129,19,17,622,0.8304405874499332
39,674,4,21,4,141,145,0,0,67,0,0,2,2,20,121,12,13,552,0.8189910979228486
40,593,4,14,1,130,96,1,0,70,1,0,1,0,23,100,21,9,471,0.7942664418212478
41,639,13,33,1,154,59,2,1,78,1,2,5,1,10,56,13,7,436,0.6823161189358372
42,632,9,20,3,140,92,2,0,83,2,5,0,1,24,90,11,13,495,0.7832278481012658
43,682,9,33,1,194,72,2,0,107,0,5,2,0,5,87,16,12,545,0.7991202346041055
44,839,13,51,1,202,95,0,0,100,0,0,3,2,16,123,18,10,634,0.7556615017878426
45,627,5,28,2,164,87,2,0,92,2,4,1,1,13,72,6,7,486,0.7751196172248804
46,631,3,37,3,143,87,1,1,87,2,4,2,1,10,84,10,7,482,0.7638668779714739
47,681,10,33,0,168,73,2,1,104,1,5,2,1,19,94,11,14,538,0.7900146842878121
48,644,4,21,1,143,104,2,1,80,3,7,3,1,4,105,15,9,503,0.781055900621118
49,728,4,32,0,152,150,2,0,68,2,0,2,0,37,136,15,21,621,0.853021978021978
50,687,3,9,0,101,179,0,0,58,0,1,1,0,30,150,18,13,563,0.8195050946142649
51,759,1,4,8,109,175,1,0,68,0,1,0,4,36,181,25,20,633,0.83399209486166
52,733,6,15,4,114,162,0,0,53,0,0,2,2,33,152,26,18,587,0.800818553888131
53,704,4,22,0,147,144,1,0,77,1,2,0,0,26,108,20,21,573,0.8139204545454546
54,736,4,27,3,166,122,2,1,117,0,2,2,0,24,83,19,10,582,0.7907608695652174
55,747,9,31,2,197,109,0,0,108,0,3,0,1,9,73,21,18,581,0.7777777777777778
56,577,3,11,0,127,110,2,1,58,4,2,2,0,20,82,12,17,451,0.7816291161178509
57,705,5,18,3,151,99,2,0,66,5,1,3,0,23,94,18,22,510,0.723404255319149
58,688,14,20,1,176,110,0,6,88,0,1,3,0,24,106,16,9,574,0.8343023255813954
59,720,7,33,1,176,97,1,0,95,0,3,3,0,25,100,11,9,561,0.7791666666666667
60,819,6,19,6,196,145,0,0,104,1,6,2,2,16,120,20,14,657,0.8021978021978022
61,606,9,23,2,126,65,0,1,118,0,1,2,0,10,85,13,7,462,0.7623762376237624
62,646,10,23,0,156,96,3,0,104,2,2,0,0,16,83,14,10,519,0.8034055727554179
63,686,9,18,1,134,122,1,0,97,0,1,1,0,26,114,12,8,544,0.793002915451895
64,707,11,25,1,171,95,0,1,95,0,3,4,0,24,99,19,13,561,0.7934936350777935
65,790,5,15,0,151,198,1,1,80,0,4,4,1,24,132,20,19,655,0.8291139240506329
66,691,9,23,5,190,101,2,2,95,1,3,5,0,13,76,19,19,563,0.8147612156295224
67,669,7,23,2,165,79,1,4,99,1,4,3,0,15,101,13,5,522,0.7802690582959642
68,619,6,17,2,128,138,0,1,63,1,1,4,3,23,100,11,7,505,0.815831987075929
69,674,3,12,1,119,146,0,0,56,0,2,1,6,25,153,11,30,565,0.8382789317507419
70,671,5,18,3,133,129,1,2,73,0,1,5,0,25,113,18,15,541,0.8062593144560357
71,669,10,22,1,154,136,0,1,61,0,3,1,1,16,101,20,14,541,0.8086696562032885
72,678,10,31,2,165,81,2,0,91,0,2,2,1,14,78,18,10,507,0.7477876106194691
73,584,6,20,2,163,101,0,0,49,0,1,3,0,22,93,8,12,480,0.821917808219178
74,660,4,13,2,134,107,2,0,64,1,6,3,0,17,129,23,7,512,0.7757575757575758
75,359,3,2,1,78,54,1,0,49,0,6,0,0,8,68,12,8,290,0.807799442896936
76,659,6,11,1,117,88,3,0,84,1,6,1,0,7,94,21,8,448,0.6798179059180577
77,646,10,19,1,150,57,2,0,85,0,7,1,1,11,80,11,4,439,0.6795665634674922
78,645,7,13,2,114,34,0,1,101,1,6,3,0,3,85,9,2,381,0.5906976744186047
79,694,4,23,2,176,115,0,1,90,3,0,2,0,11,91,19,11,548,0.7896253602305475
80,570,5,21,2,123,105,1,0,52,2,1,4,0,24,102,15,12,469,0.8228070175438597
81,612,6,13,3,147,97,0,0,92,2,1,0,0,21,80,12,7,481,0.7859477124183006
82,1159,5,7,0,49,18,1,3,89,2,3,1,0,8,74,5,1,266,0.22950819672131148
83,1009,12,20,4,283,127,1,0,212,0,3,3,0,9,146,29,15,864,0.8562933597621407
84,542,13,12,2,148,49,1,1,78,2,2,1,2,11,84,12,10,428,0.7896678966789668
85,625,8,25,1,145,71,2,1,108,0,3,1,0,8,89,6,3,471,0.7536
86,645,8,18,0,145,63,0,1,102,0,2,4,1,20,117,11,8,500,0.7751937984496124
87,624,8,22,1,174,61,0,0,108,0,5,0,0,15,74,11,5,484,0.7756410256410257
88,820,10,27,0,202,68,3,0,159,2,8,4,0,10,108,14,9,624,0.7609756097560976
89,702,10,30,3,155,57,5,1,139,0,1,2,0,11,85,14,10,523,0.7450142450142451
90,644,11,25,1,152,49,0,1,130,1,3,3,0,9,84,11,6,486,0.7546583850931677
91,579,9,20,4,144,94,1,0,86,1,5,2,0,7,61,2,2,438,0.7564766839378239
92,667,7,17,3,129,72,0,0,141,4,7,1,0,14,89,14,2,500,0.7496251874062968
93,589,9,12,0,140,26,2,0,101,1,5,0,1,4,79,12,0,392,0.66553480475382
94,741,18,14,2,181,66,1,1,141,1,5,4,0,11,111,25,0,581,0.7840755735492577
95,754,13,25,4,164,111,1,1,126,1,5,1,1,23,106,19,7,608,0.8063660477453581
96,808,6,23,0,227,89,0,1,124,0,5,1,1,18,119,24,2,640,0.7920792079207921
97,724,14,20,0,154,68,0,0,125,0,6,3,1,23,120,16,9,559,0.7720994475138122
98,665,9,28,1,176,71,0,0,109,0,5,4,0,8,93,11,2,517,0.7774436090225564
99,688,5,12,3,158,71,1,3,119,1,6,5,0,11,119,15,4,533,0.7747093023255814
100,751,11,18,1,196,85,0,0,130,0,7,3,0,10,108,9,8,586,0.7802929427430093
101,746,12,14,2,209,62,1,4,139,2,7,3,0,9,99,9,8,580,0.7774798927613941
102,712,10,17,2,179,66,3,1,149,0,4,3,1,9,76,15,4,539,0.7570224719101124
103,715,4,27,0,171,57,5,1,146,0,8,2,1,8,88,8,8,534,0.7468531468531469
104,751,23,30,0,197,56,0,2,143,2,4,0,0,13,91,12,5,578,0.7696404793608522
105,740,9,21,2,199,73,2,1,135,0,3,1,0,8,91,8,3,556,0.7513513513513513
106,641,8,23,1,158,46,4,0,124,0,3,5,0,8,88,12,6,486,0.7581903276131046
107,676,7,20,2,150,79,2,0,131,0,5,1,0,9,111,8,10,535,0.7914201183431953
108,847,6,27,0,200,83,0,0,160,2,4,3,0,13,102,13,6,619,0.730814639905549
109,797,13,30,1,175,66,3,2,147,3,6,4,1,10,88,13,12,574,0.7202007528230866
110,512,8,11,1,106,45,1,0,99,1,2,5,0,15,62,8,2,366,0.71484375
111,807,4,16,0,204,81,3,1,128,0,9,2,0,6,150,16,2,622,0.7707558859975217
112,699,5,18,0,181,96,1,5,104,1,4,4,0,11,91,13,7,541,0.7739628040057225
113,665,7,25,4,206,78,0,0,96,0,4,1,0,4,67,13,13,518,0.7789473684210526
114,662,3,4,1,169,106,0,0,92,2,1,0,0,20,100,11,8,517,0.7809667673716012
115,727,7,24,1,204,82,0,1,126,0,4,1,0,16,83,22,6,577,0.7936726272352133
116,839,9,31,5,198,81,4,1,149,1,7,0,0,15,129,15,7,652,0.7771156138259833
117,726,9,29,2,176,52,0,2,126,2,4,1,0,16,102,16,3,540,0.743801652892562
118,561,4,12,2,116,78,0,2,94,1,2,1,0,22,105,11,4,454,0.8092691622103387
119,752,8,18,2,214,86,1,1,121,1,6,1,0,18,93,26,19,615,0.8178191489361702
120,619,8,25,1,167,54,2,1,105,1,3,3,0,9,77,12,4,472,0.7625201938610663
121,652,16,17,5,155,56,1,3,147,1,5,0,0,9,69,14,4,502,0.7699386503067485
122,755,12,22,1,208,82,1,0,127,2,9,5,0,22,89,14,6,600,0.7947019867549668
123,685,13,12,4,175,48,3,1,132,3,2,1,0,5,95,4,2,500,0.7299270072992701
124,671,4,14,4,179,57,2,0,135,0,3,2,0,10,88,15,3,516,0.7690014903129657
125,645,5,21,3,153,67,4,1,129,1,10,1,0,10,62,30,3,500,0.7751937984496124
126,641,10,19,1,150,57,1,0,128,3,4,0,0,5,77,6,6,467,0.7285491419656787
127,634,5,13,3,165,66,4,0,126,0,2,0,1,5,86,7,4,487,0.7681388012618297
128,595,9,20,1,191,47,1,1,117,0,3,2,0,5,45,4,5,451,0.7579831932773109
129,658,0,25,2,191,86,3,2,86,1,4,4,2,20,97,11,3,537,0.8161094224924013
130,630,6,23,1,199,80,1,0,83,0,4,3,0,9,78,22,3,512,0.8126984126984127
131,687,8,15,1,172,61,1,0,124,1,6,1,0,14,105,13,6,528,0.7685589519650655
132,109,3,3,3,22,6,0,0,5,1,4,0,0,0,8,0,0,55,0.5045871559633027
133,846,14,22,4,224,79,1,0,160,0,6,2,0,10,105,24,8,659,0.7789598108747045
134,728,11,20,2,171,85,1,0,136,0,8,1,1,9,94,19,6,564,0.7747252747252747
135,753,7,26,1,223,83,1,1,125,0,4,0,0,10,107,12,10,610,0.8100929614873837
136,763,18,19,2,235,88,3,0,137,0,3,5,0,9,94,14,4,631,0.8269986893840104
137,784,16,25,4,206,64,1,1,147,0,5,4,0,14,100,13,3,603,0.7691326530612245
138,820,4,25,4,237,105,0,0,145,0,2,1,0,12,123,9,6,673,0.8207317073170731
139,745,14,17,1,213,69,1,1,147,0,3,0,0,13,89,12,6,586,0.7865771812080536
140,985,12,36,2,243,111,2,0,239,1,4,3,1,13,102,15,6,790,0.8020304568527918
141,845,11,11,0,269,73,2,0,151,0,3,1,0,7,108,11,7,654,0.7739644970414201
142,691,12,24,1,189,59,2,1,122,0,3,4,0,3,85,11,3,519,0.7510853835021708
143,721,14,21,2,186,52,1,1,137,0,6,2,1,15,90,11,2,541,0.7503467406380028
144,681,7,22,1,182,54,1,3,133,1,3,0,0,7,110,15,7,546,0.801762114537445
145,674,9,12,4,158,53,2,1,164,0,6,1,2,11,90,12,3,528,0.7833827893175074
146,697,15,17,0,207,61,1,1,102,2,5,1,0,10,80,19,5,526,0.7546628407460545
147,729,15,25,1,183,74,1,0,112,2,4,4,1,9,136,16,10,593,0.813443072702332
148,833,8,27,6,233,79,0,1,148,3,3,2,2,5,90,20,5,632,0.758703481392557
149,711,6,19,1,167,95,1,1,117,1,8,1,3,14,112,21,8,575,0.8087201125175809
150,796,6,25,2,220,76,0,0,135,0,7,4,0,8,129,15,5,632,0.7939698492462312
151,648,5,13,1,159,68,1,3,123,1,7,1,2,10,81,17,3,495,0.7638888888888888
152,798,17,27,3,206,59,2,5,132,0,12,3,0,10,110,16,10,612,0.7669172932330827
153,775,7,24,2,213,50,5,2,152,0,6,2,0,9,81,13,7,573,0.7393548387096774
154,743,6,19,2,212,49,2,2,155,2,4,2,0,8,102,10,7,582,0.7833109017496636
155,900,9,39,3,218,82,0,2,199,1,3,2,0,20,115,15,8,716,0.7955555555555556
156,784,19,19,0,199,71,2,0,118,1,5,2,1,8,108,18,6,577,0.735969387755102
157,851,15,22,3,188,78,1,0,143,2,6,5,1,9,128,16,3,620,0.7285546415981199
158,646,15,9,4,171,77,1,0,107,0,4,0,0,22,100,19,2,531,0.8219814241486069
159,688,8,16,1,180,61,1,1,134,1,4,4,0,15,71,16,4,517,0.751453488372093
160,605,7,20,2,166,70,0,0,106,1,5,0,0,9,89,21,5,501,0.828099173553719
161,686,6,17,0,236,101,2,0,85,0,4,1,0,13,91,15,2,573,0.8352769679300291
162,686,10,11,3,170,66,2,2,97,2,9,5,0,19,102,12,16,526,0.7667638483965015
163,691,15,17,1,148,46,1,0,116,1,9,3,2,11,95,15,4,484,0.7004341534008683
164,630,10,12,3,104,69,1,0,77,1,4,2,1,13,98,12,4,411,0.6523809523809524
165,599,8,3,0,115,12,4,0,114,1,8,1,1,4,77,7,0,355,0.5926544240400667
166,716,8,21,1,191,64,0,1,132,3,9,0,1,8,79,12,5,535,0.7472067039106145
167,802,8,20,1,196,66,2,0,154,1,5,0,0,12,123,10,4,602,0.7506234413965087
168,817,7,23,1,242,88,2,1,145,3,10,4,0,11,96,11,4,648,0.7931456548347613
169,696,6,16,3,88,23,6,0,117,1,10,3,1,1,82,3,2,362,0.5201149425287356
170,631,9,22,1,169,60,1,0,125,0,5,0,1,6,82,14,1,496,0.786053882725832
171,610,5,22,1,176,54,1,0,112,1,3,1,0,9,67,6,2,460,0.7540983606557377
172,625,5,10,2,162,39,1,0,133,1,7,2,0,6,81,12,5,466,0.7456
173,469,10,7,0,137,22,5,1,106,0,2,0,0,3,50,12,0,355,0.7569296375266524
174,1021,11,34,2,288,107,0,0,208,0,5,5,0,16,136,17,3,832,0.8148873653281097
175,729,11,28,1,221,126,0,2,86,0,3,1,0,17,80,19,11,606,0.831275720164609
176,559,5,21,0,149,70,0,1,96,3,2,0,1,8,90,10,5,461,0.8246869409660107
177,838,14,44,3,238,75,0,2,184,2,5,1,2,11,104,11,9,705,0.8412887828162291
178,679,14,19,0,198,102,1,2,90,2,6,1,0,15,95,23,11,579,0.8527245949926362
179,644,15,12,2,182,29,2,0,130,0,3,1,2,2,78,1,2,461,0.7158385093167702
180,799,16,21,2,272,72,3,1,158,0,9,0,0,9,81,17,4,665,0.8322903629536921
181,741,10,8,1,176,30,3,1,128,0,5,1,2,17,75,7,3,467,0.6302294197031039
182,755,12,22,1,250,93,0,1,123,0,3,3,4,11,79,7,7,616,0.8158940397350993
183,614,1,12,0,213,88,2,0,69,0,0,2,1,16,81,19,3,507,0.8257328990228013
184,594,6,13,1,217,85,0,0,79,2,1,0,1,14,74,14,5,512,0.8619528619528619
185,719,9,27,4,244,91,1,0,116,0,4,1,0,9,85,16,8,615,0.8553546592489569
186,725,12,26,3,217,100,0,1,109,3,3,0,0,9,90,31,3,607,0.8372413793103448
187,668,8,32,1,234,78,0,0,102,2,2,0,4,8,70,15,5,561,0.8398203592814372
188,677,9,24,2,164,62,3,0,134,1,2,4,0,14,99,13,2,533,0.7872968980797637
189,697,14,23,1,156,52,3,0,140,2,10,1,0,5,98,11,2,518,0.7431850789096126
190,789,11,12,1,123,35,8,1,171,7,7,4,0,6,103,3,1,493,0.6248415716096325
191,770,14,23,12,208,42,4,1,167,3,19,0,2,6,99,5,3,608,0.7896103896103897
192,657,3,24,3,159,92,0,3,90,3,1,1,0,21,83,22,10,515,0.7838660578386606
193,579,5,35,2,176,75,2,0,70,2,2,2,2,5,69,10,16,473,0.8169257340241797
194,548,9,31,2,160,53,1,0,78,1,1,1,1,9,53,6,5,411,0.75
195,614,3,26,0,166,107,0,0,78,0,1,2,0,20,77,12,12,504,0.8208469055374593
196,587,10,33,0,158,71,2,0,101,1,4,2,2,16,59,8,1,468,0.797274275979557
197,877,13,45,2,219,110,1,1,130,1,4,4,0,14,136,23,14,717,0.8175598631698974
198,706,14,42,3,157,104,0,0,101,1,1,1,0,25,94,23,6,572,0.8101983002832861
199,724,4,25,0,188,138,1,0,84,1,2,0,0,16,83,28,10,580,0.8011049723756906
200,546,1,32,2,144,83,0,1,69,1,2,1,0,10,93,6,4,449,0.8223443223443223
201,550,5,22,2,160,64,2,1,58,2,1,0,1,15,62,17,9,421,0.7654545454545455
202,879,3,32,5,236,129,1,5,125,1,4,1,1,15,121,25,17,721,0.820250284414107
203,734,7,33,2,177,63,1,1,110,4,1,3,2,24,120,19,10,577,0.7861035422343324
204,735,9,11,2,220,77,1,0,112,2,2,2,1,14,107,28,11,599,0.8149659863945579
205,712,12,34,1,198,61,1,1,95,0,3,2,0,14,105,13,7,547,0.7682584269662921
206,623,4,25,4,182,67,1,1,92,1,2,1,2,14,69,6,10,481,0.7720706260032103
207,566,3,9,0,93,133,0,0,34,0,0,1,0,3,52,7,6,341,0.6024734982332155
208,706,7,29,2,184,102,1,1,91,0,3,2,1,19,89,13,15,559,0.7917847025495751
209,587,7,31,1,148,58,0,0,100,0,5,0,1,5,58,8,3,425,0.7240204429301533
210,536,8,27,1,149,46,2,0,80,0,3,1,0,12,52,3,10,394,0.7350746268656716
211,727,15,33,2,167,76,2,0,131,3,5,4,0,7,96,9,6,556,0.7647867950481431
212,609,12,29,2,162,48,0,1,92,0,2,1,0,8,76,19,5,457,0.7504105090311987
213,641,12,26,2,186,55,0,0,118,1,1,2,2,8,79,6,7,505,0.7878315132605305
214,730,12,26,4,184,52,1,1,131,1,5,3,0,12,72,12,8,524,0.7178082191780822
215,891,12,25,1,236,131,3,0,116,1,1,2,1,23,137,24,8,721,0.8092031425364759
216,598,8,14,2,160,46,1,2,106,1,1,2,1,8,87,12,3,454,0.7591973244147158
217,760,7,17,2,170,103,1,2,142,0,5,1,0,18,122,15,8,613,0.8065789473684211
218,866,14,23,3,205,93,5,2,143,1,7,3,0,20,150,13,13,695,0.8025404157043879
219,773,19,32,1,183,56,6,2,168,0,3,0,0,10,112,15,9,616,0.796895213454075
220,608,11,23,2,136,40,0,0,123,3,4,1,0,11,72,8,3,437,0.71875
221,654,11,30,1,136,52,1,0,128,1,4,5,4,10,67,4,5,459,0.7018348623853211
222,644,13,15,0,141,33,3,2,115,0,13,1,0,2,74,11,5,428,0.6645962732919255
223,620,14,15,1,117,47,4,0,130,1,7,4,0,4,60,9,2,415,0.6693548387096774
224,664,14,30,1,158,55,3,0,130,1,7,6,0,7,71,9,2,494,0.7439759036144579
225,661,11,16,1,148,49,4,1,130,0,4,2,1,13,72,11,4,467,0.7065052950075643
226,579,5,25,3,130,72,2,0,76,0,0,1,0,18,93,15,10,450,0.7772020725388601
227,611,5,23,1,168,69,1,2,112,0,3,1,1,4,76,12,8,486,0.795417348608838
228,570,5,11,1,104,58,2,2,85,0,9,2,1,8,81,18,2,389,0.6824561403508772
229,581,18,23,0,103,27,6,1,110,0,10,0,0,3,74,9,0,384,0.6609294320137694
230,896,14,30,2,224,89,1,1,152,2,7,2,0,16,92,21,9,662,0.7388392857142857
231,805,19,31,3,226,77,1,0,120,1,3,1,0,15,95,12,5,609,0.7565217391304347
232,792,17,34,2,180,57,1,0,168,2,7,2,0,6,87,10,5,578,0.7297979797979798
233,620,5,26,1,144,34,3,1,128,1,11,1,1,11,73,7,4,451,0.7274193548387097
234,550,16,18,4,140,50,2,1,115,0,5,1,1,9,60,11,3,436,0.7927272727272727
235,709,4,28,0,168,42,6,1,135,1,14,2,1,7,86,9,2,506,0.7136812411847673
236,613,10,28,6,146,38,4,0,115,2,5,3,1,7,65,6,7,443,0.7226753670473083
237,614,10,21,0,138,36,3,0,123,1,7,1,0,8,69,4,1,422,0.6872964169381107
238,649,19,27,1,150,45,2,1,143,0,3,3,0,10,59,9,3,475,0.7318952234206472
239,633,15,25,0,150,38,4,0,104,0,10,1,1,9,92,11,2,462,0.7298578199052133
240,626,8,21,2,137,44,1,1,118,0,5,3,0,6,79,14,3,442,0.7060702875399361
241,515,7,15,2,119,50,0,0,97,3,0,1,0,11,45,16,6,372,0.7223300970873786
242,695,14,34,0,178,54,0,1,119,1,8,3,0,0,89,13,2,516,0.7424460431654676
243,614,16,19,0,153,55,0,0,102,1,7,3,0,8,67,11,4,446,0.7263843648208469
244,752,9,34,0,200,61,0,1,126,1,5,4,0,10,99,11,3,564,0.75
245,775,16,27,3,186,71,4,1,150,1,7,2,0,8,101,13,5,595,0.7677419354838709
246,675,4,32,2,156,46,4,0,123,2,5,0,2,6,81,12,5,480,0.7111111111111111
247,641,9,23,3,133,44,1,0,128,1,5,0,0,3,84,13,0,447,0.6973478939157566
248,725,6,18,1,152,45,2,0,140,1,8,0,0,16,88,8,8,493,0.68
249,775,16,12,2,169,73,3,0,120,0,5,2,1,8,143,18,3,575,0.7419354838709677
250,656,15,21,1,168,47,3,0,122,0,4,3,0,9,66,15,3,477,0.7271341463414634
251,685,12,22,4,140,28,1,0,155,3,5,6,2,7,90,19,4,498,0.727007299270073
252,669,6,19,1,149,74,2,1,131,2,1,2,0,11,81,14,5,499,0.7458893871449925
253,757,17,25,5,185,49,5,0,155,3,7,2,0,3,102,15,7,580,0.7661822985468957
254,674,7,18,1,127,92,2,0,133,0,3,2,0,7,79,11,1,483,0.7166172106824926
255,723,17,34,8,161,38,1,0,124,1,4,4,2,9,99,10,2,514,0.710926694329184
256,743,6,26,3,157,50,0,1,145,3,3,3,0,8,95,17,7,524,0.7052489905787349
257,965,16,32,2,221,108,1,1,203,0,0,4,0,18,137,17,12,772,0.8
258,877,16,25,0,216,90,3,1,158,0,9,3,0,12,121,12,6,672,0.766248574686431
259,742,18,27,2,188,57,1,0,153,1,6,0,1,5,79,29,4,571,0.7695417789757413
260,766,11,20,5,216,75,1,0,134,2,5,2,0,15,125,14,4,629,0.8211488250652742
261,631,25,17,1,165,54,2,0,128,0,1,4,1,6,75,12,1,492,0.7797147385103012
262,792,9,21,0,214,83,2,0,140,1,2,1,0,16,95,23,4,611,0.7714646464646465
263,820,20,27,0,206,64,1,0,156,1,4,3,0,10,94,9,4,599,0.7304878048780488
264,819,9,20,1,234,66,0,2,150,0,9,3,1,17,94,23,6,635,0.7753357753357754
265,696,16,27,2,170,52,1,1,136,1,11,2,0,9,70,7,7,512,0.735632183908046
266,912,9,30,0,210,105,2,0,147,1,5,4,1,16,135,24,9,698,0.7653508771929824
267,971,16,48,1,214,94,2,4,175,0,4,0,0,18,143,18,14,751,0.7734294541709578
268,767,10,26,2,188,70,3,2,123,1,2,1,0,11,108,12,11,570,0.7431551499348109
269,678,2,12,2,152,140,1,0,57,1,2,3,2,14,146,16,11,561,0.827433628318584
270,643,3,5,3,123,128,0,1,83,0,2,3,0,19,129,23,14,536,0.833592534992224
271,699,4,14,2,166,116,0,0,92,0,2,0,1,22,129,24,10,582,0.8326180257510729
272,624,6,11,0,145,107,0,2,70,1,2,3,0,28,117,22,10,524,0.8397435897435898
273,713,17,18,3,175,65,2,0,146,0,4,2,0,10,93,14,6,555,0.7784011220196353
274,657,6,23,0,140,39,4,1,132,1,3,2,0,5,85,12,2,455,0.6925418569254186
275,492,13,18,1,113,33,0,1,92,0,7,3,0,15,76,8,1,381,0.774390243902439
276,539,9,15,1,148,54,0,0,102,1,5,0,0,9,70,15,4,433,0.8033395176252319
277,539,6,18,2,129,62,2,2,113,1,2,3,0,4,67,11,3,425,0.7884972170686456
278,590,8,18,0,165,53,0,3,113,1,6,2,0,6,78,19,4,476,0.8067796610169492
279,616,6,30,0,151,66,0,2,114,0,4,1,0,12,82,17,10,495,0.8035714285714286
280,783,11,35,0,210,70,2,2,146,1,8,3,0,9,106,14,4,621,0.7931034482758621
281,725,10,28,0,186,70,4,1,159,1,2,1,2,14,72,7,5,562,0.7751724137931034
282,751,10,12,0,177,70,1,0,123,0,6,5,0,11,116,18,11,560,0.7456724367509987
283,688,5,15,2,148,65,2,1,152,1,4,2,0,11,87,14,4,513,0.7456395348837209
284,751,12,25,3,181,90,1,0,140,2,2,0,2,5,111,25,6,605,0.8055925432756325
285,544,11,19,4,150,95,0,0,85,0,0,0,0,6,77,11,12,470,0.8639705882352942
286,677,4,22,1,181,45,2,0,110,4,4,4,1,9,85,22,5,499,0.7370753323485968
287,622,7,10,1,217,102,1,0,51,0,2,1,0,18,80,27,15,532,0.8553054662379421
288,578,9,13,2,154,54,2,1,89,1,2,1,0,10,91,7,11,447,0.773356401384083
289,851,3,25,1,238,81,4,0,146,0,5,3,2,17,111,32,6,674,0.7920094007050529
290,694,9,13,1,228,62,0,1,105,0,5,2,3,14,110,8,2,563,0.8112391930835735
291,721,9,20,6,206,79,3,2,98,0,5,2,0,13,96,23,6,568,0.7877947295423023
292,699,3,13,1,201,107,3,1,104,3,4,3,0,15,98,15,7,578,0.82689556509299
293,773,21,36,4,192,52,1,2,153,1,5,8,0,5,94,14,1,589,0.7619663648124192
294,558,7,12,0,133,72,1,0,83,0,6,1,0,11,76,21,6,429,0.7688172043010753
295,838,11,27,0,232,131,1,3,122,1,4,6,3,15,123,22,12,713,0.850835322195704
296,736,17,19,6,196,70,1,5,135,0,4,2,2,15,101,13,3,589,0.8002717391304348
297,685,5,20,1,177,49,1,1,87,1,4,3,0,5,87,10,11,462,0.6744525547445256
298,719,9,9,1,175,58,1,3,154,1,4,0,0,11,87,17,12,542,0.7538247566063978
299,630,2,18,2,173,102,0,0,84,0,5,0,1,9,95,21,13,525,0.8333333333333334
300,783,13,22,2,210,70,1,1,132,0,12,1,0,11,125,18,5,623,0.7956577266922095
301,919,20,20,1,255,94,5,5,184,1,6,0,2,14,117,9,10,743,0.808487486398259
302,766,9,13,2,139,57,5,0,200,0,6,2,2,7,107,16,8,573,0.7480417754569191
303,872,8,20,2,190,45,7,1,211,2,7,9,1,10,113,20,6,652,0.7477064220183486
304,684,3,17,2,136,53,0,0,131,3,5,4,0,7,90,19,2,472,0.6900584795321637
305,642,17,17,1,125,32,2,0,146,3,6,2,0,10,88,9,6,464,0.7227414330218068
306,887,15,19,1,197,111,3,0,165,0,14,3,2,5,111,14,4,664,0.7485907553551296
307,754,11,16,1,162,51,0,1,153,0,3,1,2,10,110,19,8,548,0.726790450928382
308,856,11,20,4,195,80,1,1,188,1,5,4,0,9,105,20,6,650,0.7593457943925234
309,644,6,20,0,154,43,4,2,147,0,6,2,0,3,84,11,1,483,0.75
310,569,11,16,3,151,34,2,1,124,1,5,1,1,4,53,10,1,418,0.7346221441124781
311,785,21,17,3,171,59,1,0,186,2,7,0,1,7,117,15,2,609,0.7757961783439491
312,846,13,29,2,190,59,1,1,223,2,11,1,1,14,83,15,4,649,0.7671394799054374
313,607,11,18,1,158,28,0,1,151,0,6,2,0,15,71,6,0,468,0.771004942339374
314,607,7,16,1,144,53,0,1,125,0,7,1,0,8,85,13,1,462,0.7611202635914333
315,739,14,19,1,186,62,2,0,145,4,3,2,1,12,96,10,3,560,0.7577807848443843
316,728,15,9,2,189,43,1,3,148,2,5,2,0,6,110,11,1,547,0.7513736263736264
317,601,14,15,3,189,46,0,3,111,1,9,1,1,7,54,6,1,461,0.7670549084858569
318,648,4,14,3,150,51,6,1,151,0,2,5,1,10,79,12,2,491,0.7577160493827161
319,580,16,14,2,154,34,2,1,134,2,7,2,0,7,65,9,1,450,0.7758620689655172
320,693,9,18,0,155,45,3,2,162,3,11,2,0,6,79,21,2,518,0.7474747474747475
321,727,10,24,5,148,79,3,1,122,0,5,2,0,10,110,6,17,542,0.7455295735900963
322,622,11,20,6,173,59,2,1,110,0,7,2,0,2,78,15,4,490,0.7877813504823151
323,610,16,19,1,164,30,2,0,116,1,4,1,0,4,52,5,2,417,0.6836065573770492
324,590,10,31,4,158,50,1,1,103,1,6,0,0,2,64,7,4,442,0.7491525423728813
325,617,12,40,2,166,38,4,0,105,0,1,1,0,6,70,11,3,459,0.7439222042139384
326,750,9,41,4,174,59,3,2,133,0,1,1,0,10,100,11,6,554,0.7386666666666667
327,628,12,31,3,160,34,3,1,117,0,7,2,0,7,82,13,4,476,0.7579617834394905
328,598,11,20,3,169,53,3,0,112,0,2,2,0,16,71,7,1,470,0.7859531772575251
329,668,9,33,1,185,59,0,2,108,1,5,1,0,8,63,15,10,500,0.7485029940119761
330,602,2,38,3,162,33,0,1,129,1,2,1,0,7,65,5,5,454,0.7541528239202658
331,634,6,35,3,112,55,2,5,118,1,4,0,1,18,82,7,4,453,0.7145110410094637
332,798,14,25,4,228,86,4,1,118,0,0,3,1,24,105,19,12,644,0.8070175438596491
333,654,23,49,3,190,38,3,0,108,0,4,1,1,14,75,9,3,521,0.7966360856269113
334,747,8,38,3,189,87,0,0,85,0,7,2,0,22,103,12,22,578,0.7737617135207496
335,623,11,33,5,124,106,0,1,93,0,4,1,0,5,51,11,8,453,0.7271268057784912
336,702,11,53,3,183,62,1,1,119,1,1,7,0,20,79,19,10,570,0.811965811965812
337,713,12,39,5,187,111,0,0,101,1,1,1,1,16,93,14,8,590,0.8274894810659187
338,759,12,38,4,250,102,2,1,95,1,2,1,0,30,83,9,17,647,0.852437417654809
339,733,16,49,3,223,85,1,0,100,0,3,3,0,16,74,22,9,604,0.8240109140518418
340,683,9,32,0,198,93,0,1,85,1,3,3,0,6,110,20,8,569,0.8330893118594437
341,786,16,21,2,190,143,0,0,93,0,1,4,0,21,142,14,15,662,0.8422391857506362
342,718,10,20,1,169,82,1,0,146,3,3,3,1,14,87,21,4,565,0.786908077994429
343,641,8,10,2,153,39,2,0,137,2,3,3,0,16,111,12,2,500,0.7800312012480499
344,791,10,22,1,169,64,6,1,147,0,15,3,0,7,116,14,5,580,0.7332490518331226
345,769,20,33,2,153,43,1,0,162,2,13,3,1,5,113,9,1,561,0.729518855656697
346,1005,20,56,2,217,80,1,0,228,2,8,4,0,8,116,13,6,761,0.7572139303482587
347,1054,18,31,2,202,93,5,1,236,1,11,3,0,15,142,17,13,790,0.7495256166982922
348,538,10,24,2,110,25,2,0,89,2,5,2,0,4,71,8,3,357,0.6635687732342007
349,506,9,16,3,125,30,2,1,92,0,5,3,1,3,69,8,2,369,0.7292490118577075
350,697,15,14,1,128,40,1,2,152,5,6,3,0,7,101,12,1,488,0.7001434720229556
351,572,4,17,1,129,54,1,2,95,0,7,0,1,1,82,20,2,416,0.7272727272727273
352,651,5,9,1,143,89,2,1,93,2,1,1,1,13,125,15,6,507,0.7788018433179723
353,685,7,25,7,161,66,1,2,120,0,3,1,0,6,115,10,7,531,0.7751824817518248
354,728,16,25,3,184,69,2,1,131,1,7,4,3,11,101,19,3,580,0.7967032967032966
355,726,23,48,1,157,59,1,0,122,0,5,3,0,9,119,19,7,573,0.7892561983471075
356,628,16,47,1,149,30,5,1,99,0,3,2,1,7,76,4,1,442,0.7038216560509554
357,607,5,36,1,135,48,3,0,78,0,6,3,2,10,88,20,9,444,0.7314662273476112
358,658,10,34,1,134,78,1,0,106,0,2,3,0,15,114,17,7,522,0.7933130699088146
359,624,11,31,2,162,74,2,0,121,0,4,2,0,11,69,11,6,506,0.8108974358974359
360,672,9,49,2,179,57,3,1,100,2,1,2,1,12,82,17,8,525,0.78125
361,734,15,33,6,189,103,1,0,107,1,5,1,0,19,95,14,7,596,0.8119891008174387
362,740,15,26,0,188,67,1,0,136,1,2,4,1,24,94,15,8,582,0.7864864864864864
363,738,17,30,1,181,85,1,0,120,0,4,3,0,20,112,12,9,595,0.8062330623306233
364,587,14,11,5,153,44,2,0,111,0,7,2,1,6,78,13,6,453,0.7717206132879046
365,638,13,23,1,181,53,3,3,104,1,6,4,0,17,74,14,9,506,0.7931034482758621
366,631,9,29,3,148,87,0,1,108,0,4,1,0,18,73,11,6,498,0.7892234548335975
367,514,3,14,0,137,59,2,1,85,0,1,6,1,9,65,11,7,401,0.7801556420233463
368,802,4,25,1,181,60,1,0,143,0,8,4,0,18,118,20,7,590,0.7356608478802993
369,552,8,13,7,115,42,5,2,113,4,3,5,0,8,68,8,3,404,0.7318840579710145
370,562,8,14,3,124,38,1,2,94,1,6,0,0,5,84,9,4,393,0.699288256227758
371,592,11,21,2,139,43,4,1,108,2,7,3,0,4,55,13,1,414,0.6993243243243243
372,649,15,19,1,164,43,2,3,128,2,5,4,0,6,44,4,9,449,0.6918335901386748
373,753,16,27,1,192,42,5,1,138,1,3,5,4,4,109,12,4,564,0.749003984063745
374,754,11,27,1,199,56,3,0,129,3,6,4,1,14,108,6,4,572,0.7586206896551724
375,668,15,24,2,143,58,0,0,132,0,7,2,0,3,77,10,3,476,0.7125748502994012
376,737,12,38,3,207,56,1,0,126,0,8,1,1,6,66,16,2,543,0.7367706919945726
377,687,10,20,1,124,39,6,1,141,1,4,0,0,5,87,9,4,452,0.6579330422125182
378,698,8,19,4,158,82,3,1,114,1,3,1,0,6,90,18,4,512,0.7335243553008596
379,754,12,34,1,202,98,1,0,128,1,4,4,1,14,98,20,10,628,0.8328912466843501
380,809,10,25,1,172,135,1,3,98,0,1,5,1,18,99,17,11,597,0.7379480840543882
381,788,6,24,1,148,47,3,1,169,4,4,2,0,7,112,13,1,542,0.6878172588832487
382,934,10,22,0,225,114,3,0,155,1,6,0,2,8,131,15,15,707,0.7569593147751607
383,759,5,24,1,183,111,1,0,115,2,2,5,1,9,104,24,13,600,0.7905138339920948
384,882,24,20,1,196,58,2,2,167,0,3,4,0,19,140,21,6,663,0.7517006802721088
385,729,9,21,1,172,66,1,1,157,0,6,2,1,10,82,16,7,552,0.757201646090535
386,745,14,31,2,172,54,1,0,152,1,2,2,0,10,99,15,6,561,0.7530201342281879
387,768,12,16,0,179,50,2,3,162,1,4,0,1,11,80,10,8,539,0.7018229166666666
388,836,15,23,4,156,79,2,0,167,0,4,1,1,14,144,18,6,634,0.7583732057416268
389,607,14,19,0,144,28,0,0,105,0,5,3,0,7,74,12,0,411,0.6771004942339374
390,705,8,25,1,180,43,0,1,141,2,8,1,1,11,83,11,1,517,0.7333333333333333
391,591,9,22,0,129,38,1,1,106,0,10,2,0,7,93,7,4,429,0.7258883248730964
392,755,6,34,0,188,76,0,1,131,1,9,2,1,5,101,11,2,568,0.752317880794702
393,745,20,28,1,207,57,1,1,143,0,8,3,0,5,91,10,4,579,0.7771812080536913
394,706,18,18,3,206,60,2,0,123,1,11,2,1,8,81,9,5,548,0.7762039660056658
395,748,4,11,5,194,95,1,0,109,1,1,2,0,15,110,27,4,579,0.7740641711229946
396,779,8,19,1,179,103,1,1,108,1,9,4,2,10,136,18,12,612,0.785622593068036
397,766,3,15,2,204,132,0,2,88,1,1,1,1,22,119,22,11,624,0.814621409921671
398,766,12,16,2,172,115,1,2,121,1,3,2,3,17,89,26,6,588,0.7676240208877284
399,712,18,23,1,163,73,1,0,132,1,9,4,1,10,93,10,7,546,0.7668539325842697
400,676,13,21,1,168,51,2,0,141,0,8,1,0,12,76,9,2,505,0.7470414201183432
401,661,10,22,4,180,58,3,1,118,4,2,2,0,8,73,9,10,504,0.762481089258699
402,769,13,29,4,178,85,0,0,159,0,2,1,0,11,100,21,9,612,0.7958387516254877
403,638,15,35,2,154,46,0,1,130,0,6,3,2,8,71,13,8,494,0.774294670846395
404,638,12,30,3,160,61,3,1,120,2,5,4,1,11,64,15,4,496,0.7774294670846394
405,687,7,22,0,162,51,3,2,163,0,3,3,1,6,75,22,9,529,0.7700145560407569
406,623,14,14,2,129,59,3,0,134,4,5,3,0,5,88,11,7,478,0.7672552166934189
407,738,9,27,5,169,104,1,1,132,0,4,0,4,6,121,10,7,600,0.8130081300813008
408,779,5,20,3,175,127,1,1,112,1,4,1,0,37,113,22,13,635,0.8151476251604621
409,705,14,13,4,176,64,0,0,99,1,3,2,1,16,100,11,8,512,0.7262411347517731
410,744,7,20,0,172,68,2,0,126,1,9,1,0,10,112,30,10,568,0.7634408602150538
411,649,11,15,2,127,52,1,0,143,1,8,2,0,8,91,30,2,493,0.7596302003081664
412,794,9,22,2,165,77,1,1,186,2,5,2,0,15,107,18,7,619,0.7795969773299748
413,697,13,18,2,152,63,0,2,160,1,6,1,0,11,84,20,4,537,0.7704447632711621
414,757,13,19,0,168,66,1,0,190,2,3,2,1,3,95,15,10,588,0.7767503302509907
415,454,7,10,2,100,26,0,0,104,2,2,3,1,6,74,9,4,350,0.7709251101321586
416,584,8,20,1,133,43,3,1,136,0,4,0,0,5,92,6,2,454,0.7773972602739726
417,676,9,9,1,163,59,3,0,161,1,8,0,0,12,76,14,3,519,0.7677514792899408
418,658,11,29,2,157,39,2,0,144,1,7,3,1,9,93,11,5,514,0.7811550151975684
419,647,8,20,2,161,39,3,1,140,2,7,3,0,7,91,16,5,505,0.7805255023183926
420,667,14,8,0,154,53,3,0,136,3,10,0,1,4,92,11,2,491,0.7361319340329835
421,866,11,19,3,186,49,1,1,180,0,8,2,0,15,144,18,9,646,0.745958429561201
422,738,6,27,1,205,37,3,2,129,0,9,1,0,9,90,8,1,528,0.7154471544715447
423,818,16,18,1,189,59,4,0,171,0,13,1,1,7,94,15,2,591,0.7224938875305623
424,682,11,16,1,141,31,3,0,138,0,9,1,0,11,112,8,2,484,0.7096774193548387
425,718,9,17,2,161,37,1,1,175,0,5,0,0,3,95,13,3,522,0.7270194986072424
426,710,10,20,0,172,49,2,1,111,0,4,6,0,6,132,8,3,524,0.7380281690140845
427,630,8,27,2,118,28,1,0,122,2,5,0,1,2,77,7,2,402,0.638095238095238
428,740,4,25,2,172,71,4,1,144,2,8,2,1,7,90,15,3,551,0.7445945945945946
429,767,15,15,0,187,37,6,1,167,1,7,1,0,7,106,10,1,561,0.7314211212516297
430,604,14,9,0,136,40,4,0,142,1,8,1,0,7,95,4,0,461,0.7632450331125827
431,667,19,20,3,143,33,1,0,167,3,2,3,1,8,91,9,0,503,0.7541229385307346
432,721,10,18,0,188,48,2,1,157,5,3,0,1,2,98,22,6,561,0.7780859916782247
433,1009,12,28,0,186,53,7,2,254,2,8,0,0,9,150,30,4,745,0.7383548067393458
434,862,13,30,1,236,66,6,0,164,0,4,4,2,6,129,14,6,681,0.7900232018561485
435,575,4,8,1,82,11,0,2,68,1,8,3,0,2,72,12,1,275,0.4782608695652174
436,684,14,21,2,166,41,0,2,142,1,5,3,0,6,92,8,4,507,0.7412280701754386
437,599,11,9,1,146,35,0,0,106,1,13,1,0,2,88,12,0,425,0.7095158597662772
438,709,11,20,1,196,50,1,0,140,0,11,2,0,14,89,10,4,549,0.7743300423131171
439,779,12,29,2,244,62,0,0,125,1,3,1,0,8,110,19,1,617,0.79204107830552
440,759,13,25,2,192,51,1,1,141,1,3,4,1,6,123,11,2,577,0.7602108036890646
441,782,15,14,1,211,42,6,0,152,4,11,0,0,6,103,7,4,576,0.7365728900255755
442,695,13,15,0,177,40,2,1,155,4,7,0,0,11,82,9,5,521,0.7496402877697842
443,604,3,15,4,138,28,4,1,126,4,9,0,0,8,104,9,0,453,0.75
444,672,9,14,3,171,36,6,2,139,2,5,0,0,2,87,7,1,484,0.7202380952380952
445,653,7,17,2,136,35,9,0,130,0,7,2,1,1,94,10,1,452,0.6921898928024502
446,723,15,24,1,178,41,2,3,146,2,6,0,0,7,110,15,3,553,0.7648686030428768
447,708,6,18,1,149,40,1,3,164,1,8,0,0,5,110,10,2,518,0.731638418079096
448,650,8,17,0,163,33,0,0,136,1,9,0,1,4,102,9,2,485,0.7461538461538462
449,661,8,16,0,164,41,1,1,156,0,6,6,0,15,88,9,6,517,0.7821482602118003
450,950,7,20,1,161,47,3,4,214,1,5,3,0,13,120,17,1,617,0.6494736842105263
451,865,17,20,3,172,27,3,5,187,3,10,2,0,6,119,13,1,588,0.6797687861271676
452,1024,12,32,0,199,39,3,1,245,3,4,7,0,7,97,14,4,667,0.6513671875
453,706,10,20,0,190,58,2,1,140,3,6,1,0,10,84,16,3,544,0.7705382436260623
454,620,7,13,2,136,35,3,2,119,0,1,2,0,7,90,6,1,424,0.6838709677419355
455,887,8,20,2,258,60,5,2,169,4,10,2,1,14,133,16,2,706,0.7959413754227734
456,752,7,20,3,159,36,2,0,172,1,3,4,0,9,96,11,6,529,0.7034574468085106
457,636,4,10,3,196,49,1,2,120,0,3,0,0,5,86,12,2,493,0.7751572327044025
458,645,18,19,1,179,44,2,0,118,1,2,1,0,8,101,12,3,509,0.7891472868217054
459,385,5,10,1,98,34,1,1,86,0,1,0,0,8,59,2,4,310,0.8051948051948052
460,676,10,11,3,174,78,2,1,113,0,5,3,0,11,92,17,3,523,0.7736686390532544
461,624,11,19,1,136,34,5,1,127,2,9,2,0,7,84,9,1,448,0.717948717948718
462,639,7,21,2,158,32,0,0,127,2,5,1,1,11,89,15,7,478,0.7480438184663537
463,652,10,21,2,135,45,1,0,124,0,8,2,0,3,96,7,5,459,0.7039877300613497
464,587,10,16,2,133,30,2,0,120,2,3,2,0,8,85,13,5,431,0.7342419080068143
465,611,6,12,1,142,20,4,0,131,1,7,1,0,6,81,8,2,422,0.690671031096563
466,933,17,29,2,189,63,5,0,227,1,8,3,1,16,132,10,1,704,0.7545551982851019
467,862,14,24,1,191,62,3,1,200,2,8,1,2,8,118,25,4,664,0.7703016241299304
468,668,9,19,2,180,41,6,0,148,1,4,1,0,4,92,4,2,513,0.7679640718562875
469,796,11,17,0,168,41,0,0,180,1,19,1,0,8,127,22,3,598,0.7512562814070352
470,674,8,12,0,154,33,1,0,147,1,3,2,0,9,97,15,0,482,0.7151335311572701
471,701,9,18,1,176,46,4,4,130,5,1,0,3,2,92,12,1,504,0.7189728958630528
472,729,5,7,1,145,42,1,1,167,1,6,2,0,9,95,25,3,510,0.6995884773662552
473,528,6,9,0,98,34,2,1,118,0,2,1,0,6,64,9,1,351,0.6647727272727273
474,892,13,18,4,230,52,3,2,193,2,5,6,0,6,124,10,3,671,0.7522421524663677
475,738,20,19,2,195,47,4,0,153,2,4,4,2,8,91,14,0,565,0.7655826558265583
476,706,17,15,0,176,33,4,0,169,1,2,3,0,8,87,10,4,529,0.7492917847025495
477,767,13,19,0,166,54,0,2,164,0,4,2,2,13,87,16,2,544,0.7092568448500652
478,838,19,19,0,166,55,3,2,200,0,5,0,1,8,105,13,3,599,0.7147971360381862
479,948,15,31,0,215,52,1,0,272,2,3,2,2,9,141,13,8,766,0.8080168776371308
480,832,11,26,0,151,40,2,0,244,2,7,1,0,7,103,11,1,606,0.7283653846153846
481,619,10,13,1,106,23,5,4,107,1,9,0,0,4,91,3,1,378,0.6106623586429726
482,614,3,6,0,92,18,3,0,110,0,12,2,1,8,111,7,0,373,0.6074918566775245
483,601,8,23,2,105,44,1,1,107,1,9,0,0,2,91,17,0,411,0.6838602329450915
484,647,12,9,3,76,25,4,1,119,0,7,2,1,6,113,6,0,384,0.5935085007727975
485,626,8,12,0,94,25,6,2,116,2,14,1,1,6,100,5,0,392,0.6261980830670927
486,642,8,5,1,88,18,6,3,101,1,14,2,1,6,94,7,1,356,0.5545171339563862
487,652,3,9,1,115,25,3,3,113,0,9,1,0,3,106,6,1,398,0.6104294478527608
488,694,6,14,1,169,40,0,1,169,1,3,3,2,1,108,25,6,549,0.7910662824207493
489,734,5,15,1,164,63,2,1,165,0,7,3,1,8,118,17,5,575,0.7833787465940054
490,798,8,14,0,227,74,3,1,151,2,2,2,0,6,120,13,3,626,0.7844611528822055
491,613,10,5,1,155,54,3,3,122,0,1,1,1,5,95,9,3,468,0.763458401305057
492,664,18,13,1,225,58,1,1,99,1,4,0,0,6,95,11,4,537,0.8087349397590361
493,863,12,20,0,203,61,3,1,109,1,8,2,0,9,99,15,1,544,0.6303592120509849
494,707,10,15,0,162,53,1,1,141,0,4,1,1,12,91,22,5,519,0.7340876944837341
495,649,7,17,0,148,34,3,2,151,1,5,5,0,4,91,16,5,489,0.7534668721109399
496,837,13,21,4,194,55,3,1,189,1,9,4,0,8,96,23,6,627,0.7491039426523297
497,748,12,14,0,167,40,4,1,132,0,8,5,0,9,89,9,5,495,0.6617647058823529
498,720,13,24,3,155,41,5,0,162,0,4,0,2,6,95,13,4,527,0.7319444444444444
499,713,10,27,0,208,45,2,0,159,3,3,1,0,5,85,7,2,557,0.7812061711079944
500,771,12,22,1,219,57,1,0,144,2,5,1,0,5,88,17,6,580,0.7522697795071336
501,712,13,13,0,202,56,2,0,150,1,8,0,0,12,76,15,2,550,0.7724719101123596
502,651,10,17,3,133,32,4,1,161,0,5,3,0,12,91,5,0,477,0.7327188940092166
503,743,12,13,1,169,39,2,1,172,1,4,2,0,11,97,9,2,535,0.7200538358008075
504,667,8,17,3,144,28,4,2,153,4,3,2,0,6,79,13,3,469,0.7031484257871065
505,671,10,10,1,180,40,1,0,147,1,5,5,0,3,96,3,3,505,0.7526080476900149
506,781,13,20,2,172,61,1,2,132,1,6,8,0,10,127,17,6,578,0.7400768245838668
507,660,4,13,1,164,32,3,0,145,2,6,5,0,7,102,17,7,508,0.7696969696969697
508,646,7,18,1,144,41,5,2,175,0,6,1,0,11,77,10,6,504,0.7801857585139319
509,779,17,14,0,187,39,5,1,153,0,17,1,2,9,118,9,2,574,0.7368421052631579
510,935,14,21,2,252,39,1,2,209,1,3,0,0,8,129,12,4,697,0.7454545454545455
511,811,20,38,1,181,53,1,0,173,0,7,3,0,8,120,14,5,624,0.7694204685573366
512,881,20,32,2,211,68,1,1,246,1,1,5,1,12,125,13,1,740,0.8399545970488081
513,704,6,12,2,82,31,1,0,82,1,4,4,0,7,69,4,1,306,0.4346590909090909
514,652,9,11,4,88,20,3,1,161,1,4,0,0,5,120,6,1,434,0.6656441717791411
515,669,14,5,3,119,22,3,0,114,1,14,0,0,1,106,5,1,408,0.6098654708520179
516,645,5,14,2,139,39,3,0,143,0,5,2,0,16,70,13,0,451,0.6992248062015504
517,647,12,8,4,143,31,1,2,119,0,4,1,4,7,87,11,1,435,0.6723338485316847
518,778,7,16,0,158,46,3,0,163,0,9,4,0,8,76,9,1,500,0.6426735218508998
519,766,11,11,2,154,33,1,0,175,3,5,2,1,2,94,11,3,508,0.6631853785900783
520,608,5,12,2,82,21,1,0,144,1,8,2,1,7,104,5,1,396,0.6513157894736842
521,904,9,20,2,184,56,1,1,206,1,8,2,0,9,125,18,4,646,0.7146017699115044
522,785,13,10,1,129,16,4,1,137,0,11,4,2,9,128,2,1,468,0.5961783439490446
523,460,11,10,5,73,29,2,0,102,0,6,3,0,2,65,2,1,311,0.6760869565217391
524,607,11,15,1,125,16,2,2,150,1,3,4,1,5,81,3,1,421,0.6935749588138386
525,896,24,23,1,234,68,3,0,181,1,7,3,0,11,111,17,3,687,0.7667410714285714
526,625,11,12,0,151,38,3,0,131,1,10,3,0,10,76,11,1,458,0.7328
527,949,18,24,3,241,62,3,2,211,1,5,2,0,13,104,12,7,708,0.7460484720758693
528,899,12,20,2,158,36,5,2,190,2,12,3,8,118,10,3,0,581,0.646273637374861
529,980,13,28,6,165,39,3,0,287,2,4,3,0,9,133,15,6,713,0.7275510204081632
530,684,8,15,1,145,43,2,0,159,3,5,2,1,5,72,13,4,478,0.6988304093567251
531,744,21,17,2,171,47,5,1,185,1,4,4,0,11,92,16,3,580,0.7795698924731183
532,547,18,30,0,231,18,1,2,98,0,1,0,0,3,38,3,1,444,0.8117001828153565
533,630,13,14,1,141,22,7,2,139,0,9,0,0,5,68,2,0,423,0.6714285714285714
534,535,10,18,2,90,38,5,0,126,0,2,3,0,7,88,16,8,413,0.77196261682243
535,492,10,16,1,109,19,2,2,92,0,3,1,0,3,64,13,3,338,0.6869918699186992
536,660,7,16,0,194,53,6,0,115,0,8,1,0,6,80,5,6,497,0.753030303030303
537,681,9,17,1,188,58,1,1,122,1,2,1,3,11,88,11,2,516,0.7577092511013216
538,598,8,17,2,176,59,1,1,99,2,5,0,1,1,80,11,4,467,0.7809364548494984
539,813,7,27,1,221,81,0,0,151,1,9,2,1,7,109,20,3,640,0.7872078720787208
540,660,16,22,1,149,34,2,3,152,0,7,2,0,8,70,10,0,476,0.7212121212121212
541,666,14,13,3,157,45,2,0,153,0,7,5,1,4,90,6,4,504,0.7567567567567568
542,657,17,20,1,195,41,3,3,117,1,1,0,0,4,80,10,0,493,0.7503805175038052
543,743,10,29,2,199,51,6,0,140,2,8,0,0,8,88,9,5,557,0.7496635262449529
544,682,6,27,1,230,33,1,1,118,0,5,2,3,1,66,11,3,508,0.7448680351906158
545,593,10,12,2,180,33,1,1,88,2,3,3,3,5,75,13,6,437,0.7369308600337268
546,830,11,18,0,176,42,6,1,154,1,9,0,3,8,116,17,2,564,0.6795180722891566
547,791,13,53,2,217,50,3,3,149,1,5,3,0,7,98,13,8,625,0.7901390644753477
548,807,15,35,4,186,59,3,2,140,3,9,1,5,9,125,12,3,611,0.7571251548946716
549,598,7,15,2,137,31,3,1,109,1,5,1,1,7,85,3,0,408,0.6822742474916388
550,534,10,16,5,119,26,3,1,96,1,6,0,1,4,55,11,2,356,0.6666666666666666
551,539,9,11,0,79,27,0,1,115,2,8,0,0,6,83,13,1,355,0.6586270871985158
552,507,9,16,2,82,23,1,0,87,1,3,1,0,3,88,7,1,324,0.6390532544378699
553,493,7,9,0,86,21,2,1,85,0,3,1,0,3,72,7,0,297,0.6024340770791075
554,524,7,10,0,116,30,4,2,94,2,4,2,0,4,77,9,0,361,0.6889312977099237
555,535,7,13,1,115,28,2,0,101,0,5,1,0,4,76,6,2,361,0.6747663551401869
556,556,16,14,2,125,19,4,2,114,1,2,0,0,5,65,12,0,381,0.685251798561151
557,602,25,13,2,111,14,3,0,121,2,9,1,1,8,89,10,1,410,0.6810631229235881
558,537,15,11,0,113,21,1,0,101,2,2,3,0,4,74,8,0,355,0.6610800744878957
559,664,13,12,3,144,42,2,1,111,0,3,0,0,10,124,21,3,489,0.7364457831325302
560,670,13,23,3,171,54,1,0,108,1,5,2,0,8,84,10,4,487,0.7268656716417911
561,685,20,23,3,181,45,2,3,125,0,4,4,1,5,81,8,2,507,0.7401459854014598
562,581,8,14,0,112,36,1,3,102,1,6,2,1,6,90,12,0,394,0.6781411359724613
563,632,8,13,0,147,36,2,0,120,0,9,0,0,6,104,6,2,453,0.7167721518987342
564,545,4,8,1,132,24,2,0,86,1,5,1,0,7,53,13,0,337,0.618348623853211
565,611,18,22,0,110,24,6,1,113,0,6,1,0,8,93,11,2,415,0.679214402618658
566,573,10,6,2,114,39,2,1,112,0,8,2,0,6,95,11,2,410,0.7155322862129145
567,604,15,13,1,145,32,1,0,113,1,7,1,0,6,57,11,3,406,0.6721854304635762
568,587,4,18,1,118,13,2,3,102,0,15,2,1,6,110,6,1,402,0.6848381601362862
569,430,5,13,3,68,31,2,0,91,0,4,2,0,4,59,8,3,293,0.6813953488372093
570,582,9,15,0,121,37,4,1,119,1,5,0,0,3,79,10,3,407,0.6993127147766323
571,583,14,13,2,132,39,3,1,108,3,5,4,1,4,74,8,4,415,0.7118353344768439
572,978,19,26,2,178,54,3,0,229,3,7,2,0,5,176,25,5,734,0.7505112474437627
573,940,14,21,1,183,45,5,3,199,0,12,0,0,7,109,9,10,618,0.6574468085106383
574,614,8,10,2,144,24,2,0,111,0,4,2,0,0,90,6,3,406,0.6612377850162866
575,796,29,23,3,134,30,7,0,210,2,4,3,1,5,97,11,5,564,0.7085427135678392
576,615,10,12,1,121,27,6,4,109,1,8,0,0,10,93,8,3,413,0.6715447154471544
577,500,16,18,3,129,19,1,0,92,0,3,0,0,4,78,11,0,374,0.748
578,841,13,19,0,167,23,8,2,166,3,9,2,1,7,131,15,0,566,0.6730083234244947
579,659,15,6,2,100,23,1,2,115,3,0,2,2,6,93,5,3,378,0.5735963581183612
580,607,9,7,4,90,21,7,1,98,1,8,0,2,6,66,4,2,326,0.5370675453047776
581,647,7,11,2,109,31,2,3,116,0,6,0,0,6,100,9,1,403,0.6228748068006182
582,664,8,17,2,164,51,4,0,93,0,7,1,0,12,92,18,2,471,0.7093373493975904
583,718,10,17,2,177,53,1,1,147,1,6,0,0,3,91,11,4,524,0.7298050139275766
584,670,11,20,1,175,33,0,1,136,0,3,2,0,11,57,12,6,468,0.6985074626865672
585,574,2,3,1,85,14,2,1,62,1,11,1,1,4,65,7,0,260,0.4529616724738676
586,590,7,7,2,120,22,5,1,102,0,13,1,0,1,83,5,2,371,0.6288135593220339
587,646,10,19,1,131,34,4,1,129,1,11,2,0,2,90,8,2,445,0.6888544891640866
588,589,10,8,2,120,32,0,0,149,3,7,3,0,7,80,14,1,436,0.7402376910016978
589,712,9,16,2,180,57,2,1,146,0,5,5,1,10,78,16,4,532,0.7471910112359551
590,622,5,17,4,165,42,2,0,127,0,2,2,1,0,98,9,2,476,0.7652733118971061
591,701,11,20,2,196,43,1,0,125,0,3,1,1,10,87,10,0,510,0.7275320970042796
592,669,7,18,5,163,51,3,1,132,2,4,1,1,13,83,7,2,493,0.7369207772795217
593,678,8,15,1,158,59,0,1,135,1,3,1,1,7,91,9,5,495,0.7300884955752213
594,573,19,9,0,118,30,0,0,110,2,7,2,4,8,93,3,0,405,0.7068062827225131
595,652,8,21,1,142,55,1,0,110,0,8,6,1,10,101,13,2,479,0.7346625766871165
596,721,10,8,1,177,81,2,1,120,0,5,1,1,13,123,19,3,565,0.7836338418862691
597,718,17,14,6,186,30,2,1,145,0,4,3,1,9,112,14,2,546,0.7604456824512534
598,600,10,17,4,129,35,0,0,102,1,4,2,0,10,102,14,4,434,0.7233333333333334
599,636,6,4,1,107,11,1,3,94,1,3,2,0,3,69,3,3,311,0.4889937106918239
600,773,9,21,8,183,46,5,5,144,4,6,3,1,4,95,15,8,557,0.720569210866753
601,691,9,22,3,145,35,1,1,125,2,5,2,0,7,94,11,3,465,0.6729377713458755
602,607,12,12,1,99,26,2,0,105,0,8,5,0,1,80,6,1,358,0.5897858319604613
603,686,13,9,1,136,53,0,0,131,1,7,2,0,6,123,10,4,496,0.7230320699708455
604,506,12,15,2,109,24,4,1,109,1,3,4,1,1,79,8,0,373,0.7371541501976284
605,665,12,6,2,148,57,1,1,131,0,5,2,0,11,104,12,3,495,0.7443609022556391
606,855,7,11,0,196,83,2,1,162,1,1,0,0,10,131,18,3,626,0.7321637426900585
607,784,18,22,1,189,43,3,3,166,0,3,3,1,11,119,17,8,607,0.7742346938775511
608,737,6,10,5,179,45,3,0,165,4,6,0,0,3,105,17,6,554,0.751696065128901
609,835,11,25,8,179,51,2,0,180,0,4,5,0,7,129,12,4,617,0.7389221556886227
610,764,14,11,11,178,58,3,0,197,1,7,3,1,6,84,9,4,587,0.768324607329843
611,642,19,10,3,199,40,3,1,101,0,3,0,3,11,86,10,6,495,0.7710280373831776
612,795,14,23,2,184,58,4,1,148,2,5,2,0,6,112,16,2,579,0.7283018867924528
613,492,5,11,0,53,17,2,0,138,0,4,1,0,10,111,10,4,366,0.7439024390243902
614,586,14,10,1,94,12,4,2,112,1,2,0,1,3,84,7,0,347,0.5921501706484642
615,643,11,10,2,137,19,3,0,103,2,7,1,1,5,100,2,0,403,0.6267496111975117
616,605,14,7,4,121,27,4,1,89,0,2,4,0,5,90,6,2,376,0.6214876033057851
617,645,12,6,2,119,23,2,0,124,1,8,7,1,7,117,11,0,440,0.6821705426356589
618,696,15,7,2,131,46,3,0,181,1,5,2,0,8,57,29,3,490,0.7040229885057471
619,622,5,6,2,107,30,1,1,182,4,11,3,0,7,61,16,3,439,0.7057877813504824
620,759,9,14,3,131,51,3,0,206,0,2,1,1,11,115,13,3,563,0.7417654808959157
621,691,10,20,1,186,28,6,0,100,0,6,2,0,8,76,8,0,451,0.6526772793053546
622,874,13,12,5,201,71,4,1,190,1,6,2,0,14,106,20,2,648,0.7414187643020596
623,917,16,17,4,157,35,9,0,196,4,10,3,0,10,126,9,3,599,0.653217011995638
624,808,9,15,1,147,78,0,0,188,0,6,2,1,11,132,31,4,625,0.7735148514851485
625,727,6,12,0,115,43,4,1,175,1,7,2,0,17,118,16,4,521,0.7166437414030261
626,743,7,19,0,155,56,1,2,150,1,10,3,1,9,107,26,8,555,0.746971736204576
627,786,10,18,0,155,54,5,4,156,1,6,3,2,19,153,24,3,613,0.7798982188295165
628,771,12,15,1,203,65,2,1,157,1,1,1,1,13,110,13,5,601,0.7795071335927367
629,706,5,12,1,146,39,0,1,142,1,7,4,0,10,112,26,7,513,0.726628895184136
630,674,4,21,2,144,44,5,1,146,1,10,3,0,3,95,17,7,503,0.7462908011869436
631,736,15,19,1,123,45,2,1,146,0,7,5,0,13,92,15,6,490,0.6657608695652174
632,782,13,24,3,191,69,0,0,161,0,6,5,0,17,75,23,3,590,0.7544757033248082
633,733,9,22,5,176,52,3,2,138,1,5,0,1,6,110,27,3,560,0.7639836289222374
634,756,9,18,0,163,53,3,0,107,1,7,1,2,6,93,21,1,485,0.6415343915343915
635,670,6,43,0,160,94,0,0,76,0,4,1,0,20,87,13,7,511,0.7626865671641792
636,677,8,45,3,166,64,2,0,128,0,9,2,0,4,66,10,6,513,0.757754800590842
637,671,11,43,1,227,80,2,0,93,0,3,2,0,15,84,11,17,589,0.8777943368107303
638,675,11,40,1,164,69,2,0,120,1,2,1,1,11,76,9,5,513,0.76
639,629,14,47,1,158,35,3,1,114,1,4,1,1,4,66,6,1,457,0.7265500794912559
640,612,22,38,2,153,25,3,1,106,2,4,1,0,4,68,4,2,435,0.7107843137254902
641,497,9,30,0,134,54,1,0,72,0,3,1,0,6,58,12,6,386,0.7766599597585513
642,660,15,42,3,192,52,2,0,105,3,4,4,1,4,76,14,5,522,0.7909090909090909
643,652,15,47,2,156,50,2,0,119,3,7,4,0,3,68,10,7,493,0.7561349693251533
644,660,11,36,3,155,63,2,0,109,1,2,3,0,11,101,12,6,515,0.7803030303030303
645,650,11,57,2,156,51,3,2,106,0,2,1,0,4,62,9,3,469,0.7215384615384616
646,672,17,39,3,185,65,0,0,105,0,3,2,0,7,76,8,10,520,0.7738095238095238
647,670,10,33,3,208,56,2,1,81,0,1,1,1,14,86,17,1,515,0.7686567164179104
648,788,22,34,0,205,82,1,0,110,1,7,4,1,17,114,9,13,620,0.7868020304568528
649,534,19,30,2,102,23,4,0,99,0,3,6,0,10,77,6,4,385,0.7209737827715356
650,647,13,37,3,124,21,3,1,112,0,3,7,1,10,105,10,3,453,0.7001545595054096
651,628,6,24,3,124,26,1,0,102,1,3,5,1,11,88,9,6,410,0.6528662420382165
652,570,11,35,2,113,31,1,0,103,0,4,2,0,8,68,15,3,396,0.6947368421052632
653,333,0,1,1,36,168,0,0,10,0,4,0,0,2,13,1,0,236,0.7087087087087087
654,615,1,0,4,30,282,1,2,2,0,0,2,0,0,13,5,2,344,0.5593495934959349
655,310,4,2,0,55,20,0,0,90,0,3,2,0,3,44,6,1,230,0.7419354838709677
656,653,9,14,3,92,80,3,3,110,0,8,2,0,5,97,14,1,441,0.6753445635528331
657,590,9,25,0,109,93,2,0,87,0,16,1,2,6,61,15,5,431,0.7305084745762712
658,507,11,11,4,78,27,2,2,79,2,5,0,1,2,87,8,2,321,0.6331360946745562
659,782,14,30,3,159,64,1,1,148,4,8,2,0,18,98,13,5,568,0.7263427109974424
660,872,24,24,5,195,60,2,1,195,2,6,2,1,11,110,18,0,656,0.7522935779816514
661,696,8,21,1,148,71,5,0,126,2,10,3,1,13,103,18,9,539,0.7744252873563219
662,614,17,26,3,148,65,1,1,104,0,2,1,1,10,65,24,7,475,0.7736156351791531
663,599,14,19,0,125,105,1,2,92,3,0,1,0,11,90,15,3,481,0.8030050083472454
664,660,10,21,1,159,54,2,1,127,1,11,4,0,11,80,8,6,496,0.7515151515151515
665,678,11,39,3,169,63,7,0,103,1,5,1,0,9,77,16,7,511,0.7536873156342183
666,692,13,26,2,154,62,1,0,125,2,3,1,1,8,60,8,5,471,0.680635838150289
667,832,15,32,3,246,86,5,3,125,0,5,1,2,12,105,17,5,662,0.7956730769230769
668,620,9,29,1,138,37,1,0,125,1,5,1,0,1,65,10,3,426,0.6870967741935484
669,752,11,30,3,191,50,0,1,132,3,5,2,1,4,106,13,5,557,0.7406914893617021
670,768,11,37,4,156,55,8,0,178,2,14,2,1,3,100,12,1,584,0.7604166666666666
671,778,9,47,0,179,65,3,0,133,0,6,1,0,11,78,16,5,553,0.7107969151670951
672,747,12,40,2,161,39,4,1,135,1,3,2,1,7,87,8,1,504,0.6746987951807228
673,939,20,29,2,223,98,0,2,157,1,2,8,0,19,113,21,13,708,0.7539936102236422
674,975,17,38,2,257,78,3,1,181,1,2,3,0,11,143,18,10,765,0.7846153846153846
675,690,15,17,1,188,84,1,0,101,1,3,5,1,11,103,8,15,554,0.8028985507246377
676,933,11,31,1,239,83,5,0,140,2,6,1,0,14,129,17,6,685,0.7341907824222936
677,664,8,30,1,160,50,1,0,156,1,5,0,1,5,60,13,2,493,0.7424698795180723
678,895,19,46,2,263,43,2,0,169,1,8,1,1,9,106,15,6,691,0.7720670391061453
679,713,12,29,4,194,71,2,2,138,1,3,2,1,11,88,25,6,589,0.8260869565217391
680,713,14,23,0,172,48,4,0,141,2,5,4,0,7,100,16,3,539,0.7559607293127629
681,728,9,16,2,195,56,1,0,126,3,4,2,1,12,93,22,2,544,0.7472527472527473
682,701,15,25,3,183,77,2,0,132,1,2,1,3,8,83,15,8,558,0.7960057061340942
683,716,17,21,2,192,51,1,0,121,3,10,6,0,5,72,13,4,518,0.723463687150838
684,732,13,25,1,210,76,2,3,106,1,5,1,1,14,78,17,4,557,0.7609289617486339
685,763,16,21,4,200,68,1,0,137,0,3,4,0,13,102,11,3,583,0.7640891218872871
686,765,12,38,2,170,60,4,0,149,1,10,2,0,7,82,14,7,558,0.7294117647058823
687,835,17,42,6,202,52,3,0,145,1,7,0,0,12,134,11,8,640,0.7664670658682635
688,737,15,39,2,213,50,3,2,123,0,3,1,0,6,87,18,3,565,0.7666214382632293
689,718,19,46,1,191,38,2,0,121,1,1,3,0,5,60,7,5,500,0.6963788300835655
690,722,13,43,1,161,55,6,0,138,1,3,5,0,15,100,13,5,559,0.7742382271468145
691,679,13,14,4,139,68,0,0,99,0,5,4,0,6,109,8,2,471,0.6936671575846833
692,492,9,15,3,90,17,5,1,97,0,3,3,3,3,82,6,0,337,0.6849593495934959
693,659,6,15,0,120,31,6,2,124,0,5,0,2,9,118,11,3,452,0.6858877086494689
694,506,10,12,4,92,23,2,1,98,0,2,3,0,7,82,7,1,344,0.6798418972332015
695,803,11,17,1,168,33,2,1,144,1,7,1,2,12,126,13,3,542,0.6749688667496887
696,591,9,30,1,129,31,3,0,80,2,2,2,2,2,104,6,3,406,0.6869712351945855
697,590,9,10,2,131,31,5,0,92,0,12,1,0,6,120,16,1,436,0.7389830508474576
698,791,27,19,1,130,40,3,0,131,1,7,6,1,11,108,17,8,510,0.6447534766118836
699,744,12,22,4,203,56,3,2,123,1,6,4,0,11,101,11,2,561,0.7540322580645161
700,685,11,18,2,156,53,4,0,117,0,4,4,0,6,110,11,1,497,0.7255474452554744
701,596,13,18,3,129,30,1,4,102,1,9,0,0,6,96,16,4,432,0.7248322147651006
702,870,14,25,5,187,42,4,2,157,1,8,1,0,10,114,12,1,583,0.6701149425287356
703,683,7,21,0,151,52,2,1,129,4,6,0,0,9,120,5,3,510,0.746705710102489
704,566,12,34,1,137,20,1,0,100,1,4,0,1,8,65,11,2,397,0.7014134275618374
705,485,10,20,3,80,28,1,0,115,1,4,2,0,7,66,8,1,346,0.7134020618556701
706,432,5,11,2,93,36,1,0,62,2,2,2,0,11,48,6,0,281,0.6504629629629629
707,586,8,29,2,116,29,6,1,93,0,7,1,0,9,89,6,5,401,0.6843003412969283
708,345,1,6,2,23,9,1,0,27,2,1,1,0,2,20,2,2,99,0.28695652173913044
709,493,12,35,0,121,56,0,2,70,1,1,0,0,10,58,10,10,386,0.7829614604462475
710,526,10,24,1,131,70,1,0,76,0,3,5,0,10,68,10,7,416,0.7908745247148289
711,538,7,16,2,154,57,1,4,96,1,2,2,0,8,66,6,12,434,0.8066914498141264
712,443,2,18,1,89,51,1,2,80,0,0,0,0,14,71,11,3,343,0.7742663656884876
713,756,5,21,3,191,82,1,0,144,0,5,0,0,8,88,20,15,583,0.7711640211640212
714,952,9,40,1,215,103,2,0,187,2,5,2,0,24,111,23,7,731,0.7678571428571429
715,539,7,11,1,120,61,1,0,89,0,2,3,0,17,76,23,13,424,0.7866419294990723
716,401,4,18,0,100,61,0,0,40,0,4,0,0,24,54,14,12,331,0.8254364089775561
717,404,2,20,2,101,59,2,0,47,0,0,0,0,15,79,13,14,354,0.8762376237623762
718,367,5,5,0,87,64,1,0,39,0,0,1,0,14,54,13,7,290,0.7901907356948229
719,503,2,15,0,102,103,2,1,47,0,1,1,2,6,73,15,10,380,0.7554671968190855
720,514,5,31,1,100,75,0,1,76,1,3,2,0,8,93,15,8,419,0.8151750972762646
721,218,3,10,1,49,27,1,0,32,0,0,0,0,5,19,13,12,172,0.7889908256880734
722,692,7,26,2,183,103,1,0,108,1,3,1,1,25,97,13,32,603,0.8713872832369942
723,500,2,16,0,77,112,0,0,49,2,2,2,0,27,88,24,7,408,0.816
724,647,9,52,1,167,45,3,0,79,1,2,4,1,7,71,14,5,461,0.7125193199381762
725,673,9,57,5,121,32,4,2,100,1,9,3,0,8,57,8,3,419,0.6225854383358098
726,542,12,58,1,127,31,6,0,91,1,1,2,1,6,53,3,4,397,0.7324723247232472
727,599,10,44,0,197,44,1,0,65,0,6,0,2,7,67,15,7,465,0.7762938230383973
728,590,16,50,1,128,33,2,1,104,0,9,0,0,3,55,8,8,418,0.7084745762711865
729,695,16,51,2,170,56,3,0,112,1,7,2,1,6,73,9,3,512,0.7366906474820144
730,753,15,60,0,173,56,3,1,123,0,4,1,1,6,97,20,8,568,0.7543160690571049
731,644,10,41,0,175,76,1,2,90,1,6,0,2,9,77,7,7,504,0.782608695652174
732,772,18,60,1,203,59,0,1,120,1,4,2,1,7,115,13,12,617,0.7992227979274611
733,731,6,37,3,163,110,1,1,107,0,0,0,1,16,117,27,14,603,0.8248974008207934
734,647,7,36,0,143,86,2,0,74,1,5,3,1,12,94,20,12,496,0.7666151468315301
735,800,5,30,2,164,161,0,1,77,1,2,1,0,18,114,19,13,608,0.76
736,780,14,37,1,164,119,1,0,81,2,5,2,1,22,109,22,21,601,0.7705128205128206
737,609,10,15,1,176,80,0,0,94,1,1,2,0,22,70,12,8,492,0.8078817733990148
738,711,2,19,2,177,153,1,3,79,0,1,2,0,22,89,18,9,577,0.8115330520393812
739,672,6,28,3,166,105,3,0,75,2,4,1,0,14,100,17,16,540,0.8035714285714286
740,643,3,28,1,163,116,0,0,87,0,1,1,2,20,73,15,8,518,0.8055987558320373
741,142,0,0,3,12,4,3,1,4,1,4,0,0,0,6,1,0,39,0.2746478873239437
742,1009,22,50,1,278,73,5,2,235,0,4,2,0,7,100,11,6,796,0.7888999008919723
743,780,7,23,7,179,169,0,1,77,1,2,0,2,32,136,22,21,679,0.8705128205128205
744,781,7,23,5,135,164,0,1,62,2,2,6,1,33,155,18,28,642,0.8220230473751601
745,530,9,23,2,111,109,1,0,46,0,1,0,0,13,82,8,5,410,0.7735849056603774
746,647,18,49,1,180,45,2,3,117,1,1,0,0,6,66,11,7,507,0.7836166924265843
747,762,13,37,3,188,99,0,2,119,0,3,1,0,18,96,9,14,602,0.7900262467191601
748,718,22,45,0,200,62,5,2,144,0,4,5,1,7,70,7,10,584,0.8133704735376045
749,689,4,34,2,165,78,2,0,115,0,2,1,0,11,99,22,9,544,0.7895500725689405
750,671,11,39,1,171,89,4,1,102,0,6,2,0,9,73,15,6,529,0.7883755588673621
751,780,10,43,2,206,80,2,1,158,0,3,3,0,6,70,14,6,604,0.7743589743589744
752,707,16,36,4,196,92,2,2,86,0,6,6,0,11,86,19,20,582,0.8231966053748232
753,626,12,39,2,145,65,2,0,88,0,9,3,0,13,85,10,9,482,0.7699680511182109
754,720,11,34,2,136,97,2,2,99,2,4,2,1,12,90,17,8,519,0.7208333333333333
755,678,9,40,3,193,62,1,1,111,0,2,2,1,10,57,17,11,520,0.7669616519174042
756,725,6,35,3,197,84,4,1,99,0,5,5,0,15,89,11,7,561,0.7737931034482759
757,646,10,38,1,150,58,2,2,93,0,7,2,1,12,100,15,9,500,0.7739938080495357
758,601,12,28,1,147,58,2,1,117,0,3,1,1,10,64,8,3,456,0.7587354409317804
759,645,7,40,2,152,54,2,1,102,0,4,3,1,13,73,13,13,480,0.7441860465116279
760,767,6,29,4,170,137,0,1,103,1,5,2,3,26,104,8,12,611,0.7966101694915254
761,682,4,20,0,186,82,1,1,105,0,2,2,0,15,109,24,4,555,0.8137829912023461
762,1006,17,35,2,248,147,1,0,159,4,1,3,0,23,135,29,11,815,0.8101391650099403
763,650,14,37,1,172,63,0,2,116,0,3,0,1,4,81,15,8,517,0.7953846153846154
764,724,11,30,3,182,90,2,0,117,1,1,2,0,3,106,28,6,582,0.8038674033149171
765,680,6,27,0,181,59,1,2,133,1,7,2,0,7,86,15,4,531,0.7808823529411765
766,787,6,24,3,191,130,0,7,74,1,3,1,0,20,117,20,17,614,0.7801778907242694
767,731,12,24,4,174,60,1,0,123,1,2,3,0,11,72,17,3,507,0.6935704514363885
768,805,19,24,0,194,108,3,1,127,0,5,3,1,16,91,17,7,616,0.7652173913043478
769,636,11,36,1,152,49,1,3,127,1,3,1,3,12,62,10,7,479,0.7531446540880503
770,686,7,21,5,173,111,0,0,73,1,4,2,2,21,127,18,13,578,0.8425655976676385
771,718,6,24,5,149,116,1,1,80,1,3,2,0,23,131,19,9,570,0.7938718662952646
772,789,9,17,3,153,123,1,1,121,1,3,1,2,24,123,15,13,610,0.7731305449936628
773,693,5,30,4,166,84,2,0,108,1,8,2,1,13,103,17,15,559,0.8066378066378066
774,649,3,10,2,142,86,2,1,85,0,1,5,2,19,100,17,14,489,0.7534668721109399
775,526,4,16,1,110,86,1,1,77,0,1,2,0,14,97,25,11,446,0.8479087452471483
776,524,1,14,0,101,123,0,0,47,0,0,0,0,21,97,16,10,430,0.8206106870229007
777,267,3,9,2,54,67,0,0,25,1,0,0,0,5,48,9,2,225,0.8426966292134831
778,238,1,3,1,35,27,2,0,8,1,3,1,0,4,33,2,1,122,0.5126050420168067
779,619,1,4,0,77,131,0,0,60,0,4,0,1,31,143,18,18,488,0.7883683360258481
780,589,2,15,2,110,124,1,0,69,0,3,1,0,16,95,24,12,474,0.8047538200339559
781,469,3,5,3,89,105,0,0,37,0,2,1,0,18,87,18,17,385,0.8208955223880597
782,434,3,5,2,83,108,1,2,36,0,1,1,0,15,83,11,17,368,0.847926267281106
783,246,0,3,0,38,65,0,1,27,0,0,1,0,12,48,5,6,206,0.8373983739837398
784,618,9,33,4,163,95,0,2,75,0,3,3,2,11,67,21,17,505,0.8171521035598706
785,647,4,30,5,140,101,0,3,80,1,3,1,0,21,90,23,19,521,0.8052550231839258
786,506,9,13,2,105,86,1,0,102,0,0,1,0,19,73,14,12,437,0.8636363636363636
787,728,13,15,6,189,70,1,1,145,0,4,3,1,8,77,21,3,557,0.7651098901098901
788,640,15,20,1,143,51,0,2,114,1,4,1,0,14,87,11,5,469,0.7328125
789,689,9,16,1,189,67,2,0,114,1,4,2,0,9,81,11,3,509,0.7387518142235123
790,740,7,13,5,171,84,3,0,122,2,10,1,0,17,120,14,8,577,0.7797297297297298
791,687,9,21,1,144,42,0,1,153,0,3,2,0,18,114,13,1,522,0.759825327510917
792,765,16,26,3,192,39,3,0,128,2,7,2,0,13,96,15,3,545,0.7124183006535948
793,605,5,19,1,161,50,2,2,108,0,4,1,0,12,76,7,3,451,0.7454545454545455
794,617,15,13,2,169,41,0,0,121,0,5,1,0,0,62,7,2,438,0.7098865478119936
795,632,6,27,7,145,43,2,2,130,0,8,1,0,15,86,14,2,488,0.7721518987341772
796,618,5,25,3,145,43,0,3,115,1,3,1,0,9,72,15,2,442,0.7152103559870551
797,731,17,25,4,178,43,4,1,154,0,4,3,0,14,79,10,6,542,0.7414500683994528
798,699,9,15,4,140,39,6,3,114,1,14,5,0,5,64,8,3,430,0.6151645207439199
799,613,18,18,15,165,48,1,2,109,1,1,2,1,12,77,15,2,487,0.7944535073409462
800,621,8,38,6,143,46,2,1,139,0,4,2,0,5,60,6,3,463,0.7455716586151369
801,645,16,22,3,166,63,1,0,106,0,0,1,0,17,83,14,7,499,0.7736434108527132
802,581,9,21,8,133,58,2,0,101,1,4,3,0,5,73,12,4,434,0.7469879518072289
803,745,22,21,6,190,49,3,0,173,1,2,3,1,12,81,11,5,580,0.7785234899328859
804,670,13,17,2,176,76,0,2,112,4,4,2,1,12,101,17,8,547,0.8164179104477612
805,642,12,17,1,159,79,1,1,90,0,5,3,1,14,93,9,2,487,0.7585669781931464
806,577,6,19,0,158,33,0,0,122,2,7,0,0,6,65,9,7,434,0.7521663778162911
807,754,10,19,6,134,40,3,2,119,0,5,2,0,5,75,13,5,438,0.5809018567639257
808,979,12,23,2,271,94,2,0,226,2,4,1,2,11,94,14,15,773,0.7895812053115424
809,624,10,13,0,142,59,0,1,81,2,2,4,0,8,133,13,4,472,0.7564102564102564
810,646,14,17,5,149,41,4,1,141,3,6,4,0,10,76,7,5,483,0.7476780185758514
811,656,5,13,2,131,114,2,1,88,0,4,0,0,25,106,17,3,511,0.7789634146341463
812,660,12,11,1,159,55,1,0,127,1,8,1,0,9,87,14,7,493,0.746969696969697
813,582,5,11,2,124,67,0,1,103,2,7,1,0,6,84,12,3,428,0.7353951890034365
814,598,5,24,1,148,37,2,1,122,4,5,2,0,8,67,8,7,441,0.7374581939799331
815,729,11,21,0,171,95,2,2,87,1,3,2,0,27,122,26,7,577,0.7914951989026063
816,512,9,16,0,115,28,1,2,67,0,6,1,0,5,55,5,6,316,0.6171875
817,539,6,13,2,129,57,5,1,101,1,5,2,0,4,60,13,5,404,0.7495361781076066
818,631,13,18,1,177,59,2,0,118,2,10,3,0,1,76,13,7,500,0.7923930269413629
819,654,6,19,2,148,30,1,1,124,1,5,4,0,4,92,18,4,459,0.7018348623853211
820,629,8,21,1,154,53,0,0,108,0,5,1,0,6,81,9,0,447,0.7106518282988871
821,655,11,26,2,179,43,1,1,124,2,5,1,0,6,69,17,5,492,0.751145038167939
822,598,16,23,1,142,50,3,1,125,0,7,0,1,8,69,7,6,459,0.7675585284280937
823,660,15,23,0,151,63,2,2,105,1,5,1,1,4,89,20,2,484,0.7333333333333333
824,659,9,20,0,134,70,0,0,115,0,4,5,0,9,109,16,6,497,0.7541729893778453
825,705,13,25,1,183,61,3,0,136,0,4,0,0,8,83,9,3,529,0.750354609929078
826,646,9,19,1,189,59,1,2,115,1,5,1,0,7,86,9,3,507,0.7848297213622291
827,558,7,17,2,147,42,1,0,110,1,2,0,0,2,74,3,4,412,0.7383512544802867
828,627,8,15,1,163,105,4,2,78,1,5,0,0,23,83,20,7,515,0.8213716108452951
829,634,12,18,1,130,58,2,1,116,0,8,0,0,7,82,19,8,462,0.7287066246056783
830,711,7,16,3,200,74,6,1,135,1,3,4,1,18,79,22,10,580,0.8157524613220816
831,664,9,18,3,170,50,1,0,127,1,9,2,0,3,76,13,4,486,0.7319277108433735
832,554,7,29,0,138,52,1,1,84,0,1,1,1,8,65,16,3,407,0.7346570397111913
833,595,9,14,1,113,44,3,0,128,2,3,1,0,5,97,10,1,431,0.7243697478991596
834,709,11,23,0,187,40,3,0,153,0,15,2,0,8,79,13,3,537,0.7574047954866009
835,748,13,24,0,173,57,2,0,141,0,4,0,0,7,83,17,5,526,0.7032085561497327
836,606,6,23,0,135,33,10,1,146,1,2,1,1,6,66,9,2,442,0.7293729372937293
837,653,6,13,4,172,62,1,1,114,0,6,1,0,13,80,8,2,483,0.7396630934150077
838,617,9,11,1,164,43,0,0,117,0,7,3,0,8,68,16,2,449,0.7277147487844409
839,569,12,15,1,133,42,2,1,118,2,3,1,1,4,78,10,1,424,0.7451669595782073
840,569,6,26,1,127,37,4,1,96,3,6,2,0,6,69,20,5,409,0.718804920913884
841,679,19,19,4,189,59,1,0,122,2,6,1,1,9,72,18,0,522,0.7687776141384389
842,798,9,24,3,208,89,0,2,157,3,3,2,1,7,86,17,7,618,0.7744360902255639
843,712,18,22,0,177,43,2,1,157,0,7,2,1,12,72,11,2,527,0.7401685393258427
844,924,24,36,7,223,70,3,1,169,1,3,4,2,11,97,18,2,671,0.7261904761904762
845,827,15,17,1,210,83,2,2,152,3,9,3,0,3,124,19,2,645,0.7799274486094316
846,642,14,20,2,179,45,2,2,136,0,4,0,1,3,55,12,0,475,0.7398753894080997
847,702,12,22,0,174,46,2,2,143,1,4,2,0,11,99,21,8,547,0.7792022792022792
848,666,9,10,1,190,81,2,0,113,2,5,2,1,6,93,14,6,535,0.8033033033033034
849,618,5,16,2,162,42,0,0,130,0,4,1,0,6,94,3,4,469,0.7588996763754046
850,704,9,8,1,160,82,3,2,123,2,5,1,1,18,95,29,3,542,0.7698863636363636
851,703,8,22,4,160,104,1,2,116,0,3,0,0,12,112,8,2,554,0.7880512091038406
852,670,17,27,3,216,58,4,3,163,2,5,0,0,7,73,2,3,583,0.8701492537313433
853,729,13,16,3,200,60,3,1,144,0,4,0,0,14,80,15,5,558,0.7654320987654321
854,675,10,21,6,190,66,2,0,123,2,6,0,0,6,81,20,0,533,0.7896296296296297
855,603,11,19,0,170,69,2,0,112,1,2,5,0,6,69,10,6,482,0.7993366500829188
856,824,13,34,3,226,86,0,1,116,1,5,0,2,13,114,22,6,642,0.779126213592233
857,695,16,19,0,191,52,4,0,143,5,5,2,2,9,96,14,5,563,0.8100719424460432
858,769,19,21,0,208,91,1,1,128,1,8,5,0,12,100,9,5,609,0.7919375812743823
859,689,15,17,3,177,76,2,3,127,0,2,1,0,6,111,14,1,555,0.8055152394775036
860,723,9,25,2,198,66,3,2,135,1,5,2,1,18,100,13,6,586,0.8105117565698479
861,714,5,17,1,205,50,4,3,157,0,5,1,1,8,97,10,2,566,0.7927170868347339
862,669,6,24,0,181,62,0,2,120,0,2,4,0,7,105,18,5,536,0.8011958146487295
863,690,5,24,0,193,49,1,0,123,5,7,4,0,12,84,10,0,517,0.7492753623188406
864,722,15,20,3,192,70,1,0,142,1,5,1,0,9,90,15,2,566,0.7839335180055401
865,886,27,23,4,224,89,1,1,174,2,4,6,0,13,95,15,4,682,0.7697516930022573
866,644,11,24,0,177,46,1,0,137,1,6,2,0,2,57,17,5,486,0.7546583850931677
867,580,5,21,1,165,44,1,1,123,1,6,3,0,7,47,6,1,432,0.7448275862068966
868,557,10,18,0,114,31,2,1,120,0,8,0,0,7,61,7,1,380,0.6822262118491921
869,578,5,21,2,155,41,1,1,108,1,6,3,0,3,55,5,0,407,0.7041522491349481
870,631,10,14,0,130,20,3,0,124,3,6,0,1,1,61,4,2,379,0.6006339144215531
871,696,7,17,1,144,40,5,1,156,3,9,2,0,6,78,15,2,486,0.6982758620689655
872,893,8,27,4,218,58,6,0,217,2,8,3,1,10,103,14,5,684,0.7659574468085106
873,507,4,15,0,104,30,1,0,122,0,7,0,0,6,73,10,1,373,0.7357001972386588
874,746,18,14,4,148,55,4,0,139,2,9,1,0,11,101,15,2,523,0.7010723860589813
875,463,1,8,3,57,12,3,3,71,1,5,2,0,6,70,5,1,248,0.5356371490280778
876,907,14,25,4,264,71,3,0,197,3,7,4,0,4,103,21,3,723,0.7971334068357222
877,431,7,20,0,114,46,1,0,89,1,3,1,0,9,50,10,4,355,0.8236658932714617
878,886,17,39,9,249,45,4,1,163,1,12,1,0,6,124,17,3,691,0.7799097065462754
879,863,10,16,0,217,57,1,0,206,0,6,6,0,11,108,2,6,646,0.7485515643105446
880,888,15,40,2,224,66,5,0,207,1,4,3,1,18,86,11,7,690,0.777027027027027
881,702,7,11,1,131,65,2,2,173,0,3,3,0,9,54,7,3,471,0.6709401709401709
882,526,6,5,0,97,38,3,1,150,0,3,0,1,5,82,6,2,399,0.7585551330798479
883,649,8,21,1,157,43,3,0,110,0,5,1,0,4,80,10,1,444,0.6841294298921418
884,680,11,44,5,202,46,4,0,117,0,7,1,1,12,79,10,1,540,0.7941176470588235
885,648,14,26,5,154,33,2,0,157,1,2,3,0,8,82,10,3,500,0.7716049382716049
886,674,10,18,1,149,47,2,0,104,1,13,1,0,7,85,7,0,445,0.6602373887240356
887,393,4,11,3,96,31,3,0,78,0,7,0,1,6,54,6,1,301,0.7659033078880407
888,893,6,21,3,254,52,3,0,161,3,10,2,1,13,100,5,2,636,0.7122060470324748
889,763,25,17,4,199,43,0,1,132,1,6,3,0,10,84,10,7,542,0.7103538663171691
890,633,13,19,0,163,38,2,1,120,0,7,1,1,7,79,8,1,460,0.7266982622432859
891,708,21,24,4,183,45,2,1,152,0,6,2,1,3,96,11,2,553,0.7810734463276836
892,736,15,22,2,169,57,3,2,147,1,7,1,0,6,88,10,1,531,0.7214673913043478
893,672,9,26,1,161,49,1,0,139,3,5,2,1,10,70,21,3,501,0.7455357142857143
894,670,4,18,4,183,69,2,2,125,4,6,2,0,7,48,11,6,491,0.7328358208955223
895,810,10,30,3,232,81,2,3,134,1,2,2,0,13,64,26,7,610,0.7530864197530864
896,861,20,24,4,222,54,2,2,210,1,4,0,2,17,97,9,3,671,0.7793263646922184
897,675,8,27,2,146,41,3,5,142,1,9,4,0,2,65,4,1,460,0.6814814814814815
898,546,11,17,1,123,32,5,2,107,1,3,1,1,5,53,5,2,369,0.6758241758241759
899,591,7,17,4,111,34,0,0,132,1,5,2,0,4,83,4,0,404,0.6835871404399323
900,694,10,30,1,151,35,2,1,138,1,4,2,1,12,103,5,3,499,0.7190201729106628
901,563,15,14,0,150,23,0,3,120,2,7,0,1,4,63,11,1,414,0.7353463587921847
902,606,15,19,0,121,36,3,1,150,1,9,1,0,0,68,5,0,429,0.7079207920792079
903,569,14,15,1,126,28,5,0,136,1,7,1,0,4,51,7,2,398,0.6994727592267135
904,666,6,19,3,168,41,5,1,135,2,5,3,0,5,85,14,1,493,0.7402402402402403
905,673,8,17,0,167,44,2,0,151,1,5,4,1,8,64,12,7,491,0.7295690936106983
906,621,6,13,0,130,39,3,2,126,0,7,0,0,4,63,17,2,412,0.6634460547504025
907,729,8,33,0,214,75,1,0,159,0,3,0,0,6,92,19,1,611,0.8381344307270233
908,0,1,3,0,20,7,0,1,12,0,1,0,1,2,10,1,0,59,inf
909,0,3,3,1,39,11,0,0,23,1,2,0,0,4,16,8,0,111,inf
910,514,4,19,2,159,41,2,3,127,1,1,3,0,10,46,5,6,429,0.8346303501945526
911,0,1,3,1,72,10,1,0,29,2,7,2,0,1,21,5,1,156,inf
912,0,6,6,0,52,21,1,1,26,0,2,0,0,2,34,5,0,156,inf
913,763,10,13,2,187,88,2,1,142,1,4,5,0,18,97,16,5,591,0.7745740498034076
914,0,0,1,0,12,2,1,1,10,0,0,0,0,0,6,0,0,33,inf
915,0,0,1,0,25,3,0,0,7,0,0,1,0,0,10,1,0,48,inf
916,0,1,2,0,9,3,0,0,9,0,1,0,0,4,7,1,2,39,inf
917,0,2,0,0,59,9,1,2,19,0,2,1,1,1,19,5,0,121,inf
918,0,2,1,0,25,7,1,0,33,0,3,1,0,3,20,8,0,104,inf
919,0,5,3,1,26,11,0,0,25,0,0,0,0,1,11,5,0,88,inf
