SEZIONE,TOTALE_ISCRITTI,SINISTRA ECOLOGIA LIBERTA',CENTRO DEMOCRATICO,PD - PARTITO DEMOCRATICO,RIVOLUZIONE CIVILE INGROIA,MIR - MODERATI IN RIVOLUZIONE,FRATELLI D'ITALIA-CENTRODESTRA,PENSIONATI,IL POPOLO DELLA LIBERTA',LEGA NORD,LA DESTRA STORACE,FARE PER FERMARE IL DECLINO,CASAPOUND ITALIA,FIAMMA TRICOLORE,MOVIMENTO 5 STELLE BEPPEGRILLO,FINI - FUTURO E LIBERTA',SCELTA CIVICA CON MONTI,CASINI - LIBERTAS - UDC,FN - FORZA NUOVA,TOTALE,AFFLUENZA
1,918,62,0,228,28,0,12,3,72,23,2,20,1,1,172,5,86,4,1,720,0.7843137254901961
2,610,42,2,107,14,2,10,5,75,8,1,15,1,0,110,2,43,1,2,440,0.7213114754098361
3,811,52,5,185,29,0,21,6,95,12,3,24,3,2,143,3,68,5,0,656,0.8088779284833539
4,988,58,1,163,21,0,23,2,146,22,2,35,2,1,146,3,131,5,0,761,0.770242914979757
5,806,50,5,167,26,1,10,7,89,10,4,18,0,0,104,0,53,2,1,547,0.6786600496277916
6,629,20,4,123,13,1,20,2,105,9,1,29,4,0,128,5,95,6,0,565,0.8982511923688394
7,863,50,4,155,12,4,18,3,88,14,2,27,2,0,114,4,147,26,1,671,0.7775202780996524
8,99,3,0,16,1,0,3,1,15,3,0,1,0,1,8,2,15,1,0,70,0.7070707070707071
9,922,40,1,159,21,4,37,5,161,12,4,25,0,0,130,1,175,5,2,782,0.8481561822125814
10,853,48,1,189,18,2,22,2,108,13,4,17,1,1,117,1,102,6,0,652,0.7643610785463072
11,711,45,2,150,15,2,15,0,93,11,3,29,1,0,92,0,94,1,0,553,0.7777777777777778
12,907,29,1,146,21,0,21,11,157,10,1,28,0,1,96,1,108,3,0,634,0.6990077177508269
13,635,9,1,118,7,0,20,2,110,10,3,16,0,0,113,3,94,2,1,509,0.8015748031496063
14,848,31,3,152,14,0,14,1,132,16,7,34,1,0,98,1,150,4,0,658,0.7759433962264151
15,741,48,3,160,10,0,25,3,111,8,5,23,0,0,106,3,72,6,0,583,0.786774628879892
16,870,30,1,129,22,1,41,1,174,19,2,22,1,0,118,1,105,4,0,671,0.771264367816092
17,686,31,1,156,19,0,8,7,84,12,1,10,1,0,103,2,55,4,0,494,0.7201166180758017
18,802,46,2,192,20,3,12,3,99,14,3,13,6,0,112,2,89,9,0,625,0.7793017456359103
19,616,20,3,95,10,0,5,7,103,13,1,9,1,1,102,1,46,4,0,421,0.6834415584415584
20,821,78,2,163,32,2,5,2,88,13,4,33,1,1,134,1,85,4,1,649,0.7904993909866017
21,654,43,1,139,22,0,2,3,71,5,2,3,0,0,89,3,52,2,0,437,0.6681957186544343
22,798,57,1,163,10,0,22,6,107,32,2,28,3,0,129,1,110,4,2,677,0.8483709273182958
23,768,57,0,163,12,0,27,5,106,15,2,13,0,2,130,6,103,6,1,648,0.84375
24,746,49,1,159,19,0,27,2,101,16,2,15,0,1,88,1,103,3,0,587,0.7868632707774799
25,918,47,2,260,11,1,21,7,89,13,3,12,0,0,130,1,87,8,0,692,0.7538126361655774
26,659,53,2,146,27,0,14,3,54,6,1,19,1,0,95,0,81,3,1,506,0.7678300455235205
27,671,50,0,147,18,1,11,3,93,8,2,13,0,0,96,3,75,4,2,526,0.7839046199701938
28,781,53,2,189,28,0,18,6,80,12,0,15,1,1,125,1,75,4,0,610,0.7810499359795134
29,750,34,2,152,6,1,25,1,94,9,1,26,4,0,93,1,122,7,2,580,0.7733333333333333
30,719,36,2,128,14,1,20,2,101,11,0,34,0,0,81,0,139,8,1,578,0.803894297635605
31,751,49,2,175,9,0,16,4,104,7,0,13,1,0,100,0,90,5,0,575,0.7656458055925432
32,799,59,1,192,10,0,14,5,83,9,5,17,0,0,117,2,104,7,0,625,0.7822277847309136
33,771,66,2,181,18,1,11,3,71,13,1,13,0,0,126,1,74,3,4,588,0.7626459143968871
34,803,53,0,164,16,2,15,1,124,10,0,16,0,2,121,1,92,3,1,621,0.7733499377334994
35,267,8,0,42,1,0,14,0,44,5,1,6,0,1,71,1,60,3,2,259,0.9700374531835206
36,855,29,1,166,5,0,33,3,128,20,4,30,0,1,113,4,166,3,2,708,0.8280701754385965
37,687,16,0,133,10,3,24,1,115,23,1,22,1,0,88,0,122,4,2,565,0.8224163027656477
38,801,19,1,153,9,0,32,1,133,19,3,23,2,0,84,7,175,6,0,667,0.83270911360799
39,733,28,3,138,10,2,25,0,126,13,3,29,0,0,70,1,143,5,0,596,0.8130968622100955
40,627,26,1,119,9,0,26,0,98,18,1,13,1,1,85,0,98,2,1,499,0.79585326953748
41,684,38,2,143,15,0,10,1,66,13,2,7,1,0,98,4,61,3,1,465,0.6798245614035088
42,673,33,1,125,11,1,21,4,88,14,0,20,0,0,93,3,106,4,5,529,0.7860326894502229
43,725,31,1,190,24,0,8,4,89,16,2,22,0,1,119,5,67,1,0,580,0.8
44,887,48,2,191,16,2,20,0,123,15,1,18,0,1,124,6,102,1,0,670,0.7553551296505073
45,661,34,3,142,17,1,12,4,69,7,1,18,0,2,108,2,82,5,2,509,0.7700453857791225
46,668,39,4,139,8,0,12,4,82,8,0,13,2,2,93,2,87,8,1,504,0.7544910179640718
47,716,37,1,156,24,1,19,4,97,11,3,19,1,1,113,1,73,3,0,564,0.7877094972067039
48,675,28,1,129,8,1,2,9,109,16,2,19,2,1,96,3,101,3,2,532,0.7881481481481482
49,795,30,0,151,7,0,39,0,137,11,3,28,0,2,78,3,178,8,2,677,0.8515723270440252
50,745,13,0,91,3,0,29,1,155,24,2,22,0,0,67,1,195,5,0,608,0.8161073825503355
51,829,9,9,105,1,4,39,2,187,26,4,25,0,1,73,1,196,3,0,685,0.8262967430639324
52,807,22,4,113,11,0,40,1,148,25,1,23,0,0,57,5,194,5,0,649,0.8042131350681536
53,749,27,2,140,7,0,31,1,111,16,0,27,0,1,80,6,150,7,2,608,0.8117489986648865
54,778,26,3,152,12,0,25,1,83,19,4,16,0,0,140,2,123,3,2,611,0.7853470437017995
55,789,33,2,189,13,0,10,3,74,24,1,25,0,0,126,4,109,2,1,616,0.7807351077313055
56,620,16,1,112,9,0,23,2,83,7,1,23,6,1,65,1,121,6,5,482,0.7774193548387097
57,752,24,3,138,8,1,23,4,96,16,2,31,1,0,79,2,112,4,3,547,0.7273936170212766
58,725,25,0,175,16,0,25,2,106,14,2,14,6,1,99,1,114,4,0,604,0.833103448275862
59,765,26,1,166,16,0,25,3,99,14,3,21,2,1,114,3,93,9,0,596,0.7790849673202614
60,856,20,3,186,14,2,15,4,123,26,1,20,0,0,105,9,141,10,1,680,0.794392523364486
61,650,27,0,121,11,0,6,2,89,14,1,7,0,2,141,3,66,4,0,494,0.76
62,681,29,3,152,10,0,17,2,76,14,1,15,0,2,118,4,96,3,3,545,0.8002936857562408
63,722,23,1,127,11,0,22,0,121,15,1,10,1,0,107,4,122,8,1,574,0.7950138504155124
64,740,29,0,170,19,1,31,3,93,18,5,18,1,0,100,4,93,3,1,589,0.7959459459459459
65,853,18,0,155,10,3,37,3,137,22,4,26,1,1,101,2,191,4,0,715,0.8382180539273154
66,736,32,5,177,15,1,17,4,76,14,4,22,1,2,117,2,108,3,1,601,0.8165760869565217
67,704,23,3,162,12,0,12,3,108,8,4,8,4,0,118,3,73,4,2,547,0.7769886363636364
68,663,21,1,114,11,3,21,1,103,8,5,18,1,0,78,0,150,5,1,541,0.8159879336349924
69,727,9,1,101,7,3,23,0,157,13,3,46,0,0,74,3,163,8,1,612,0.8418156808803301
70,707,23,0,116,4,1,27,1,107,17,6,21,5,0,93,3,142,3,0,569,0.8048090523338048
71,720,29,0,149,13,0,15,2,99,17,1,19,1,0,82,4,137,11,0,579,0.8041666666666667
72,714,43,1,154,12,0,15,1,80,13,4,12,0,0,108,1,87,5,0,536,0.7507002801120448
73,616,20,0,156,10,0,22,1,90,5,4,17,0,1,63,1,108,6,0,504,0.8181818181818182
74,688,18,2,122,7,0,18,5,132,26,1,12,0,1,83,1,105,2,2,537,0.7805232558139535
75,379,5,2,73,5,0,11,5,64,11,0,7,0,0,58,2,63,1,0,307,0.8100263852242744
76,698,18,1,118,10,0,8,6,95,19,3,14,0,0,91,5,84,6,2,480,0.6876790830945558
77,680,19,0,152,11,2,14,5,85,9,0,7,1,0,97,4,51,4,0,461,0.6779411764705883
78,684,14,2,109,8,0,6,7,86,10,3,2,0,2,110,0,33,5,1,398,0.5818713450292398
79,735,26,1,178,9,0,12,0,92,17,3,16,1,0,95,4,116,6,3,579,0.7877551020408163
80,617,22,4,117,10,0,25,0,100,21,4,13,0,1,65,3,116,2,3,506,0.820097244732577
81,645,10,2,146,9,0,24,1,83,7,1,11,0,0,108,1,95,8,1,507,0.786046511627907
82,1188,11,1,40,7,0,10,2,75,6,0,2,4,1,92,1,23,0,2,277,0.23316498316498316
83,1071,22,4,271,19,1,11,3,147,37,3,17,0,0,246,0,127,5,0,913,0.8524743230625583
84,593,29,2,136,14,2,16,2,85,11,2,13,1,0,98,4,48,5,1,469,0.790893760539629
85,670,32,0,143,16,0,7,5,87,6,4,5,1,1,124,2,71,3,0,507,0.7567164179104477
86,685,21,0,147,8,1,20,1,113,11,4,15,1,0,115,3,54,11,0,525,0.7664233576642335
87,668,29,3,169,11,0,14,4,73,12,2,9,0,0,124,1,66,4,0,521,0.7799401197604791
88,873,28,0,198,17,0,12,6,114,17,6,9,0,0,179,1,68,6,1,662,0.7583046964490263
89,740,36,1,150,11,0,13,4,88,14,1,9,0,2,155,5,51,10,1,551,0.7445945945945946
90,683,26,1,153,16,0,10,3,86,9,1,9,0,0,154,1,43,8,2,522,0.7642752562225475
91,621,25,3,149,11,1,8,4,58,3,0,3,0,1,105,4,59,42,1,477,0.7681159420289855
92,715,20,3,123,8,0,10,7,89,14,0,5,0,1,173,5,64,15,3,540,0.7552447552447552
93,632,15,0,133,12,0,4,7,85,15,0,0,0,4,112,3,24,4,1,419,0.6629746835443038
94,788,22,2,170,23,0,10,5,116,24,2,2,2,1,157,6,66,10,0,618,0.7842639593908629
95,803,26,3,164,20,0,26,6,104,19,2,17,1,1,141,7,100,12,1,650,0.8094645080946451
96,857,25,1,230,12,1,22,6,112,25,5,5,0,1,141,1,78,12,1,678,0.7911318553092183
97,767,28,0,144,22,0,18,7,125,20,2,11,1,0,137,0,72,2,0,589,0.7679269882659713
98,699,39,1,163,17,0,6,5,94,14,4,5,0,0,120,1,66,10,0,545,0.7796852646638054
99,733,16,3,157,8,0,9,5,121,15,4,8,3,2,142,4,61,9,0,567,0.7735334242837654
100,798,17,1,192,17,0,9,7,109,10,2,7,0,1,158,2,76,18,1,627,0.7857142857142857
101,780,22,1,199,15,0,12,6,104,8,4,10,4,0,150,4,48,24,2,613,0.7858974358974359
102,759,19,2,175,16,0,10,7,83,17,1,5,2,3,166,1,60,9,0,576,0.758893280632411
103,749,31,0,171,6,0,7,10,93,8,0,5,1,0,157,1,60,9,0,559,0.7463284379172229
104,783,29,0,187,28,0,16,3,98,11,0,8,2,0,159,0,51,9,2,603,0.7701149425287356
105,783,30,3,197,17,0,7,2,90,8,0,2,1,0,151,2,68,11,0,589,0.7522349936143039
106,686,30,0,137,13,0,7,5,89,11,5,6,0,0,153,2,51,9,0,518,0.7551020408163265
107,713,27,3,143,10,0,6,5,118,6,1,11,0,0,160,4,70,6,0,570,0.7994389901823282
108,896,29,2,199,8,0,12,4,104,13,2,11,0,0,179,2,79,8,4,656,0.7321428571428571
109,854,43,2,161,23,1,13,7,92,16,3,14,1,0,159,4,66,15,3,623,0.7295081967213115
110,557,12,1,96,14,1,14,1,65,10,4,5,3,1,116,7,41,5,2,398,0.7145421903052065
111,850,15,1,201,12,0,5,7,151,14,1,2,0,3,146,3,77,12,0,650,0.7647058823529411
112,747,20,0,178,14,0,13,2,91,16,6,7,5,1,126,7,91,5,2,584,0.7817938420348058
113,704,29,3,203,8,0,4,6,70,11,2,14,0,0,116,4,73,3,0,546,0.7755681818181818
114,709,9,2,163,4,0,15,4,106,12,0,9,0,0,103,0,114,6,3,550,0.7757404795486601
115,776,27,0,191,15,0,15,5,90,21,1,9,0,2,139,1,94,8,0,618,0.7963917525773195
116,892,32,1,199,16,0,16,9,130,18,2,8,2,2,167,2,78,7,1,690,0.773542600896861
117,772,35,2,181,14,0,14,1,104,17,0,5,3,0,144,4,45,7,3,579,0.75
118,598,15,2,108,7,0,18,1,103,11,2,11,2,0,111,9,78,4,0,482,0.8060200668896321
119,801,23,3,207,16,0,20,8,98,24,5,20,0,1,144,0,84,2,1,656,0.818976279650437
120,656,31,1,152,14,0,7,3,81,12,2,5,0,0,118,1,59,5,2,493,0.7515243902439024
121,686,18,5,158,18,0,10,7,70,12,0,4,3,1,162,2,52,9,0,531,0.7740524781341108
122,790,19,2,210,18,0,20,9,87,14,4,6,0,3,145,6,76,6,1,626,0.7924050632911392
123,725,18,1,171,20,0,5,2,94,6,1,3,2,1,155,2,47,3,3,534,0.736551724137931
124,719,21,4,175,8,1,14,3,84,12,2,6,1,0,157,3,58,3,0,552,0.7677329624478443
125,685,27,2,159,8,0,10,9,65,27,3,5,1,2,144,1,63,8,3,537,0.7839416058394161
126,673,24,1,156,9,0,4,6,77,5,0,5,1,1,141,1,56,3,2,492,0.7310549777117384
127,680,14,3,166,8,1,4,2,88,6,1,3,1,0,152,1,63,5,0,518,0.7617647058823529
128,627,26,0,191,10,0,4,3,47,4,2,7,1,0,125,2,50,3,1,476,0.759170653907496
129,691,32,2,183,6,1,19,3,96,12,3,3,2,0,100,4,92,5,1,564,0.8162083936324168
130,669,26,2,189,11,0,7,3,90,23,3,4,0,0,92,2,85,6,0,543,0.8116591928251121
131,724,20,1,157,8,0,14,3,103,13,2,7,2,1,147,2,65,3,3,551,0.761049723756906
132,109,4,2,22,3,0,1,4,6,0,0,0,0,0,4,3,5,2,0,56,0.5137614678899083
133,906,25,2,223,19,0,7,7,112,25,3,8,0,0,177,4,86,10,0,708,0.7814569536423841
134,776,24,0,175,13,0,9,7,100,13,0,6,1,3,150,4,84,5,3,597,0.7693298969072165
135,794,22,3,222,9,1,8,3,106,9,0,10,1,0,158,5,79,5,0,641,0.8073047858942065
136,809,23,1,235,20,0,9,3,98,18,3,6,0,1,159,4,85,3,0,668,0.8257107540173053
137,851,27,4,209,22,0,13,4,101,12,4,2,1,2,179,2,63,7,2,654,0.7685076380728555
138,865,28,6,225,12,0,15,3,123,9,1,8,0,0,165,1,102,10,1,709,0.8196531791907514
139,789,19,2,211,15,0,15,2,86,13,0,7,1,1,167,1,73,5,0,618,0.7832699619771863
140,1055,34,2,242,20,0,20,4,100,15,3,10,1,0,277,8,106,8,1,851,0.8066350710900474
141,896,21,1,254,14,0,7,4,118,7,3,11,0,0,168,3,72,7,0,690,0.7700892857142857
142,744,31,1,192,16,0,2,4,88,12,4,4,0,0,143,4,55,3,0,559,0.7513440860215054
143,760,25,0,190,18,3,15,5,95,10,1,3,1,0,158,2,49,6,0,581,0.7644736842105263
144,718,21,2,181,12,0,6,5,114,14,0,8,3,1,151,2,44,6,2,572,0.7966573816155988
145,715,16,5,152,10,2,13,7,91,11,2,5,1,0,187,2,52,6,0,562,0.786013986013986
146,734,16,0,214,14,0,11,5,79,20,1,6,2,1,113,1,65,6,1,555,0.7561307901907357
147,761,24,2,182,15,1,14,4,138,12,2,12,0,0,130,1,71,5,4,617,0.8107752956636005
148,894,36,1,225,12,6,8,4,97,20,1,8,1,1,169,4,75,11,4,683,0.7639821029082774
149,755,16,1,164,8,1,12,5,115,21,2,12,1,3,144,5,95,4,1,610,0.8079470198675497
150,849,28,0,219,13,0,6,5,132,15,4,8,0,1,157,1,80,2,1,672,0.7915194346289752
151,700,14,3,163,8,1,10,5,80,16,0,3,2,0,150,3,63,1,1,523,0.7471428571428571
152,864,34,3,200,19,1,11,9,116,17,5,11,4,0,163,4,61,1,1,660,0.7638888888888888
153,835,25,1,208,11,0,10,5,86,22,1,10,2,2,174,2,47,8,0,614,0.7353293413173653
154,795,17,3,221,10,0,9,4,109,9,3,12,1,1,176,2,41,4,1,623,0.7836477987421384
155,975,45,4,217,21,0,16,5,117,13,3,11,3,0,227,5,88,7,2,784,0.8041025641025641
156,849,33,0,195,23,1,8,6,111,21,2,5,1,0,144,5,67,4,1,627,0.7385159010600707
157,904,28,2,191,21,2,12,6,132,13,2,9,1,2,154,3,70,7,1,656,0.7256637168141593
158,690,19,3,169,21,0,21,4,100,20,2,6,0,0,123,4,75,4,0,571,0.827536231884058
159,717,15,1,185,10,0,12,5,66,19,2,5,1,2,150,3,55,3,0,534,0.7447698744769874
160,664,23,0,180,5,0,8,4,101,19,1,9,0,1,131,2,70,1,1,556,0.8373493975903614
161,723,19,1,227,11,0,15,2,93,12,1,5,0,0,102,3,103,6,0,600,0.8298755186721992
162,730,21,5,162,15,0,19,6,105,12,3,17,4,0,121,4,64,5,2,565,0.773972602739726
163,723,15,1,154,21,1,12,6,97,15,2,7,1,1,133,4,35,1,0,506,0.6998616874135546
164,661,18,3,96,14,0,12,3,103,11,2,4,0,3,92,3,61,13,1,439,0.6641452344931922
165,627,3,0,114,9,0,7,5,82,6,1,0,2,2,125,3,10,2,1,372,0.5933014354066986
166,760,25,0,194,12,0,9,9,86,11,0,5,0,2,150,3,52,7,2,567,0.7460526315789474
167,848,21,4,186,14,0,13,5,132,15,3,5,1,2,167,1,63,4,1,637,0.7511792452830188
168,867,28,0,234,23,0,8,10,97,13,4,5,1,2,166,6,82,4,3,686,0.7912341407151096
169,750,20,3,93,8,0,2,5,83,7,2,4,0,0,132,1,25,2,1,388,0.5173333333333333
170,671,18,0,175,14,1,5,4,81,15,1,1,1,3,148,3,58,3,0,531,0.7913561847988078
171,650,26,0,174,10,0,8,4,69,10,0,4,0,0,120,1,58,4,1,489,0.7523076923076923
172,669,13,2,160,7,0,6,8,81,15,1,5,0,1,159,2,43,5,1,509,0.7608370702541106
173,506,11,0,133,12,0,5,3,48,13,0,0,0,0,131,3,19,2,1,381,0.7529644268774703
174,1084,38,3,290,23,0,19,4,131,17,3,6,0,1,232,3,112,5,1,888,0.8191881918819188
175,775,29,2,213,21,0,19,3,86,18,2,14,2,0,101,3,123,10,1,647,0.8348387096774194
176,603,31,3,152,10,1,8,1,92,12,0,9,1,1,99,2,68,6,1,497,0.824212271973466
177,880,49,0,229,22,0,14,7,104,9,1,9,2,0,211,4,65,6,2,734,0.8340909090909091
178,717,29,1,198,17,1,14,6,93,22,1,14,2,0,109,4,102,1,0,614,0.8563458856345886
179,690,24,3,185,11,0,3,2,79,1,1,2,1,1,145,1,30,8,0,497,0.7202898550724638
180,836,18,2,263,16,0,7,9,86,16,1,5,1,0,193,2,67,8,1,695,0.8313397129186603
181,796,14,0,182,10,1,19,9,73,8,1,4,1,0,153,4,27,1,0,507,0.6369346733668342
182,792,30,1,232,17,4,16,5,82,9,2,11,0,0,132,3,93,7,0,644,0.8131313131313131
183,655,15,0,214,12,1,13,0,85,15,2,7,0,1,84,2,87,5,0,543,0.8290076335877863
184,618,19,2,206,13,1,12,1,79,14,0,4,1,0,87,1,85,9,4,538,0.8705501618122977
185,758,29,2,233,12,0,11,2,83,14,0,11,0,0,149,1,96,5,1,649,0.8562005277044855
186,771,26,2,219,10,0,8,2,89,32,1,2,1,2,145,1,94,10,3,647,0.8391699092088197
187,712,31,1,234,11,1,7,1,76,16,0,8,0,2,124,1,73,6,2,594,0.8342696629213483
188,741,27,2,166,15,0,16,2,102,13,4,5,1,4,158,5,58,7,0,585,0.7894736842105263
189,743,27,1,157,18,0,4,11,104,13,2,4,0,2,153,0,50,4,4,554,0.7456258411843876
190,865,20,2,109,15,0,7,11,103,3,3,4,0,2,197,3,37,8,7,531,0.6138728323699422
191,836,36,10,204,21,2,8,17,101,7,2,3,2,3,194,1,44,4,2,661,0.7906698564593302
192,710,29,3,154,10,0,18,3,85,22,2,16,3,0,105,7,89,5,4,555,0.7816901408450704
193,619,42,3,166,9,0,6,2,74,12,1,26,1,1,85,2,72,0,2,504,0.81421647819063
194,580,33,3,155,17,1,8,1,54,6,1,8,0,2,89,1,52,4,1,436,0.7517241379310344
195,663,36,2,165,21,0,19,2,78,9,4,19,0,0,84,6,95,8,1,549,0.8280542986425339
196,621,40,1,145,17,1,17,5,56,9,0,6,1,1,117,2,66,5,1,490,0.789049919484702
197,916,54,2,206,18,0,21,3,136,20,5,12,0,1,161,2,98,10,2,751,0.8198689956331878
198,755,53,3,161,15,0,26,0,97,22,4,10,2,1,111,4,96,1,0,606,0.8026490066225166
199,764,31,1,173,11,0,21,2,84,24,1,21,0,1,94,3,135,5,1,608,0.7958115183246073
200,572,34,1,135,3,0,8,2,89,7,3,6,0,0,91,1,82,10,0,472,0.8251748251748252
201,574,36,3,147,4,0,12,2,69,16,0,13,2,0,67,8,55,6,2,442,0.7700348432055749
202,920,28,4,219,9,2,17,4,128,25,2,26,3,1,135,7,135,8,2,755,0.8206521739130435
203,777,35,3,171,14,1,28,1,129,17,2,10,1,0,123,5,63,3,3,609,0.7837837837837838
204,782,30,4,205,18,1,13,2,115,27,2,11,0,0,129,4,71,3,2,637,0.8145780051150895
205,742,35,1,195,22,0,14,5,104,10,2,9,0,1,105,3,62,3,1,572,0.77088948787062
206,661,36,2,174,7,0,16,2,65,7,2,10,1,0,102,3,72,6,0,505,0.7639939485627837
207,588,11,0,91,4,0,5,0,51,7,1,8,0,0,41,1,118,19,0,357,0.6071428571428571
208,746,28,0,184,14,1,22,2,88,13,1,20,1,0,108,5,92,10,0,589,0.789544235924933
209,630,38,1,139,10,1,7,4,62,12,0,5,0,0,118,2,55,4,0,458,0.726984126984127
210,561,24,1,150,14,0,9,4,55,3,2,14,0,1,87,4,42,1,1,412,0.7344028520499108
211,765,33,1,165,23,0,5,7,94,8,4,14,0,2,151,2,75,0,3,587,0.7673202614379085
212,657,29,0,168,17,0,10,1,81,14,0,7,1,1,108,3,50,3,1,494,0.7519025875190258
213,687,36,1,181,17,2,9,1,79,4,2,11,1,0,138,4,54,5,1,546,0.7947598253275109
214,787,22,2,186,23,1,15,5,68,12,4,11,1,0,157,1,54,1,2,565,0.7179161372299873
215,946,30,1,233,18,1,22,2,140,22,3,12,0,0,141,2,125,5,1,758,0.8012684989429175
216,639,22,2,157,11,2,6,2,85,14,1,4,1,2,125,2,45,4,2,487,0.7621283255086072
217,807,20,1,171,11,0,16,4,124,14,1,13,1,3,164,6,96,4,0,649,0.8042131350681536
218,919,39,1,196,15,0,19,6,153,17,3,20,2,0,164,3,88,4,1,731,0.795429815016322
219,823,31,0,178,30,0,12,3,119,12,0,7,2,0,185,5,66,5,0,655,0.795868772782503
220,653,28,3,125,15,1,10,3,81,7,1,9,1,2,140,2,40,2,2,472,0.7228177641653905
221,704,31,1,141,19,3,10,5,74,4,1,4,0,2,144,4,51,1,0,495,0.703125
222,687,20,0,132,18,0,2,12,78,13,1,7,1,0,129,2,33,9,0,457,0.6652110625909753
223,662,20,0,119,15,0,5,6,66,10,5,2,0,1,148,1,45,3,1,447,0.675226586102719
224,703,32,1,152,19,0,9,6,73,8,4,4,0,1,149,5,56,5,0,524,0.7453769559032717
225,690,21,1,143,15,0,15,4,73,12,3,2,1,0,150,0,46,3,0,489,0.7086956521739131
226,607,26,3,121,7,1,19,0,90,15,1,12,0,0,95,3,77,1,0,471,0.7759472817133443
227,655,24,0,165,7,0,5,2,83,10,3,9,2,0,122,4,73,6,0,515,0.7862595419847328
228,595,12,2,109,9,1,12,6,77,15,0,4,3,1,91,3,58,6,0,409,0.6873949579831933
229,618,27,0,103,21,0,3,10,76,8,0,1,1,1,120,1,27,6,0,405,0.6553398058252428
230,942,35,0,218,23,0,17,7,95,26,2,10,2,1,164,5,82,7,0,694,0.7367303609341825
231,857,45,1,213,26,0,19,4,96,14,1,5,1,0,136,0,82,7,1,651,0.7596266044340724
232,841,34,2,173,25,1,6,7,82,11,3,7,0,2,188,3,60,6,5,615,0.7312722948870393
233,659,28,0,141,12,2,7,10,72,8,1,6,0,0,144,3,38,3,1,476,0.7223065250379362
234,600,18,2,138,16,1,10,4,60,9,1,5,3,0,149,3,46,11,2,478,0.7966666666666666
235,766,35,0,157,8,1,10,12,87,5,5,6,1,1,171,2,48,3,2,554,0.7232375979112271
236,667,34,6,142,13,1,6,7,68,7,4,7,0,0,139,0,43,1,1,479,0.7181409295352323
237,675,26,0,140,18,0,9,6,72,5,1,1,0,0,152,2,32,6,1,471,0.6977777777777778
238,677,24,2,142,20,0,12,2,58,8,4,4,1,1,165,0,48,5,0,496,0.7326440177252584
239,677,27,3,142,15,2,12,8,92,10,2,4,0,1,124,10,32,5,0,489,0.7223042836041359
240,678,22,3,135,11,0,8,2,83,16,6,2,1,1,140,1,45,6,1,483,0.7123893805309734
241,558,19,2,120,8,0,10,0,48,14,1,8,0,2,112,4,47,2,4,401,0.7186379928315412
242,746,36,1,183,19,0,2,6,93,13,2,5,2,1,133,2,48,5,1,552,0.739946380697051
243,664,28,0,156,19,0,8,6,68,12,3,6,0,1,123,1,58,1,1,491,0.7394578313253012
244,791,34,0,197,12,0,12,3,95,15,3,5,2,0,139,6,55,12,1,591,0.7471554993678887
245,849,38,3,185,25,0,10,9,107,13,3,7,2,0,173,6,68,4,2,655,0.7714958775029447
246,739,31,1,151,6,1,9,4,83,12,0,9,2,4,162,2,46,4,2,529,0.7158322056833559
247,688,24,3,135,15,0,5,6,88,9,0,1,0,0,133,3,56,4,2,484,0.7034883720930233
248,772,24,1,140,14,0,13,10,96,9,0,7,1,1,156,4,42,6,1,525,0.6800518134715026
249,832,17,3,166,19,0,10,7,143,17,2,4,0,0,142,1,91,5,0,627,0.7536057692307693
250,684,20,3,158,17,0,11,2,64,14,3,6,0,136,4,49,8,0,0,495,0.7236842105263158
251,730,24,3,148,12,2,14,3,86,19,6,3,0,1,172,6,29,2,2,532,0.7287671232876712
252,707,23,2,158,12,1,11,0,81,14,2,5,0,1,138,6,59,9,2,524,0.7411598302687411
253,803,26,6,174,30,0,4,7,114,13,3,9,0,1,173,3,48,3,4,618,0.7696139476961394
254,709,18,2,126,10,0,7,4,83,10,3,1,1,1,148,2,91,3,0,510,0.7193229901269393
255,780,37,7,154,23,1,7,6,99,11,3,4,0,1,155,1,42,6,2,559,0.7166666666666667
256,795,26,2,150,11,0,7,2,102,18,1,9,1,0,166,7,54,8,3,567,0.7132075471698113
257,1025,37,0,217,19,0,17,1,146,18,3,17,2,0,227,5,99,6,0,814,0.7941463414634147
258,937,31,1,217,22,0,15,9,114,12,3,9,4,0,189,5,76,12,1,720,0.768409818569904
259,777,34,2,180,25,0,5,4,79,32,1,4,0,1,162,3,53,5,2,592,0.7619047619047619
260,828,26,3,205,17,0,17,7,128,13,2,5,2,0,162,1,75,14,2,679,0.8200483091787439
261,677,26,1,158,31,0,8,3,75,14,4,2,0,0,146,2,52,5,0,527,0.7784342688330872
262,839,30,1,206,11,0,18,4,93,22,4,3,1,0,158,2,78,18,1,650,0.7747318235995232
263,868,29,0,210,23,0,10,4,90,15,1,4,0,1,170,1,67,10,2,637,0.7338709677419355
264,875,24,2,227,19,2,12,10,95,26,4,7,3,0,169,2,70,6,0,678,0.7748571428571429
265,739,37,3,167,20,0,12,11,70,7,2,7,0,1,154,1,47,5,1,545,0.7374830852503383
266,972,38,0,200,16,1,14,7,140,24,3,18,1,2,166,0,107,8,0,745,0.7664609053497943
267,1038,56,2,211,26,1,15,3,148,19,1,14,5,0,213,4,81,5,0,804,0.7745664739884393
268,806,26,1,182,11,1,6,2,103,16,0,14,2,1,146,4,76,12,1,604,0.749379652605459
269,716,10,2,162,2,3,12,2,149,17,3,13,0,1,68,1,147,0,1,593,0.8282122905027933
270,677,5,3,120,5,0,19,3,134,22,3,18,1,0,97,3,130,4,0,567,0.8375184638109305
271,737,21,0,152,4,1,22,1,127,30,0,14,0,0,112,5,118,8,1,616,0.835820895522388
272,645,14,0,139,4,0,30,3,113,24,5,13,2,0,84,3,96,5,1,536,0.8310077519379845
273,767,29,2,164,20,0,13,1,103,15,1,11,0,0,162,2,62,6,1,592,0.771838331160365
274,701,22,1,140,6,1,6,3,89,12,2,3,2,2,151,0,52,2,2,496,0.7075606276747504
275,529,17,0,115,13,0,17,6,84,7,2,4,0,2,100,2,35,2,0,406,0.7674858223062382
276,567,12,1,141,14,0,10,4,75,17,0,5,0,0,121,1,50,5,1,457,0.8059964726631393
277,584,23,2,128,10,0,8,1,70,9,5,4,1,1,129,1,65,5,1,463,0.7928082191780822
278,619,27,1,160,19,0,4,6,75,18,3,3,3,1,120,3,55,2,1,501,0.8093699515347335
279,670,30,0,151,12,0,10,4,86,14,2,14,2,1,137,1,74,1,0,539,0.8044776119402985
280,831,36,1,207,12,0,10,8,106,16,3,5,1,0,165,2,72,5,1,650,0.7821901323706378
281,773,34,0,179,28,2,14,0,75,7,1,4,0,2,178,3,70,2,1,600,0.7761966364812419
282,782,16,2,172,9,0,10,7,118,17,5,12,1,2,129,1,71,6,0,578,0.7391304347826086
283,724,13,0,137,9,0,12,5,86,16,0,4,2,2,173,4,70,5,1,539,0.744475138121547
284,800,27,2,183,17,1,7,2,113,26,0,7,0,0,156,2,94,5,2,644,0.805
285,578,23,4,144,11,0,7,1,78,10,0,18,0,1,99,3,96,1,0,496,0.8581314878892734
286,714,20,3,180,10,1,6,4,82,26,5,8,1,0,130,3,40,4,3,526,0.7366946778711485
287,650,12,1,202,8,0,16,1,84,25,1,23,1,0,61,3,117,2,0,557,0.8569230769230769
288,602,10,2,149,14,1,9,2,89,8,1,13,1,0,99,1,53,5,4,461,0.7657807308970099
289,903,29,2,238,6,2,19,5,115,34,4,7,0,1,165,1,85,3,0,716,0.7929125138427464
290,736,20,1,224,15,3,15,3,111,10,4,2,1,0,115,2,68,2,0,596,0.8097826086956522
291,762,27,6,211,10,0,13,2,100,22,3,7,1,0,114,5,76,10,0,607,0.7965879265091863
292,729,12,1,192,12,1,12,3,103,19,2,8,0,2,123,4,106,6,4,610,0.8367626886145405
293,830,38,5,197,27,0,8,5,93,12,8,0,2,3,176,1,49,1,1,626,0.7542168674698795
294,592,13,0,133,13,0,11,2,79,19,1,10,0,1,95,4,70,7,0,458,0.7736486486486487
295,876,31,0,232,18,4,21,3,124,27,4,15,3,0,137,5,120,5,0,749,0.8550228310502284
296,775,26,4,197,17,1,12,4,106,13,2,4,2,2,164,2,65,3,0,624,0.8051612903225807
297,727,22,1,166,11,0,5,5,94,8,3,15,2,0,115,3,34,15,1,500,0.687757909215956
298,753,8,0,177,11,0,13,1,88,15,0,12,2,0,179,1,59,5,2,573,0.7609561752988048
299,684,20,1,174,9,0,14,1,95,25,0,15,0,0,101,2,114,1,0,572,0.8362573099415205
300,819,18,1,204,16,0,11,9,122,16,1,8,0,2,156,3,76,12,0,655,0.7997557997557998
301,984,23,1,252,27,1,14,9,118,9,0,12,9,2,215,4,93,5,1,795,0.8079268292682927
302,803,18,2,154,15,5,8,3,108,18,2,8,0,0,201,5,51,4,0,602,0.7496886674968867
303,937,20,3,195,9,0,8,11,119,22,9,6,1,1,240,3,45,6,1,699,0.7459978655282817
304,733,24,3,136,8,0,6,5,87,19,4,3,2,0,148,4,57,4,2,512,0.6984993178717599
305,670,17,2,127,21,0,10,7,88,11,2,8,1,0,161,1,29,2,3,490,0.7313432835820896
306,920,24,1,183,14,2,5,15,114,12,3,2,1,1,190,1,90,26,0,684,0.7434782608695653
307,805,21,2,161,10,2,10,2,113,19,1,9,1,0,175,2,56,5,0,589,0.7316770186335404
308,900,18,4,190,16,0,10,4,107,15,5,7,2,2,216,5,72,7,1,681,0.7566666666666667
309,679,17,1,157,11,0,3,4,87,10,2,4,0,0,164,2,46,5,0,513,0.7555228276877761
310,610,15,1,162,15,1,4,6,52,7,1,3,1,4,141,0,30,3,1,447,0.7327868852459016
311,851,23,3,160,24,0,8,7,125,16,1,2,0,1,223,1,63,5,2,664,0.7802585193889542
312,906,31,2,182,13,1,14,8,93,14,3,3,1,1,254,6,53,9,1,689,0.760485651214128
313,656,16,0,161,18,0,15,6,78,5,4,2,2,0,173,1,26,4,0,511,0.7789634146341463
314,643,21,1,144,7,0,4,5,83,12,3,1,1,1,145,2,50,5,1,486,0.7558320373250389
315,797,21,1,191,19,0,15,3,98,16,2,4,2,2,159,1,58,5,4,601,0.7540777917189461
316,766,11,1,185,17,0,5,5,114,9,2,4,3,0,159,2,51,6,3,577,0.7532637075718016
317,642,18,1,183,21,0,10,9,61,5,1,1,3,1,119,1,47,8,2,491,0.764797507788162
318,693,15,2,145,8,1,8,6,83,15,2,3,1,1,171,6,56,1,1,525,0.7575757575757576
319,603,15,4,157,20,0,5,8,72,9,3,1,1,1,142,1,29,3,0,471,0.7810945273631841
320,741,21,0,156,12,0,4,10,86,16,3,1,1,0,195,5,38,5,2,555,0.7489878542510121
321,763,40,3,140,11,0,7,7,115,6,2,21,1,0,138,1,72,3,1,568,0.744429882044561
322,671,23,4,174,17,0,5,4,83,16,2,8,1,0,128,1,56,2,2,526,0.7839046199701938
323,650,24,1,161,26,0,2,3,57,5,2,2,0,0,127,0,30,2,1,443,0.6815384615384615
324,652,36,3,156,15,0,3,5,71,7,0,7,1,0,129,2,53,4,1,493,0.7561349693251533
325,655,45,3,155,14,0,5,3,71,11,1,4,0,1,130,2,39,2,0,486,0.7419847328244275
326,804,51,6,174,17,0,9,3,104,11,4,6,1,0,143,1,56,8,0,594,0.7388059701492538
327,661,31,2,158,17,0,5,8,88,17,1,7,1,0,130,2,26,6,0,499,0.7549167927382754
328,648,26,2,165,16,1,17,4,78,6,2,4,0,2,128,1,49,8,0,509,0.7854938271604939
329,722,47,1,170,10,0,7,4,68,17,1,12,1,0,131,1,63,3,1,537,0.7437673130193906
330,633,37,3,156,11,0,6,0,69,4,2,6,2,0,143,1,33,5,0,478,0.7551342812006319
331,689,40,4,106,13,1,19,4,85,7,0,9,6,0,140,3,54,1,2,494,0.7169811320754716
332,871,37,4,211,25,0,29,3,107,18,3,18,1,1,143,2,90,11,1,704,0.8082663605051664
333,708,49,3,178,29,1,17,2,86,8,1,9,0,0,136,2,38,2,1,562,0.7937853107344632
334,798,45,3,190,13,0,19,8,108,12,2,27,0,0,98,9,89,4,0,627,0.7857142857142857
335,648,35,7,120,13,0,6,3,51,10,0,9,1,0,107,5,101,7,0,475,0.7330246913580247
336,759,55,2,169,21,0,18,3,81,20,5,15,1,2,150,4,63,5,1,615,0.8102766798418972
337,760,39,1,180,30,0,14,2,94,15,2,10,1,0,109,4,119,5,1,626,0.8236842105263158
338,813,44,4,223,23,0,33,2,94,9,1,16,2,2,113,7,105,7,1,686,0.8437884378843789
339,785,54,6,220,24,0,12,3,79,21,6,19,1,0,118,2,78,10,0,653,0.8318471337579618
340,727,35,1,173,15,0,13,2,102,22,2,15,1,0,118,5,94,6,1,605,0.8321870701513068
341,845,21,3,172,20,0,30,0,137,13,4,24,1,0,110,3,161,11,0,710,0.8402366863905325
342,769,17,1,164,15,1,17,3,89,23,4,6,0,0,170,3,82,8,3,606,0.788036410923277
343,693,16,2,156,6,0,16,6,112,13,1,4,0,0,157,1,42,0,4,536,0.7734487734487735
344,842,21,2,176,19,0,6,14,128,14,2,5,2,1,162,5,66,3,2,628,0.7458432304038005
345,828,40,4,147,26,1,6,6,118,10,3,3,0,0,185,1,51,1,2,604,0.7294685990338164
346,1083,57,3,203,29,0,6,5,122,15,4,10,1,0,263,1,80,16,1,816,0.7534626038781164
347,1109,34,4,195,27,0,14,10,146,19,2,15,2,0,262,4,91,5,2,832,0.7502254283137962
348,573,24,2,105,21,0,5,3,70,8,2,5,0,0,107,2,27,1,1,383,0.6684118673647469
349,539,17,2,129,9,1,5,4,67,8,2,2,1,1,105,5,31,1,0,390,0.7235621521335807
350,754,21,0,124,17,0,9,5,103,13,3,2,2,1,180,0,41,5,7,533,0.7068965517241379
351,590,19,3,133,5,0,3,7,84,17,1,2,2,0,106,2,45,3,0,432,0.7322033898305085
352,703,10,2,136,11,1,16,2,131,20,2,9,1,2,110,4,96,3,1,557,0.7923186344238976
353,723,31,5,148,16,0,5,5,117,11,1,14,2,1,136,2,62,6,1,563,0.7786998616874136
354,786,24,2,191,20,3,8,6,107,24,3,7,1,1,147,4,69,3,2,622,0.7913486005089059
355,769,40,1,159,24,0,10,5,119,19,3,13,0,2,147,2,52,7,1,604,0.7854356306892067
356,675,46,2,152,21,0,12,6,79,5,3,4,1,0,122,1,27,0,0,481,0.7125925925925926
357,644,29,1,134,14,2,9,6,91,20,2,15,0,0,87,0,52,4,0,466,0.7236024844720497
358,715,42,2,130,14,0,15,1,124,14,5,8,1,0,125,1,81,3,0,566,0.7916083916083916
359,661,31,2,144,18,0,9,3,70,13,2,8,0,0,148,1,80,3,1,533,0.8063540090771558
360,724,59,2,171,12,1,10,3,84,15,3,9,1,1,125,1,62,7,1,567,0.7831491712707183
361,784,35,6,184,20,0,21,4,99,15,1,11,0,0,120,2,113,5,3,639,0.8150510204081632
362,783,25,0,181,24,1,28,3,94,13,3,8,0,0,162,2,70,3,3,620,0.7918263090676884
363,786,36,1,184,21,2,14,4,118,15,2,11,0,0,137,2,84,2,1,634,0.806615776081425
364,626,12,2,148,17,0,7,4,85,11,2,12,0,1,135,2,40,4,0,482,0.7699680511182109
365,681,29,1,165,20,0,16,5,81,12,4,9,1,2,122,2,58,8,1,536,0.7870778267254038
366,681,29,4,134,14,0,16,7,82,11,3,8,2,1,129,2,86,7,0,535,0.7856093979441997
367,546,19,0,122,9,2,11,4,67,10,6,6,1,2,106,3,51,3,1,423,0.7747252747252747
368,851,34,2,177,12,0,17,8,118,23,3,11,0,0,158,2,61,1,0,627,0.736780258519389
369,585,14,4,124,14,0,5,4,67,8,5,2,1,1,123,2,35,6,4,419,0.7162393162393162
370,608,15,2,123,11,0,5,3,92,7,0,5,1,1,112,3,38,5,1,424,0.6973684210526315
371,633,16,0,147,17,0,3,6,58,13,3,3,1,0,121,3,42,6,1,440,0.6951026856240127
372,687,23,0,163,13,0,6,2,48,3,4,10,2,149,4,40,8,3,0,478,0.6957787481804949
373,814,29,0,187,29,3,5,3,111,12,3,7,1,1,165,4,40,5,1,606,0.7444717444717445
374,806,27,2,201,22,1,10,4,116,7,6,4,1,1,140,3,62,1,2,610,0.7568238213399504
375,701,26,2,131,15,0,1,9,86,11,2,4,1,0,152,2,53,6,1,502,0.7161198288159771
376,779,37,2,207,21,1,8,9,68,15,2,7,0,1,145,3,48,3,0,577,0.7406931964056482
377,727,33,1,122,12,1,4,6,90,10,0,4,1,0,156,3,33,5,1,482,0.6629986244841816
378,747,24,4,156,16,0,6,2,88,20,0,5,2,1,132,0,82,4,0,542,0.7255689424364123
379,808,38,2,203,14,1,16,7,98,19,5,14,0,2,154,5,91,5,0,674,0.8341584158415841
380,847,24,0,158,11,1,22,2,100,13,2,18,2,2,121,7,130,16,3,632,0.7461629279811098
381,845,30,0,152,17,0,6,5,117,12,3,4,2,1,182,4,39,2,2,578,0.6840236686390533
382,1003,24,0,224,22,2,11,5,130,19,0,25,0,1,178,7,112,3,2,765,0.7627118644067796
383,793,26,1,190,8,1,13,3,106,24,4,18,0,0,125,0,110,4,1,634,0.7994955863808323
384,942,27,3,197,26,0,17,1,144,21,4,9,1,3,184,4,70,1,1,713,0.7569002123142251
385,770,21,1,167,11,0,15,5,86,13,5,7,1,0,176,6,66,5,0,585,0.7597402597402597
386,812,40,1,175,11,0,11,1,106,14,1,11,0,0,185,2,43,6,1,608,0.7487684729064039
387,830,33,0,168,17,3,11,6,84,10,0,10,3,1,181,3,44,8,1,583,0.7024096385542169
388,896,23,4,155,20,2,18,1,155,16,2,10,0,1,196,4,73,2,1,683,0.7622767857142857
389,644,29,0,136,17,0,8,6,81,12,1,0,0,1,117,0,31,1,0,440,0.6832298136645962
390,738,31,1,169,13,1,11,4,85,10,2,1,2,1,162,4,38,3,1,539,0.7303523035230353
391,628,24,0,122,13,0,6,8,97,7,1,3,1,0,132,0,43,0,1,458,0.7292993630573248
392,798,39,0,182,11,0,5,8,103,10,2,4,0,0,149,5,75,8,1,602,0.7543859649122807
393,798,33,2,198,24,0,4,6,93,12,4,8,0,2,171,0,60,7,1,625,0.7832080200501254
394,756,25,1,218,18,0,8,8,87,11,2,6,1,0,137,1,57,7,1,588,0.7777777777777778
395,791,14,4,186,10,0,15,2,116,28,2,2,0,1,127,4,95,5,0,611,0.7724399494310998
396,828,25,1,170,12,1,16,5,142,20,3,15,1,1,140,4,81,16,0,653,0.788647342995169
397,830,20,0,201,3,1,20,4,132,27,2,18,2,0,102,3,138,6,1,680,0.8192771084337349
398,818,18,1,162,23,2,19,1,99,25,2,9,4,1,130,5,124,3,1,629,0.7689486552567237
399,755,24,0,171,19,2,9,6,93,9,5,8,0,1,153,8,64,3,1,576,0.7629139072847683
400,707,31,1,161,15,0,11,5,78,9,0,4,0,0,161,2,47,5,0,530,0.7496463932107497
401,698,25,2,180,14,0,8,3,76,10,1,12,2,0,138,1,55,1,4,532,0.7621776504297995
402,820,34,2,165,26,0,13,5,101,17,1,20,0,0,177,1,80,6,0,648,0.7902439024390244
403,679,29,2,156,19,1,8,5,70,16,2,10,2,0,162,0,40,4,0,526,0.7746686303387335
404,678,32,2,161,18,0,7,6,69,19,4,8,2,2,135,1,55,5,3,529,0.7802359882005899
405,729,22,1,166,13,1,7,2,75,20,3,7,2,1,189,9,43,4,0,565,0.7750342935528121
406,680,23,2,128,23,0,6,5,91,8,3,11,2,1,151,5,56,2,4,521,0.7661764705882353
407,773,28,5,160,13,4,9,3,127,6,0,11,1,0,145,4,108,2,1,627,0.8111254851228978
408,847,28,3,163,7,2,39,5,122,19,2,20,2,0,136,3,129,6,2,688,0.8122786304604487
409,752,13,4,166,19,0,17,4,110,9,2,10,0,0,104,3,75,3,1,540,0.7180851063829787
410,797,27,0,177,12,1,12,11,115,29,1,14,0,1,133,1,63,3,0,600,0.7528230865746549
411,694,16,2,132,15,0,10,9,98,27,4,3,1,1,163,1,47,5,0,534,0.7694524495677233
412,843,20,1,165,17,0,15,6,111,20,2,3,3,3,200,4,71,14,2,657,0.7793594306049823
413,739,16,2,156,16,0,10,11,83,21,1,8,2,1,170,3,62,1,1,564,0.7631935047361299
414,820,28,1,158,22,1,2,2,93,13,4,11,1,1,227,1,66,4,2,637,0.776829268292683
415,496,12,2,101,8,3,9,2,76,9,2,4,0,3,128,0,21,2,3,385,0.7762096774193549
416,623,20,1,133,9,0,3,4,99,8,0,4,1,1,150,1,42,5,1,482,0.7736757624398074
417,718,15,1,160,9,0,12,9,84,13,2,2,0,0,173,3,64,4,2,553,0.7701949860724234
418,702,27,2,155,18,1,6,8,100,10,1,4,1,0,172,3,36,3,1,548,0.7806267806267806
419,699,14,2,160,19,0,6,5,94,16,3,6,2,1,163,5,37,4,0,537,0.7682403433476395
420,728,12,0,159,18,0,5,9,101,10,0,2,1,3,156,3,56,2,2,539,0.7403846153846154
421,937,19,2,181,23,2,12,9,148,16,3,9,2,0,214,3,53,2,0,698,0.7449306296691569
422,777,24,0,206,9,1,8,8,97,7,1,2,3,0,150,2,34,6,0,558,0.7181467181467182
423,881,21,1,196,14,0,6,8,99,16,2,4,0,1,204,2,54,10,0,638,0.7241770715096482
424,733,17,1,142,12,0,15,8,122,7,2,1,0,0,159,2,31,3,0,522,0.7121418826739427
425,769,21,2,157,10,0,4,5,105,11,0,3,0,3,197,1,40,3,0,562,0.7308192457737321
426,772,32,2,155,18,1,6,4,140,9,1,6,2,3,143,3,46,1,0,572,0.7409326424870466
427,671,25,1,121,8,0,1,6,81,10,1,5,0,1,132,1,26,5,3,427,0.6363636363636364
428,790,25,3,176,10,0,8,6,97,16,4,3,3,1,166,5,60,4,2,589,0.7455696202531645
429,818,15,0,192,13,0,7,7,112,10,2,1,0,3,195,2,39,2,0,600,0.7334963325183375
430,642,13,0,133,16,0,6,6,97,2,1,2,1,1,164,2,43,2,1,490,0.7632398753894081
431,715,18,1,148,20,1,6,3,96,8,4,0,0,2,183,3,38,6,3,540,0.7552447552447552
432,791,23,1,184,14,0,1,3,105,19,0,6,1,1,193,2,53,2,6,614,0.7762326169405815
433,1080,29,0,188,13,0,12,7,150,35,0,6,4,4,293,1,50,0,2,794,0.7351851851851852
434,943,41,4,243,24,1,10,2,138,17,3,5,0,0,187,2,61,13,0,751,0.7963944856839873
435,608,12,1,77,2,0,3,6,71,14,1,1,2,1,84,2,11,4,2,294,0.48355263157894735
436,730,25,0,166,20,0,4,4,97,9,4,3,2,1,158,0,43,7,2,545,0.7465753424657534
437,646,10,1,154,11,0,4,11,88,12,2,1,0,0,119,0,36,4,2,455,0.7043343653250774
438,746,19,1,197,18,0,17,10,92,11,1,7,0,0,156,5,47,5,0,586,0.7855227882037533
439,825,35,1,257,19,0,9,6,105,20,1,2,0,1,131,1,65,6,1,660,0.8
440,794,29,0,195,13,0,6,6,124,9,2,4,1,1,151,1,51,8,2,603,0.7594458438287154
441,827,16,0,211,20,2,6,12,110,9,2,7,1,1,170,1,41,6,3,618,0.747279322853688
442,734,13,0,175,16,0,12,6,80,14,2,3,0,0,176,2,40,6,3,548,0.7465940054495913
443,648,19,1,138,12,0,11,7,105,10,1,2,1,2,137,0,29,3,4,482,0.7438271604938271
444,710,16,3,174,12,0,6,9,89,6,1,3,2,0,151,0,36,3,2,513,0.7225352112676057
445,699,23,3,138,10,2,1,7,98,8,0,0,0,0,154,4,36,2,1,487,0.6967095851216023
446,759,24,1,175,16,0,6,6,111,15,1,4,4,0,162,5,45,5,2,582,0.766798418972332
447,748,24,1,151,6,0,5,7,109,9,0,3,3,1,181,1,37,6,2,546,0.7299465240641712
448,696,16,0,165,12,0,6,8,105,9,0,3,0,2,159,1,31,3,1,521,0.7485632183908046
449,693,15,0,169,12,0,15,3,92,11,7,3,2,0,171,1,40,2,1,544,0.784992784992785
450,1042,29,1,163,13,1,11,8,125,18,3,1,4,0,248,3,44,7,0,679,0.6516314779270633
451,934,18,4,161,26,0,8,12,127,11,0,4,5,0,216,4,30,4,2,632,0.6766595289079229
452,1117,42,2,195,23,0,2,9,105,13,6,6,0,4,279,2,33,4,5,730,0.6535362578334826
453,768,23,1,194,19,1,11,8,88,17,1,5,1,2,154,2,56,4,3,590,0.7682291666666666
454,660,11,1,130,11,0,6,2,92,7,1,1,3,1,145,2,39,1,1,454,0.6878787878787879
455,945,28,2,249,13,0,18,8,132,18,3,5,1,0,200,1,61,15,1,755,0.798941798941799
456,809,21,1,160,6,0,10,5,102,11,5,5,0,0,196,1,40,5,0,568,0.7021013597033374
457,680,8,3,205,10,0,5,4,87,12,0,2,3,0,125,4,50,3,2,523,0.7691176470588236
458,684,19,0,187,15,0,9,4,103,11,2,5,4,1,136,2,38,1,0,537,0.7850877192982456
459,419,12,1,94,5,0,7,2,61,4,0,6,0,0,100,1,41,1,1,336,0.801909307875895
460,708,18,3,169,7,0,10,6,100,16,3,3,1,1,121,3,75,7,0,543,0.7669491525423728
461,670,25,0,145,15,0,5,9,90,9,2,1,2,1,139,1,34,6,1,485,0.7238805970149254
462,673,18,1,150,15,0,10,3,99,12,2,7,0,2,146,1,29,6,1,502,0.7459138187221397
463,694,24,0,137,15,0,4,7,98,8,3,9,0,1,134,6,37,6,0,489,0.7046109510086456
464,634,17,2,129,17,0,8,6,82,17,2,6,0,0,137,4,29,1,5,462,0.7287066246056783
465,651,12,0,144,12,0,6,4,93,5,1,2,1,1,140,2,22,2,1,448,0.6881720430107527
466,1000,31,2,180,20,1,16,6,134,9,3,2,1,1,265,5,60,10,3,749,0.749
467,929,34,1,186,12,4,7,10,123,28,1,5,2,2,223,4,70,3,3,718,0.7728740581270183
468,717,21,0,180,11,0,1,7,98,6,1,4,3,1,163,3,40,7,2,548,0.7642956764295676
469,855,18,0,173,12,0,6,14,126,24,1,4,2,1,214,0,43,0,2,640,0.7485380116959064
470,722,16,0,156,11,0,10,3,101,14,3,4,0,2,169,0,28,0,0,517,0.7160664819944599
471,766,19,1,184,10,3,4,2,95,11,1,4,5,3,166,1,45,1,6,561,0.7323759791122716
472,773,7,0,141,8,0,10,7,95,31,2,4,0,0,181,1,44,7,1,539,0.6972833117723156
473,569,17,0,96,9,1,6,3,64,10,0,2,2,3,132,0,38,2,1,386,0.6783831282952548
474,944,19,2,238,20,1,6,7,130,11,4,3,1,5,205,1,48,9,1,711,0.753177966101695
475,789,18,2,196,30,1,6,5,97,11,4,0,0,1,177,1,47,6,1,603,0.7642585551330798
476,753,13,0,181,23,0,7,4,87,12,1,3,0,0,192,3,29,8,2,565,0.750332005312085
477,816,20,1,168,16,2,12,6,91,11,5,6,2,0,179,3,53,5,0,580,0.7107843137254902
478,902,16,0,175,18,1,4,9,111,12,1,4,2,1,221,2,54,8,0,639,0.7084257206208425
479,1002,36,0,212,20,3,10,1,145,16,1,8,0,0,299,3,49,4,2,809,0.8073852295409182
480,891,32,1,147,18,0,9,8,108,11,1,4,0,0,270,4,36,4,1,654,0.734006734006734
481,679,11,1,100,10,0,4,12,99,5,4,3,1,0,134,1,21,4,1,411,0.605301914580265
482,659,8,2,94,3,1,6,12,117,11,1,0,0,1,117,2,20,2,1,398,0.6039453717754173
483,631,15,1,105,16,0,2,8,94,18,0,1,0,1,113,1,39,9,1,424,0.6719492868462758
484,688,13,5,75,8,1,8,4,112,4,3,1,2,1,139,1,26,2,0,405,0.5886627906976745
485,677,10,0,96,12,0,8,18,105,5,0,0,2,2,140,1,21,8,1,429,0.6336779911373708
486,702,9,1,86,5,1,10,13,98,7,1,0,3,2,127,3,16,3,2,387,0.5512820512820513
487,694,14,3,114,4,0,5,6,112,5,1,1,3,0,134,1,21,2,0,426,0.6138328530259366
488,745,18,0,169,11,1,2,3,111,22,2,6,1,0,193,3,43,2,3,590,0.7919463087248322
489,794,17,0,167,9,0,9,7,127,20,1,7,1,1,194,0,63,3,0,626,0.7884130982367759
490,858,17,0,230,12,0,8,5,124,13,2,3,0,1,178,3,76,6,1,679,0.7913752913752914
491,648,9,1,157,16,1,4,3,101,10,2,7,2,1,129,3,50,2,1,499,0.7700617283950617
492,705,22,0,221,21,0,6,6,97,9,0,7,2,0,118,6,52,4,2,573,0.8127659574468085
493,908,24,0,195,16,0,9,9,103,14,2,3,1,1,135,2,59,10,0,583,0.6420704845814978
494,773,18,1,165,12,1,13,5,109,22,1,5,1,0,160,1,53,4,1,572,0.7399741267787839
495,705,18,0,147,6,1,5,4,96,15,4,5,1,1,182,2,39,5,4,535,0.7588652482269503
496,899,19,3,196,18,0,8,7,106,24,3,6,1,0,218,2,55,6,1,673,0.7486095661846496
497,782,17,1,162,16,0,9,8,99,9,3,11,2,0,140,1,36,6,1,521,0.6662404092071611
498,790,33,4,154,16,0,8,8,103,13,1,5,2,0,183,1,46,3,2,582,0.7367088607594937
499,761,31,1,199,13,0,4,1,93,7,2,2,0,1,192,1,41,4,2,594,0.7805519053876478
500,812,27,1,221,16,1,6,3,91,20,0,10,1,2,158,0,49,4,2,612,0.7536945812807881
501,754,14,0,194,19,0,9,5,85,15,0,3,0,0,168,4,59,10,0,585,0.7758620689655172
502,687,22,4,130,13,0,14,8,94,7,3,1,0,0,173,1,31,0,1,502,0.7307132459970888
503,789,11,0,179,16,0,11,7,98,7,1,2,2,2,188,3,43,0,1,571,0.7237008871989861
504,709,18,3,144,20,1,6,4,82,13,2,2,2,0,169,0,29,3,3,501,0.7066290550070522
505,708,7,1,181,19,0,4,5,101,5,3,3,1,0,164,3,37,1,1,536,0.7570621468926554
506,824,21,2,170,17,0,10,9,133,16,9,9,2,0,149,2,57,5,1,612,0.7427184466019418
507,688,20,0,156,9,0,12,3,101,18,6,8,0,3,155,2,31,2,2,528,0.7674418604651163
508,693,19,1,143,14,0,9,8,80,9,1,7,1,1,203,1,45,4,0,546,0.7878787878787878
509,870,17,1,190,18,1,15,16,116,8,2,3,2,0,192,0,46,5,0,632,0.7264367816091954
510,1012,30,0,235,20,1,7,6,135,10,1,3,2,1,247,2,47,3,0,750,0.741106719367589
511,896,37,0,186,28,0,10,6,119,12,0,5,0,3,219,1,52,5,0,683,0.7622767857142857
512,979,26,2,211,25,1,13,0,130,18,5,2,1,2,304,6,68,5,1,820,0.8375893769152196
513,750,10,0,85,6,0,5,4,64,7,2,3,0,2,104,2,36,3,2,335,0.44666666666666666
514,714,13,3,88,14,0,4,2,124,5,1,1,1,0,181,2,20,7,0,466,0.6526610644257703
515,714,9,3,116,14,0,3,12,112,7,0,1,0,0,143,3,19,5,1,448,0.6274509803921569
516,705,16,1,140,12,0,14,7,73,12,2,0,0,1,171,5,34,5,0,493,0.699290780141844
517,697,10,4,142,20,4,7,5,89,10,1,1,2,1,130,0,33,6,0,465,0.667144906743185
518,851,19,0,162,12,0,9,7,88,10,1,2,0,2,185,2,47,5,0,551,0.6474735605170387
519,822,16,1,153,12,1,2,5,98,13,4,3,0,1,202,0,32,5,1,549,0.6678832116788321
520,680,17,2,82,9,0,6,3,119,2,3,2,0,0,172,2,24,3,1,447,0.6573529411764706
521,959,21,2,184,14,0,12,10,129,18,2,6,1,1,226,0,48,4,3,681,0.7101147028154328
522,841,10,0,131,16,0,7,13,125,4,5,4,1,3,157,5,19,2,1,503,0.5980975029726516
523,490,12,3,83,11,0,0,7,62,2,2,0,0,0,117,3,22,4,0,328,0.6693877551020408
524,651,13,0,123,13,1,4,2,87,3,3,1,2,1,175,3,19,2,2,454,0.6973886328725039
525,950,24,4,232,26,0,8,9,119,16,3,5,0,0,202,5,62,7,1,723,0.7610526315789473
526,660,14,2,144,12,0,7,9,79,14,4,1,0,0,156,4,38,1,0,485,0.7348484848484849
527,1009,30,1,231,23,1,14,5,114,16,2,9,1,1,237,3,56,9,3,756,0.7492566897918731
528,995,21,2,166,16,1,9,10,130,8,3,3,3,3,227,1,40,2,5,650,0.6532663316582915
529,1054,25,4,164,17,0,9,5,145,20,3,8,2,0,327,2,36,3,3,773,0.7333965844402277
530,755,20,1,154,10,1,5,2,75,14,3,4,1,1,194,4,39,4,2,534,0.7072847682119205
531,820,31,2,162,28,1,8,4,100,13,5,6,2,1,222,2,44,7,1,639,0.7792682926829269
532,572,30,0,223,23,0,3,3,37,2,0,0,0,1,115,2,20,3,1,463,0.8094405594405595
533,671,22,1,137,13,0,3,10,70,2,0,0,5,1,153,2,25,5,0,449,0.669150521609538
534,578,25,1,100,11,0,8,2,88,17,4,10,0,1,134,1,42,1,0,445,0.7698961937716263
535,531,21,1,110,14,0,4,6,67,14,1,3,1,0,108,0,18,1,1,370,0.696798493408663
536,709,21,1,189,13,0,6,7,86,8,2,6,0,1,131,0,56,9,1,537,0.7574047954866009
537,729,26,1,179,10,1,10,6,92,12,5,5,2,0,146,3,46,4,2,550,0.7544581618655692
538,624,16,2,166,12,1,2,7,82,11,0,4,1,0,118,1,55,2,2,482,0.7724358974358975
539,893,31,1,224,13,1,10,9,116,19,3,3,0,0,180,1,83,3,2,699,0.7827547592385219
540,712,23,1,151,21,1,8,5,77,10,2,0,3,0,177,4,27,4,0,514,0.7219101123595506
541,708,18,2,158,20,1,4,8,96,8,5,4,0,2,166,2,37,6,0,537,0.7584745762711864
542,696,20,2,184,22,1,4,1,89,12,1,0,3,1,134,1,38,6,0,519,0.7456896551724138
543,795,27,1,209,14,0,8,8,92,10,2,5,1,2,166,1,48,5,1,600,0.7547169811320755
544,725,26,1,234,13,2,3,4,68,10,4,4,0,0,137,3,31,5,0,545,0.7517241379310344
545,623,16,1,171,12,3,5,1,74,13,3,6,2,1,108,1,31,9,2,459,0.7367576243980738
546,921,20,2,179,17,3,5,12,130,17,1,3,2,4,183,3,41,2,1,625,0.6786102062975027
547,846,53,3,209,16,0,7,6,96,16,3,8,4,1,180,5,54,5,1,667,0.7884160756501182
548,869,37,7,195,24,5,12,8,119,11,0,5,2,1,157,4,61,4,3,655,0.7537399309551208
549,650,28,2,142,15,0,7,6,89,2,1,0,2,0,120,3,22,5,1,445,0.6846153846153846
550,580,18,4,124,10,0,4,5,56,9,0,1,2,1,113,2,26,2,2,379,0.653448275862069
551,567,9,0,86,10,0,5,9,86,13,0,1,1,1,126,0,28,1,1,377,0.6649029982363316
552,552,19,2,80,12,0,3,3,91,7,1,2,0,2,107,1,24,1,1,356,0.644927536231884
553,526,9,0,92,9,0,4,1,80,4,0,0,0,1,99,0,16,3,2,320,0.6083650190114068
554,572,10,2,122,7,0,4,6,79,12,2,0,2,1,114,0,23,7,2,393,0.6870629370629371
555,579,13,1,114,10,0,2,3,83,5,1,2,0,0,120,1,30,3,0,388,0.6701208981001727
556,598,14,3,123,22,1,6,5,71,11,2,0,1,1,128,4,19,1,3,415,0.6939799331103679
557,646,16,1,117,30,1,8,5,95,11,3,1,1,1,139,2,12,3,0,446,0.6904024767801857
558,582,11,0,116,24,0,3,2,79,7,3,2,0,0,117,0,22,1,2,389,0.6683848797250859
559,716,12,2,147,16,0,11,1,128,21,0,3,1,0,141,3,35,3,3,527,0.7360335195530726
560,714,26,2,171,22,0,11,6,88,12,3,4,0,1,121,1,52,3,1,524,0.7338935574229691
561,746,26,3,186,14,1,9,1,79,10,5,2,2,0,149,1,54,1,2,545,0.7305630026809652
562,638,19,0,109,12,2,6,7,98,13,4,1,1,1,124,4,31,2,1,435,0.6818181818181818
563,682,18,0,147,12,0,4,6,117,7,1,3,0,0,130,1,34,7,2,489,0.717008797653959
564,591,14,2,135,6,0,6,4,58,13,1,0,0,1,98,1,25,2,1,367,0.6209813874788495
565,675,21,2,117,17,0,9,9,99,10,1,4,1,1,143,0,22,4,1,461,0.682962962962963
566,609,9,1,113,11,0,5,10,96,12,2,2,2,0,125,1,34,8,0,431,0.7077175697865353
567,644,15,1,145,20,0,6,6,63,9,1,1,0,0,131,4,31,0,1,434,0.6739130434782609
568,635,17,2,132,13,0,8,8,107,7,1,1,3,2,120,2,13,4,2,442,0.6960629921259842
569,462,16,2,77,8,0,5,3,64,5,2,4,0,1,101,1,24,5,0,318,0.6883116883116883
570,630,22,0,117,12,0,1,5,87,8,0,4,2,1,134,3,36,3,2,437,0.6936507936507936
571,630,13,2,133,19,1,6,6,78,6,2,4,2,2,123,3,40,5,3,448,0.7111111111111111
572,1057,30,4,176,24,0,2,8,191,22,1,7,1,3,253,6,45,5,3,781,0.738883632923368
573,1000,17,2,185,21,0,6,9,111,15,1,10,3,1,238,0,39,8,1,667,0.667
574,639,18,2,133,8,0,2,4,92,5,2,3,2,1,119,0,25,6,0,422,0.6604068857589984
575,868,22,0,142,32,1,4,9,99,11,2,4,0,3,241,1,31,5,1,608,0.7004608294930875
576,660,19,1,124,11,0,6,11,93,11,2,2,2,0,129,1,27,1,1,441,0.6681818181818182
577,531,19,3,128,20,0,5,3,78,11,0,1,1,0,105,0,22,3,1,400,0.7532956685499058
578,884,22,4,160,19,0,7,11,134,16,3,2,1,0,175,5,25,3,2,589,0.666289592760181
579,697,5,2,105,18,2,6,0,95,7,2,4,3,1,126,2,20,1,4,403,0.5781922525107605
580,669,8,3,97,12,2,6,7,74,9,1,3,2,1,124,0,21,6,1,377,0.5635276532137519
581,707,14,4,107,11,0,6,4,109,10,0,2,3,0,126,1,35,3,2,437,0.6181046676096181
582,709,21,2,168,7,0,10,4,99,19,1,2,0,3,108,2,46,6,1,499,0.7038081805359662
583,769,22,2,174,16,1,4,4,92,11,0,4,1,1,162,2,58,6,2,562,0.7308192457737321
584,730,24,1,185,13,0,12,3,62,13,1,7,2,2,155,2,30,0,0,512,0.7013698630136986
585,608,6,2,87,3,1,4,9,64,7,2,0,2,2,67,3,16,1,0,276,0.45394736842105265
586,651,9,4,126,7,0,0,12,87,4,1,2,0,1,129,3,19,2,0,406,0.6236559139784946
587,689,20,0,130,12,0,2,12,94,7,3,2,1,2,149,5,30,4,1,474,0.6879535558780842
588,623,13,3,115,12,0,6,8,80,17,2,3,0,3,159,1,31,2,4,459,0.7367576243980738
589,761,17,3,179,13,1,10,4,88,19,2,3,2,0,167,2,53,7,1,571,0.7503285151116952
590,662,12,3,175,9,1,2,3,95,10,4,2,0,0,142,2,45,3,0,508,0.7673716012084593
591,739,24,2,196,16,0,10,3,84,15,2,2,0,1,136,1,42,6,0,540,0.7307171853856563
592,708,20,5,162,19,1,11,5,88,5,1,4,2,1,148,0,53,4,3,532,0.751412429378531
593,727,16,1,161,11,0,7,6,93,10,3,6,0,1,154,3,58,5,0,535,0.7359009628610729
594,614,15,0,108,18,2,8,5,104,2,3,0,1,1,133,0,30,1,1,432,0.7035830618892508
595,693,25,1,144,9,0,9,7,98,16,6,2,0,0,123,3,56,2,1,502,0.7243867243867244
596,766,10,2,176,16,0,13,3,129,22,0,1,0,2,137,8,77,2,1,599,0.7819843342036553
597,771,15,7,191,22,0,9,4,116,11,1,1,1,1,163,3,36,2,1,584,0.7574578469520103
598,639,14,2,130,15,0,10,3,100,17,1,7,0,1,124,3,26,4,0,457,0.7151799687010955
599,704,4,1,109,6,0,3,4,79,2,3,4,3,1,116,2,11,0,1,349,0.49573863636363635
600,833,22,6,188,14,1,3,6,103,14,2,8,10,2,166,0,49,9,3,606,0.7274909963985594
601,729,22,2,144,12,0,9,5,100,10,2,4,0,0,146,2,29,7,2,496,0.6803840877914952
602,654,15,0,103,14,0,1,7,87,4,4,1,0,0,124,1,24,2,0,387,0.591743119266055
603,742,14,1,131,19,0,4,9,127,6,3,5,0,0,158,1,49,8,1,536,0.7223719676549866
604,544,13,2,115,16,0,2,5,80,9,4,0,1,0,125,1,28,1,1,403,0.7408088235294118
605,715,9,1,154,11,0,14,5,113,10,4,3,1,1,152,0,59,2,0,539,0.7538461538461538
606,908,14,1,201,15,0,10,2,132,17,0,3,1,1,182,0,73,10,2,664,0.7312775330396476
607,838,23,4,193,25,2,12,3,120,19,5,8,2,0,184,4,43,8,0,655,0.7816229116945107
608,798,16,4,179,5,0,2,8,105,16,0,5,0,0,206,3,44,7,3,603,0.7556390977443609
609,914,31,6,192,16,0,5,5,130,12,4,3,1,3,207,1,51,4,3,674,0.737417943107221
610,805,9,12,181,22,0,7,6,92,10,3,6,1,0,220,1,48,5,1,624,0.7751552795031056
611,675,13,4,192,17,4,9,5,90,11,0,7,1,1,119,1,36,6,0,516,0.7644444444444445
612,852,26,0,190,18,0,7,4,120,16,2,4,1,0,174,2,54,5,3,626,0.7347417840375586
613,539,8,0,55,6,0,9,2,117,13,2,4,0,1,154,1,19,4,1,396,0.7346938775510204
614,650,11,1,96,15,0,2,6,96,6,0,0,3,0,126,2,10,4,2,380,0.5846153846153846
615,685,13,2,141,12,0,4,6,103,3,2,1,0,2,119,3,16,5,2,434,0.6335766423357664
616,644,9,4,127,14,0,7,5,95,7,2,1,3,1,98,3,24,6,2,408,0.6335403726708074
617,680,9,2,124,16,0,7,6,123,11,4,0,0,5,131,0,20,1,0,459,0.675
618,772,15,2,135,13,0,9,4,67,22,3,5,0,0,215,1,49,3,2,545,0.7059585492227979
619,681,4,2,108,9,0,4,11,72,13,4,3,2,0,216,3,28,2,3,484,0.71071953010279
620,858,22,3,136,13,0,12,4,124,14,0,7,0,0,239,3,45,7,1,630,0.7342657342657343
621,737,26,0,185,17,0,8,6,75,11,3,1,2,2,112,0,31,1,0,480,0.6512890094979648
622,926,16,6,209,22,0,15,6,105,24,2,2,0,1,196,3,69,3,2,681,0.7354211663066955
623,999,21,5,170,18,2,9,9,137,11,1,1,0,1,224,7,35,3,6,660,0.6606606606606606
624,862,24,1,144,11,1,13,5,134,34,1,5,0,3,208,2,79,7,1,673,0.7807424593967517
625,789,14,0,117,15,2,15,7,119,17,1,5,0,3,194,2,50,2,2,565,0.7160963244613435
626,785,16,0,153,8,0,7,8,114,27,3,7,1,2,177,3,54,7,2,589,0.7503184713375797
627,857,21,1,144,16,2,16,8,162,28,2,2,4,1,202,2,53,5,1,670,0.7817969661610268
628,853,26,2,210,12,0,11,2,117,13,1,6,1,0,179,2,72,6,1,661,0.7749120750293084
629,769,25,3,142,4,0,8,8,118,26,4,8,1,3,168,1,39,4,1,563,0.7321196358907672
630,726,20,6,147,10,0,4,11,102,17,2,9,2,2,158,2,44,3,1,540,0.743801652892562
631,807,19,1,125,22,0,15,7,104,14,5,9,3,2,168,4,45,8,1,552,0.6840148698884758
632,856,21,2,196,14,0,12,6,87,24,4,3,1,0,203,5,64,4,2,648,0.7570093457943925
633,782,16,6,171,15,1,6,6,112,28,1,4,1,1,167,2,48,6,1,592,0.7570332480818415
634,802,27,1,157,12,2,7,7,96,22,1,1,0,0,122,1,53,2,1,512,0.6384039900249376
635,720,44,1,162,10,0,20,2,90,15,1,11,0,0,94,2,92,4,0,548,0.7611111111111111
636,719,48,3,157,17,0,5,11,63,9,0,10,0,1,156,2,61,4,0,547,0.760778859527121
637,707,53,1,215,20,1,17,1,88,13,2,15,0,0,105,1,72,10,0,614,0.8684582743988685
638,717,53,1,166,18,0,9,1,78,7,1,8,0,0,128,3,64,6,1,544,0.7587168758716876
639,681,60,2,151,17,0,6,1,64,5,1,3,0,2,139,3,31,8,3,496,0.7283406754772394
640,652,48,3,134,35,0,4,5,73,6,1,8,3,0,109,3,26,3,1,462,0.7085889570552147
641,528,38,0,129,14,1,9,3,57,15,3,5,0,78,2,56,0,0,0,410,0.7765151515151515
642,691,46,2,183,27,1,2,4,79,15,4,10,0,0,115,0,48,7,4,547,0.7916063675832128
643,691,66,3,154,19,0,4,7,64,7,4,11,0,0,141,3,39,2,2,526,0.7612156295224313
644,682,30,3,153,16,0,14,3,92,16,2,7,0,2,120,2,59,6,1,526,0.7712609970674487
645,698,65,1,144,24,0,3,3,54,10,2,4,1,0,132,4,54,5,0,506,0.7249283667621776
646,717,52,1,165,26,0,6,2,82,7,2,13,1,1,125,0,72,0,1,556,0.7754532775453278
647,704,36,2,207,17,5,15,2,86,17,0,1,1,1,96,0,59,2,0,547,0.7769886363636364
648,831,46,0,186,28,0,18,10,111,10,3,18,1,0,136,5,74,7,0,653,0.7858002406738869
649,563,29,2,90,19,0,11,3,81,6,2,3,0,5,120,1,24,1,0,397,0.7051509769094139
650,684,35,1,123,21,1,7,1,105,11,7,6,0,1,134,0,23,3,0,479,0.7002923976608187
651,663,23,4,114,15,0,10,3,88,11,6,6,1,1,119,0,22,4,1,428,0.6455505279034691
652,612,34,2,105,13,0,8,4,74,15,2,5,0,0,127,1,32,2,1,425,0.6944444444444444
653,333,1,1,31,0,0,1,4,11,2,0,0,0,0,9,2,91,78,0,231,0.6936936936936937
654,615,1,2,31,0,0,1,3,10,5,0,0,0,2,2,0,134,147,0,338,0.5495934959349593
655,336,2,0,54,4,0,4,4,46,5,2,1,0,0,101,1,22,1,0,247,0.7351190476190477
656,700,20,3,90,10,0,4,8,98,16,3,2,1,0,128,2,71,11,0,467,0.6671428571428571
657,615,19,2,108,6,2,6,7,61,12,0,7,0,1,104,0,85,23,1,444,0.7219512195121951
658,548,9,2,79,15,1,0,1,92,7,0,1,2,1,105,0,31,3,2,351,0.6405109489051095
659,837,34,2,161,21,0,15,6,104,14,2,9,1,2,166,1,66,7,2,613,0.7323775388291517
660,931,22,7,202,23,1,11,11,115,14,1,3,1,1,228,1,58,5,3,707,0.7593984962406015
661,759,35,3,151,14,1,14,10,106,17,4,6,1,2,142,6,67,2,1,582,0.766798418972332
662,650,35,3,138,21,0,12,2,61,27,0,10,1,0,126,5,56,4,1,502,0.7723076923076924
663,635,20,0,122,16,0,14,3,92,11,0,4,1,0,97,1,100,20,1,502,0.7905511811023622
664,712,27,0,162,16,0,13,9,88,9,6,8,1,0,139,1,58,4,1,542,0.7612359550561798
665,725,50,3,162,18,1,8,5,76,17,1,11,0,1,124,2,56,5,1,541,0.7462068965517241
666,731,30,2,159,22,1,7,2,65,6,2,5,0,1,141,1,53,4,1,502,0.6867305061559508
667,881,52,2,232,18,0,13,7,104,22,3,8,3,1,149,4,76,4,0,698,0.7922814982973894
668,671,32,1,132,18,0,1,5,71,7,1,3,0,1,148,1,38,4,0,463,0.6900149031296572
669,801,37,2,193,15,1,5,6,108,12,1,5,1,1,149,3,53,5,4,601,0.7503121098626716
670,839,39,2,156,21,1,3,14,114,13,2,2,0,1,199,3,53,4,2,629,0.7497020262216925
671,824,52,1,169,14,0,12,4,82,15,0,8,0,1,161,2,63,3,0,587,0.712378640776699
672,811,47,1,153,17,1,9,5,99,9,3,3,1,1,155,1,39,2,1,547,0.6744759556103576
673,984,36,2,206,25,0,22,4,125,18,5,15,2,2,175,1,95,6,2,741,0.7530487804878049
674,1035,47,2,251,25,0,11,3,145,18,3,11,1,1,210,1,78,3,1,811,0.7835748792270532
675,727,26,0,180,19,0,13,1,100,9,4,15,0,1,121,3,88,3,1,584,0.8033012379642366
676,995,40,1,246,16,0,13,7,136,16,1,7,0,0,153,2,87,3,3,731,0.7346733668341708
677,698,32,1,153,15,1,5,5,63,11,0,2,0,2,173,0,46,6,2,517,0.7406876790830945
678,959,49,3,258,30,1,14,6,112,14,2,5,1,0,199,2,43,1,1,741,0.7726798748696558
679,751,38,2,185,17,0,11,5,94,18,1,6,2,0,162,2,71,3,0,617,0.8215712383488681
680,745,26,1,173,16,0,8,7,96,18,5,3,0,1,161,2,42,3,1,563,0.7557046979865771
681,755,19,0,195,20,0,13,3,97,20,1,2,0,1,130,0,52,8,3,564,0.7470198675496689
682,744,38,1,174,14,3,7,1,86,14,2,8,0,2,154,3,80,1,3,591,0.7943548387096774
683,761,26,1,195,23,0,8,7,77,12,6,6,1,0,138,1,46,6,3,556,0.7306176084099869
684,782,34,1,206,14,1,11,6,84,18,1,5,4,0,124,3,79,4,0,595,0.7608695652173914
685,807,30,1,200,19,0,15,3,104,9,4,8,1,0,150,2,64,6,1,617,0.7645600991325898
686,816,45,4,160,22,0,6,11,93,12,1,8,0,0,168,1,61,2,1,595,0.7291666666666666
687,895,46,9,198,24,0,16,5,140,8,0,15,1,0,162,1,46,5,3,679,0.758659217877095
688,783,44,2,203,24,0,6,3,89,18,3,5,2,0,143,1,49,6,1,599,0.7650063856960408
689,753,45,0,175,29,0,3,2,67,7,4,8,1,0,140,4,34,2,1,522,0.6932270916334662
690,778,50,1,150,14,0,21,7,100,20,4,5,2,3,170,3,50,3,0,603,0.7750642673521851
691,736,19,3,137,13,0,5,4,117,10,3,1,0,0,125,4,40,29,1,511,0.6942934782608695
692,539,16,2,95,8,1,4,3,91,6,3,1,1,1,114,1,17,5,0,369,0.6846011131725418
693,702,14,2,119,7,1,8,5,127,13,0,6,1,1,135,3,35,5,1,483,0.688034188034188
694,541,17,3,89,10,0,7,2,91,5,4,0,1,3,110,1,27,5,0,375,0.6931608133086876
695,847,21,3,168,12,0,13,9,126,16,1,3,1,0,156,2,30,7,2,570,0.6729634002361276
696,632,33,2,127,10,1,3,2,111,5,3,4,0,1,96,4,31,3,3,439,0.694620253164557
697,647,13,3,136,10,0,7,9,126,17,1,2,3,2,114,3,29,7,1,483,0.7465224111282844
698,847,28,1,116,29,1,9,6,118,20,7,10,0,3,159,0,40,0,2,549,0.6481700118063755
699,799,31,3,196,16,0,10,9,106,11,2,2,2,1,147,7,58,5,1,607,0.7596996245306633
700,720,27,1,158,12,0,4,5,113,12,4,3,0,0,127,2,47,5,0,520,0.7222222222222222
701,633,16,0,125,19,0,8,10,98,16,1,6,5,1,114,0,30,2,1,452,0.7140600315955766
702,941,28,5,191,13,0,8,9,131,6,1,2,2,1,180,2,45,4,2,630,0.6695005313496281
703,737,23,1,151,10,0,10,6,119,8,0,2,4,1,155,2,50,4,3,549,0.7449118046132972
704,604,35,1,141,15,1,12,4,63,12,0,2,0,0,117,2,22,2,1,430,0.7119205298013245
705,516,20,2,76,12,0,8,5,67,7,3,2,0,0,130,0,28,4,1,365,0.7073643410852714
706,468,12,2,86,8,0,14,4,53,3,3,2,0,0,82,1,35,1,2,308,0.6581196581196581
707,619,30,1,106,20,1,11,6,89,5,1,5,0,2,106,4,36,3,0,426,0.6882067851373183
708,351,4,2,22,1,0,1,0,20,2,1,2,0,0,32,2,8,0,2,99,0.28205128205128205
709,540,31,0,130,15,0,10,5,65,7,1,12,2,0,82,0,54,5,0,419,0.7759259259259259
710,560,31,1,117,14,0,12,4,70,12,4,10,0,0,87,0,81,0,0,443,0.7910714285714285
711,572,25,4,143,10,0,10,2,67,6,2,13,3,0,104,3,62,1,1,456,0.7972027972027972
712,489,18,1,95,5,0,11,0,77,13,0,8,2,0,96,1,52,3,0,382,0.7811860940695297
713,797,27,0,182,11,0,7,5,91,23,0,24,0,0,155,3,85,1,0,614,0.7703889585947302
714,1042,40,1,214,13,0,24,6,116,25,0,16,1,1,226,5,103,6,1,798,0.7658349328214972
715,572,13,1,112,9,0,17,2,79,23,2,14,0,0,106,2,62,3,0,445,0.777972027972028
716,426,20,0,101,7,0,21,3,55,16,1,14,0,0,51,2,58,2,1,352,0.8262910798122066
717,442,26,1,96,5,1,18,1,80,14,0,18,0,1,59,2,63,4,0,389,0.8800904977375565
718,391,6,0,84,8,0,19,0,56,10,1,8,0,0,47,2,56,8,0,305,0.7800511508951407
719,551,19,0,95,5,3,6,0,69,16,1,18,1,0,58,1,119,6,0,417,0.7568058076225045
720,561,30,2,105,9,0,10,3,89,16,3,12,1,2,100,2,71,1,1,457,0.8146167557932263
721,235,14,0,42,6,0,4,0,22,16,0,13,0,0,34,0,29,2,0,182,0.774468085106383
722,754,30,3,191,15,0,23,6,99,12,1,42,0,2,122,1,101,8,1,657,0.8713527851458885
723,543,17,1,74,2,0,30,2,97,23,3,16,0,0,63,1,110,6,1,446,0.8213627992633518
724,692,64,2,149,18,0,11,1,81,11,3,9,0,1,94,1,45,3,1,494,0.7138728323699421
725,717,60,5,117,20,1,8,5,62,9,2,4,0,1,115,2,29,6,2,448,0.6248256624825662
726,582,64,2,122,26,0,5,1,57,3,3,9,0,0,99,3,28,1,1,424,0.7285223367697594
727,644,47,1,184,17,3,8,7,67,9,0,14,0,0,84,3,48,1,0,493,0.765527950310559
728,624,57,1,109,23,0,2,10,57,7,0,9,0,0,122,0,39,0,0,436,0.6987179487179487
729,737,72,1,162,19,0,5,5,76,7,1,5,3,4,124,2,57,2,1,546,0.7408412483039348
730,818,61,1,169,33,1,10,5,97,21,2,11,1,1,148,1,54,6,0,622,0.7603911980440098
731,676,56,0,152,16,3,9,3,81,6,1,13,2,0,101,2,68,11,1,525,0.7766272189349113
732,819,72,0,196,19,1,11,5,120,12,1,15,1,3,134,2,52,0,1,645,0.7875457875457875
733,768,39,1,149,11,1,16,1,117,24,0,32,1,0,116,4,115,7,0,634,0.8255208333333334
734,712,49,0,131,17,1,18,2,102,19,3,10,0,0,88,1,98,2,0,541,0.7598314606741573
735,845,41,0,153,8,0,20,0,117,17,0,17,3,0,93,5,161,6,1,642,0.7597633136094675
736,830,49,3,148,15,1,23,4,102,18,2,30,0,0,104,3,129,2,2,635,0.7650602409638554
737,649,34,2,149,14,0,24,0,69,10,2,21,1,1,107,0,86,5,0,525,0.8089368258859785
738,758,24,2,164,11,1,19,1,94,15,3,13,3,0,96,4,158,5,0,613,0.8087071240105541
739,710,38,2,159,9,0,12,3,100,14,0,27,0,0,79,0,115,9,2,569,0.8014084507042254
740,676,23,3,159,14,0,19,2,78,14,2,14,1,0,97,2,111,2,0,541,0.8002958579881657
741,142,0,2,10,0,0,1,4,4,0,0,0,0,2,4,4,3,6,0,40,0.28169014084507044
742,1072,66,3,254,26,1,7,3,103,13,2,8,3,0,260,6,70,5,1,831,0.7751865671641791
743,843,30,8,166,11,0,32,1,137,23,2,40,0,1,86,0,186,6,1,730,0.8659549228944247
744,834,20,2,133,11,1,34,4,153,21,6,35,2,2,81,0,178,9,3,695,0.8333333333333334
745,551,26,3,96,17,0,15,1,78,9,0,7,1,0,59,3,100,12,0,427,0.7749546279491834
746,685,63,2,169,23,1,10,2,67,10,0,12,3,0,131,1,37,5,2,538,0.7854014598540145
747,817,45,3,173,19,0,14,3,100,9,2,31,2,0,128,4,109,2,0,644,0.7882496940024479
748,750,51,0,190,30,0,9,4,65,7,2,14,2,3,170,1,63,1,0,612,0.816
749,737,44,1,140,18,0,13,4,101,23,1,11,1,1,130,5,87,6,1,587,0.7964721845318861
750,718,47,1,176,16,0,9,4,79,16,1,6,0,0,123,5,77,4,0,564,0.7855153203342619
751,829,53,1,199,18,0,7,1,71,16,3,7,0,1,177,2,77,6,1,640,0.7720144752714113
752,757,50,6,169,17,0,11,3,87,21,5,27,3,1,118,2,96,5,1,622,0.821664464993395
753,666,34,2,143,25,2,13,7,91,10,2,13,0,2,102,2,61,4,0,513,0.7702702702702703
754,762,39,1,125,14,1,15,2,97,17,0,9,3,2,116,1,107,5,1,555,0.7283464566929134
755,716,41,2,188,20,1,11,3,60,15,1,11,1,1,127,2,63,7,1,555,0.7751396648044693
756,770,41,1,186,19,0,10,6,91,13,6,12,0,0,119,3,87,7,0,601,0.7805194805194805
757,691,45,0,144,20,0,12,6,100,16,1,10,2,2,109,1,62,4,1,535,0.7742402315484804
758,649,32,1,147,21,2,11,2,73,10,1,5,1,0,128,3,56,3,1,497,0.765793528505393
759,675,39,0,149,15,0,13,3,75,10,2,20,2,1,115,3,54,4,0,505,0.7481481481481481
760,824,39,2,169,9,4,27,3,106,10,3,22,1,1,111,0,137,6,1,651,0.7900485436893204
761,721,28,1,172,8,0,13,2,114,27,1,9,1,0,126,4,75,10,0,591,0.8196948682385575
762,1056,45,1,241,23,1,24,0,141,27,1,16,0,0,174,2,154,4,2,856,0.8106060606060606
763,699,33,0,178,26,0,5,2,81,15,0,9,3,0,137,3,61,2,0,555,0.7939914163090128
764,779,33,2,171,17,0,5,3,111,29,2,9,0,0,135,4,96,7,1,625,0.8023106546854942
765,730,36,1,171,13,0,8,5,89,12,5,4,1,3,159,1,59,5,1,573,0.7849315068493151
766,834,30,3,186,11,0,18,1,117,22,3,16,7,2,91,2,140,5,0,654,0.7841726618705036
767,767,29,2,166,15,0,13,5,76,19,2,3,0,1,138,2,59,4,1,535,0.6975228161668839
768,865,27,1,192,25,1,23,4,93,17,5,8,3,2,140,2,107,8,0,658,0.7606936416184971
769,672,41,2,152,14,0,14,3,59,9,1,11,3,0,146,2,45,1,1,504,0.75
770,735,33,2,162,11,1,21,4,135,15,3,17,0,1,84,3,117,6,1,616,0.8380952380952381
771,771,26,5,137,11,0,23,3,127,18,1,20,1,1,115,1,120,4,1,614,0.7963683527885862
772,846,14,5,155,19,3,25,3,123,13,0,18,1,0,142,4,121,4,1,651,0.7695035460992907
773,741,35,2,159,13,1,15,8,106,21,2,17,1,2,122,3,88,6,0,601,0.8110661268556005
774,702,13,3,134,7,2,16,0,103,16,3,24,2,1,109,1,96,4,0,534,0.7606837606837606
775,566,20,2,95,4,0,17,0,104,22,5,17,1,0,91,0,83,12,0,473,0.8356890459363958
776,560,20,0,82,4,0,22,1,100,13,0,22,0,0,56,0,125,11,0,456,0.8142857142857143
777,290,8,4,48,3,0,7,0,49,8,1,1,1,0,27,2,73,8,1,241,0.8310344827586207
778,250,3,1,32,0,0,3,2,34,2,1,2,0,0,11,6,27,5,0,129,0.516
779,665,5,0,76,4,2,21,5,146,20,0,31,0,0,74,4,131,4,2,525,0.7894736842105263
780,649,20,0,120,5,0,20,3,101,23,1,23,0,1,78,3,127,3,0,528,0.8135593220338984
781,504,10,3,84,6,0,21,2,84,13,1,23,1,0,48,0,113,6,0,415,0.8234126984126984
782,487,10,2,72,4,0,17,1,86,15,1,26,2,1,50,4,114,4,0,409,0.839835728952772
783,271,7,0,36,1,0,13,0,51,6,1,10,2,0,28,0,67,2,0,224,0.8265682656826568
784,666,31,5,160,14,2,11,2,71,23,3,24,3,0,93,3,101,2,0,548,0.8228228228228228
785,710,36,3,133,6,1,23,2,90,23,2,31,5,0,98,3,108,5,0,569,0.8014084507042254
786,548,19,1,104,10,0,17,0,72,14,2,16,0,1,116,2,95,2,0,471,0.8594890510948905
787,761,16,6,185,20,0,6,5,81,21,3,7,0,0,157,5,61,10,0,583,0.7660972404730617
788,699,21,2,141,21,0,13,3,93,11,1,6,4,2,130,5,53,2,2,510,0.7296137339055794
789,723,17,3,192,17,0,10,4,86,13,1,1,1,0,120,4,56,10,2,537,0.7427385892116183
790,778,13,7,172,7,0,20,6,117,14,1,8,0,0,144,8,81,12,1,611,0.7853470437017995
791,730,23,3,143,13,0,20,4,111,15,2,3,1,0,167,6,41,7,0,559,0.7657534246575343
792,802,35,5,184,17,0,12,6,98,11,2,2,0,1,153,4,36,10,2,578,0.7206982543640897
793,638,22,3,158,9,0,12,4,74,7,3,5,2,1,123,6,49,4,0,482,0.7554858934169278
794,655,18,4,174,11,0,2,3,69,6,1,1,0,2,138,3,34,2,1,469,0.716030534351145
795,686,37,6,149,13,0,12,5,86,19,1,5,1,1,143,3,43,4,1,529,0.7711370262390671
796,663,36,2,139,9,1,12,2,78,14,1,2,3,1,126,1,37,8,0,472,0.7119155354449472
797,776,25,6,176,21,0,13,2,82,12,2,7,1,0,178,4,35,8,1,573,0.7384020618556701
798,743,15,7,143,14,0,4,11,69,6,5,3,2,2,129,4,36,1,2,453,0.6096904441453567
799,653,19,18,164,24,1,10,2,78,12,1,3,2,0,129,2,47,4,1,517,0.7917304747320061
800,660,43,6,135,15,0,9,5,64,5,3,5,2,1,162,0,36,4,0,495,0.75
801,680,23,6,158,19,0,15,3,87,11,2,9,0,0,128,1,57,8,0,527,0.775
802,611,20,4,127,16,0,4,5,78,12,4,3,1,2,123,1,50,5,1,456,0.7463175122749591
803,799,21,10,184,34,1,12,3,92,13,2,5,0,1,200,0,43,4,1,626,0.7834793491864831
804,705,22,4,175,14,0,14,4,99,18,3,8,2,1,131,4,69,6,4,578,0.8198581560283688
805,686,28,2,148,16,0,15,3,100,8,3,4,2,0,106,0,77,6,0,518,0.7551020408163265
806,629,21,1,154,9,0,7,4,72,10,1,10,0,0,146,3,35,5,2,480,0.7631160572337043
807,804,22,8,134,9,0,3,11,76,12,6,5,2,1,133,1,38,3,4,468,0.582089552238806
808,1046,30,5,251,20,0,13,3,97,14,1,18,1,0,250,8,109,1,1,822,0.7858508604206501
809,658,14,1,150,7,0,5,1,134,13,5,7,1,0,96,5,53,8,0,500,0.7598784194528876
810,690,23,5,155,17,1,12,5,80,6,2,7,1,0,151,4,36,5,3,513,0.7434782608695653
811,703,16,1,133,11,0,30,4,112,14,1,11,0,1,101,0,111,8,0,554,0.7880512091038406
812,702,13,0,153,23,0,7,7,92,15,2,11,0,1,135,3,60,6,0,528,0.7521367521367521
813,616,16,2,118,7,0,7,8,86,11,1,4,2,1,122,1,64,3,1,454,0.737012987012987
814,640,34,1,140,11,0,7,3,75,6,3,6,2,4,134,2,35,2,2,467,0.7296875
815,778,23,0,161,18,1,25,2,125,28,3,10,0,1,113,2,99,5,1,617,0.7930591259640103
816,547,13,0,116,14,0,4,4,58,5,2,5,1,1,82,1,31,2,0,339,0.6197440585009141
817,585,19,1,132,10,0,5,8,63,11,3,9,1,1,117,3,60,2,1,446,0.7623931623931623
818,673,18,6,173,20,0,1,7,79,13,3,7,0,1,131,2,56,7,1,525,0.7800891530460624
819,701,21,0,141,14,1,2,4,100,20,3,4,2,2,140,0,35,2,2,493,0.703281027104137
820,664,27,0,155,9,0,7,7,82,11,0,1,1,0,123,3,48,5,0,479,0.7213855421686747
821,699,33,2,177,18,0,6,6,75,14,2,7,1,1,142,0,36,6,1,527,0.753934191702432
822,643,24,2,138,26,1,8,9,68,10,0,11,0,1,138,8,40,3,1,488,0.7589424572317263
823,704,24,0,145,30,1,5,3,88,19,2,3,2,0,127,0,56,8,2,515,0.7315340909090909
824,701,23,1,126,15,0,10,4,109,17,3,6,0,2,131,2,65,9,0,523,0.746077032810271
825,753,23,0,189,17,0,11,2,84,7,0,7,0,0,159,3,56,1,1,560,0.7436918990703851
826,678,17,0,191,12,0,9,5,86,10,2,4,1,0,131,2,54,5,1,530,0.7817109144542773
827,593,21,3,144,12,0,2,3,74,5,1,4,0,1,124,5,33,4,0,436,0.7352445193929174
828,669,16,2,164,10,0,23,3,81,24,0,19,3,1,86,6,99,14,0,551,0.8236173393124065
829,662,11,1,130,13,0,7,7,84,19,1,6,1,2,138,0,54,6,1,481,0.7265861027190332
830,761,22,3,200,13,1,19,4,79,20,6,12,1,0,150,1,76,6,1,614,0.8068331143232589
831,716,17,1,166,17,0,3,7,88,13,2,5,0,2,149,2,55,2,1,530,0.7402234636871509
832,582,27,0,143,13,0,6,2,66,15,0,3,1,0,91,2,57,4,0,430,0.738831615120275
833,639,13,0,118,13,0,6,2,104,10,1,2,0,0,138,0,47,4,1,459,0.7183098591549296
834,764,30,0,191,14,0,5,10,84,12,2,5,0,2,179,2,41,2,2,581,0.7604712041884817
835,809,31,0,174,17,1,6,4,93,15,1,6,0,1,160,1,57,2,0,569,0.7033374536464772
836,650,25,2,137,13,1,8,5,70,8,1,2,1,2,165,1,36,0,1,478,0.7353846153846154
837,692,15,4,166,15,1,15,3,80,10,1,6,1,0,129,1,56,8,1,512,0.7398843930635838
838,661,13,3,168,12,0,7,7,75,14,1,1,0,1,133,1,48,2,0,486,0.735249621785174
839,602,18,1,134,21,0,6,2,81,9,2,0,1,1,132,0,41,3,0,452,0.7508305647840532
840,595,25,1,126,5,1,7,5,73,19,2,1,1,1,120,1,33,6,3,430,0.7226890756302521
841,733,22,3,184,24,1,5,5,79,15,1,3,0,3,146,3,63,4,1,562,0.7667121418826739
842,867,28,6,207,21,0,9,3,90,19,5,9,2,1,172,0,90,7,4,673,0.776239907727797
843,763,22,0,181,18,1,15,10,76,10,1,3,0,2,177,3,41,3,0,563,0.7378768020969856
844,1013,40,6,228,32,2,11,8,101,18,4,3,1,0,202,2,69,5,1,733,0.7235932872655478
845,878,25,1,204,12,0,3,9,132,16,4,4,3,2,175,4,87,5,4,690,0.785876993166287
846,676,20,3,171,19,1,2,4,57,10,2,2,1,1,159,2,43,4,0,501,0.7411242603550295
847,751,30,1,170,20,0,10,2,102,14,2,8,3,0,168,5,47,4,1,587,0.7816245006657789
848,704,16,2,179,12,1,7,2,96,13,1,5,2,1,131,3,74,12,3,560,0.7954545454545454
849,655,16,1,164,9,0,7,6,100,2,1,5,2,1,139,4,39,3,1,500,0.7633587786259542
850,739,9,1,156,11,0,19,4,96,28,0,3,2,0,144,3,83,9,1,569,0.7699594046008119
851,742,27,2,157,9,0,13,4,115,12,0,2,2,1,136,1,93,11,0,585,0.7884097035040432
852,719,25,4,212,25,0,9,4,76,2,0,5,2,1,192,6,52,4,4,623,0.866481223922114
853,768,25,2,196,13,0,11,7,78,16,0,7,2,0,166,2,59,6,0,590,0.7682291666666666
854,724,22,4,190,15,0,7,8,84,24,0,0,0,0,152,0,57,7,2,572,0.7900552486187845
855,643,25,2,165,15,0,9,5,68,10,4,6,1,1,136,3,60,6,0,516,0.80248833592535
856,870,35,0,228,20,2,15,5,119,20,3,5,0,0,133,4,81,3,2,675,0.7758620689655172
857,724,23,0,193,21,2,8,6,95,13,2,8,1,0,153,2,53,3,4,587,0.8107734806629834
858,816,35,1,192,19,0,13,6,109,8,4,5,2,0,147,3,91,7,3,645,0.7904411764705882
859,744,21,3,176,19,0,10,3,115,13,1,2,3,0,152,3,74,3,0,598,0.803763440860215
860,779,30,2,194,13,1,14,4,103,15,2,10,2,1,159,4,71,5,1,631,0.810012836970475
861,740,21,2,195,6,1,7,6,97,9,1,2,1,1,175,0,51,8,0,583,0.7878378378378378
862,721,24,0,183,13,0,5,4,106,22,5,4,2,0,142,3,66,6,0,585,0.811373092926491
863,720,36,1,184,7,0,14,9,86,13,5,0,0,0,130,1,44,3,5,538,0.7472222222222222
864,764,21,1,205,20,0,9,7,89,13,2,4,0,0,157,1,62,8,1,600,0.7853403141361257
865,955,26,7,232,27,0,13,8,102,14,3,5,1,2,195,3,93,5,2,738,0.7727748691099476
866,700,31,0,184,14,0,3,8,61,14,1,7,0,1,157,3,44,2,1,531,0.7585714285714286
867,609,25,0,161,10,0,7,4,48,8,4,1,2,0,136,1,46,2,1,456,0.7487684729064039
868,600,18,1,119,16,0,8,8,66,6,1,1,0,0,133,1,30,2,0,410,0.6833333333333333
869,606,26,1,151,8,1,2,4,57,6,2,1,0,1,123,1,34,9,3,430,0.7095709570957096
870,696,19,0,121,10,0,7,5,71,4,0,1,1,2,154,3,17,0,3,418,0.6005747126436781
871,745,17,1,139,11,0,8,5,78,15,4,2,1,1,189,5,38,3,3,520,0.697986577181208
872,963,30,3,218,17,1,14,10,113,19,1,4,0,0,236,3,55,9,2,735,0.7632398753894081
873,543,16,0,101,8,0,7,8,75,7,0,1,0,0,147,1,28,4,1,404,0.7440147329650092
874,802,16,2,152,19,0,11,11,105,16,0,2,1,0,158,5,46,6,2,552,0.6882793017456359
875,506,7,2,61,1,0,7,3,76,5,1,1,4,2,83,1,11,3,1,269,0.5316205533596838
876,958,32,4,255,18,0,8,7,106,19,5,4,0,1,222,2,72,8,2,765,0.7985386221294363
877,477,21,0,119,13,0,9,1,50,12,1,5,0,1,102,2,43,9,1,389,0.8155136268343816
878,956,45,11,255,23,1,8,10,127,15,2,5,1,2,182,4,40,4,2,737,0.7709205020920502
879,913,26,0,217,10,0,10,9,111,1,5,9,0,0,224,3,58,3,0,686,0.7513691128148959
880,948,38,2,233,23,1,20,6,83,13,3,12,1,1,232,3,61,6,1,739,0.7795358649789029
881,752,18,1,126,7,0,11,2,56,5,4,3,1,0,193,5,59,7,3,501,0.6662234042553191
882,564,7,0,107,5,1,6,6,86,5,1,2,0,1,172,1,26,3,0,429,0.7606382978723404
883,714,23,1,161,9,0,4,6,86,9,0,4,0,2,136,2,46,2,0,491,0.6876750700280112
884,724,43,2,208,12,1,14,4,84,8,0,3,0,1,138,1,56,4,0,579,0.7997237569060773
885,690,28,2,159,20,1,4,4,86,11,2,2,2,2,169,7,28,4,2,533,0.7724637681159421
886,718,22,0,148,11,0,8,16,79,7,3,0,1,3,131,1,40,4,0,474,0.6601671309192201
887,422,14,3,96,4,1,5,8,55,7,1,1,0,1,89,1,36,2,0,324,0.7677725118483413
888,964,23,3,252,23,2,14,8,102,7,2,2,0,0,187,3,57,3,3,691,0.716804979253112
889,812,19,4,202,30,0,14,6,91,8,3,6,1,1,151,1,39,6,1,583,0.7179802955665024
890,686,17,0,168,16,2,4,9,90,5,2,0,1,2,139,3,31,3,0,492,0.717201166180758
891,774,33,4,181,17,0,5,4,102,11,2,2,1,0,188,1,47,1,1,600,0.7751937984496124
892,786,28,2,165,20,0,6,7,91,11,1,2,2,0,166,2,49,5,1,558,0.7099236641221374
893,720,28,1,153,15,0,11,5,73,17,4,3,0,1,161,4,48,8,2,534,0.7416666666666667
894,722,19,3,175,10,0,8,5,53,10,1,8,1,1,151,3,70,6,4,528,0.7313019390581718
895,861,28,4,237,14,1,11,4,69,21,2,9,3,1,170,1,78,4,0,657,0.7630662020905923
896,932,28,4,220,25,1,21,6,95,10,1,5,0,3,246,2,53,5,0,725,0.7778969957081545
897,745,32,4,155,10,0,1,4,67,5,6,1,5,2,160,4,36,3,2,497,0.6671140939597315
898,601,21,2,132,12,0,3,7,55,7,1,2,2,0,132,2,30,2,0,410,0.6821963394342762
899,645,22,1,116,12,0,3,7,85,3,2,0,0,0,149,5,32,5,2,444,0.6883720930232559
900,761,30,3,142,13,0,17,6,107,4,6,4,1,1,169,4,36,2,0,545,0.7161629434954008
901,616,18,0,154,14,1,3,7,61,13,2,2,3,1,144,0,31,1,2,457,0.7418831168831169
902,665,27,1,114,17,0,1,8,71,5,1,0,2,1,176,3,41,7,2,477,0.7172932330827068
903,610,18,1,133,12,0,4,8,53,4,1,3,0,1,152,6,31,2,0,429,0.7032786885245902
904,710,23,2,164,11,0,6,4,95,9,2,1,1,1,154,1,35,11,2,522,0.7352112676056338
905,709,20,1,167,15,1,7,6,67,11,4,7,0,1,167,1,38,4,2,519,0.7320169252468265
906,656,18,0,131,10,0,6,7,67,18,0,1,2,2,137,3,36,8,0,446,0.6798780487804879
907,788,35,0,220,21,0,8,2,94,17,1,3,0,0,183,3,67,6,0,660,0.8375634517766497
908,0,5,0,20,2,0,2,0,9,2,0,0,1,1,13,0,7,0,0,62,inf
909,0,2,1,37,5,0,5,3,16,7,1,1,0,2,22,1,6,3,1,113,inf
910,549,22,1,158,5,0,9,1,48,5,1,9,3,1,137,3,47,3,1,454,0.8269581056466302
911,0,2,0,65,4,0,3,5,20,4,2,1,0,2,31,0,12,3,2,156,inf
912,0,7,1,52,5,0,2,3,34,3,1,0,1,0,30,1,20,2,0,162,inf
913,820,15,2,178,20,0,21,3,103,16,5,5,1,0,169,3,84,7,0,632,0.7707317073170732
914,0,3,0,12,0,0,0,0,5,1,0,0,0,0,11,1,2,0,0,35,inf
915,0,2,0,22,0,0,1,0,9,1,1,0,0,0,8,0,5,0,0,49,inf
916,0,2,0,11,1,1,3,1,9,1,0,1,0,0,8,0,4,0,0,42,inf
917,0,0,1,56,4,0,1,4,22,6,1,0,1,0,20,1,5,1,0,123,inf
918,0,3,27,4,0,0,1,1,22,8,1,0,0,0,38,0,9,0,0,114,inf
919,0,4,0,26,4,0,0,0,14,4,0,1,0,0,26,1,10,0,0,90,inf
