SEZIONE,TOTALE_ISCRITTI,"1 - PARTITO DEMOCRATICO,VELTRON","2 - ITALIA DEI VALORI,DI PIETRO","3 - PARTITO SOCIALISTA,BOSELLI","4 - UNIONE DI CENTRO,CASINI PRE","5 - LEGA NORD,BOSSI","6 - IL POPOLO DELLE LIBERTÁ,BER","7 - SINISTRA CRITICA,ECOLOGISTA",8 - PARTITO COMUNISTA DEI LAVORAT,9 - PARTITO LIBERALE ITALIANO,10 - LA DESTRA FIAMMA TRICOLORE -,11 - PER IL BENE COMUNE,12 - LA SINISTRA L'ARCOBALENO,13 - UNIONE DEMOCRATICA PER I CONS,"14 - P.P.A.,LIBERTÁ E PARTECIPAZ",TOTALE,AFFLUENZA
1,916,331,33,2,28,43,200,4,4,8,16,3,41,2,0,715,0.7805676855895196
2,554,158,23,1,12,27,137,3,3,2,12,1,23,0,0,402,0.7256317689530686
3,808,248,34,1,16,21,234,9,4,4,27,0,43,4,0,645,0.7982673267326733
4,939,247,37,3,37,42,315,2,2,7,11,4,31,0,0,738,0.7859424920127795
5,801,226,27,5,24,28,157,5,3,1,12,5,46,0,1,540,0.6741573033707865
6,575,154,21,2,22,32,193,4,1,1,14,1,23,1,0,469,0.8156521739130435
7,776,231,32,7,68,33,171,7,4,6,14,1,32,2,1,609,0.7847938144329897
8,174,32,3,1,11,8,48,0,0,0,3,0,9,0,0,115,0.6609195402298851
9,900,231,28,3,35,49,309,3,2,1,10,2,25,3,0,701,0.7788888888888889
10,849,296,38,3,25,47,235,2,5,2,14,1,21,0,0,689,0.8115429917550059
11,624,182,25,5,17,30,158,3,1,3,15,0,18,2,0,459,0.7355769230769231
12,830,187,25,5,32,31,271,2,3,3,11,3,24,1,0,598,0.7204819277108434
13,701,163,23,8,23,49,255,0,0,4,12,1,13,0,0,551,0.7860199714693296
14,807,210,29,6,28,50,277,2,2,7,14,1,11,1,1,639,0.79182156133829
15,703,204,34,3,18,44,189,2,0,2,17,2,18,3,0,536,0.7624466571834992
16,824,205,29,2,22,48,286,2,3,1,10,1,21,1,0,631,0.7657766990291263
17,748,203,33,2,22,29,176,3,2,2,10,0,22,2,0,506,0.6764705882352942
18,758,254,32,3,28,27,227,3,2,2,7,0,19,0,0,604,0.7968337730870713
19,577,114,21,5,23,22,175,4,3,0,9,0,16,1,0,393,0.6811091854419411
20,793,240,25,5,20,40,181,6,2,1,23,3,57,1,0,604,0.7616645649432535
21,604,175,30,1,17,14,163,1,1,1,29,5,29,2,0,468,0.7748344370860927
22,771,208,46,9,28,51,226,3,2,2,15,6,34,0,0,630,0.8171206225680934
23,728,219,34,2,15,32,204,3,9,0,18,3,31,1,0,571,0.7843406593406593
24,697,209,18,3,31,40,218,1,0,2,16,2,20,2,0,562,0.806312769010043
25,844,286,47,7,16,26,178,7,6,1,9,4,36,0,0,623,0.7381516587677726
26,639,220,20,5,15,30,134,1,3,2,7,2,41,1,0,481,0.7527386541471048
27,705,224,28,4,12,40,181,1,0,0,9,2,35,0,0,536,0.7602836879432624
28,783,254,36,2,33,24,190,8,2,2,13,1,43,0,0,608,0.776500638569604
29,734,252,30,3,26,31,211,2,5,0,14,0,16,0,0,590,0.8038147138964578
30,672,219,32,3,19,35,203,2,1,4,12,1,22,2,0,555,0.8258928571428571
31,702,250,20,4,23,32,178,2,4,1,9,2,25,2,0,552,0.7863247863247863
32,709,247,31,0,26,32,164,0,4,5,11,3,23,1,0,547,0.771509167842031
33,699,250,26,6,24,21,146,3,3,0,9,3,32,0,0,523,0.748211731044349
34,760,230,34,4,20,30,226,0,2,2,16,4,23,0,0,591,0.7776315789473685
35,282,52,10,0,11,23,133,1,0,1,11,1,8,0,0,251,0.8900709219858156
36,797,215,36,1,29,33,290,2,4,1,21,1,17,1,0,651,0.8168130489335006
37,694,178,26,2,30,46,241,3,0,1,22,3,15,0,0,567,0.8170028818443804
38,737,196,32,5,28,37,278,1,2,0,23,0,15,1,0,618,0.8385345997286295
39,709,220,30,1,24,44,242,0,2,0,7,0,14,3,0,587,0.8279266572637518
40,596,152,24,5,30,21,197,1,2,1,8,3,21,2,0,467,0.7835570469798657
41,633,176,24,2,18,25,175,7,1,3,11,2,26,2,0,472,0.7456556082148499
42,617,173,23,0,26,26,200,1,0,2,8,3,18,3,0,483,0.7828200972447326
43,717,245,34,0,25,21,196,6,2,3,15,0,19,0,0,566,0.7894002789400278
44,807,244,30,3,21,39,244,5,1,3,14,4,20,0,0,628,0.7781908302354399
45,640,232,30,2,17,23,166,1,1,3,18,1,16,1,0,511,0.7984375
46,659,197,35,4,23,21,182,4,0,0,12,4,17,0,0,499,0.7572078907435509
47,722,238,40,9,14,29,194,2,4,1,16,1,27,1,0,576,0.7977839335180056
48,672,184,25,2,19,40,227,0,0,2,13,2,16,5,0,535,0.7961309523809523
49,777,214,35,7,32,38,300,2,1,1,18,0,10,0,0,658,0.8468468468468469
50,710,166,11,2,38,37,330,1,0,2,9,3,4,0,0,603,0.8492957746478873
51,771,135,15,2,26,55,388,1,1,4,19,0,1,0,0,647,0.8391699092088197
52,772,188,21,2,25,52,357,2,0,8,3,1,9,0,0,668,0.8652849740932642
53,704,194,22,1,34,57,240,1,1,2,15,0,19,1,0,587,0.8338068181818182
54,779,236,33,8,38,38,229,1,0,2,7,4,18,1,0,615,0.7894736842105263
55,837,261,34,3,27,35,205,0,1,3,22,5,21,0,0,617,0.7371565113500598
56,627,151,27,1,21,58,202,0,3,1,11,2,20,0,0,497,0.7926634768740032
57,739,188,29,3,32,45,218,1,0,3,21,5,14,5,0,564,0.7631935047361299
58,740,223,29,4,33,36,220,2,3,2,15,1,22,2,0,592,0.8
59,771,225,33,3,30,44,215,2,5,5,20,1,31,0,0,614,0.7963683527885862
60,861,272,26,9,28,70,238,1,2,3,35,3,30,1,0,718,0.8339140534262486
61,657,197,34,4,31,45,150,4,1,0,11,3,25,0,0,505,0.7686453576864536
62,718,219,41,3,16,39,227,2,1,3,15,1,14,2,0,583,0.8119777158774373
63,714,192,35,3,43,35,242,1,4,2,15,2,15,0,0,589,0.8249299719887955
64,739,217,30,4,31,41,205,2,3,4,21,2,26,3,0,589,0.79702300405954
65,818,203,30,2,33,55,319,0,2,3,21,0,7,0,0,675,0.8251833740831296
66,753,238,44,2,18,46,199,1,3,3,17,3,24,0,0,598,0.7941567065073041
67,729,213,31,7,33,28,198,2,2,0,17,0,16,0,1,548,0.7517146776406035
68,638,163,20,3,20,36,268,1,1,2,9,2,15,1,0,541,0.8479623824451411
69,679,161,16,3,27,30,301,1,0,3,9,0,10,0,0,561,0.8262150220913107
70,718,170,18,5,31,45,266,5,0,1,18,3,14,0,0,576,0.8022284122562674
71,684,190,35,1,24,54,209,2,0,3,10,2,15,0,1,546,0.7982456140350878
72,710,198,37,3,32,39,184,2,0,0,20,2,16,0,0,533,0.7507042253521127
73,597,203,27,2,18,32,199,2,1,4,7,1,17,0,0,513,0.8592964824120602
74,681,168,18,2,29,48,246,3,1,1,19,0,10,1,1,547,0.8032305433186491
75,404,92,18,3,10,20,146,1,1,3,5,1,3,2,0,305,0.754950495049505
76,693,157,31,1,19,40,188,1,4,0,14,1,15,2,0,473,0.6825396825396826
77,672,180,25,2,22,28,164,4,2,2,7,4,22,0,0,462,0.6875
78,700,160,31,0,20,31,153,1,4,2,8,2,26,2,1,441,0.63
79,704,227,24,5,31,41,192,1,0,5,12,2,13,1,1,555,0.7883522727272727
80,593,145,25,1,16,32,225,1,1,4,7,1,17,1,0,476,0.8026981450252951
81,633,154,22,3,29,28,203,0,3,0,7,6,18,2,1,476,0.7519747235387045
82,1392,80,8,3,5,11,139,1,4,2,12,1,10,1,2,279,0.20043103448275862
83,675,254,41,1,20,51,158,0,3,1,16,2,17,0,0,564,0.8355555555555556
84,570,155,22,2,16,27,174,3,0,3,12,0,19,0,0,433,0.7596491228070176
85,667,190,28,4,37,33,153,3,2,2,8,1,18,0,0,479,0.7181409295352323
86,683,212,33,3,18,40,200,3,2,0,13,3,18,0,0,545,0.7979502196193266
87,665,207,30,2,28,35,142,4,4,1,14,1,9,1,1,479,0.7203007518796992
88,859,238,36,1,25,43,220,4,5,1,23,4,24,2,2,628,0.7310826542491269
89,772,225,51,6,33,35,187,3,3,2,20,0,27,4,1,597,0.7733160621761658
90,653,210,34,3,23,19,133,2,6,2,9,2,18,0,0,461,0.7059724349157733
91,604,192,25,1,40,18,166,0,3,0,9,2,20,1,0,477,0.7897350993377483
92,700,191,36,1,25,44,186,4,2,0,18,1,23,3,0,534,0.7628571428571429
93,658,197,39,5,13,30,133,2,3,2,15,3,16,0,0,458,0.6960486322188449
94,816,258,43,1,32,45,210,3,1,2,11,2,15,2,4,629,0.7708333333333334
95,780,221,49,4,28,40,234,2,0,2,20,0,20,2,0,622,0.7974358974358975
96,824,248,48,6,33,49,248,2,1,1,19,2,14,1,0,672,0.8155339805825242
97,763,225,45,2,28,40,228,2,5,5,13,0,13,0,0,606,0.7942332896461337
98,692,233,45,6,25,34,167,1,3,4,17,4,11,2,0,552,0.7976878612716763
99,728,203,23,0,19,32,215,3,1,3,17,1,20,0,0,537,0.7376373626373627
100,804,278,41,1,21,32,198,3,7,2,18,4,19,0,1,625,0.777363184079602
101,785,250,49,0,37,35,188,1,6,2,21,5,27,2,0,623,0.7936305732484077
102,721,219,46,5,26,22,186,6,8,4,16,2,27,1,1,569,0.7891816920943134
103,746,236,40,1,21,30,173,2,3,5,17,1,23,1,1,554,0.7426273458445041
104,786,258,43,2,20,34,179,5,2,2,14,2,24,1,1,587,0.7468193384223919
105,795,264,48,3,29,40,168,0,2,1,20,1,27,1,0,604,0.759748427672956
106,665,198,37,0,24,37,161,3,3,0,19,1,27,1,0,511,0.7684210526315789
107,679,201,31,1,31,29,180,3,3,4,9,0,27,2,3,524,0.7717231222385862
108,882,286,51,2,39,34,213,0,4,1,18,0,32,2,0,682,0.7732426303854876
109,863,242,42,9,32,46,209,2,4,1,22,3,22,2,1,637,0.7381228273464658
110,517,122,16,1,18,16,169,0,1,1,17,0,12,2,0,375,0.7253384912959381
111,846,244,39,1,27,52,251,3,3,2,22,0,15,1,0,660,0.7801418439716312
112,743,241,50,4,20,32,210,6,1,4,21,1,20,0,1,611,0.8223418573351279
113,700,263,35,2,21,35,149,2,4,1,12,2,22,0,0,548,0.7828571428571428
114,686,211,27,0,29,26,247,1,2,3,11,0,6,0,0,563,0.8206997084548106
115,792,249,44,4,24,46,209,3,4,0,19,3,35,1,0,641,0.8093434343434344
116,883,262,46,7,33,47,259,3,5,1,11,3,19,2,0,698,0.7904869762174406
117,765,227,31,5,27,43,199,0,3,1,16,0,15,2,0,569,0.7437908496732026
118,610,164,34,2,17,40,221,2,1,1,10,0,17,1,0,510,0.8360655737704918
119,792,260,47,4,28,50,204,2,0,2,18,1,23,2,0,641,0.8093434343434344
120,682,189,38,3,20,34,171,2,7,3,9,3,30,2,0,511,0.749266862170088
121,703,226,51,1,27,33,151,6,3,1,18,2,14,2,3,538,0.7652916073968705
122,799,265,47,0,22,35,200,2,2,3,20,3,27,2,0,628,0.785982478097622
123,694,228,43,2,14,20,168,3,3,1,16,1,24,0,0,523,0.7536023054755043
124,729,219,41,3,16,44,182,2,3,4,28,1,25,2,0,570,0.7818930041152263
125,711,216,45,2,37,46,151,5,4,2,20,0,23,0,0,551,0.7749648382559775
126,668,217,29,4,22,30,148,1,2,2,11,2,19,3,2,492,0.7365269461077845
127,677,235,30,2,21,22,158,1,3,5,22,4,23,1,0,527,0.7784342688330872
128,663,246,35,5,24,14,129,3,5,3,15,1,17,1,0,498,0.751131221719457
129,697,228,43,1,38,30,190,6,5,1,18,2,14,2,0,578,0.8292682926829268
130,641,235,31,4,25,42,163,0,1,1,10,2,16,2,0,532,0.8299531981279251
131,707,219,37,2,23,27,188,3,3,2,14,4,19,3,0,544,0.7694483734087695
132,226,29,1,3,11,4,15,1,1,1,5,0,4,0,1,76,0.336283185840708
133,904,333,48,5,34,42,217,1,3,4,20,3,28,1,0,739,0.8174778761061947
134,752,231,37,5,17,44,192,5,4,1,27,1,10,1,0,575,0.7646276595744681
135,800,290,48,0,28,38,203,3,1,3,26,3,16,0,0,659,0.82375
136,782,283,67,4,30,45,197,5,6,1,12,1,29,1,0,681,0.870843989769821
137,826,281,47,5,26,29,199,5,2,2,18,5,29,0,0,648,0.784503631961259
138,880,297,51,2,35,50,264,2,1,1,9,3,25,3,0,743,0.8443181818181819
139,769,277,48,7,26,41,180,2,1,2,13,1,22,1,1,622,0.8088426527958388
140,1018,353,57,1,37,46,219,5,6,3,22,0,34,1,0,784,0.7701375245579568
141,904,341,58,4,18,24,211,4,4,1,16,4,24,0,0,709,0.7842920353982301
142,704,230,48,2,21,36,174,5,3,5,16,2,14,0,0,556,0.7897727272727273
143,734,254,31,7,17,39,173,1,1,1,20,2,19,0,1,566,0.771117166212534
144,711,240,46,2,15,35,186,3,3,1,18,1,21,2,2,575,0.8087201125175809
145,726,228,46,2,27,38,155,1,4,2,20,2,20,3,0,548,0.7548209366391184
146,748,265,36,4,32,29,170,3,6,0,10,1,22,1,0,579,0.7740641711229946
147,776,247,40,2,27,36,216,4,2,2,16,2,19,0,0,613,0.7899484536082474
148,856,311,58,4,22,44,166,2,0,1,23,3,22,1,0,657,0.7675233644859814
149,769,203,49,0,33,40,225,3,2,2,29,1,18,0,2,607,0.7893368010403121
150,843,257,53,2,26,37,242,1,2,1,19,0,27,4,1,672,0.797153024911032
151,680,204,39,0,30,36,174,2,0,2,20,4,16,3,0,530,0.7794117647058824
152,852,271,58,2,27,19,223,6,1,0,20,4,16,1,0,648,0.7605633802816901
153,793,261,36,4,21,26,167,6,5,4,14,1,27,2,2,576,0.7263556116015133
154,805,278,48,4,24,34,189,1,5,0,24,2,20,1,0,630,0.782608695652174
155,901,269,56,6,37,41,230,3,4,0,24,7,26,4,0,707,0.7846836847946725
156,805,246,47,3,21,38,192,2,4,2,22,1,33,4,1,616,0.7652173913043478
157,885,268,56,9,19,49,232,0,4,2,17,1,20,2,0,679,0.7672316384180791
158,725,243,28,0,23,50,204,2,4,3,16,4,19,0,0,596,0.8220689655172414
159,730,262,36,1,19,30,139,3,5,1,18,0,20,0,1,535,0.7328767123287672
160,633,229,38,3,22,33,153,1,2,2,14,2,17,2,0,518,0.8183254344391785
161,698,257,36,3,28,32,187,1,0,0,13,2,13,0,0,572,0.8194842406876791
162,711,190,35,3,31,33,206,4,3,3,14,3,23,0,6,554,0.7791842475386779
163,736,205,43,1,20,33,180,5,9,2,14,3,21,0,0,536,0.7282608695652174
164,643,128,13,2,59,36,179,2,4,0,13,3,18,2,0,459,0.713841368584759
165,616,156,24,4,22,20,106,6,9,1,16,4,15,1,0,384,0.6233766233766234
166,743,276,36,4,25,22,164,4,2,2,13,4,25,2,1,580,0.7806191117092867
167,836,266,41,4,26,37,208,4,5,2,21,3,21,2,1,641,0.7667464114832536
168,869,315,55,2,28,40,186,1,3,1,33,1,33,3,0,701,0.806674338319908
169,760,154,32,1,24,16,147,9,10,4,13,1,25,1,0,437,0.575
170,664,217,54,3,24,25,162,2,0,2,20,1,28,1,0,539,0.8117469879518072
171,634,217,49,4,21,18,136,2,1,0,21,2,13,1,0,485,0.7649842271293376
172,634,200,33,3,14,30,145,1,3,2,14,3,18,1,1,468,0.7381703470031545
173,492,174,50,0,11,20,94,3,6,2,8,0,11,1,0,380,0.7723577235772358
174,959,340,46,2,35,48,252,5,1,4,19,1,21,2,1,777,0.8102189781021898
175,748,292,51,0,32,39,179,2,2,2,21,4,20,0,0,644,0.8609625668449198
176,604,180,33,1,19,26,187,1,1,3,18,3,16,1,0,489,0.8096026490066225
177,866,305,60,4,27,35,202,5,2,1,18,2,43,1,0,705,0.8140877598152425
178,700,245,34,4,28,47,184,1,0,0,18,2,17,2,0,582,0.8314285714285714
179,673,271,32,1,19,8,136,6,3,3,11,3,21,2,0,516,0.7667161961367014
180,857,336,64,2,38,53,163,5,5,1,19,4,27,2,1,720,0.8401400233372228
181,794,244,26,6,16,17,167,1,6,3,15,5,15,1,2,524,0.6599496221662469
182,797,308,49,6,34,23,182,2,0,5,9,3,20,1,2,644,0.8080301129234629
183,665,258,40,3,22,32,181,6,2,1,8,0,10,4,0,567,0.8526315789473684
184,627,246,44,2,20,37,143,3,0,0,13,1,12,1,0,522,0.8325358851674641
185,767,295,58,0,30,53,159,5,3,1,10,2,13,2,0,631,0.8226857887874837
186,737,270,42,2,30,53,180,4,5,2,16,1,15,0,0,620,0.841248303934871
187,715,276,44,4,35,40,147,6,0,2,10,0,23,1,0,588,0.8223776223776224
188,707,223,40,2,24,35,196,3,0,2,10,2,13,1,0,551,0.7793493635077794
189,693,233,38,6,22,18,156,5,7,1,23,1,23,3,0,536,0.7734487734487735
190,799,182,42,3,24,32,211,4,10,0,22,2,16,1,1,550,0.688360450563204
191,811,292,80,5,33,31,173,2,5,1,16,4,24,1,1,668,0.8236744759556104
192,677,207,29,3,22,43,180,4,4,1,23,4,14,0,0,534,0.7887740029542097
193,588,202,36,1,12,29,140,3,4,1,12,3,28,0,1,472,0.8027210884353742
194,570,204,22,2,10,31,121,3,3,1,8,3,26,0,0,434,0.7614035087719299
195,626,195,32,4,12,22,205,0,2,1,10,1,17,0,1,502,0.8019169329073482
196,634,202,20,2,28,35,143,1,3,1,14,1,26,2,0,478,0.7539432176656151
197,889,284,47,6,28,45,246,2,2,3,20,2,21,1,0,707,0.7952755905511811
198,744,245,29,8,32,35,207,1,1,4,19,1,26,1,0,609,0.8185483870967742
199,787,254,44,2,34,51,211,1,2,2,12,4,19,1,0,637,0.8094027954256671
200,557,183,17,3,21,24,173,1,2,1,10,0,17,0,0,452,0.8114901256732495
201,559,179,35,2,19,29,128,2,2,0,15,3,19,0,0,433,0.774597495527728
202,883,255,43,2,31,57,255,4,1,4,19,0,25,3,1,700,0.7927519818799547
203,775,216,33,1,35,57,211,2,3,0,19,4,29,0,0,610,0.7870967741935484
204,784,233,44,3,18,48,192,1,0,3,26,5,24,1,0,598,0.7627551020408163
205,694,217,42,8,21,38,167,4,3,3,12,0,27,2,0,544,0.7838616714697406
206,639,194,32,7,21,30,145,3,7,2,17,2,23,1,0,484,0.7574334898278561
207,552,141,18,3,47,14,124,1,1,0,9,0,6,0,1,365,0.6612318840579711
208,750,232,29,2,28,45,206,2,2,3,23,3,17,4,0,596,0.7946666666666666
209,610,202,31,0,27,19,117,5,2,0,16,0,21,2,0,442,0.7245901639344262
210,572,168,27,1,15,18,152,5,3,3,8,0,16,1,0,417,0.7290209790209791
211,744,215,38,3,25,38,210,3,1,2,11,0,25,0,1,572,0.7688172043010753
212,662,204,35,3,24,23,168,1,4,1,11,5,20,1,0,500,0.7552870090634441
213,673,220,42,5,18,20,140,5,1,3,8,1,33,4,0,500,0.7429420505200595
214,788,230,30,5,28,40,173,0,4,1,16,2,32,0,0,561,0.7119289340101523
215,976,294,29,6,32,52,312,1,3,4,19,1,21,4,2,780,0.7991803278688525
216,650,190,41,2,17,20,156,0,3,2,15,6,16,2,0,470,0.7230769230769231
217,796,213,40,5,28,45,228,3,2,2,15,7,20,3,0,611,0.7675879396984925
218,886,252,27,1,26,55,258,5,4,3,17,0,34,2,0,684,0.7720090293453724
219,796,242,43,6,23,33,178,5,6,3,28,5,39,4,2,617,0.7751256281407035
220,667,198,33,3,16,18,154,6,9,1,15,2,26,1,0,482,0.7226386806596702
221,681,195,26,2,20,24,151,6,2,0,18,5,15,2,0,466,0.684287812041116
222,696,181,34,3,15,32,143,4,5,4,13,3,23,1,0,461,0.6623563218390804
223,661,216,34,3,14,36,127,2,0,2,11,1,26,2,0,474,0.7170953101361573
224,660,207,44,2,18,28,147,1,6,1,10,1,23,1,0,489,0.740909090909091
225,696,197,30,2,17,40,162,4,2,1,20,1,21,3,1,501,0.7198275862068966
226,620,173,33,3,21,43,172,4,2,3,12,0,20,2,0,488,0.7870967741935484
227,636,205,32,2,31,32,160,0,3,1,14,3,26,1,1,511,0.8034591194968553
228,608,170,28,2,13,32,168,6,0,2,9,0,20,4,0,454,0.7467105263157895
229,588,146,29,3,24,12,122,5,6,3,21,2,20,4,0,397,0.6751700680272109
230,940,266,51,0,30,54,238,6,4,2,25,5,23,1,0,705,0.75
231,800,253,40,1,24,30,187,2,2,2,12,2,31,1,0,587,0.73375
232,829,256,51,1,27,36,198,0,4,1,16,4,33,1,0,628,0.7575392038600723
233,665,194,49,4,26,31,148,5,7,1,19,4,18,0,0,506,0.7609022556390977
234,597,178,26,3,33,20,152,4,3,3,11,0,21,1,2,457,0.7654941373534339
235,763,214,30,1,27,24,186,6,5,1,11,1,19,4,1,530,0.6946264744429882
236,698,203,35,3,24,17,156,5,5,0,14,1,29,2,1,495,0.7091690544412608
237,685,179,55,3,22,26,155,6,6,2,19,3,16,2,1,495,0.7226277372262774
238,682,199,49,2,24,19,165,4,9,0,9,2,23,1,0,506,0.7419354838709677
239,703,235,28,1,8,19,144,3,4,2,24,5,25,3,1,502,0.7140825035561877
240,708,211,35,4,19,46,151,3,6,2,14,1,14,2,0,508,0.7175141242937854
241,564,181,36,2,17,41,112,0,1,2,20,0,23,1,0,436,0.7730496453900709
242,737,266,27,3,18,38,150,3,4,2,12,1,27,2,0,553,0.7503392130257802
243,675,246,25,1,22,34,128,3,4,1,8,3,26,1,0,502,0.7437037037037038
244,787,241,39,5,35,38,191,3,4,0,24,2,29,1,0,612,0.7776365946632783
245,771,242,31,4,24,31,198,1,5,2,12,5,31,5,0,591,0.7665369649805448
246,709,204,44,2,12,23,183,4,6,3,14,3,24,2,0,524,0.7390691114245416
247,701,206,40,3,15,32,178,4,4,1,8,4,20,2,0,517,0.7375178316690443
248,796,188,25,1,31,36,201,8,9,3,28,0,29,4,0,563,0.707286432160804
249,819,228,26,1,25,46,263,0,1,1,17,0,18,2,1,629,0.7680097680097681
250,644,214,33,3,18,43,132,3,4,2,19,2,12,2,0,487,0.7562111801242236
251,711,200,43,1,28,27,152,4,4,3,16,0,23,0,0,501,0.7046413502109705
252,707,219,47,3,26,40,169,6,3,2,6,0,21,0,1,543,0.768033946251768
253,768,273,48,3,17,34,173,1,1,2,33,2,28,2,0,617,0.8033854166666666
254,712,212,43,5,39,26,155,4,3,0,14,2,16,2,1,522,0.7331460674157303
255,741,211,35,7,23,32,190,4,5,0,21,2,28,0,0,558,0.7530364372469636
256,794,230,54,3,23,37,171,5,7,0,16,6,16,0,0,568,0.7153652392947103
257,1183,389,72,4,42,58,307,3,3,4,36,0,25,0,1,944,0.797971259509721
258,941,272,54,4,32,51,234,6,5,1,22,2,24,1,0,708,0.7523910733262487
259,776,251,40,1,27,57,158,1,7,3,20,4,26,3,0,598,0.770618556701031
260,759,266,42,1,28,37,208,4,8,3,10,2,23,2,0,634,0.8353096179183136
261,677,231,42,1,18,32,150,7,6,0,14,2,22,1,0,526,0.7769571639586411
262,851,293,67,1,21,41,195,2,2,0,15,5,19,3,2,666,0.782608695652174
263,861,280,62,4,26,26,203,4,8,1,21,1,34,2,2,674,0.7828106852497096
264,868,286,53,5,45,41,205,2,2,2,15,0,31,2,0,689,0.793778801843318
265,735,259,36,0,17,30,183,3,3,2,12,3,23,1,1,573,0.7795918367346939
266,956,299,43,2,26,47,270,2,5,1,22,2,19,4,1,743,0.7771966527196653
267,1078,337,61,4,31,51,292,5,3,2,18,1,41,1,1,848,0.7866419294990723
268,798,233,51,6,26,36,187,3,3,3,17,1,26,1,0,593,0.7431077694235589
269,721,195,27,2,37,54,289,1,1,4,11,0,2,1,1,625,0.8668515950069348
270,673,157,27,3,26,56,277,0,1,3,17,1,2,4,0,574,0.8528974739970282
271,745,177,35,4,28,47,279,0,1,4,19,0,14,1,0,609,0.8174496644295302
272,633,180,24,1,21,40,233,2,7,0,15,0,10,0,0,533,0.8420221169036335
273,725,225,37,3,27,48,158,2,9,2,8,2,22,1,0,544,0.7503448275862069
274,712,204,29,4,27,37,161,3,3,1,17,1,26,1,1,515,0.723314606741573
275,512,171,20,4,11,11,144,2,2,2,14,2,13,1,1,398,0.77734375
276,567,198,42,3,20,30,133,2,3,2,16,1,14,1,1,466,0.8218694885361552
277,582,192,35,4,15,20,139,0,2,3,20,2,11,0,0,443,0.761168384879725
278,616,208,43,1,31,35,153,3,4,0,14,1,22,0,1,516,0.8376623376623377
279,660,218,27,2,26,30,167,2,7,2,16,0,25,5,1,528,0.8
280,837,291,43,0,23,42,202,1,7,0,19,1,22,1,1,653,0.7801672640382318
281,762,244,29,5,17,42,180,4,8,0,30,3,26,2,1,591,0.7755905511811023
282,806,237,36,5,33,34,224,3,3,5,16,5,13,1,0,615,0.7630272952853598
283,718,218,27,2,16,41,179,5,4,4,24,4,16,1,0,541,0.7534818941504178
284,787,249,50,7,24,40,202,4,2,2,17,4,22,1,1,625,0.7941550190597204
285,563,204,47,4,19,28,160,1,1,2,11,0,11,0,0,488,0.866785079928952
286,725,243,31,2,24,42,157,2,5,2,20,1,35,3,0,567,0.7820689655172414
287,669,246,42,3,18,50,195,2,1,2,11,0,11,0,0,581,0.8684603886397608
288,616,205,32,2,24,30,159,3,0,2,8,1,11,1,1,479,0.7775974025974026
289,891,275,77,2,34,44,220,2,6,1,26,0,15,0,3,705,0.7912457912457912
290,738,255,39,5,30,28,177,3,3,2,33,3,13,1,0,592,0.8021680216802168
291,773,250,44,4,35,61,205,1,6,2,20,1,26,1,0,656,0.8486416558861578
292,722,244,50,4,34,27,218,0,2,1,14,2,12,1,0,609,0.8434903047091413
293,814,295,62,5,16,50,170,2,2,2,8,1,31,1,0,645,0.7923832923832924
294,607,193,30,3,21,28,153,3,1,0,11,4,8,1,0,456,0.7512355848434926
295,879,295,53,3,17,50,275,2,2,1,21,3,16,2,0,740,0.8418657565415245
296,777,283,44,5,25,39,180,2,2,2,15,4,39,0,0,640,0.8236808236808236
297,739,220,43,0,30,26,164,7,1,2,18,3,16,1,1,532,0.7198917456021651
298,775,234,47,2,36,29,198,6,3,3,19,2,32,1,1,613,0.7909677419354839
299,674,225,43,3,31,45,211,2,2,2,9,0,12,0,0,585,0.8679525222551929
300,809,254,53,5,27,39,206,3,4,3,23,0,39,1,0,657,0.8121137206427689
301,967,290,62,7,24,53,254,3,7,2,28,2,31,4,1,768,0.7942088934850051
302,809,225,47,5,37,42,180,4,3,3,23,6,25,3,2,605,0.7478368355995055
303,861,233,54,2,27,38,237,2,7,3,28,4,22,1,0,658,0.7642276422764228
304,738,212,22,1,36,51,158,1,9,4,13,0,13,3,1,524,0.7100271002710027
305,675,190,40,4,33,36,152,0,4,2,13,0,14,1,2,491,0.7274074074074074
306,875,252,61,3,53,41,187,2,4,0,22,2,30,0,0,657,0.7508571428571429
307,752,240,28,2,28,31,195,2,9,2,17,3,24,2,0,583,0.7752659574468085
308,849,262,38,4,40,51,213,2,4,2,17,1,27,2,0,663,0.7809187279151943
309,638,186,29,2,27,35,166,0,3,2,14,2,25,2,0,493,0.7727272727272727
310,631,207,33,1,16,30,124,2,3,0,18,4,17,1,0,456,0.722662440570523
311,863,263,35,3,29,48,210,12,6,2,7,6,21,2,0,644,0.746234067207416
312,888,277,64,1,32,33,191,3,4,0,21,3,37,5,0,671,0.7556306306306306
313,623,190,32,2,21,34,126,3,2,5,19,4,25,0,0,463,0.7431781701444623
314,640,197,34,4,20,31,137,0,3,2,26,1,31,0,0,486,0.759375
315,776,257,46,1,41,32,180,8,3,3,21,3,22,1,1,619,0.7976804123711341
316,773,270,37,3,26,34,176,4,0,5,12,1,21,0,0,589,0.7619663648124192
317,649,238,34,6,22,23,138,7,2,1,12,2,26,3,0,514,0.7919876733436055
318,660,209,38,2,21,26,141,5,8,1,15,5,23,0,0,494,0.7484848484848485
319,633,240,24,1,20,24,124,4,6,4,19,4,19,0,1,490,0.7740916271721959
320,722,216,27,4,30,49,167,3,5,3,10,1,17,2,1,535,0.7409972299168975
321,759,188,32,4,16,30,241,2,3,1,29,7,32,2,1,588,0.7747035573122529
322,650,211,43,4,14,30,149,2,1,0,21,3,21,2,0,501,0.7707692307692308
323,643,228,29,3,22,22,98,4,5,1,14,3,18,4,0,451,0.7013996889580093
324,621,209,28,1,18,25,142,4,8,0,14,1,28,1,0,479,0.7713365539452496
325,645,182,46,2,11,25,144,5,3,0,11,1,40,3,1,474,0.7348837209302326
326,765,248,30,5,35,26,166,2,8,2,21,2,37,1,0,583,0.7620915032679738
327,644,210,29,1,27,34,163,3,4,1,20,2,19,3,0,516,0.8012422360248447
328,648,219,39,2,20,30,142,3,5,1,12,1,28,0,0,502,0.7746913580246914
329,731,242,26,5,29,38,150,5,1,1,7,3,33,2,0,542,0.7414500683994528
330,603,203,38,3,10,8,133,4,3,2,18,1,20,1,2,446,0.7396351575456053
331,649,152,32,4,17,18,152,7,6,2,17,3,33,4,0,447,0.6887519260400616
332,847,257,48,3,25,68,195,0,6,3,18,2,42,2,1,670,0.7910271546635183
333,685,234,31,1,19,44,146,4,3,0,16,1,26,0,0,525,0.7664233576642335
334,739,225,33,1,33,36,207,6,1,3,19,3,19,2,0,588,0.7956698240866035
335,671,173,35,4,90,23,132,0,0,2,12,0,17,1,0,489,0.7287630402384501
336,724,240,30,4,27,31,182,4,2,2,10,1,33,1,0,567,0.7831491712707183
337,722,232,43,3,28,46,187,4,4,1,14,4,28,2,0,596,0.8254847645429363
338,800,260,41,4,31,31,234,2,0,2,18,2,27,3,2,657,0.82125
339,771,300,33,2,24,56,176,3,1,0,7,1,28,1,0,632,0.8197146562905318
340,687,243,51,4,24,40,159,2,1,3,20,2,28,1,0,578,0.8413391557496361
341,784,209,38,4,31,57,279,3,0,2,19,1,12,1,0,656,0.8367346938775511
342,773,205,39,2,27,41,220,6,2,1,34,2,22,2,0,603,0.7800776196636481
343,684,208,48,4,30,36,190,0,1,2,23,0,19,2,1,564,0.8245614035087719
344,722,225,42,1,25,24,166,5,7,2,21,2,26,2,2,550,0.7617728531855956
345,732,213,36,0,22,38,202,3,6,1,8,3,23,2,1,558,0.7622950819672131
346,886,271,42,2,30,34,188,6,4,0,25,6,38,1,0,647,0.7302483069977427
347,917,240,53,6,25,47,217,6,7,0,39,3,35,2,0,680,0.7415485278080698
348,529,160,23,1,17,15,136,5,2,2,18,3,11,1,0,394,0.7448015122873346
349,632,197,27,2,30,26,154,4,2,4,24,1,18,2,0,491,0.7768987341772152
350,757,204,38,0,17,18,200,2,7,4,23,4,20,0,0,537,0.7093791281373845
351,588,162,25,3,21,34,149,4,1,2,27,1,17,0,0,446,0.7585034013605442
352,676,185,27,1,26,41,219,2,0,2,16,4,18,1,0,542,0.8017751479289941
353,724,213,32,2,24,38,213,4,7,2,11,4,22,1,1,574,0.7928176795580111
354,717,206,34,1,29,44,188,2,3,3,15,2,31,4,0,562,0.7838214783821479
355,727,190,38,2,15,44,195,1,0,2,22,1,30,0,0,540,0.7427785419532325
356,639,193,18,2,9,24,150,6,5,2,20,1,33,2,0,465,0.7276995305164319
357,622,169,35,3,28,37,160,3,2,3,9,6,15,3,1,474,0.7620578778135049
358,686,165,38,0,19,45,201,4,0,4,13,5,18,1,0,513,0.7478134110787172
359,671,221,36,7,18,42,152,1,5,1,13,4,20,1,0,521,0.7764530551415797
360,683,217,35,1,24,31,176,1,1,1,13,6,18,2,0,526,0.7701317715959004
361,774,240,50,3,34,53,202,3,4,2,20,2,15,1,0,629,0.8126614987080103
362,762,232,36,2,22,53,202,1,0,2,23,1,24,0,0,598,0.7847769028871391
363,780,243,49,2,16,43,235,1,1,1,13,3,28,0,0,635,0.8141025641025641
364,638,193,35,2,23,37,167,0,5,0,12,2,19,0,1,496,0.7774294670846394
365,680,224,31,1,28,28,169,2,2,0,17,0,17,3,0,522,0.7676470588235295
366,692,193,43,9,40,35,180,5,2,2,20,0,22,1,0,552,0.7976878612716763
367,560,168,28,1,18,39,125,4,6,0,22,3,13,0,0,427,0.7625
368,855,244,38,2,36,62,207,3,4,1,18,0,33,0,1,649,0.7590643274853801
369,561,181,39,2,10,19,129,4,3,1,23,3,15,2,1,432,0.7700534759358288
370,637,170,21,3,20,29,153,5,5,1,9,8,18,2,0,444,0.6970172684458399
371,620,193,31,3,11,22,120,6,4,3,19,0,18,4,0,434,0.7
372,705,213,35,0,26,29,137,1,5,3,25,1,31,5,0,511,0.724822695035461
373,803,253,40,5,19,35,182,5,9,1,24,2,46,1,0,622,0.7745952677459527
374,767,228,32,1,12,28,205,4,1,1,26,2,25,4,0,569,0.741851368970013
375,719,250,32,4,17,33,134,6,4,0,23,3,18,2,0,526,0.7315716272600834
376,795,273,44,5,29,32,174,2,5,3,17,2,25,0,0,611,0.7685534591194969
377,733,180,37,1,22,35,144,5,4,2,20,0,40,1,1,492,0.6712141882673943
378,755,225,41,2,23,44,186,5,1,3,14,0,18,2,0,564,0.7470198675496689
379,819,247,38,5,26,43,214,2,4,0,17,1,24,2,2,625,0.7631257631257631
380,859,211,31,6,73,40,220,3,4,1,23,1,29,0,0,642,0.7473806752037253
381,755,188,37,1,20,25,177,4,4,0,21,0,22,0,0,499,0.6609271523178808
382,963,269,54,0,30,59,255,4,5,5,26,4,23,6,0,740,0.7684319833852544
383,788,242,35,3,38,52,217,1,5,3,21,0,19,0,0,636,0.8071065989847716
384,932,257,80,2,23,52,251,4,2,2,26,2,31,0,1,733,0.7864806866952789
385,774,250,28,5,27,47,170,7,3,1,15,2,20,0,2,577,0.7454780361757106
386,769,228,47,4,21,44,185,2,6,0,21,5,18,1,0,582,0.7568270481144344
387,800,227,42,3,27,53,187,2,4,5,15,1,30,1,0,597,0.74625
388,866,227,29,1,30,53,284,4,4,1,28,3,24,1,0,689,0.7956120092378753
389,649,197,25,3,15,17,145,2,4,3,12,1,23,1,0,448,0.6902927580893683
390,729,244,39,0,19,39,160,2,2,1,18,2,26,0,2,554,0.7599451303155007
391,603,164,36,1,22,25,158,3,7,0,14,2,15,0,0,447,0.7412935323383084
392,820,256,54,5,24,40,188,3,2,1,18,1,24,0,0,616,0.751219512195122
393,765,235,67,5,25,30,160,4,4,1,22,1,23,2,0,579,0.7568627450980392
394,761,286,42,1,22,32,156,2,1,2,14,1,28,3,1,591,0.7766097240473062
395,773,244,35,4,43,49,224,0,1,4,16,0,21,1,0,642,0.8305304010349288
396,808,229,31,4,29,40,273,2,3,2,27,0,11,3,0,654,0.8094059405940595
397,806,247,44,5,29,54,253,1,2,1,25,4,11,2,0,678,0.8411910669975186
398,791,227,38,3,27,46,226,0,5,6,23,4,14,3,0,622,0.786346396965866
399,733,241,48,0,32,28,162,2,3,2,19,2,22,3,1,565,0.7708049113233287
400,709,237,41,0,20,30,164,1,1,2,19,4,28,0,0,547,0.771509167842031
401,698,215,35,3,14,30,177,5,2,0,17,1,26,2,0,527,0.7550143266475645
402,777,209,40,4,27,48,228,6,4,2,16,1,27,2,0,614,0.7902187902187903
403,677,212,37,1,18,41,174,5,3,0,14,5,31,0,0,541,0.7991137370753324
404,694,223,46,2,20,39,147,5,4,2,11,1,20,1,0,521,0.7507204610951008
405,738,232,35,3,22,43,178,0,6,1,31,3,14,1,1,570,0.7723577235772358
406,654,196,36,2,22,32,167,4,9,2,21,0,21,0,0,512,0.7828746177370031
407,763,209,50,4,27,38,263,1,4,2,14,2,20,1,0,635,0.8322411533420708
408,806,239,42,0,30,57,265,2,1,1,19,2,8,1,0,667,0.8275434243176178
409,725,199,36,5,32,29,171,2,3,2,16,0,17,3,0,515,0.7103448275862069
410,776,243,34,2,28,61,195,2,3,2,20,2,21,1,0,614,0.7912371134020618
411,682,185,36,2,28,50,161,3,0,2,26,2,22,2,0,519,0.7609970674486803
412,827,231,46,3,41,39,204,3,3,1,23,4,31,4,1,634,0.7666263603385731
413,737,210,39,5,23,52,176,5,2,0,24,0,16,0,0,552,0.7489823609226595
414,835,234,47,1,20,53,224,0,4,2,22,1,32,1,1,642,0.7688622754491018
415,472,148,19,1,8,23,132,4,1,0,19,0,16,1,0,372,0.788135593220339
416,629,192,48,0,14,31,157,3,5,1,19,3,18,0,4,495,0.7869634340222575
417,734,232,20,2,31,33,213,3,5,1,18,1,17,1,1,578,0.7874659400544959
418,687,221,38,5,23,39,143,4,4,0,22,4,20,5,1,529,0.7700145560407569
419,707,220,37,0,24,47,173,2,7,0,15,1,21,4,0,551,0.7793493635077794
420,697,222,34,1,23,25,162,2,8,1,19,1,18,1,0,517,0.7417503586800573
421,910,256,46,4,30,52,244,3,4,6,22,3,16,1,0,687,0.7549450549450549
422,812,278,42,5,17,43,171,2,3,3,18,3,18,3,1,607,0.7475369458128078
423,865,279,51,1,36,34,199,4,9,1,16,1,26,3,1,661,0.7641618497109827
424,740,203,41,4,19,41,183,2,5,3,11,1,34,1,0,548,0.7405405405405405
425,801,236,43,3,21,31,196,1,12,3,19,3,23,0,0,591,0.7378277153558053
426,759,225,50,3,19,30,204,1,6,1,20,3,18,2,0,582,0.766798418972332
427,727,189,41,2,32,36,150,4,1,3,14,4,14,2,0,492,0.6767537826685007
428,782,268,28,2,22,44,172,5,3,1,15,4,24,4,1,593,0.7583120204603581
429,815,244,37,0,31,44,173,5,11,1,16,1,25,2,0,590,0.7239263803680982
430,627,198,24,3,15,40,161,2,8,0,14,1,19,1,0,486,0.7751196172248804
431,677,183,26,7,39,37,166,1,3,4,22,2,26,1,0,517,0.7636632200886263
432,749,278,39,3,20,29,146,5,9,1,29,4,33,2,1,599,0.7997329773030708
433,940,278,41,2,27,56,246,7,7,3,36,4,16,3,0,726,0.7723404255319148
434,920,348,48,6,32,38,214,2,2,1,28,4,28,6,0,757,0.8228260869565217
435,596,128,11,3,16,24,113,5,4,1,21,3,11,1,0,341,0.5721476510067114
436,726,252,47,4,23,33,141,1,5,2,20,2,26,2,0,558,0.768595041322314
437,666,193,45,0,21,32,131,4,3,1,25,1,15,3,2,476,0.7147147147147147
438,772,257,48,3,29,30,165,5,6,0,22,1,23,3,1,593,0.7681347150259067
439,832,322,46,5,23,52,200,4,2,2,7,1,28,1,1,694,0.8341346153846154
440,802,266,47,4,29,34,198,5,3,1,17,2,29,3,0,638,0.7955112219451371
441,829,301,48,1,21,37,170,4,5,3,17,0,26,3,0,636,0.767189384800965
442,792,252,53,3,13,33,157,2,3,2,18,1,28,1,0,566,0.7146464646464646
443,664,183,34,0,14,38,137,3,8,1,16,1,25,4,1,465,0.7003012048192772
444,711,221,46,1,33,24,153,4,4,2,14,3,18,0,0,523,0.7355836849507735
445,701,209,38,3,20,25,159,5,9,4,18,3,16,2,1,512,0.7303851640513552
446,784,267,46,3,27,41,192,2,1,2,26,3,14,5,0,629,0.8022959183673469
447,763,243,32,0,25,47,175,4,3,3,22,1,18,2,0,575,0.7536041939711664
448,719,218,35,0,25,29,170,4,4,3,13,4,17,0,0,522,0.7260083449235049
449,666,236,52,4,21,37,145,4,3,1,13,4,14,1,0,535,0.8033033033033034
450,1132,277,54,6,31,40,259,6,8,5,34,3,33,3,1,760,0.6713780918727915
451,527,164,24,2,8,18,112,6,8,0,13,2,15,2,0,374,0.7096774193548387
452,1082,290,46,2,19,43,231,6,4,3,18,2,42,3,0,709,0.655268022181146
453,768,258,49,4,33,37,173,3,2,1,21,1,32,2,0,616,0.8020833333333334
454,668,185,26,1,13,31,161,0,6,2,25,5,16,2,0,473,0.7080838323353293
455,940,308,55,3,30,43,241,3,2,3,22,4,40,0,0,754,0.8021276595744681
456,785,244,48,0,22,37,169,3,10,1,29,2,30,1,2,598,0.7617834394904459
457,685,252,44,1,20,27,171,8,1,1,20,2,13,1,1,562,0.8204379562043795
458,676,244,22,4,22,37,158,2,6,0,16,2,27,0,0,540,0.7988165680473372
459,402,126,29,0,15,24,97,2,1,1,8,3,13,1,0,320,0.7960199004975125
460,728,251,41,5,41,36,155,1,4,2,18,2,21,1,0,578,0.7939560439560439
461,669,217,40,5,7,38,134,2,3,0,13,0,32,1,0,492,0.7354260089686099
462,686,232,35,8,17,28,146,4,1,0,26,1,31,1,0,530,0.7725947521865889
463,701,212,43,2,21,38,147,3,3,1,10,2,17,1,0,500,0.7132667617689016
464,613,185,25,0,15,35,143,3,4,0,19,5,27,3,0,464,0.7569331158238173
465,673,224,34,2,12,24,145,4,2,1,20,1,13,1,0,483,0.7176820208023774
466,772,224,54,1,28,34,167,3,8,4,21,2,26,2,1,575,0.7448186528497409
467,893,280,47,1,25,52,205,6,7,1,23,2,37,3,0,689,0.7715565509518477
468,725,231,41,5,32,23,153,2,3,1,22,2,23,5,0,543,0.7489655172413793
469,827,234,51,3,31,38,196,7,7,0,26,2,21,2,0,618,0.747279322853688
470,691,214,30,3,18,42,150,2,2,2,20,1,27,1,0,512,0.7409551374819102
471,688,189,38,6,29,33,164,4,4,1,20,2,19,2,1,512,0.7441860465116279
472,795,213,29,6,18,50,192,3,8,1,29,3,22,2,1,577,0.7257861635220125
473,644,197,25,2,20,27,141,3,8,2,17,1,21,3,0,467,0.7251552795031055
474,651,237,39,1,19,19,121,4,8,0,12,2,23,2,0,487,0.7480798771121352
475,739,264,31,2,17,29,172,4,4,0,19,2,23,1,0,568,0.7686062246278755
476,610,223,41,1,24,15,118,2,3,2,16,0,24,3,1,473,0.7754098360655738
477,838,259,48,11,32,49,202,2,3,2,27,1,20,2,1,659,0.7863961813842482
478,813,222,45,3,29,29,181,9,6,2,26,0,30,3,0,585,0.7195571955719557
479,1129,369,52,2,34,41,282,5,8,2,42,3,36,0,1,877,0.7767936226749336
480,1051,279,71,3,35,52,242,9,6,4,38,6,27,6,0,778,0.7402473834443387
481,629,160,20,2,18,14,147,6,7,5,20,6,22,5,0,432,0.6868044515103339
482,645,141,21,2,17,23,173,3,6,3,15,3,9,2,0,418,0.648062015503876
483,686,177,23,3,23,30,161,2,2,0,38,6,20,2,1,488,0.7113702623906706
484,715,138,19,3,21,29,177,4,8,1,15,0,22,1,1,439,0.6139860139860139
485,661,173,33,2,12,26,150,5,4,6,11,2,18,3,1,446,0.6747352496217852
486,695,122,24,0,16,21,163,8,5,1,15,2,7,3,10,397,0.5712230215827339
487,702,155,27,4,15,16,178,6,8,1,16,4,18,0,2,450,0.6410256410256411
488,694,242,41,2,17,40,176,5,3,2,23,2,13,1,0,567,0.8170028818443804
489,777,236,52,3,23,49,204,2,2,1,16,0,23,3,1,615,0.7915057915057915
490,817,265,53,1,28,35,189,4,4,2,15,3,26,4,0,629,0.769889840881273
491,637,212,38,2,20,24,165,2,3,1,11,0,13,1,0,492,0.7723704866562009
492,674,236,40,8,33,36,147,6,2,0,12,3,24,2,0,549,0.814540059347181
493,763,258,33,4,38,20,207,8,1,1,15,2,20,2,0,609,0.7981651376146789
494,739,214,45,3,22,51,163,2,1,2,19,1,29,3,1,556,0.7523680649526387
495,709,195,36,3,24,31,183,2,5,3,21,0,26,2,0,531,0.7489421720733427
496,836,281,36,2,29,41,181,3,7,3,23,3,33,2,0,644,0.7703349282296651
497,757,204,37,1,13,30,153,7,5,4,20,5,40,2,0,521,0.6882430647291942
498,769,241,46,1,24,32,161,2,4,3,12,9,38,4,0,577,0.7503250975292588
499,750,302,44,0,17,25,173,3,2,0,12,0,18,4,0,600,0.8
500,851,301,50,7,27,45,174,3,2,2,21,1,26,3,0,662,0.7779083431257344
501,744,285,36,6,26,43,129,2,2,1,21,2,19,3,1,576,0.7741935483870968
502,706,205,34,2,27,27,174,3,6,0,28,5,27,2,0,540,0.7648725212464589
503,786,222,44,4,20,24,179,3,8,4,25,3,20,3,0,559,0.7111959287531806
504,718,222,28,4,10,27,156,3,9,3,18,2,41,1,1,525,0.7311977715877437
505,735,223,31,2,20,32,180,6,3,2,17,3,28,4,2,553,0.7523809523809524
506,808,210,33,5,15,41,253,2,6,4,26,0,29,2,0,626,0.7747524752475248
507,695,226,41,4,13,48,182,0,2,2,19,2,15,0,0,554,0.7971223021582734
508,667,203,42,2,27,38,147,1,5,2,27,3,10,3,2,512,0.767616191904048
509,793,239,46,3,44,19,184,4,10,2,25,1,23,4,1,605,0.7629255989911727
510,947,325,56,0,26,24,203,5,5,1,26,4,26,2,0,703,0.7423442449841605
511,857,263,63,0,31,39,207,2,3,2,17,3,33,2,2,667,0.7782963827304551
512,900,295,84,2,29,50,222,2,10,0,26,1,26,3,0,750,0.8333333333333334
513,587,125,32,3,22,19,157,4,2,1,17,0,11,3,1,397,0.676320272572402
514,653,148,23,3,18,20,192,4,7,2,14,1,18,1,0,451,0.6906584992343032
515,695,169,26,3,22,19,169,5,8,5,16,1,23,3,0,469,0.6748201438848921
516,686,198,41,4,22,32,154,1,4,0,19,0,22,0,1,498,0.7259475218658892
517,682,210,33,1,19,31,130,2,3,2,20,0,24,0,0,475,0.6964809384164223
518,733,215,39,5,25,23,164,5,4,0,22,1,24,1,0,528,0.7203274215552524
519,800,230,44,3,25,30,163,3,8,1,15,4,24,3,2,555,0.69375
520,651,151,28,5,13,18,165,3,4,5,13,1,22,1,3,432,0.663594470046083
521,918,253,58,4,27,41,242,3,9,1,19,5,24,1,2,689,0.7505446623093682
522,854,222,20,3,19,26,201,5,6,4,19,5,23,7,2,562,0.65807962529274
523,497,128,27,0,17,12,116,5,2,2,15,2,19,1,0,346,0.6961770623742455
524,648,172,33,3,26,29,142,5,2,0,20,4,21,8,1,466,0.7191358024691358
525,906,295,69,6,34,46,186,5,8,1,18,5,38,5,0,716,0.7902869757174393
526,678,219,46,2,25,22,163,2,3,0,13,1,12,1,0,509,0.7507374631268436
527,998,317,66,3,30,36,221,3,11,2,29,2,27,2,1,750,0.751503006012024
528,841,200,47,3,22,43,198,5,6,3,20,5,24,2,2,580,0.6896551724137931
529,1053,294,58,2,36,56,286,5,13,1,22,0,34,0,2,809,0.768281101614435
530,746,227,44,6,14,37,160,2,8,1,27,2,31,1,0,560,0.7506702412868632
531,737,227,52,0,18,30,182,1,8,2,19,2,18,2,2,563,0.7639077340569878
532,595,284,43,2,15,13,62,6,3,0,7,0,45,1,0,481,0.8084033613445378
533,685,227,27,2,13,33,99,5,5,4,17,4,31,3,2,472,0.689051094890511
534,566,156,26,6,14,39,157,0,4,1,18,1,19,2,2,445,0.7862190812720848
535,584,160,31,3,8,37,131,5,4,2,9,2,26,1,2,421,0.7208904109589042
536,733,243,37,3,24,28,184,1,4,1,13,3,20,0,0,561,0.7653478854024557
537,734,248,46,6,17,53,158,3,6,2,22,0,22,1,0,584,0.7956403269754768
538,639,244,30,4,20,31,155,2,3,1,13,3,19,2,0,527,0.8247261345852895
539,877,317,49,4,32,48,186,2,2,2,19,2,32,1,0,696,0.7936145952109465
540,702,215,33,2,17,39,135,9,2,2,25,3,27,1,0,510,0.7264957264957265
541,730,250,42,3,17,32,151,3,4,3,14,4,17,1,0,541,0.7410958904109589
542,715,244,32,2,28,20,167,4,6,1,16,1,33,1,2,557,0.779020979020979
543,786,254,47,4,24,49,162,2,3,6,15,1,26,2,1,596,0.7582697201017812
544,707,282,44,1,15,37,138,7,4,2,6,0,19,3,0,558,0.7892503536067893
545,641,234,33,0,19,27,146,4,4,0,13,1,24,2,0,507,0.7909516380655226
546,880,241,39,8,18,37,219,2,5,4,24,4,27,3,0,631,0.7170454545454545
547,805,283,44,10,22,40,168,4,5,2,22,2,39,0,1,642,0.7975155279503106
548,792,274,36,6,38,40,159,4,5,0,20,1,20,2,0,605,0.7638888888888888
549,682,196,48,5,23,25,159,4,4,1,19,1,15,3,1,504,0.7390029325513197
550,589,175,21,1,13,31,117,3,2,1,25,2,21,1,1,414,0.7028862478777589
551,615,129,21,0,22,38,166,3,3,2,14,2,18,0,0,418,0.6796747967479675
552,604,150,15,1,19,29,153,2,10,0,16,2,13,1,0,411,0.6804635761589404
553,575,151,19,0,12,21,139,2,10,0,18,1,14,0,0,387,0.6730434782608695
554,612,162,15,2,24,36,153,2,3,1,15,1,14,1,0,429,0.7009803921568627
555,625,173,20,1,19,32,130,10,3,1,15,2,18,2,1,427,0.6832
556,631,186,22,1,19,40,110,4,6,2,17,2,21,2,1,433,0.6862123613312203
557,637,158,31,4,24,17,148,2,10,1,19,1,20,1,0,436,0.6844583987441131
558,613,182,33,1,21,32,109,1,4,1,17,0,15,2,0,418,0.6818923327895595
559,708,217,18,5,21,38,168,3,1,4,12,2,24,1,0,514,0.7259887005649718
560,731,290,35,3,21,26,124,7,2,4,14,0,19,2,0,547,0.7482900136798906
561,761,246,43,2,21,32,157,2,3,2,21,4,24,0,0,557,0.7319316688567674
562,643,180,21,0,24,42,140,3,10,1,15,2,22,1,1,462,0.71850699844479
563,684,216,35,0,23,26,152,1,5,0,12,0,16,2,1,489,0.7149122807017544
564,585,165,19,4,12,21,124,2,3,1,18,2,13,0,1,385,0.6581196581196581
565,693,164,29,1,23,39,160,5,4,3,8,3,34,1,1,475,0.6854256854256854
566,650,179,26,3,30,32,159,6,6,1,14,1,22,2,0,481,0.74
567,678,228,33,1,23,26,130,2,3,2,21,0,14,1,1,485,0.7153392330383481
568,688,192,37,2,16,28,154,4,3,3,24,4,7,1,1,476,0.6918604651162791
569,483,134,17,1,15,22,116,2,6,0,13,2,7,2,0,337,0.6977225672877847
570,667,208,29,3,19,23,126,3,7,1,21,1,25,0,2,468,0.7016491754122939
571,676,213,27,4,19,25,133,3,9,3,18,2,16,3,0,475,0.7026627218934911
572,1134,330,73,5,23,63,264,2,6,0,29,7,35,5,0,842,0.7425044091710759
573,843,232,33,2,16,24,177,6,7,3,29,2,25,2,0,558,0.6619217081850534
574,675,209,22,2,20,19,140,4,2,1,19,2,18,1,1,460,0.6814814814814815
575,883,271,50,2,21,29,169,10,9,2,27,3,40,1,0,634,0.7180067950169875
576,698,189,38,4,17,26,146,4,6,2,16,0,26,2,1,477,0.6833810888252149
577,670,188,37,5,24,25,138,3,6,2,18,3,20,2,0,471,0.7029850746268657
578,801,246,25,2,21,41,188,5,8,1,21,3,24,2,0,587,0.7328339575530587
579,730,163,28,0,21,29,162,5,4,0,14,1,19,2,2,450,0.6164383561643836
580,650,131,16,1,20,17,166,6,6,3,11,4,31,2,0,414,0.6369230769230769
581,685,155,25,2,28,34,179,2,6,3,16,0,22,0,0,472,0.689051094890511
582,736,205,24,5,20,33,183,3,10,1,19,1,24,2,5,535,0.7269021739130435
583,771,248,38,2,27,40,161,3,5,4,20,2,31,4,1,586,0.7600518806744487
584,702,237,25,4,30,37,113,4,3,1,14,3,39,1,0,511,0.7279202279202279
585,610,119,14,4,13,18,116,5,6,3,2,3,11,2,0,316,0.5180327868852459
586,622,196,21,2,30,19,145,4,3,2,7,1,19,0,0,449,0.7218649517684887
587,693,180,41,2,17,27,178,2,4,2,14,3,26,4,0,500,0.7215007215007215
588,644,164,25,4,31,42,149,9,7,2,22,2,20,1,0,478,0.7422360248447205
589,747,262,44,3,20,50,161,2,1,0,5,4,20,0,0,572,0.7657295850066934
590,678,214,42,4,26,32,152,5,5,1,21,4,12,0,0,518,0.7640117994100295
591,744,279,36,1,16,47,154,3,3,1,18,0,33,0,0,591,0.7943548387096774
592,697,226,30,0,24,41,165,4,4,2,26,1,22,1,0,546,0.7833572453371592
593,692,231,41,3,25,33,147,5,1,1,17,1,18,0,1,524,0.7572254335260116
594,660,201,28,3,23,25,150,3,5,1,6,2,28,2,2,479,0.7257575757575757
595,722,213,28,1,21,47,157,4,5,3,28,2,27,5,0,541,0.7493074792243767
596,755,228,41,2,27,44,177,3,5,3,30,0,13,2,0,575,0.7615894039735099
597,788,240,43,5,16,43,201,1,5,1,23,0,25,1,0,604,0.766497461928934
598,665,172,41,3,28,49,175,5,4,0,10,2,19,1,0,509,0.7654135338345864
599,657,153,20,6,13,19,144,5,3,3,10,0,19,0,2,397,0.604261796042618
600,820,238,45,3,30,47,151,9,10,4,21,3,29,3,0,593,0.723170731707317
601,716,211,34,1,15,32,176,3,2,0,17,3,15,2,0,511,0.7136871508379888
602,666,156,23,1,22,12,176,3,3,1,17,0,20,4,1,439,0.6591591591591591
603,728,202,39,2,29,37,191,2,2,3,23,2,24,1,1,558,0.7664835164835165
604,535,162,28,1,16,16,127,2,4,3,19,4,16,5,2,405,0.7570093457943925
605,748,203,31,1,33,41,214,3,1,1,16,3,21,4,0,572,0.7647058823529411
606,869,254,44,1,51,56,207,7,6,3,23,1,29,2,1,685,0.7882623705408516
607,879,257,44,4,40,41,203,3,8,1,33,2,23,1,1,661,0.7519908987485779
608,757,235,52,1,32,35,165,3,5,2,23,4,16,0,0,573,0.7569352708058125
609,879,268,54,5,26,57,214,3,5,3,37,5,15,1,0,693,0.78839590443686
610,809,278,52,7,26,40,180,1,7,2,24,1,15,6,4,643,0.7948084054388134
611,696,241,54,1,23,32,155,3,6,0,19,1,15,2,1,553,0.7945402298850575
612,853,282,40,1,32,36,170,7,7,2,25,3,28,1,1,635,0.7444314185228605
613,466,78,14,0,10,42,140,1,2,0,19,1,18,3,0,328,0.703862660944206
614,649,159,38,1,12,21,157,3,10,3,8,7,14,0,5,438,0.674884437596302
615,682,191,49,3,17,14,166,3,7,4,14,3,13,1,0,485,0.7111436950146628
616,648,185,34,0,28,21,141,3,3,2,12,3,16,1,2,451,0.6959876543209876
617,688,194,21,2,18,22,166,2,4,2,14,4,18,1,1,469,0.6816860465116279
618,714,218,27,1,25,47,154,0,5,0,20,2,13,2,3,517,0.7240896358543417
619,659,208,44,0,18,41,134,2,3,0,19,1,12,1,0,483,0.7329286798179059
620,775,222,47,9,25,48,203,5,0,1,21,0,17,0,0,598,0.7716129032258064
621,752,264,37,8,12,24,143,5,7,2,20,4,36,3,0,565,0.7513297872340425
622,948,308,41,6,33,59,214,3,8,2,22,0,36,2,1,735,0.7753164556962026
623,939,229,25,7,29,28,260,4,7,2,31,2,23,4,0,651,0.6932907348242812
624,842,202,35,1,30,64,256,3,4,0,34,2,26,3,0,660,0.7838479809976246
625,755,193,56,1,32,41,186,3,3,2,14,2,17,1,1,552,0.7311258278145696
626,792,223,35,6,39,67,178,4,6,8,20,1,22,1,1,611,0.7714646464646465
627,812,203,43,1,37,52,243,4,11,4,16,4,23,0,0,641,0.7894088669950738
628,784,226,50,2,27,72,185,3,8,1,18,0,15,2,2,611,0.7793367346938775
629,722,227,28,4,22,43,193,5,3,1,19,0,8,1,2,556,0.7700831024930748
630,727,209,30,1,30,51,161,2,5,3,14,1,25,0,0,532,0.7317744154057771
631,733,169,24,0,23,38,204,7,4,3,17,2,23,0,0,514,0.7012278308321964
632,791,226,59,2,28,54,175,2,4,0,22,4,31,0,0,607,0.7673830594184576
633,794,262,44,4,21,52,211,7,3,0,16,2,18,3,0,643,0.809823677581864
634,796,222,33,2,20,56,197,6,6,2,14,0,28,3,0,589,0.7399497487437185
635,706,217,33,3,25,45,173,1,2,3,23,3,23,0,0,551,0.7804532577903682
636,716,228,31,1,35,31,147,3,3,5,8,4,30,0,0,526,0.7346368715083799
637,721,277,38,4,21,30,176,7,4,2,9,4,31,2,0,605,0.8391123439667129
638,694,235,35,4,25,21,155,2,2,2,11,3,24,0,0,519,0.7478386167146974
639,683,227,34,4,21,28,131,5,4,2,12,1,29,4,1,503,0.7364568081991215
640,652,224,32,3,13,16,127,5,5,3,12,4,37,1,0,482,0.7392638036809815
641,499,174,17,1,12,36,122,0,1,1,7,3,15,0,0,389,0.779559118236473
642,680,233,32,2,22,31,146,3,7,0,16,3,29,1,0,525,0.7720588235294118
643,685,234,43,3,18,21,162,3,1,3,13,2,31,1,0,535,0.781021897810219
644,696,205,40,2,29,29,177,6,3,4,17,0,31,1,0,544,0.7816091954022989
645,684,206,22,1,23,33,113,8,5,2,17,3,51,1,1,486,0.7105263157894737
646,695,254,39,4,18,25,149,6,1,2,12,0,29,0,0,539,0.7755395683453238
647,712,239,30,2,21,36,190,4,0,3,5,0,24,1,1,556,0.7808988764044944
648,783,270,31,6,35,43,183,2,1,1,22,3,32,1,0,630,0.8045977011494253
649,623,145,36,3,12,22,174,3,5,3,16,3,21,1,0,444,0.7126805778491172
650,703,197,30,3,15,31,173,7,5,0,26,2,16,2,0,507,0.7211948790896159
651,636,163,23,4,10,22,148,4,7,2,17,0,16,1,2,419,0.6588050314465409
652,628,145,41,1,13,27,156,8,3,0,11,0,17,0,1,423,0.6735668789808917
653,246,49,4,1,145,4,33,0,0,2,1,2,2,0,0,243,0.9878048780487805
654,458,38,2,1,208,1,25,0,0,2,0,1,0,1,0,279,0.6091703056768559
655,439,26,1,0,203,2,23,1,1,0,1,1,0,0,0,259,0.5899772209567198
656,683,147,22,2,77,29,171,7,3,1,11,2,20,1,1,494,0.7232796486090776
657,657,192,35,1,64,31,139,1,7,3,7,2,20,1,0,503,0.7656012176560122
658,564,113,15,2,22,20,143,5,7,0,10,2,14,0,0,353,0.625886524822695
659,850,252,40,4,24,44,185,10,9,4,29,3,19,3,1,627,0.7376470588235294
660,943,258,78,5,27,59,210,2,3,3,29,1,28,3,0,706,0.7486744432661718
661,715,183,46,3,13,33,192,3,4,3,23,3,29,2,0,537,0.7510489510489511
662,622,184,30,1,23,33,145,4,5,4,9,1,21,2,0,462,0.7427652733118971
663,605,168,24,7,44,51,149,6,4,3,7,1,16,0,0,480,0.7933884297520661
664,689,226,41,0,17,45,154,3,3,2,14,2,26,1,0,534,0.7750362844702468
665,705,223,37,8,23,41,157,4,5,2,8,3,27,2,0,540,0.7659574468085106
666,723,225,36,10,26,23,120,4,6,4,10,1,32,1,0,498,0.6887966804979253
667,915,334,61,4,35,54,212,8,7,1,16,1,31,2,0,766,0.8371584699453551
668,651,203,33,0,15,19,124,1,3,3,11,0,27,0,0,439,0.674347158218126
669,767,241,38,1,5,47,185,4,0,0,23,2,32,0,0,578,0.7535853976531942
670,804,229,37,1,22,31,203,7,4,2,19,4,28,1,0,588,0.7313432835820896
671,810,247,40,3,19,47,186,3,6,4,21,7,25,1,0,609,0.7518518518518519
672,749,243,36,6,21,34,147,3,3,0,16,1,29,1,0,540,0.7209612817089452
673,881,280,47,3,20,42,207,3,7,4,25,4,24,2,0,668,0.7582292849035187
674,1012,313,41,0,21,45,315,4,2,3,22,3,26,1,0,796,0.7865612648221344
675,726,247,54,2,33,40,193,3,4,3,18,2,19,0,0,618,0.8512396694214877
676,935,307,45,5,22,57,222,3,4,2,29,2,31,2,0,731,0.7818181818181819
677,685,231,24,6,24,38,142,4,5,4,17,4,31,2,0,532,0.7766423357664234
678,921,320,47,4,26,33,214,1,7,1,20,1,41,4,0,719,0.7806731813246471
679,735,235,38,4,26,36,204,4,4,1,19,1,21,0,0,593,0.8068027210884354
680,753,252,36,1,19,54,163,0,5,0,14,3,20,1,0,568,0.7543160690571049
681,771,248,32,6,23,31,184,1,3,1,23,2,27,2,0,583,0.7561608300907912
682,741,242,33,2,20,45,202,6,3,2,22,3,28,2,0,610,0.8232118758434548
683,777,271,43,6,18,34,148,2,4,2,8,3,35,2,0,576,0.7413127413127413
684,753,274,50,4,23,44,155,5,1,1,18,1,29,1,0,606,0.8047808764940239
685,813,283,43,4,30,44,176,2,5,0,16,1,21,3,0,628,0.7724477244772447
686,782,234,37,3,19,40,175,4,3,0,18,4,29,3,0,569,0.7276214833759591
687,808,228,44,4,36,33,212,8,6,3,20,1,30,2,0,627,0.775990099009901
688,748,250,36,3,14,34,155,2,6,2,15,3,40,0,1,561,0.75
689,758,250,33,1,7,28,155,6,4,0,12,2,33,2,0,533,0.7031662269129287
690,745,196,37,5,22,51,158,6,8,2,26,3,25,4,0,543,0.7288590604026846
691,757,207,30,3,55,43,168,5,2,4,14,3,16,3,1,554,0.7318361955085865
692,541,136,25,1,7,19,154,0,3,2,5,1,19,4,0,376,0.6950092421441775
693,700,190,23,6,21,36,175,4,6,3,19,2,16,0,1,502,0.7171428571428572
694,611,145,29,2,10,23,146,9,6,2,18,0,21,1,0,412,0.67430441898527
695,796,198,41,9,17,47,161,5,11,2,23,2,35,2,0,553,0.6947236180904522
696,674,187,25,7,14,31,149,5,2,6,16,5,21,0,1,469,0.6958456973293768
697,655,188,32,3,17,31,189,4,7,1,18,3,11,4,2,510,0.7786259541984732
698,826,194,43,6,14,51,182,2,6,4,36,1,24,6,1,570,0.6900726392251816
699,798,277,34,6,20,38,193,2,3,0,15,4,19,3,0,614,0.7694235588972431
700,768,231,44,2,30,52,157,2,7,1,28,3,18,0,0,575,0.7486979166666666
701,694,195,48,2,20,52,159,0,6,5,18,1,8,2,1,517,0.7449567723342939
702,697,207,41,3,23,32,154,4,7,2,15,2,14,2,2,508,0.7288378766140603
703,712,205,39,1,24,38,206,4,1,2,20,2,21,1,0,564,0.7921348314606742
704,634,190,26,2,27,35,117,6,7,1,19,0,26,2,0,458,0.722397476340694
705,546,132,23,3,11,40,121,4,5,1,17,2,32,2,0,393,0.7197802197802198
706,501,114,25,2,11,22,110,7,3,0,12,1,13,2,0,322,0.6427145708582834
707,511,134,31,3,16,20,127,3,2,0,5,1,15,2,0,359,0.7025440313111546
708,474,33,3,0,5,3,47,1,1,2,3,2,12,1,0,113,0.23839662447257384
709,531,183,19,1,18,22,116,7,0,4,17,2,17,0,1,407,0.7664783427495292
710,548,171,25,0,14,35,137,2,3,1,6,5,16,1,1,417,0.7609489051094891
711,564,200,23,4,18,29,121,1,6,0,12,1,19,5,0,439,0.7783687943262412
712,486,144,19,1,18,28,148,2,0,0,13,1,11,0,0,385,0.7921810699588477
713,791,262,33,4,14,57,200,2,7,4,15,0,20,2,1,621,0.7850821744627055
714,997,332,52,4,48,76,207,3,7,2,16,3,37,1,0,788,0.7903711133400201
715,571,154,34,3,18,60,176,2,1,7,15,0,10,0,0,480,0.840630472854641
716,455,177,15,0,28,22,121,0,1,3,8,0,5,2,0,382,0.8395604395604396
717,417,133,13,2,7,24,145,0,2,2,7,2,12,1,1,351,0.841726618705036
718,372,94,20,3,15,29,119,0,0,2,3,0,4,1,0,290,0.7795698924731183
719,493,134,16,2,50,27,159,1,1,1,5,2,6,0,0,404,0.8194726166328601
720,570,166,27,0,20,40,166,3,0,0,11,5,8,0,0,446,0.7824561403508772
721,209,55,7,1,12,12,62,2,1,1,4,1,6,2,0,166,0.7942583732057417
722,703,223,39,4,35,37,215,2,0,3,8,1,21,0,2,590,0.8392603129445235
723,505,108,23,4,19,29,220,3,1,2,6,1,7,0,0,423,0.8376237623762376
724,667,186,34,3,9,34,165,10,2,3,9,2,22,0,0,479,0.7181409295352323
725,687,174,28,5,18,20,134,3,2,0,17,1,21,2,1,426,0.6200873362445415
726,565,174,26,10,12,9,114,13,1,3,5,2,22,0,0,391,0.6920353982300885
727,553,220,29,4,10,18,122,2,4,1,6,1,22,0,0,439,0.7938517179023508
728,604,150,35,3,11,28,130,5,4,4,10,3,33,0,0,416,0.6887417218543046
729,723,248,37,3,21,21,166,5,5,1,18,0,17,0,1,543,0.7510373443983402
730,742,225,26,3,14,27,174,4,10,3,14,2,37,2,1,542,0.7304582210242587
731,658,203,32,1,20,28,172,1,5,3,10,0,31,1,1,508,0.7720364741641338
732,834,250,28,6,32,40,198,2,2,2,13,4,40,0,0,617,0.7398081534772182
733,710,197,42,5,24,50,201,2,0,2,7,2,24,2,0,558,0.7859154929577464
734,668,207,20,1,17,37,198,3,2,4,13,2,13,0,0,517,0.7739520958083832
735,835,225,27,4,33,46,279,1,2,3,11,2,18,0,0,651,0.7796407185628742
736,815,215,32,2,16,40,231,10,3,1,17,1,17,0,0,585,0.7177914110429447
737,675,250,25,1,22,39,156,2,0,0,10,0,16,1,1,523,0.7748148148148148
738,712,224,24,7,28,51,207,3,1,1,11,2,12,0,0,571,0.8019662921348315
739,692,206,29,1,19,49,197,1,1,0,11,3,18,1,0,536,0.7745664739884393
740,652,207,35,3,38,37,155,3,3,0,15,2,20,2,1,521,0.799079754601227
741,135,11,2,7,12,1,6,4,1,2,2,0,0,0,0,48,0.35555555555555557
742,1334,493,84,7,33,51,277,2,4,1,29,1,71,3,0,1056,0.7916041979010495
743,791,219,31,3,40,45,300,2,0,2,13,1,17,0,0,673,0.8508217446270544
744,813,192,19,1,46,46,338,2,1,6,18,1,12,0,0,682,0.8388683886838868
745,480,118,14,1,67,20,128,1,2,3,5,0,20,0,0,379,0.7895833333333333
746,700,241,37,3,18,32,146,1,1,0,12,1,28,1,0,521,0.7442857142857143
747,692,205,24,0,30,30,183,3,7,2,20,3,29,0,0,536,0.7745664739884393
748,717,244,51,5,13,31,134,8,4,1,18,2,43,1,0,555,0.7740585774058577
749,677,195,35,2,25,43,181,3,1,1,10,0,27,1,0,524,0.7740029542097489
750,680,215,23,4,14,35,164,4,1,3,10,7,39,2,0,521,0.7661764705882353
751,779,246,47,1,27,45,164,6,4,2,14,1,29,3,0,589,0.7560975609756098
752,738,246,38,4,20,49,190,6,2,4,5,3,25,2,0,594,0.8048780487804879
753,689,207,32,2,41,26,178,0,1,2,8,2,28,1,0,528,0.7663280116110305
754,742,219,39,4,18,41,184,4,1,2,16,3,27,0,0,558,0.7520215633423181
755,702,227,46,3,24,39,122,5,4,1,8,3,25,2,0,509,0.7250712250712251
756,747,238,41,3,23,31,181,6,2,2,17,2,30,0,0,576,0.7710843373493976
757,700,215,30,4,15,45,189,4,2,1,13,1,14,3,0,536,0.7657142857142857
758,659,224,34,3,17,35,123,1,1,1,16,5,23,3,0,486,0.7374810318664643
759,661,204,34,3,22,26,155,2,3,3,18,2,20,0,1,493,0.745839636913767
760,773,245,37,9,31,39,236,2,3,1,15,1,17,1,1,638,0.8253557567917206
761,741,240,38,0,18,60,202,4,2,4,20,3,23,1,0,615,0.8299595141700404
762,1049,312,41,1,38,68,319,0,0,3,21,2,25,1,0,831,0.792183031458532
763,679,211,39,5,23,38,154,4,3,2,8,1,43,0,0,531,0.7820324005891016
764,754,241,45,1,25,49,204,2,2,1,18,1,18,1,0,608,0.8063660477453581
765,716,215,36,3,16,49,167,8,5,1,20,0,25,0,0,545,0.7611731843575419
766,782,246,25,3,35,47,236,2,4,1,10,2,17,0,0,628,0.80306905370844
767,724,207,44,5,25,39,167,3,3,1,10,2,28,1,0,535,0.738950276243094
768,824,225,48,3,22,46,229,1,2,3,18,1,14,3,0,615,0.7463592233009708
769,654,209,40,10,13,23,143,6,1,1,13,1,19,1,0,480,0.7339449541284404
770,734,203,35,5,34,49,243,2,1,1,12,3,16,0,0,604,0.8228882833787466
771,752,182,37,3,16,54,277,3,2,1,6,0,21,0,0,602,0.800531914893617
772,799,211,26,2,30,60,254,2,2,5,18,0,13,0,1,624,0.7809762202753442
773,717,208,31,2,22,47,195,3,4,3,16,2,23,3,0,559,0.7796373779637378
774,652,181,24,3,19,30,220,0,0,1,20,0,11,1,0,510,0.7822085889570553
775,525,142,13,3,12,48,208,0,1,1,9,0,6,0,0,443,0.8438095238095238
776,531,136,12,2,39,23,216,1,0,0,3,2,6,0,0,440,0.8286252354048964
777,278,67,6,2,63,19,84,0,0,1,4,1,5,0,0,252,0.9064748201438849
778,262,33,6,2,10,3,62,0,2,1,1,0,0,0,0,120,0.4580152671755725
779,668,95,14,3,31,58,340,1,2,1,8,6,5,2,0,566,0.8473053892215568
780,587,145,17,1,23,54,229,2,0,1,6,0,11,0,0,489,0.8330494037478705
781,474,125,9,2,25,36,177,1,1,1,4,1,15,0,0,397,0.8375527426160337
782,468,112,12,2,20,33,199,1,2,6,13,1,5,0,0,406,0.8675213675213675
783,254,58,14,2,9,28,114,0,0,1,1,0,5,0,0,232,0.9133858267716536
784,662,192,28,8,45,81,156,5,2,4,9,5,14,0,0,549,0.8293051359516617
785,667,204,23,2,15,49,222,0,0,3,6,1,16,0,0,541,0.8110944527736131
786,505,137,25,2,15,66,147,1,0,4,6,0,12,0,0,415,0.8217821782178217
787,752,240,47,1,25,46,176,2,3,3,15,3,17,2,0,580,0.7712765957446809
788,729,206,42,1,22,22,218,1,3,1,12,3,24,2,0,557,0.7640603566529492
789,729,259,44,4,32,38,167,4,3,2,12,4,16,2,0,587,0.8052126200274349
790,792,222,48,3,33,39,233,4,1,0,22,4,6,0,0,615,0.7765151515151515
791,700,216,36,2,23,32,181,4,2,4,20,2,22,0,0,544,0.7771428571428571
792,748,205,51,8,26,31,184,4,8,1,10,1,28,0,0,557,0.7446524064171123
793,671,221,25,2,18,29,157,3,3,4,20,3,29,1,3,518,0.7719821162444114
794,651,218,40,2,25,16,142,4,1,3,17,0,18,3,1,490,0.7526881720430108
795,667,214,40,2,28,35,155,2,5,3,12,1,20,2,0,519,0.7781109445277361
796,669,194,21,5,26,29,130,7,2,1,21,0,30,1,0,467,0.6980568011958147
797,753,242,45,3,21,47,158,2,3,2,21,2,26,0,1,573,0.7609561752988048
798,716,192,33,3,28,23,140,10,3,6,14,3,23,2,0,480,0.6703910614525139
799,642,222,46,5,26,41,119,2,2,0,16,1,21,3,1,505,0.7866043613707165
800,660,178,47,1,17,24,147,4,2,0,19,2,40,2,0,483,0.7318181818181818
801,657,206,40,0,33,21,178,1,4,0,12,2,20,0,1,518,0.7884322678843226
802,588,176,43,4,34,22,130,3,1,1,16,2,15,2,1,450,0.7653061224489796
803,738,232,52,2,15,27,159,3,4,1,24,1,29,3,0,552,0.7479674796747967
804,705,216,45,2,14,37,194,2,5,3,19,1,16,2,0,556,0.7886524822695036
805,701,186,37,1,24,33,196,6,4,2,16,2,25,0,0,532,0.7589158345221113
806,612,170,42,4,21,36,115,1,4,0,20,3,29,0,0,445,0.7271241830065359
807,828,183,29,3,22,36,170,1,4,2,10,0,21,1,1,483,0.5833333333333334
808,992,323,68,7,26,54,235,4,5,3,26,2,27,2,1,783,0.7893145161290323
809,666,183,31,3,27,33,190,0,3,3,16,5,11,2,0,507,0.7612612612612613
810,695,210,48,0,14,32,145,4,3,2,12,3,32,1,0,506,0.7280575539568346
811,703,207,35,1,32,28,232,2,2,2,10,1,15,0,0,567,0.8065433854907539
812,696,209,39,1,23,31,169,1,5,2,22,1,18,2,0,523,0.7514367816091954
813,650,183,31,0,22,43,165,1,3,0,11,3,18,0,0,480,0.7384615384615385
814,637,206,22,3,18,28,167,2,3,4,11,1,34,1,1,501,0.7864992150706437
815,777,236,49,5,32,47,235,1,1,2,17,4,20,2,0,651,0.8378378378378378
816,577,154,32,1,11,24,83,6,7,4,7,2,24,2,0,357,0.6187175043327556
817,595,192,28,0,20,32,129,3,5,1,11,3,18,0,1,443,0.7445378151260504
818,664,248,28,2,27,35,119,4,4,4,18,0,17,1,0,507,0.7635542168674698
819,700,210,37,1,14,34,163,0,7,1,17,3,31,2,0,520,0.7428571428571429
820,666,224,31,1,29,29,124,1,4,2,19,3,16,3,0,486,0.7297297297297297
821,694,228,45,1,25,34,140,5,3,0,18,0,17,3,2,521,0.7507204610951008
822,654,202,31,5,31,18,153,6,3,1,12,2,21,2,0,487,0.7446483180428135
823,731,212,33,11,26,38,164,7,4,1,18,1,20,3,0,538,0.7359781121751026
824,692,174,31,8,31,39,183,3,4,2,20,1,21,2,1,520,0.7514450867052023
825,774,229,52,4,30,32,166,1,7,1,16,3,18,2,0,561,0.7248062015503876
826,673,219,36,2,30,31,146,5,2,2,13,1,21,2,0,510,0.7578008915304606
827,610,199,32,3,26,24,136,5,2,1,12,2,16,0,0,458,0.7508196721311475
828,656,186,40,5,35,65,165,2,1,1,13,4,19,0,0,536,0.8170731707317073
829,643,180,35,0,22,40,151,3,0,1,23,1,25,1,0,482,0.749611197511664
830,718,262,39,4,17,35,168,5,3,2,17,3,20,2,0,577,0.8036211699164345
831,686,235,51,1,26,36,149,2,2,5,11,3,23,1,0,545,0.7944606413994169
832,595,195,40,2,13,24,157,1,4,2,13,0,20,0,1,472,0.7932773109243697
833,591,179,25,3,12,25,138,4,2,3,11,0,21,0,0,423,0.7157360406091371
834,780,272,46,5,28,25,144,3,1,5,21,1,13,1,1,566,0.7256410256410256
835,786,243,42,3,20,41,169,0,5,3,17,5,22,2,0,572,0.727735368956743
836,651,196,47,4,20,29,140,4,9,2,11,1,26,3,0,492,0.7557603686635944
837,700,227,31,0,21,43,159,1,4,4,17,1,19,4,0,531,0.7585714285714286
838,654,226,35,3,23,38,129,2,2,3,16,0,17,1,1,496,0.7584097859327217
839,632,211,30,2,22,25,139,8,3,1,11,7,25,4,0,488,0.7721518987341772
840,619,171,23,0,25,39,149,6,3,3,10,2,18,0,0,449,0.7253634894991923
841,717,259,61,3,20,35,154,3,4,1,24,2,27,3,0,596,0.8312412831241283
842,850,289,51,3,26,41,193,5,4,0,16,4,26,1,1,660,0.7764705882352941
843,747,235,41,3,40,32,142,3,0,0,22,4,33,2,3,560,0.749665327978581
844,948,311,57,11,33,39,228,4,4,4,13,4,25,3,2,738,0.7784810126582279
845,706,235,40,4,26,46,174,3,3,1,16,1,17,3,0,569,0.8059490084985835
846,717,238,34,3,23,33,140,4,5,6,19,4,25,3,0,537,0.7489539748953975
847,702,247,32,3,29,31,167,3,5,2,11,1,23,2,0,556,0.792022792022792
848,689,258,45,0,30,25,163,3,4,1,17,1,15,1,0,563,0.8171262699564587
849,640,226,35,2,13,21,172,3,0,1,18,2,14,4,0,511,0.7984375
850,739,218,33,1,19,39,215,1,6,3,19,2,20,2,0,578,0.7821380243572396
851,749,229,44,2,29,53,210,2,2,0,19,0,9,2,0,601,0.8024032042723631
852,713,301,47,6,24,22,148,3,1,2,13,1,26,1,0,595,0.8345021037868162
853,770,262,43,1,23,43,159,4,6,2,24,3,25,6,1,602,0.7818181818181819
854,712,258,58,3,32,20,153,1,3,0,13,3,13,2,0,559,0.7851123595505618
855,617,214,45,2,23,30,167,1,3,0,15,1,13,1,0,515,0.8346839546191248
856,872,306,46,1,29,52,212,1,0,1,27,1,27,2,1,706,0.8096330275229358
857,719,259,60,0,29,27,146,10,3,2,15,4,14,1,0,570,0.7927677329624478
858,803,295,47,2,26,36,215,2,2,4,22,1,16,0,1,669,0.8331257783312578
859,749,248,58,1,15,36,208,1,2,3,20,1,21,2,1,617,0.8237650200267023
860,784,305,33,6,26,37,183,7,4,1,28,3,20,3,0,656,0.8367346938775511
861,761,283,58,0,19,17,158,1,3,0,14,1,25,3,0,582,0.7647831800262812
862,720,263,41,4,25,51,160,6,1,2,9,1,20,2,0,585,0.8125
863,753,263,49,1,28,31,154,0,4,0,18,1,24,0,0,573,0.7609561752988048
864,766,273,53,4,30,45,158,1,2,0,16,2,22,1,2,609,0.7950391644908616
865,789,267,57,6,32,45,172,0,1,4,17,2,11,1,0,615,0.779467680608365
866,671,260,38,4,20,42,129,5,2,2,14,2,22,0,1,541,0.8062593144560357
867,599,216,43,6,15,28,102,3,2,1,16,0,24,2,1,459,0.7662771285475793
868,591,181,24,3,15,27,140,3,2,0,13,4,15,4,0,431,0.7292724196277496
869,638,215,33,3,24,20,113,5,4,1,11,3,21,3,0,456,0.7147335423197492
870,565,141,30,1,4,15,126,4,1,1,7,2,27,1,0,360,0.6371681415929203
871,689,208,50,4,32,33,127,3,6,4,15,5,14,2,0,503,0.7300435413642961
872,885,291,40,6,31,41,187,6,3,4,25,4,22,4,0,664,0.7502824858757062
873,503,144,36,1,11,32,112,6,4,2,8,1,13,2,0,372,0.7395626242544732
874,808,229,48,2,39,50,186,1,5,1,14,2,15,4,0,596,0.7376237623762376
875,463,77,8,0,9,11,125,1,4,4,12,0,10,2,1,264,0.5701943844492441
876,638,238,44,1,16,17,137,2,4,1,11,1,35,3,0,510,0.799373040752351
877,462,140,35,6,14,16,105,3,4,1,8,2,16,3,0,353,0.7640692640692641
878,944,342,55,4,30,33,200,6,5,2,18,1,35,1,1,733,0.7764830508474576
879,953,313,61,9,25,25,226,6,6,0,23,2,35,2,0,733,0.7691500524658972
880,943,282,63,7,22,38,182,5,3,1,20,1,33,1,0,658,0.6977730646871686
881,759,212,51,2,32,39,138,1,9,4,25,0,27,2,1,543,0.7154150197628458
882,562,160,41,1,29,17,143,4,2,1,8,1,18,1,1,427,0.7597864768683275
883,724,208,41,0,17,47,150,0,3,4,15,0,16,2,0,503,0.6947513812154696
884,731,271,32,2,25,33,155,7,2,1,16,6,27,1,2,580,0.7934336525307798
885,727,239,47,5,22,25,156,3,7,3,11,2,29,3,0,552,0.7592847317744154
886,765,244,44,1,16,8,149,6,7,0,13,3,25,2,0,518,0.677124183006536
887,427,139,21,1,15,13,120,2,1,4,5,0,13,2,0,336,0.7868852459016393
888,877,270,55,6,25,29,180,9,4,2,12,0,35,0,1,628,0.7160775370581528
889,744,275,53,3,17,19,140,5,3,5,11,5,17,1,1,555,0.7459677419354839
890,675,235,34,3,23,22,156,1,4,1,12,2,13,1,0,507,0.7511111111111111
891,722,217,28,1,19,35,188,2,7,2,29,3,39,3,0,573,0.7936288088642659
892,775,229,51,5,32,30,169,3,4,2,11,4,22,0,0,562,0.7251612903225807
893,682,237,34,1,22,31,143,3,5,0,11,0,20,3,0,510,0.7478005865102639
894,687,235,43,1,30,27,124,3,7,3,21,4,15,0,0,513,0.7467248908296943
895,848,290,53,5,33,47,185,2,0,2,18,4,30,1,0,670,0.7900943396226415
896,891,323,47,1,28,38,181,2,7,0,21,3,26,1,0,678,0.7609427609427609
897,704,232,33,2,22,19,129,6,3,3,12,1,26,1,0,489,0.6946022727272727
898,975,318,43,6,40,58,197,4,4,3,27,6,28,3,1,738,0.7569230769230769
899,643,197,45,0,23,22,135,3,4,2,5,0,37,0,1,474,0.7371695178849145
900,739,231,45,1,20,19,174,1,3,1,19,1,17,1,1,534,0.7225981055480379
901,618,212,39,1,15,14,127,2,6,2,11,2,27,2,0,460,0.7443365695792881
902,658,208,46,3,31,17,138,5,1,3,14,2,18,0,0,486,0.7386018237082067
903,650,213,32,1,22,16,120,1,4,1,15,0,38,4,0,467,0.7184615384615385
904,733,216,31,2,41,33,170,2,4,1,13,2,27,3,0,545,0.7435197817189632
905,725,238,34,5,30,33,141,5,1,2,16,5,23,1,0,534,0.736551724137931
906,697,207,25,0,17,40,130,4,9,3,19,4,18,4,1,481,0.6901004304160688
907,765,291,53,4,30,37,194,3,3,1,10,0,21,2,0,649,0.8483660130718954
908,0,32,6,0,4,1,18,1,0,0,2,0,2,0,0,66,inf
909,0,53,8,0,4,14,48,1,3,1,2,2,6,1,0,143,inf
910,0,7,0,0,0,1,7,0,0,0,0,0,2,0,0,17,inf
911,3,58,10,0,6,8,55,3,1,5,2,1,8,0,0,157,52.333333333333336
912,0,98,7,2,8,9,68,1,2,1,3,0,6,0,1,206,inf
913,812,293,26,2,27,58,189,5,1,0,15,2,15,1,0,634,0.7807881773399015
914,0,8,2,2,1,2,15,0,0,1,0,0,3,0,0,34,inf
915,0,31,3,0,2,0,17,1,0,1,1,1,0,0,0,57,inf
916,1,4,2,0,2,0,8,0,0,0,0,0,2,0,0,18,18.0
917,0,47,5,0,9,1,33,2,1,3,0,0,3,2,0,106,inf
918,0,29,7,2,6,3,23,1,0,1,2,0,3,2,0,79,inf
919,0,39,7,0,3,5,37,1,0,0,5,0,2,0,0,99,inf
