SEZIONE,TOTALE_ISCRITTI,LIBERI E UGUALI - VOTI ALLA LISTA,GRANDE NORD - VOTI ALLA LISTA,ITALIA AGLI ITALIANI - VOTI ALLA LISTA,MOVIMENTO 5 STELLE - VOTI ALLA LISTA,PARTITO DEMOCRATICO - VOTI ALLA LISTA,PIÃ¹ EUROPA CON EMMA BONINO - VOTI ALLA LISTA,CIVICA POPOLARE LORENZIN - VOTI ALLA LISTA,ITALIA EUROPA INSIEME - VOTI ALLA LISTA,"VOTI SOLO CANDIDATO UNINOMINALE
(PIÃ¹ EUROPA CON EMMA BONINO - CIVICA POPOLARE LORENZIN - ITALIA EUROPA INSIEME - PARTITO DEMOCRATICO)",IL POPOLO DELLA FAMIGLIA - VOTI ALLA LISTA,NOI CON L'ITALIA UDC - VOTI ALLA LISTA,LEGA - VOTI ALLA LISTA,FORZA ITALIA BERLUSCONI PRESIDENTE - VOTI ALLA LISTA,GIORGIA MELONI FRATELLI D'ITALIA - VOTI ALLA LISTA,"VOTI SOLO CANDIDATO UNINOMINALE
(GIORGIA MELONI FRATELLI D'ITALIA - LEGA - NOI CON L'ITALIA UDC - FORZA ITALIA BERLUSCONI PRESIDENTE)",PARTITO VALORE UMANO - VOTI ALLA LISTA,CASAPOUND ITALIA - VOTI ALLA LISTA,PARTITO REPUBBLICANO ITALIANO ALA  - VOTI ALLA LISTA,POTERE AL POPOLO! - VOTI ALLA LISTA,TOTALE,AFFLUENZA
1,838,48,1,0,91,191,92,4,6,14,1,0,53,57,22,7,1,4,2,18,612,0.7303102625298329
2,611,39,0,0,54,113,56,1,8,4,1,6,56,34,11,4,0,1,0,12,400,0.6546644844517185
3,760,49,0,2,82,153,76,2,3,5,0,4,66,66,32,1,0,5,1,24,571,0.7513157894736842
4,932,47,0,0,100,187,84,4,4,7,3,5,103,119,23,4,0,8,0,13,711,0.7628755364806867
5,733,39,1,2,78,150,56,0,1,10,1,4,41,62,9,5,0,4,1,14,478,0.6521145975443383
6,633,18,0,0,70,120,62,3,1,7,4,7,65,94,23,7,0,8,1,7,497,0.7851500789889415
7,789,38,0,1,75,181,66,2,3,8,30,6,52,48,25,7,1,4,1,16,564,0.714828897338403
8,95,6,0,0,7,15,5,1,0,0,2,2,11,7,5,2,0,0,0,0,63,0.6631578947368421
9,902,38,0,0,71,184,104,2,4,12,6,7,80,149,30,12,0,6,1,6,712,0.7893569844789357
10,752,41,1,0,57,159,72,3,5,9,5,4,76,75,29,3,1,4,0,13,557,0.7406914893617021
11,657,23,0,3,63,158,76,2,3,9,5,9,39,61,18,1,0,3,0,9,482,0.7336377473363774
12,812,30,1,3,48,144,66,0,0,4,2,2,107,90,30,3,0,1,0,6,537,0.6613300492610837
13,720,20,0,1,56,139,37,3,2,9,2,11,104,109,30,8,1,3,2,4,541,0.7513888888888889
14,779,26,0,0,50,180,92,4,3,5,2,8,78,108,28,2,1,4,0,7,598,0.7676508344030809
15,704,34,0,0,69,131,59,0,4,14,1,5,61,84,27,5,0,5,1,9,509,0.7230113636363636
16,808,15,0,3,62,134,65,1,4,9,2,5,83,146,32,6,0,5,0,6,578,0.7153465346534653
17,674,34,0,2,60,127,37,1,0,8,0,4,61,48,17,4,0,7,0,7,417,0.6186943620178041
18,788,43,0,0,73,157,76,1,4,10,4,6,60,56,28,8,1,3,1,18,549,0.6967005076142132
19,559,23,0,0,70,99,41,3,2,4,1,0,77,57,22,2,0,4,0,4,409,0.7316636851520573
20,785,41,0,1,71,138,117,3,5,9,1,1,72,64,19,6,0,4,0,24,576,0.7337579617834394
21,606,25,0,0,77,94,47,1,3,3,1,4,65,37,17,6,1,10,0,5,396,0.6534653465346535
22,703,35,0,2,68,136,75,1,3,11,4,9,61,72,27,5,3,6,1,14,533,0.7581792318634424
23,703,39,0,1,67,149,62,3,4,23,3,2,59,72,19,12,2,6,0,15,538,0.7652916073968705
24,735,36,0,1,46,152,71,5,5,23,2,8,65,65,28,12,0,2,0,19,540,0.7346938775510204
25,857,56,1,4,88,184,86,3,5,11,4,0,77,55,24,4,2,1,0,10,615,0.7176196032672112
26,555,40,0,1,51,121,55,3,5,6,5,2,43,41,10,4,0,2,0,17,406,0.7315315315315315
27,580,44,0,2,47,110,58,2,7,8,1,4,52,67,17,2,3,1,0,9,434,0.7482758620689656
28,703,46,1,1,71,144,77,3,4,5,4,2,53,64,21,8,0,4,0,16,524,0.7453769559032717
29,726,25,2,2,44,191,80,4,4,3,2,7,55,88,24,4,0,2,1,9,547,0.7534435261707989
30,687,32,0,2,51,148,87,3,3,10,1,9,45,100,29,9,0,5,1,10,545,0.7933042212518195
31,700,29,0,1,70,142,93,3,2,4,3,7,46,65,26,11,2,1,0,4,509,0.7271428571428571
32,748,36,0,1,69,167,104,0,6,23,2,7,49,53,14,13,1,2,1,9,557,0.7446524064171123
33,694,43,0,2,74,146,82,1,7,5,3,2,54,40,11,4,2,1,0,15,492,0.7089337175792507
34,768,32,0,2,81,150,79,1,6,9,8,4,52,73,27,7,1,5,0,7,544,0.7083333333333334
35,494,10,0,0,63,91,42,5,1,5,8,9,34,99,39,3,0,2,0,3,414,0.8380566801619433
36,826,36,0,0,50,193,86,2,4,12,10,8,84,121,35,8,1,1,0,9,660,0.7990314769975787
37,652,21,0,1,64,142,65,3,8,9,4,10,66,80,30,5,0,13,0,6,527,0.808282208588957
38,584,21,0,2,48,144,51,4,1,8,1,6,62,68,27,11,0,7,1,9,471,0.8065068493150684
39,642,21,0,0,36,161,65,4,5,8,7,11,65,91,22,12,0,4,0,2,514,0.8006230529595015
40,587,10,0,3,37,138,57,1,7,14,2,6,51,62,19,10,0,0,1,8,426,0.7257240204429302
41,637,36,0,2,69,105,69,1,3,10,3,5,28,54,22,3,0,3,0,14,427,0.6703296703296703
42,635,35,0,2,50,146,51,1,1,6,6,5,52,62,30,3,0,4,0,8,462,0.7275590551181103
43,654,34,0,0,93,158,54,3,3,7,1,2,56,69,18,5,1,2,1,3,510,0.7798165137614679
44,838,38,0,1,63,191,3,74,1,5,6,7,71,80,15,7,0,1,0,6,569,0.6789976133651552
45,587,20,0,0,67,122,43,1,1,6,1,4,48,58,18,3,0,4,0,4,400,0.6814310051107325
46,678,26,0,1,58,152,57,2,1,10,4,4,61,74,25,2,0,3,1,10,491,0.724188790560472
47,664,41,0,3,84,141,67,1,2,6,1,4,57,74,18,6,0,4,2,7,518,0.7801204819277109
48,630,20,0,0,66,118,60,0,2,3,2,5,62,89,21,6,1,4,0,4,463,0.734920634920635
49,703,27,0,4,40,191,52,8,4,11,2,6,56,110,24,10,0,2,1,4,552,0.7852062588904695
50,676,12,0,3,38,150,47,2,4,7,5,7,73,119,40,9,1,2,1,3,523,0.7736686390532544
51,707,7,0,2,21,180,48,3,5,9,1,10,81,154,38,8,0,7,2,3,579,0.8189533239038189
52,727,28,0,0,34,164,59,5,6,8,2,5,52,160,35,11,1,2,1,3,576,0.7922971114167813
53,677,23,0,0,31,148,76,4,1,13,8,7,72,96,34,4,0,7,0,1,525,0.7754800590841949
54,636,23,0,2,59,158,48,3,2,12,2,7,61,72,30,7,0,4,0,4,494,0.7767295597484277
55,717,0,0,0,0,163,52,3,2,15,0,2,62,60,33,5,0,0,0,0,397,0.5536959553695955
56,539,15,0,0,35,124,42,1,2,20,0,4,57,55,23,15,0,7,0,1,401,0.7439703153988868
57,706,18,0,0,64,153,55,4,5,3,6,5,59,58,22,13,0,4,0,4,473,0.669971671388102
58,687,24,0,1,55,160,56,1,4,10,4,7,67,73,20,7,0,4,2,10,505,0.735080058224163
59,782,23,0,0,61,163,60,5,1,7,5,4,81,79,25,5,0,5,3,8,535,0.6841432225063938
60,740,38,0,0,57,194,49,2,4,10,3,10,79,87,23,8,0,6,1,9,580,0.7837837837837838
61,552,23,0,1,80,115,29,1,3,7,2,2,47,47,12,2,1,1,0,8,381,0.6902173913043478
62,606,25,1,3,81,147,37,0,4,7,1,2,58,62,21,3,0,5,0,9,466,0.768976897689769
63,643,13,1,0,58,149,50,3,3,11,16,10,63,66,23,5,0,3,1,6,481,0.7480559875583204
64,689,46,1,1,72,148,51,2,7,8,4,4,59,61,34,8,2,3,1,8,520,0.7547169811320755
65,777,19,0,1,51,186,46,7,1,9,5,15,83,136,40,9,1,4,0,1,614,0.7902187902187903
66,684,27,1,0,83,164,42,3,3,14,3,2,65,62,24,7,1,3,1,8,513,0.75
67,677,21,0,0,85,135,41,0,0,10,1,5,82,64,31,9,0,3,1,5,493,0.7282127031019202
68,589,16,0,0,34,159,56,4,1,10,1,2,52,91,34,4,0,4,0,2,470,0.797962648556876
69,712,11,0,1,31,172,54,4,7,8,5,13,61,135,31,8,0,7,0,2,550,0.7724719101123596
70,650,19,0,0,48,156,48,3,0,10,3,3,50,120,31,9,0,4,0,8,512,0.7876923076923077
71,705,22,0,1,49,192,53,2,8,9,3,5,56,85,37,3,1,3,0,3,532,0.7546099290780142
72,646,23,1,2,76,159,35,1,2,3,3,1,53,57,19,1,2,1,0,8,447,0.6919504643962848
73,600,29,0,3,38,158,65,5,1,15,4,1,47,75,26,6,3,3,0,6,485,0.8083333333333333
74,627,24,2,2,41,126,47,4,2,12,2,7,66,78,34,8,1,1,0,4,461,0.7352472089314195
75,377,17,0,1,32,102,20,1,2,5,1,5,36,38,28,3,0,3,0,1,295,0.7824933687002652
76,655,11,0,3,71,113,33,1,1,12,5,0,63,76,20,3,2,0,0,4,418,0.6381679389312978
77,618,14,0,1,64,111,39,0,0,5,2,0,51,61,17,7,0,1,2,6,381,0.616504854368932
78,593,9,0,0,95,68,17,1,0,1,1,0,44,60,9,2,0,4,0,3,314,0.5295109612141653
79,636,20,0,0,51,193,52,5,3,6,3,1,74,49,19,4,1,3,0,2,486,0.7641509433962265
80,644,15,0,0,42,145,44,3,9,8,5,4,46,80,34,8,1,2,0,9,455,0.7065217391304348
81,519,22,0,0,53,110,31,4,5,7,2,6,53,46,28,1,1,2,0,8,379,0.7302504816955684
82,1334,10,0,1,75,35,11,0,0,2,0,4,52,58,17,0,1,5,0,2,273,0.20464767616191903
83,994,29,0,0,163,237,34,8,3,5,2,1,127,95,37,6,2,5,0,12,766,0.7706237424547284
84,556,24,0,0,58,108,33,3,4,6,0,5,53,56,21,8,0,2,1,6,388,0.697841726618705
85,592,26,0,1,79,112,30,1,4,5,4,1,58,65,13,5,0,3,0,7,414,0.6993243243243243
86,621,31,0,1,74,115,35,0,0,9,3,2,75,57,24,7,0,2,0,4,439,0.7069243156199678
87,630,33,0,0,109,123,29,0,3,5,2,3,80,47,20,2,0,4,0,8,468,0.7428571428571429
88,791,26,1,0,114,138,31,0,4,11,1,3,76,61,23,3,0,6,0,7,505,0.638432364096081
89,686,26,0,1,126,123,12,2,5,7,2,5,78,60,21,1,2,3,1,5,480,0.6997084548104956
90,632,17,0,2,120,123,28,2,4,3,1,3,51,41,25,6,0,3,0,10,439,0.694620253164557
91,545,33,1,3,86,107,21,5,4,8,7,6,46,53,14,3,3,2,0,5,407,0.7467889908256881
92,646,28,0,2,99,110,33,7,5,3,1,3,67,54,22,3,5,4,1,4,451,0.6981424148606811
93,535,12,1,2,83,80,17,1,1,0,1,1,50,41,13,3,1,6,0,0,313,0.5850467289719626
94,734,21,0,3,129,127,30,2,7,8,4,3,86,57,29,7,1,6,0,7,527,0.717983651226158
95,790,25,0,2,136,154,37,8,1,7,8,1,94,71,25,7,2,7,0,7,592,0.7493670886075949
96,758,27,0,0,104,172,26,0,3,6,3,3,90,74,22,9,2,3,1,4,549,0.7242744063324539
97,688,25,0,1,93,123,18,1,3,11,4,2,74,82,28,4,0,2,1,4,476,0.6918604651162791
98,648,25,0,3,105,114,23,1,3,6,7,6,73,65,12,5,0,0,0,7,455,0.7021604938271605
99,668,18,0,4,107,125,23,2,0,9,3,5,82,84,16,3,1,4,0,4,490,0.7335329341317365
100,724,22,0,1,119,117,20,6,2,8,2,4,97,69,21,3,2,1,0,9,503,0.6947513812154696
101,723,32,0,2,132,138,27,1,0,6,5,3,69,70,23,8,1,6,1,7,531,0.7344398340248963
102,692,27,0,2,129,117,22,4,2,6,3,2,74,67,20,2,1,8,1,5,492,0.7109826589595376
103,671,20,0,4,110,128,29,0,2,12,3,0,62,44,10,3,2,2,0,7,438,0.6527570789865872
104,745,37,1,0,144,117,27,2,2,7,3,2,81,56,25,1,1,3,1,3,513,0.6885906040268457
105,733,26,1,0,121,164,19,3,3,7,4,3,81,57,13,2,3,3,0,6,516,0.703956343792633
106,605,40,1,2,105,112,25,3,3,3,3,2,53,65,8,1,2,5,1,7,441,0.7289256198347107
107,640,11,0,1,86,116,27,4,1,5,9,0,77,75,25,0,3,5,0,6,451,0.7046875
108,806,41,0,1,129,150,36,3,1,7,1,4,86,72,15,1,0,5,0,6,558,0.6923076923076923
109,767,38,1,3,129,119,16,5,3,7,3,2,92,47,22,7,1,1,0,7,503,0.6558018252933507
110,483,16,0,1,88,57,15,2,0,2,4,3,60,41,18,1,0,10,2,4,324,0.6708074534161491
111,755,29,1,2,107,137,24,1,2,13,3,4,83,84,17,4,3,7,1,8,530,0.7019867549668874
112,697,17,1,3,104,154,28,2,2,0,4,4,98,70,26,7,0,4,0,4,528,0.757532281205165
113,633,23,1,0,88,155,30,2,2,4,2,4,71,51,15,5,0,1,0,2,456,0.7203791469194313
114,607,19,1,1,90,145,42,4,2,2,2,3,59,72,13,14,0,3,0,1,473,0.7792421746293245
115,695,30,0,2,103,164,32,1,4,8,1,4,84,50,15,6,0,3,0,4,511,0.7352517985611511
116,817,36,0,1,118,159,24,3,3,10,4,2,106,90,14,7,3,10,1,4,595,0.7282741738066095
117,693,22,0,0,128,143,26,0,2,5,3,2,64,59,17,2,2,7,0,7,489,0.7056277056277056
118,565,26,0,1,60,93,32,2,2,12,2,3,89,66,22,2,1,2,0,5,420,0.7433628318584071
119,727,42,0,0,103,168,30,7,2,10,4,4,95,60,21,5,0,4,0,3,558,0.7675378266850069
120,588,21,0,1,88,118,19,2,1,1,1,3,79,39,13,0,0,3,0,5,394,0.6700680272108843
121,615,26,0,3,108,115,24,2,0,4,2,0,54,49,11,7,1,3,0,6,415,0.6747967479674797
122,579,18,1,0,106,119,29,2,2,3,0,2,62,53,17,5,0,1,0,5,425,0.7340241796200345
123,658,18,0,1,130,111,18,0,2,4,3,2,74,61,7,4,0,3,1,5,444,0.6747720364741642
124,655,26,0,1,124,110,28,5,2,6,2,3,75,62,18,2,0,5,1,0,470,0.7175572519083969
125,614,16,1,2,115,111,23,0,0,5,3,3,81,40,13,7,1,4,0,5,430,0.7003257328990228
126,616,20,0,0,104,118,10,0,1,5,7,4,71,39,20,1,1,4,1,6,412,0.6688311688311688
127,606,20,0,2,97,111,25,2,3,4,2,4,57,48,12,3,3,5,1,7,406,0.66996699669967
128,545,23,0,0,105,111,25,3,2,2,5,1,43,26,15,3,0,5,0,4,373,0.6844036697247706
129,656,21,0,2,81,165,27,7,5,3,5,4,66,64,24,0,0,9,0,7,490,0.7469512195121951
130,718,27,0,0,95,177,34,3,1,12,8,9,78,68,27,4,0,4,0,1,548,0.7632311977715878
131,625,26,1,1,108,122,26,0,1,3,4,3,73,44,9,1,0,3,0,3,428,0.6848
132,68,0,0,0,2,8,1,0,0,0,0,0,1,8,0,0,0,0,0,2,22,0.3235294117647059
133,871,21,0,3,156,179,28,5,4,6,6,4,92,77,24,6,2,5,1,2,621,0.7129735935706085
134,655,33,0,0,117,121,34,0,2,9,3,0,74,55,11,0,2,2,0,5,468,0.7145038167938931
135,702,20,0,1,106,184,21,6,2,6,1,2,71,66,17,5,0,5,1,4,518,0.7378917378917379
136,723,28,1,1,119,178,26,1,2,15,4,0,83,78,31,2,1,4,0,5,579,0.8008298755186722
137,649,38,0,0,101,124,19,3,1,2,3,3,56,79,18,3,0,5,1,4,460,0.7087827426810478
138,670,35,0,2,106,163,22,4,2,8,3,5,94,51,19,2,0,3,0,1,520,0.7761194029850746
139,956,45,0,1,184,216,37,1,3,8,7,5,105,56,20,6,1,3,1,6,705,0.7374476987447699
140,969,35,0,2,192,188,38,3,10,8,10,0,112,58,30,3,2,1,0,5,697,0.7192982456140351
141,851,22,2,1,169,198,0,4,6,9,5,4,91,62,25,5,2,4,1,3,613,0.7203290246768508
142,671,34,1,1,114,156,12,2,0,5,3,1,64,80,4,6,1,1,0,8,493,0.7347242921013413
143,673,24,0,1,127,119,13,1,4,10,1,4,95,51,13,1,1,4,0,5,474,0.7043090638930164
144,653,19,0,1,122,113,21,2,5,3,1,3,83,60,13,1,0,1,0,6,454,0.6952526799387443
145,638,18,0,2,109,126,25,1,1,6,4,0,70,55,23,3,0,5,0,6,454,0.7115987460815048
146,658,14,0,2,105,135,23,2,4,9,4,2,73,53,20,3,2,2,1,5,459,0.6975683890577508
147,689,21,0,0,103,144,37,3,4,6,2,1,94,57,30,0,0,5,0,4,511,0.7416545718432511
148,749,40,0,0,118,158,37,4,3,11,1,1,78,45,13,4,1,5,0,5,524,0.6995994659546061
149,692,20,1,0,80,134,29,2,4,5,5,2,83,62,28,8,0,1,0,2,466,0.6734104046242775
150,781,44,1,1,144,152,35,5,1,6,3,7,84,74,23,1,1,2,1,4,589,0.7541613316261203
151,645,26,1,0,144,113,13,3,1,5,2,3,73,49,15,3,0,6,1,3,461,0.7147286821705426
152,783,25,0,4,129,141,31,2,0,1,1,5,93,71,18,8,2,4,1,8,544,0.6947637292464879
153,737,26,0,1,144,118,18,2,2,4,3,2,89,42,23,2,3,5,0,5,489,0.6635006784260515
154,705,22,1,2,135,134,25,1,0,6,3,1,76,47,12,7,0,5,1,8,486,0.6893617021276596
155,1078,42,1,0,225,183,28,1,5,4,4,6,137,84,29,9,0,7,0,8,773,0.7170686456400742
156,873,32,0,3,146,156,21,2,1,6,3,1,105,87,14,3,3,6,1,4,594,0.6804123711340206
157,825,23,0,3,146,167,24,5,2,5,4,1,97,69,12,6,3,3,0,1,571,0.6921212121212121
158,671,34,1,1,80,144,39,1,3,4,4,2,73,60,23,4,0,4,0,6,483,0.7198211624441133
159,587,18,0,0,114,104,14,1,5,0,3,7,76,40,20,0,1,4,0,3,410,0.6984667802385008
160,605,36,3,1,88,139,29,5,4,7,2,4,69,47,16,1,0,5,0,6,462,0.7636363636363637
161,635,26,0,1,84,162,28,2,2,5,1,3,74,53,15,8,1,3,0,3,471,0.7417322834645669
162,638,26,0,0,69,134,28,2,3,11,5,5,74,50,19,5,2,8,1,4,446,0.6990595611285266
163,666,15,0,3,140,92,15,3,1,3,2,2,74,50,13,6,2,5,0,7,433,0.6501501501501501
164,712,18,0,3,108,120,23,2,2,8,8,4,77,58,16,3,1,4,0,0,455,0.6390449438202247
165,578,6,0,0,84,52,1,0,2,6,2,3,64,47,8,1,1,4,0,3,284,0.4913494809688581
166,660,34,0,0,118,123,20,1,6,2,1,1,78,51,10,5,1,3,0,2,456,0.6909090909090909
167,749,26,0,2,143,115,18,0,5,3,2,1,100,81,16,7,3,6,0,2,530,0.7076101468624834
168,785,34,0,3,145,178,23,3,1,4,3,4,90,62,12,3,1,4,0,2,572,0.7286624203821656
169,608,9,1,1,93,54,2,1,0,1,2,2,56,65,4,1,2,2,1,0,297,0.48848684210526316
170,623,30,0,0,131,126,8,4,0,7,3,3,84,56,13,4,0,1,0,6,476,0.7640449438202247
171,576,32,0,1,113,116,15,0,2,7,3,1,50,48,18,1,3,5,0,4,419,0.7274305555555556
172,563,15,0,0,131,104,10,2,2,4,0,1,68,36,9,2,0,7,0,3,394,0.6998223801065719
173,463,9,0,3,118,70,5,0,1,2,3,1,56,39,6,4,0,4,0,6,327,0.7062634989200864
174,996,44,0,2,214,187,42,2,2,15,3,2,144,66,23,14,1,7,0,7,775,0.7781124497991968
175,685,39,0,2,81,185,47,5,7,4,2,2,68,68,17,2,2,4,3,4,542,0.7912408759124088
176,565,18,0,0,66,110,19,5,4,5,0,2,85,57,17,3,0,1,1,4,397,0.7026548672566372
177,773,21,1,1,142,197,35,0,4,0,1,3,85,58,22,0,0,9,0,7,586,0.7580853816300129
178,645,27,0,7,89,166,29,4,4,5,2,4,65,59,19,7,2,5,0,3,497,0.7705426356589147
179,607,19,0,3,149,101,6,1,1,1,3,1,45,44,6,0,1,2,1,5,389,0.6408566721581549
180,757,34,0,0,142,190,19,4,5,8,1,3,82,57,13,4,0,6,0,3,571,0.7542932628797886
181,659,17,1,0,102,98,16,0,1,3,5,1,81,51,5,5,2,2,1,2,393,0.5963581183611533
182,715,29,1,0,101,174,25,3,2,6,2,2,59,67,18,9,0,3,1,2,504,0.7048951048951049
183,603,18,2,2,96,159,38,3,1,4,3,3,68,42,23,4,0,1,0,2,469,0.7777777777777778
184,572,29,0,1,63,169,31,4,4,6,2,4,54,48,9,1,2,1,0,2,430,0.7517482517482518
185,705,42,1,0,116,202,41,3,8,4,3,3,76,37,13,3,1,3,0,7,563,0.798581560283688
186,700,33,1,2,108,168,42,6,6,7,2,1,79,51,21,2,1,6,0,13,549,0.7842857142857143
187,664,33,1,0,115,178,24,2,2,4,4,4,70,53,20,3,0,4,1,7,525,0.7906626506024096
188,657,25,1,0,110,111,20,1,3,4,1,2,90,67,19,5,0,10,0,8,477,0.726027397260274
189,651,33,0,0,143,109,19,0,3,2,0,4,63,50,11,3,2,2,0,1,445,0.6835637480798771
190,810,11,1,1,136,81,9,3,0,5,6,2,107,56,21,4,1,12,0,2,458,0.5654320987654321
191,722,28,1,1,177,128,8,2,0,3,4,3,85,55,13,5,0,2,0,3,518,0.7174515235457064
192,659,36,0,0,83,147,63,3,1,11,1,3,54,55,20,4,0,6,0,6,493,0.7481031866464339
193,563,38,0,2,59,140,53,3,4,5,4,12,31,39,16,8,2,1,2,7,426,0.7566607460035524
194,546,41,0,0,59,134,49,0,2,7,0,3,33,50,14,4,1,1,1,9,408,0.7472527472527473
195,645,28,0,0,65,179,47,4,5,5,2,5,40,49,33,4,1,2,0,6,475,0.7364341085271318
196,617,34,1,0,88,115,61,2,3,11,2,3,45,41,13,1,0,1,1,8,430,0.6969205834683955
197,866,44,0,4,107,207,73,3,3,9,2,2,74,96,31,5,1,4,1,11,677,0.7817551963048499
198,724,29,0,0,77,160,41,4,3,26,4,3,76,62,36,16,1,2,0,9,549,0.7582872928176796
199,683,23,0,1,44,180,65,14,4,8,2,1,54,73,22,5,0,3,0,6,505,0.739385065885798
200,549,30,0,0,67,158,46,1,3,8,3,2,43,50,15,6,0,3,0,3,438,0.7978142076502732
201,548,23,0,1,42,147,36,3,1,8,4,2,63,42,15,2,0,1,1,4,395,0.7208029197080292
202,894,32,1,4,96,196,54,6,11,7,4,6,107,95,24,10,0,4,0,11,668,0.7472035794183445
203,631,41,0,4,80,118,36,2,3,6,2,0,60,77,31,4,0,2,0,3,469,0.7432646592709984
204,797,37,0,0,88,194,38,3,1,11,1,7,94,76,23,4,1,7,0,13,598,0.7503136762860728
205,744,39,0,1,84,159,67,5,4,16,4,1,48,61,25,3,2,3,0,11,533,0.7163978494623656
206,581,34,0,0,70,130,55,7,5,11,2,3,52,49,20,6,3,4,1,8,460,0.7917383820998278
207,469,6,0,0,32,133,19,4,4,6,11,5,23,34,14,3,0,3,0,7,304,0.6481876332622601
208,735,41,0,0,70,182,51,1,4,9,2,6,69,55,28,4,0,5,0,7,534,0.726530612244898
209,547,21,1,1,89,106,22,1,3,6,3,0,51,49,6,2,0,2,0,10,373,0.6819012797074955
210,539,32,1,1,91,93,23,4,6,3,0,0,50,39,18,2,1,2,0,4,370,0.686456400742115
211,698,38,0,0,97,118,32,2,4,4,0,7,72,57,20,2,4,2,0,9,468,0.670487106017192
212,607,34,0,0,110,113,22,3,1,2,3,3,64,42,17,2,3,2,0,10,431,0.7100494233937397
213,649,37,0,1,117,113,28,1,9,7,0,1,60,52,20,6,0,4,1,8,465,0.7164869029275809
214,700,36,0,0,114,135,29,0,2,4,3,3,85,52,18,3,1,5,0,1,491,0.7014285714285714
215,888,45,1,0,95,191,42,1,3,13,3,3,113,92,28,8,1,4,2,8,653,0.7353603603603603
216,599,34,0,3,104,109,19,1,1,4,1,0,61,49,14,1,3,6,1,9,420,0.7011686143572621
217,765,21,0,0,119,151,44,2,2,4,8,4,85,85,30,7,1,0,0,4,567,0.7411764705882353
218,865,43,0,6,122,187,41,3,4,7,2,1,89,92,34,5,1,5,0,10,652,0.753757225433526
219,616,25,1,1,107,105,31,4,2,4,0,1,65,43,22,2,3,3,1,12,432,0.7012987012987013
220,662,25,0,3,105,117,32,1,2,1,3,2,75,43,15,2,0,3,0,10,439,0.6631419939577039
221,626,10,0,0,103,105,29,1,3,6,5,0,77,54,13,1,0,2,1,6,416,0.6645367412140575
222,578,21,0,2,117,68,12,3,0,4,2,1,56,39,9,2,0,5,0,7,348,0.6020761245674741
223,583,15,3,0,96,87,19,2,1,7,2,2,73,43,15,1,0,0,0,10,376,0.6449399656946827
224,669,32,0,2,109,114,32,1,5,10,4,4,59,69,13,4,3,3,0,6,470,0.70254110612855
225,619,37,0,0,99,87,26,1,3,3,4,1,60,51,22,5,0,1,0,11,411,0.6639741518578353
226,539,17,0,1,52,129,1,40,1,6,5,0,57,47,13,6,0,2,0,7,384,0.712430426716141
227,607,37,1,0,89,122,31,0,1,7,4,4,56,66,15,5,2,2,0,10,452,0.7446457990115322
228,522,17,1,0,75,74,19,2,2,8,0,1,51,59,8,7,0,2,0,5,331,0.6340996168582376
229,556,18,0,0,92,59,9,1,0,3,3,4,54,53,13,1,1,1,0,10,322,0.579136690647482
230,861,46,0,0,123,150,51,1,5,6,1,0,108,47,19,5,3,4,1,5,575,0.667828106852497
231,763,29,0,1,101,165,67,0,3,6,3,4,57,51,16,7,1,2,0,14,527,0.690694626474443
232,751,26,2,1,137,141,20,2,4,5,2,0,77,56,22,5,0,2,0,7,509,0.677762982689747
233,567,20,0,0,103,87,24,0,2,4,1,2,69,42,20,0,2,5,0,9,390,0.6878306878306878
234,512,18,0,1,110,90,14,0,0,3,9,3,40,40,21,3,0,3,1,5,361,0.705078125
235,680,31,0,0,120,109,24,0,3,5,0,4,50,69,11,3,1,2,0,11,443,0.6514705882352941
236,578,25,0,2,97,107,33,0,1,4,4,1,42,48,18,4,2,1,0,15,404,0.698961937716263
237,570,23,1,2,116,80,14,2,1,3,1,2,53,55,10,0,0,6,0,3,372,0.6526315789473685
238,605,40,0,0,105,99,31,1,0,0,3,2,53,40,16,6,0,6,0,11,413,0.6826446280991736
239,575,23,0,1,100,92,25,1,0,5,1,3,53,56,7,4,0,0,0,8,379,0.6591304347826087
240,565,25,1,1,92,96,19,1,3,3,2,1,53,66,10,1,0,4,0,6,384,0.679646017699115
241,578,21,0,0,68,121,41,2,1,8,0,4,63,47,20,4,0,1,0,6,407,0.7041522491349481
242,681,26,3,2,107,91,39,0,1,7,1,2,77,70,17,3,2,1,0,8,457,0.671071953010279
243,609,19,1,2,98,124,19,1,1,2,1,0,72,47,15,3,0,0,0,12,417,0.6847290640394089
244,704,29,2,3,122,121,22,1,1,7,5,1,76,59,30,3,4,6,0,18,510,0.7244318181818182
245,764,28,0,2,145,139,33,2,0,2,5,4,85,60,15,4,1,3,1,8,537,0.7028795811518325
246,633,35,0,1,103,93,21,0,1,3,1,0,67,51,8,3,2,3,0,7,399,0.6303317535545023
247,585,22,0,2,74,108,12,1,0,7,2,0,58,55,8,2,5,3,1,12,372,0.6358974358974359
248,680,17,1,2,147,80,18,0,3,3,3,2,86,58,22,5,1,3,0,5,456,0.6705882352941176
249,789,29,0,0,104,158,21,5,6,5,2,1,100,87,26,7,3,1,1,9,565,0.7160963244613435
250,683,20,0,1,119,136,37,0,2,4,4,1,88,35,12,6,1,4,1,5,476,0.6969253294289898
251,641,16,0,2,116,105,14,2,0,4,2,1,60,56,15,3,1,0,0,4,401,0.625585023400936
252,642,20,0,0,110,107,22,5,3,4,4,2,89,61,17,1,0,3,0,4,452,0.7040498442367601
253,725,29,1,2,140,109,25,1,4,6,1,2,80,40,21,3,0,7,0,7,478,0.6593103448275862
254,655,14,1,1,119,150,24,1,3,3,5,4,64,50,17,5,1,2,0,4,468,0.7145038167938931
255,725,29,0,1,148,117,28,1,2,4,1,2,61,61,20,2,2,9,0,11,499,0.6882758620689655
256,698,17,0,0,134,109,33,2,2,1,1,6,62,51,16,4,0,7,0,6,451,0.6461318051575932
257,915,24,0,2,167,192,39,6,1,7,4,2,120,69,25,7,4,6,0,6,681,0.7442622950819672
258,846,32,0,3,157,139,30,5,2,4,7,4,102,81,26,7,2,7,0,8,616,0.7281323877068558
259,748,33,0,1,132,138,26,2,2,7,6,2,102,45,10,3,0,2,0,7,518,0.6925133689839572
260,739,26,0,3,122,141,36,6,5,6,1,4,91,81,21,4,1,4,0,10,562,0.7604871447902571
261,596,35,0,5,107,102,24,2,0,7,4,0,60,38,13,2,0,3,0,10,412,0.6912751677852349
262,784,40,0,0,145,153,40,3,2,5,0,4,100,67,24,2,2,6,0,4,597,0.7614795918367347
263,755,26,0,1,132,151,21,3,3,6,3,2,65,61,16,1,3,3,2,11,510,0.6754966887417219
264,816,31,0,1,154,170,34,4,6,5,5,2,91,67,26,1,2,2,0,2,603,0.7389705882352942
265,667,36,0,1,120,124,33,2,3,3,4,0,59,49,16,5,0,3,0,7,465,0.697151424287856
266,915,30,0,3,137,200,37,6,4,6,2,2,82,94,43,3,0,4,0,4,657,0.7180327868852459
267,963,40,0,1,144,178,40,4,6,6,5,4,113,85,30,5,2,7,1,5,676,0.7019730010384216
268,715,31,0,2,113,150,28,0,3,5,1,3,66,64,16,7,1,2,0,5,497,0.6951048951048951
269,640,17,0,1,48,163,44,3,3,14,2,3,77,98,25,9,0,1,0,2,510,0.796875
270,599,7,1,0,48,145,42,6,2,1,5,5,81,100,19,6,0,7,0,0,475,0.7929883138564274
271,694,12,0,1,81,182,33,5,2,4,1,1,92,81,40,6,0,0,0,4,545,0.7853025936599424
272,682,17,0,0,52,158,32,1,0,10,1,6,81,65,30,6,1,2,0,4,466,0.6832844574780058
273,704,25,0,1,124,141,22,3,1,7,3,2,90,52,19,4,4,3,0,3,504,0.7159090909090909
274,627,25,2,2,108,108,24,1,3,2,2,1,68,53,7,2,1,1,0,4,414,0.6602870813397129
275,471,21,0,0,97,81,14,2,0,1,1,3,62,40,15,7,1,3,0,5,353,0.7494692144373672
276,564,12,1,1,92,119,18,2,3,3,3,3,71,38,15,4,2,3,0,1,391,0.6932624113475178
277,546,12,0,0,113,111,14,3,1,1,3,0,54,57,20,4,0,4,0,3,400,0.7326007326007326
278,579,30,0,4,89,150,23,4,2,2,0,1,62,39,25,1,0,7,0,3,442,0.7633851468048359
279,625,26,1,0,88,122,21,3,4,5,6,3,71,62,8,5,2,1,0,10,438,0.7008
280,784,27,0,3,122,152,31,1,1,4,3,3,88,56,23,9,4,3,1,8,539,0.6875
281,714,34,1,1,116,140,34,0,10,6,2,3,74,53,25,2,0,4,0,9,514,0.7198879551820728
282,711,26,0,1,101,137,39,0,3,3,2,5,77,55,21,9,1,5,0,5,490,0.6891701828410689
283,664,24,0,0,116,120,16,4,1,5,7,1,80,46,23,2,1,8,1,3,458,0.6897590361445783
284,733,40,0,3,99,162,29,2,4,4,2,3,105,56,24,9,0,3,0,2,547,0.7462482946793997
285,536,16,1,0,82,170,32,2,1,4,4,2,45,61,21,0,0,3,1,2,447,0.8339552238805971
286,675,23,0,2,120,133,21,1,3,5,4,0,78,53,20,1,0,8,0,4,476,0.7051851851851851
287,592,24,0,0,56,191,46,2,2,8,2,1,52,51,19,4,0,4,1,3,466,0.7871621621621622
288,553,12,0,2,60,109,22,1,0,11,1,3,69,54,15,5,0,1,1,5,371,0.6708860759493671
289,786,27,0,2,112,175,24,7,5,7,3,4,107,82,16,5,0,3,0,9,588,0.7480916030534351
290,651,23,0,1,100,147,27,1,2,8,2,1,70,69,16,3,1,2,0,2,475,0.7296466973886329
291,705,31,0,0,90,162,28,3,4,3,4,4,112,69,21,4,1,4,1,6,547,0.775886524822695
292,661,25,1,0,99,176,35,1,3,7,2,1,69,61,20,3,1,4,0,2,510,0.7715582450832073
293,731,24,0,2,155,148,13,0,3,8,7,6,46,87,17,3,2,12,0,9,542,0.7414500683994528
294,557,12,1,1,77,112,19,2,5,3,3,7,58,66,13,4,0,4,0,6,393,0.7055655296229802
295,850,25,0,1,122,228,48,2,3,11,6,6,83,88,28,7,0,4,2,7,671,0.7894117647058824
296,701,23,0,2,121,158,24,3,8,6,1,4,67,66,16,1,3,3,2,10,518,0.738944365192582
297,684,24,0,0,106,125,25,5,3,3,4,2,61,54,13,3,2,2,0,9,441,0.6447368421052632
298,686,24,1,2,146,108,16,3,3,2,3,1,84,58,25,2,5,3,0,7,493,0.7186588921282799
299,621,15,0,1,52,163,47,3,0,8,3,2,71,63,27,7,0,4,0,2,468,0.7536231884057971
300,755,28,0,5,117,132,27,1,2,9,2,6,112,75,23,2,1,3,2,8,555,0.7350993377483444
301,925,28,0,0,159,178,37,4,3,9,7,2,113,89,24,10,2,2,0,5,672,0.7264864864864865
302,756,19,1,2,169,107,13,4,6,1,1,1,108,77,9,5,0,7,1,6,537,0.7103174603174603
303,881,25,0,1,190,157,21,1,1,4,5,1,82,89,21,4,1,8,0,3,614,0.6969353007945517
304,651,16,1,2,115,99,10,1,1,3,3,1,103,41,15,2,4,4,0,3,424,0.6513056835637481
305,608,14,1,1,128,84,11,0,1,1,4,5,80,39,10,6,1,8,0,4,398,0.6546052631578947
306,851,14,0,1,153,166,18,4,1,3,20,5,90,66,17,3,1,18,0,6,586,0.6886016451233843
307,745,17,1,2,152,123,14,2,7,3,3,0,98,74,21,10,2,2,0,6,537,0.7208053691275168
308,801,19,1,2,160,140,14,2,0,7,6,3,96,63,16,2,1,4,0,6,542,0.6766541822721598
309,602,24,2,3,137,100,17,2,1,8,2,1,77,38,18,3,0,0,1,5,439,0.729235880398671
310,553,16,0,0,128,91,11,1,1,4,2,0,50,39,11,2,1,4,1,10,372,0.6726943942133815
311,789,20,1,1,153,110,14,2,0,13,1,4,100,69,24,6,1,2,0,4,525,0.6653992395437263
312,853,28,1,0,202,121,14,2,5,3,2,3,100,61,34,3,3,2,0,5,589,0.690504103165299
313,590,20,0,0,137,93,21,0,1,4,3,2,83,50,14,4,2,5,0,6,445,0.7542372881355932
314,599,29,0,2,125,94,19,1,1,2,1,1,63,59,16,3,1,1,0,3,421,0.7028380634390651
315,694,29,0,1,145,112,18,0,1,4,1,5,91,54,22,2,2,6,0,4,497,0.7161383285302594
316,690,21,0,0,162,118,8,2,0,5,4,2,78,56,13,1,2,3,0,4,479,0.6942028985507246
317,590,26,1,3,124,118,10,0,1,3,5,2,58,48,13,1,5,4,0,3,425,0.7203389830508474
318,610,14,1,3,132,90,9,1,0,5,0,2,72,57,9,1,2,3,0,9,410,0.6721311475409836
319,573,20,0,3,131,109,9,1,2,4,0,1,66,47,24,1,1,2,0,4,425,0.7417102966841187
320,613,19,0,0,144,111,8,1,0,6,0,1,67,56,12,6,1,4,0,5,441,0.7194127243066885
321,847,31,0,1,76,132,62,0,7,8,2,3,79,61,23,4,3,5,2,5,504,0.5950413223140496
322,616,25,0,0,104,103,29,1,0,7,1,6,66,60,18,3,1,5,0,8,437,0.7094155844155844
323,595,21,0,2,97,102,16,0,3,6,2,2,45,48,13,4,0,1,0,11,373,0.626890756302521
324,570,32,0,0,80,117,25,2,0,7,3,1,42,43,14,0,0,6,0,11,383,0.6719298245614035
325,608,42,0,1,91,80,34,2,2,5,2,0,52,42,8,6,0,2,0,13,382,0.6282894736842105
326,697,37,0,1,89,135,41,1,4,5,1,3,57,51,19,1,0,1,0,17,463,0.6642754662840746
327,596,25,0,1,98,82,24,0,2,5,3,1,64,58,13,1,2,2,0,10,391,0.6560402684563759
328,595,33,1,0,90,106,31,0,3,4,3,3,61,50,16,4,2,4,0,5,416,0.6991596638655462
329,676,32,2,0,85,128,31,2,1,8,3,1,96,43,12,5,1,5,0,14,469,0.6937869822485208
330,579,29,0,1,99,94,38,1,1,4,0,1,49,39,12,5,0,1,1,10,385,0.6649395509499136
331,590,29,1,0,90,93,39,2,0,8,3,2,65,49,13,2,1,3,0,12,412,0.6983050847457627
332,785,43,0,0,100,178,64,7,7,7,6,4,75,55,37,6,1,7,0,10,607,0.7732484076433122
333,697,49,0,1,100,131,37,3,4,2,4,1,79,48,21,3,2,5,2,19,511,0.733142037302726
334,731,33,0,2,72,153,70,1,6,3,8,2,75,68,19,5,0,0,1,9,527,0.7209302325581395
335,636,27,0,2,63,152,43,9,2,9,4,2,37,35,12,6,0,4,1,9,417,0.6556603773584906
336,713,58,0,0,81,160,64,5,4,9,4,2,66,47,13,4,1,4,1,13,536,0.7517531556802244
337,706,35,2,2,65,194,59,2,0,4,4,5,66,63,20,3,1,2,0,16,543,0.7691218130311614
338,774,56,1,0,81,209,67,7,2,10,4,14,65,69,24,8,0,6,0,11,634,0.8191214470284238
339,740,52,0,0,81,183,69,1,1,11,1,5,57,73,21,4,2,1,0,14,576,0.7783783783783784
340,666,27,0,2,54,167,62,3,5,6,1,2,64,76,18,16,1,18,1,13,536,0.8048048048048048
341,758,32,0,2,51,198,67,3,7,6,7,8,81,94,20,7,2,1,0,2,588,0.7757255936675461
342,699,27,0,2,117,137,33,1,2,4,8,2,117,60,25,5,2,1,3,0,546,0.7811158798283262
343,623,10,0,2,99,90,21,0,3,3,3,4,81,52,14,3,2,3,1,9,400,0.6420545746388443
344,795,17,0,3,154,127,28,3,2,0,4,0,103,85,10,6,1,3,1,4,551,0.6930817610062893
345,742,28,1,2,119,127,24,3,0,4,3,1,85,74,12,2,1,9,0,16,511,0.6886792452830188
346,989,50,0,5,212,166,32,3,1,3,5,2,92,70,24,4,0,6,0,12,687,0.6946410515672397
347,1105,33,0,2,213,178,53,3,2,6,2,1,124,84,33,6,1,5,1,14,761,0.6886877828054299
348,550,26,0,1,102,71,12,1,1,4,3,1,59,49,7,2,2,2,2,7,352,0.64
349,504,15,0,3,68,78,17,0,0,0,3,2,58,32,12,0,2,3,1,5,299,0.5932539682539683
350,690,13,2,0,133,92,14,3,2,3,4,3,81,60,7,5,4,4,0,3,433,0.6275362318840579
351,538,21,0,2,94,89,13,1,0,3,2,2,70,48,16,1,0,3,0,5,370,0.6877323420074349
352,633,24,0,0,68,150,32,0,2,13,1,0,72,72,18,6,0,4,0,6,468,0.7393364928909952
353,674,27,0,0,95,128,37,1,0,8,4,1,67,69,16,4,0,5,0,8,470,0.6973293768545994
354,735,35,1,0,115,141,36,1,3,8,6,2,90,57,29,6,1,3,0,19,553,0.7523809523809524
355,708,24,0,2,99,123,38,1,2,9,1,4,101,71,20,5,1,5,0,16,522,0.7372881355932204
356,624,36,0,1,102,80,22,1,2,1,4,3,44,53,11,0,0,3,0,29,392,0.6282051282051282
357,576,34,0,0,55,121,18,0,1,6,3,2,65,45,8,2,1,4,0,11,376,0.6527777777777778
358,635,34,0,0,79,115,54,3,2,6,5,3,76,54,14,5,1,4,0,9,464,0.7307086614173228
359,635,28,1,1,111,111,48,3,0,4,11,4,62,52,15,4,1,6,0,6,468,0.7370078740157481
360,666,38,1,3,107,132,37,4,2,7,3,5,80,29,16,3,4,1,0,9,481,0.7222222222222222
361,713,54,0,2,77,146,42,5,5,9,5,7,73,70,18,5,3,2,1,8,532,0.7461430575035063
362,733,41,0,3,101,162,45,3,3,6,4,4,69,67,23,2,1,7,2,17,560,0.7639836289222374
363,743,37,0,1,99,179,50,8,5,8,4,4,60,79,23,8,1,8,0,5,579,0.7792732166890982
364,598,25,1,1,78,107,27,0,2,3,0,0,97,53,15,6,0,1,1,3,420,0.7023411371237458
365,576,28,0,2,94,104,29,1,2,4,5,2,67,55,17,1,3,2,1,9,426,0.7395833333333334
366,635,26,0,1,79,126,51,3,5,9,4,3,54,54,15,5,1,4,2,17,459,0.7228346456692913
367,521,24,0,2,89,101,14,2,0,4,1,1,69,40,16,1,1,2,0,3,370,0.710172744721689
368,802,26,1,2,134,129,45,3,3,8,4,3,76,63,27,5,1,4,1,7,542,0.6758104738154613
369,538,21,0,1,81,97,20,2,2,2,3,1,73,32,11,1,2,5,0,5,359,0.6672862453531598
370,570,10,0,1,84,90,18,0,2,11,1,4,71,37,10,2,2,2,0,2,347,0.6087719298245614
371,593,26,1,0,110,91,17,1,2,7,0,3,65,35,4,1,3,3,1,9,379,0.6391231028667791
372,648,24,0,2,113,118,14,0,0,3,4,3,88,37,10,4,0,7,1,13,441,0.6805555555555556
373,734,21,0,1,130,125,26,0,6,7,1,3,82,65,18,3,5,4,1,11,509,0.6934604904632152
374,738,34,0,0,122,161,25,0,1,1,1,4,77,65,18,4,2,5,0,12,532,0.7208672086720868
375,630,31,1,0,112,103,23,1,3,5,0,2,81,41,11,1,2,1,0,5,423,0.6714285714285714
376,721,44,0,1,105,131,34,1,5,4,1,1,64,20,51,4,0,1,0,11,478,0.6629680998613038
377,641,21,1,1,99,78,18,3,0,0,2,0,80,59,13,5,0,1,0,10,391,0.609984399375975
378,702,31,1,0,92,129,41,5,1,6,2,7,79,67,20,5,1,3,0,2,492,0.7008547008547008
379,729,40,1,2,134,147,29,5,9,11,4,2,64,65,23,3,1,2,0,9,551,0.7558299039780522
380,799,23,0,1,99,161,55,5,3,10,16,6,61,71,22,4,3,4,1,10,555,0.6946182728410513
381,850,20,0,2,161,111,33,1,4,4,2,3,95,71,25,8,1,4,1,8,554,0.6517647058823529
382,979,39,0,5,146,171,50,0,5,12,1,5,157,78,31,3,0,1,1,7,712,0.7272727272727273
383,718,40,1,0,113,122,32,3,3,15,8,1,80,63,23,12,2,2,1,5,526,0.7325905292479109
384,854,45,1,3,175,144,27,1,4,5,5,1,122,71,29,6,0,8,0,5,652,0.7634660421545667
385,723,19,0,3,147,123,11,1,0,5,2,2,93,41,13,12,3,8,1,6,490,0.677731673582296
386,708,24,0,2,122,118,22,2,1,8,3,2,111,43,17,3,1,2,0,8,489,0.690677966101695
387,761,31,0,1,161,110,25,4,2,1,3,1,91,52,18,3,3,6,0,6,518,0.6806833114323259
388,837,21,0,2,152,147,34,1,4,5,3,5,125,91,21,9,0,5,0,5,630,0.7526881720430108
389,569,19,0,2,95,81,15,2,1,4,3,4,67,51,10,3,1,1,1,12,372,0.6537785588752196
390,666,20,0,0,116,125,20,0,1,5,2,2,57,47,23,5,3,5,0,6,437,0.6561561561561562
391,582,18,0,1,95,112,21,2,2,4,2,1,74,43,12,6,2,4,0,5,404,0.6941580756013745
392,706,27,0,2,138,115,25,1,4,4,3,1,78,66,14,2,0,1,0,14,495,0.7011331444759207
393,728,21,1,1,131,133,24,1,1,5,1,3,91,71,11,7,0,3,0,3,508,0.6978021978021978
394,758,29,0,2,140,130,20,0,5,9,5,6,66,56,12,0,5,6,0,7,498,0.6569920844327177
395,722,23,0,1,90,139,38,3,4,16,3,6,95,62,17,10,1,4,0,3,515,0.7132963988919667
396,761,22,1,1,91,157,43,6,1,9,5,5,77,90,29,6,1,4,0,1,549,0.721419185282523
397,778,22,1,0,90,182,47,2,5,11,8,3,101,93,27,5,0,2,0,6,605,0.7776349614395887
398,796,34,0,2,115,171,42,3,7,8,7,5,84,78,24,6,2,8,0,7,603,0.757537688442211
399,670,17,1,0,126,132,19,1,2,2,3,0,80,57,16,6,2,7,0,11,482,0.7194029850746269
400,646,32,0,0,138,108,39,1,2,2,4,3,74,45,16,1,1,2,1,6,475,0.7352941176470589
401,646,21,0,1,115,137,32,0,0,5,4,4,65,49,18,6,1,4,0,5,467,0.7229102167182663
402,761,34,0,1,107,153,48,1,7,13,1,7,77,76,21,4,4,3,0,6,563,0.7398160315374507
403,637,33,0,3,124,118,26,0,3,5,1,2,46,58,15,4,1,3,0,9,451,0.7080062794348508
404,639,24,1,0,100,96,25,2,2,5,2,0,68,44,10,4,2,6,0,10,401,0.6275430359937402
405,674,34,0,4,126,135,27,0,3,6,4,5,70,42,9,4,1,5,0,6,481,0.7136498516320475
406,619,18,0,0,102,96,27,2,1,5,1,1,66,45,11,3,1,5,1,11,396,0.6397415185783522
407,725,22,0,3,101,165,42,6,3,5,5,4,92,64,22,8,1,5,0,8,556,0.766896551724138
408,774,20,0,0,87,208,49,2,4,12,3,6,80,92,29,9,1,6,1,6,615,0.7945736434108527
409,645,21,0,3,92,122,20,0,2,7,2,5,87,65,7,1,4,4,1,3,446,0.6914728682170542
410,696,28,0,0,124,133,15,2,5,3,1,0,108,63,15,5,0,3,2,2,509,0.7313218390804598
411,761,28,2,0,120,105,18,2,1,2,2,1,115,61,20,5,1,9,1,3,496,0.6517739816031537
412,798,23,1,3,178,120,24,2,7,4,2,0,108,74,23,6,4,5,0,5,589,0.7380952380952381
413,660,16,0,2,104,114,24,2,0,12,2,3,94,49,20,4,1,5,2,6,460,0.696969696969697
414,710,30,0,3,150,114,31,1,4,7,1,1,88,46,13,6,1,4,0,6,506,0.7126760563380282
415,435,16,0,0,92,54,4,0,1,0,0,1,63,35,21,7,1,6,2,4,307,0.7057471264367816
416,580,25,0,1,115,72,19,0,2,1,0,2,82,48,11,2,0,1,0,3,384,0.6620689655172414
417,668,21,0,0,139,99,19,1,2,6,4,2,104,65,6,2,0,6,0,4,480,0.718562874251497
418,606,9,0,3,124,96,6,1,0,3,6,5,82,50,7,3,0,3,0,8,406,0.66996699669967
419,637,18,2,2,142,95,14,2,1,3,0,4,90,55,14,3,1,1,0,9,456,0.7158555729984302
420,706,17,0,5,108,98,18,1,0,1,3,2,79,78,9,5,3,5,0,2,434,0.6147308781869688
421,868,24,0,2,172,118,20,4,2,4,1,3,134,87,20,8,3,7,0,2,611,0.7039170506912442
422,681,21,0,1,150,110,13,3,0,6,0,1,93,60,9,4,2,3,0,6,482,0.7077826725403817
423,799,20,2,0,135,126,13,4,5,4,4,4,118,67,13,7,1,8,1,8,540,0.6758448060075094
424,691,16,2,1,149,77,12,0,1,3,2,2,98,66,13,3,0,3,0,8,456,0.6599131693198264
425,722,24,1,0,135,106,16,4,1,4,3,2,87,61,20,2,0,4,0,4,474,0.6565096952908587
426,687,14,0,4,130,105,23,1,1,3,1,1,92,76,16,3,1,8,0,4,483,0.7030567685589519
427,599,24,0,1,106,72,10,0,3,3,0,2,67,64,6,6,2,3,0,3,372,0.6210350584307178
428,723,21,0,2,137,117,16,3,3,1,10,3,79,65,13,4,1,6,0,1,482,0.6666666666666666
429,715,23,0,2,147,111,18,2,1,6,7,2,96,58,14,1,2,5,0,6,501,0.7006993006993008
430,578,12,0,0,118,74,6,0,0,2,3,1,91,46,10,5,0,6,1,4,379,0.6557093425605537
431,611,10,2,2,134,76,10,0,2,3,0,5,86,51,8,4,2,10,2,2,409,0.6693944353518821
432,811,33,1,1,180,125,15,3,0,1,2,2,115,63,16,1,2,5,0,13,578,0.7127003699136868
433,870,21,1,3,191,103,19,6,2,4,0,2,167,59,13,5,4,7,0,5,612,0.7034482758620689
434,842,32,0,3,167,147,16,2,2,10,4,1,121,67,16,6,2,2,1,2,601,0.7137767220902613
435,526,3,1,2,57,42,3,2,1,0,0,6,54,57,6,1,0,3,0,2,240,0.45627376425855515
436,641,19,0,1,125,105,14,2,2,2,1,1,92,52,8,0,3,4,0,5,436,0.6801872074882995
437,579,10,0,0,84,91,7,3,0,1,1,2,102,37,13,4,1,1,0,1,358,0.6183074265975821
438,696,31,1,1,136,152,9,2,0,2,5,2,93,67,8,4,1,6,0,3,523,0.7514367816091954
439,747,18,1,0,111,184,20,1,1,14,4,2,108,64,13,11,0,2,1,3,558,0.7469879518072289
440,731,27,0,1,152,136,16,2,1,2,3,2,89,62,19,1,0,4,1,4,522,0.7140902872777017
441,747,38,0,0,144,108,16,2,2,2,0,0,106,80,10,2,1,5,0,3,519,0.6947791164658634
442,630,11,0,1,149,86,12,1,2,4,2,1,71,40,11,3,2,3,0,2,401,0.6365079365079365
443,589,7,2,4,98,101,12,1,0,3,3,1,85,69,10,3,0,7,0,6,412,0.6994906621392191
444,604,7,0,3,132,89,19,4,2,1,1,0,69,42,12,2,1,3,0,1,388,0.6423841059602649
445,582,16,1,1,97,78,12,0,2,2,2,15,74,42,12,3,1,3,0,4,365,0.627147766323024
446,679,18,0,0,135,119,12,1,0,1,2,3,105,64,13,4,2,7,0,3,489,0.7201767304860088
447,671,29,0,1,120,76,12,1,2,11,2,1,101,54,16,10,0,4,0,1,441,0.6572280178837556
448,630,16,1,3,111,117,13,2,1,5,2,1,78,58,9,6,1,6,1,2,433,0.6873015873015873
449,645,29,1,4,150,95,10,0,2,1,0,5,95,66,16,6,2,0,0,7,489,0.7581395348837209
450,939,26,1,0,84,188,7,1,0,2,1,1,136,65,12,4,1,11,1,9,550,0.5857294994675186
451,853,33,1,0,174,93,16,0,0,2,4,1,105,79,12,4,1,2,1,4,532,0.6236811254396248
452,1129,24,0,3,237,143,24,1,3,2,1,1,134,66,17,3,4,10,0,8,681,0.6031886625332152
453,652,23,1,0,131,126,23,3,2,2,0,3,76,52,16,4,0,8,0,1,471,0.7223926380368099
454,571,15,0,1,117,75,11,1,1,1,2,2,61,43,9,4,1,4,1,2,351,0.6147110332749562
455,836,24,0,1,158,156,17,5,1,3,6,2,105,77,22,6,2,5,0,5,595,0.7117224880382775
456,718,16,0,1,118,98,16,0,2,2,3,5,101,49,14,3,1,7,0,6,442,0.6155988857938719
457,627,14,1,4,113,134,11,1,2,14,3,1,104,42,16,7,0,3,0,1,471,0.7511961722488039
458,616,20,1,2,117,120,10,2,1,8,0,2,77,51,11,3,2,2,0,5,434,0.7045454545454546
459,374,15,0,0,70,68,17,0,1,2,4,0,42,28,5,1,0,6,1,3,263,0.7032085561497327
460,647,18,2,2,83,144,13,3,1,6,7,5,90,49,21,3,0,1,0,4,452,0.6986089644513137
461,605,19,1,3,131,79,10,0,4,2,3,3,80,56,4,1,2,9,2,2,411,0.6793388429752066
462,600,24,0,1,94,106,13,1,3,1,2,0,75,40,25,4,1,6,0,3,399,0.665
463,627,21,0,0,121,79,11,0,2,9,0,2,90,44,8,13,2,0,0,4,406,0.6475279106858054
464,579,18,0,3,113,68,8,0,0,2,0,2,100,34,10,2,0,2,0,11,373,0.6442141623488774
465,560,12,0,1,106,67,6,0,3,3,2,2,99,57,5,6,0,2,0,4,375,0.6696428571428571
466,945,17,2,0,215,115,29,4,1,3,4,3,121,78,20,2,1,8,0,10,633,0.6698412698412698
467,813,39,0,0,173,125,16,0,4,7,0,2,110,71,15,4,1,7,1,4,579,0.7121771217712177
468,652,22,1,1,131,95,11,1,1,4,4,5,92,44,12,0,0,6,0,2,432,0.6625766871165644
469,768,31,0,2,161,113,11,0,3,5,3,1,130,69,10,4,3,9,0,6,561,0.73046875
470,645,10,2,2,132,78,13,1,0,1,0,2,106,61,8,4,0,7,0,5,432,0.6697674418604651
471,691,14,2,4,158,82,26,3,1,0,1,1,114,63,16,2,6,5,0,4,502,0.7264833574529667
472,784,13,0,2,174,103,10,3,0,1,1,2,129,66,21,8,1,5,0,4,543,0.6926020408163265
473,509,15,0,0,108,70,0,0,1,0,2,3,69,37,14,3,2,2,0,2,328,0.6444007858546169
474,851,31,0,5,156,117,28,0,1,3,1,2,117,72,14,4,2,3,0,6,562,0.6603995299647474
475,722,28,1,2,131,113,6,1,1,3,5,4,108,64,16,3,2,2,0,4,494,0.6842105263157895
476,707,15,1,1,123,102,16,0,2,1,4,1,100,47,17,2,1,5,0,8,446,0.6308345120226309
477,710,13,1,3,156,83,9,0,1,4,3,0,92,58,18,5,1,1,0,6,454,0.6394366197183099
478,827,17,0,4,174,127,7,1,1,2,7,2,90,63,14,6,1,4,0,7,527,0.6372430471584039
479,962,26,0,0,241,159,26,0,3,4,3,0,152,65,31,4,0,4,0,4,722,0.7505197505197505
480,830,24,1,1,194,99,16,3,0,2,5,1,122,70,9,7,2,5,0,6,567,0.6831325301204819
481,594,11,1,2,119,69,8,1,1,0,1,1,66,51,13,6,0,9,2,4,365,0.6144781144781145
482,575,1,0,1,91,42,5,2,1,1,0,1,93,66,6,1,2,4,0,1,318,0.5530434782608695
483,554,23,0,4,113,74,6,0,0,2,0,1,80,52,12,2,1,5,1,5,381,0.6877256317689531
484,598,12,1,0,111,62,8,0,3,1,0,1,72,48,6,1,4,7,0,7,344,0.5752508361204013
485,586,6,0,2,102,54,1,0,1,2,0,4,60,43,11,3,1,8,1,3,302,0.515358361774744
486,619,7,0,0,93,33,5,0,0,4,3,1,76,67,9,3,0,5,0,3,309,0.4991922455573506
487,619,7,2,0,106,56,4,1,1,3,1,1,81,62,4,11,0,1,0,0,341,0.5508885298869144
488,667,21,0,0,122,88,20,1,1,3,3,1,103,49,15,2,1,8,0,9,447,0.6701649175412294
489,774,13,1,0,156,132,12,2,0,3,1,7,111,66,19,8,0,1,0,2,534,0.689922480620155
490,775,31,0,0,148,143,25,0,1,5,6,1,86,60,19,4,2,4,0,5,540,0.6967741935483871
491,574,11,0,0,88,104,7,2,2,3,6,3,90,72,14,1,1,3,1,2,410,0.7142857142857143
492,639,28,1,1,126,141,23,2,5,3,2,6,79,38,7,2,0,5,0,5,474,0.7417840375586855
493,818,24,0,1,109,127,26,1,0,5,2,2,83,65,9,2,0,2,0,7,465,0.5684596577017115
494,741,28,0,0,140,122,23,1,1,3,5,1,99,72,14,2,0,2,0,4,517,0.6977058029689609
495,636,15,1,0,172,74,11,1,2,5,4,1,94,35,13,3,2,11,1,5,450,0.7075471698113207
496,827,36,0,1,154,119,26,0,3,7,2,3,101,60,18,7,1,4,3,15,560,0.6771463119709794
497,695,22,2,3,120,95,15,0,2,5,0,3,80,62,14,2,2,5,0,3,435,0.6258992805755396
498,704,24,0,0,140,103,19,0,1,5,6,0,98,56,10,3,0,6,0,8,479,0.6803977272727273
499,673,15,2,1,153,121,10,1,1,3,1,4,92,51,13,3,2,3,0,6,482,0.7161961367013373
500,738,29,0,2,129,122,15,2,2,4,2,1,110,56,17,11,2,3,0,5,512,0.6937669376693767
501,674,22,1,0,128,133,15,2,1,8,2,2,91,51,18,3,1,5,0,4,487,0.7225519287833828
502,638,16,0,1,122,108,17,3,1,1,0,1,103,52,16,3,0,5,0,6,455,0.713166144200627
503,706,15,0,2,137,101,9,0,1,5,0,0,96,68,11,3,1,3,0,1,453,0.6416430594900849
504,604,15,1,2,119,74,13,1,0,2,1,0,96,29,9,5,2,2,0,8,379,0.6274834437086093
505,632,20,0,3,147,102,9,2,0,2,2,2,66,48,13,5,0,2,0,4,427,0.6756329113924051
506,739,20,1,1,157,112,14,1,1,2,2,2,106,80,20,3,2,9,0,4,537,0.7266576454668471
507,655,19,0,1,124,101,17,2,5,8,3,2,89,62,8,3,1,5,0,3,453,0.6916030534351145
508,766,24,0,1,187,138,12,2,1,7,3,4,119,38,18,8,2,4,0,5,573,0.7480417754569191
509,749,28,0,1,146,144,15,2,3,2,4,1,113,67,17,1,1,6,1,5,557,0.7436582109479306
510,851,28,1,1,175,150,20,3,1,1,4,4,108,66,10,5,2,6,1,7,593,0.6968272620446534
511,785,29,0,1,179,130,12,1,1,4,3,4,106,54,19,0,0,4,1,13,561,0.7146496815286624
512,845,21,0,3,244,141,18,1,4,5,5,3,124,72,12,5,2,2,0,7,669,0.7917159763313609
513,656,6,0,1,91,56,4,0,0,1,2,1,81,29,6,2,0,6,0,1,287,0.4375
514,591,13,0,3,134,34,8,1,0,0,4,4,74,71,9,2,3,0,0,3,363,0.6142131979695431
515,618,14,0,2,126,57,4,0,1,1,1,2,80,78,5,0,2,0,1,4,378,0.6116504854368932
516,608,14,1,1,146,70,11,0,2,2,8,1,75,50,14,8,0,7,0,8,418,0.6875
517,602,12,0,1,129,67,6,0,1,2,3,3,92,42,3,2,3,2,0,3,371,0.6162790697674418
518,680,24,2,2,159,83,11,2,1,1,8,1,88,43,12,5,1,3,0,3,449,0.6602941176470588
519,727,15,1,2,178,73,7,4,0,2,3,2,92,70,8,2,0,5,0,4,468,0.6437414030261348
520,595,13,0,1,124,50,6,0,0,2,0,1,83,70,7,2,1,6,0,2,368,0.6184873949579832
521,904,34,1,2,159,119,15,3,2,1,5,0,150,80,32,12,2,2,0,8,627,0.6935840707964602
522,750,7,0,2,143,64,4,0,1,0,3,2,87,75,10,2,0,4,0,1,405,0.54
523,533,10,0,1,93,51,6,0,0,4,5,1,54,36,4,4,0,5,0,5,279,0.5234521575984991
524,567,11,1,0,127,61,11,0,1,5,2,1,66,51,14,1,4,6,0,3,365,0.6437389770723104
525,848,33,0,2,183,127,11,3,5,2,7,5,123,74,17,3,1,2,0,3,601,0.7087264150943396
526,609,15,0,1,157,87,7,1,1,1,1,3,74,50,7,2,0,6,0,4,417,0.6847290640394089
527,906,20,0,0,228,173,9,2,0,0,5,1,97,61,14,0,4,3,0,1,618,0.6821192052980133
528,870,20,1,3,194,113,9,0,2,2,3,3,112,69,11,3,2,3,0,2,552,0.6344827586206897
529,272,8,0,0,56,27,8,0,0,1,2,1,34,26,4,2,0,3,0,0,172,0.6323529411764706
530,674,23,0,1,151,85,9,1,2,1,0,1,103,52,6,1,1,5,0,2,444,0.658753709198813
531,743,26,0,1,179,112,10,1,3,3,4,1,113,54,19,7,1,6,1,2,543,0.730820995962315
532,514,41,0,0,117,120,13,0,1,3,0,0,47,19,1,0,0,3,0,3,368,0.7159533073929961
533,593,17,1,3,118,80,6,0,4,7,2,4,58,42,5,2,1,11,0,7,368,0.6205733558178752
534,500,14,0,2,101,46,16,0,0,1,1,4,95,41,9,4,1,2,1,3,341,0.682
535,489,13,0,0,90,70,13,2,1,2,1,0,70,36,6,2,0,1,0,4,311,0.6359918200408998
536,642,27,0,0,77,145,23,2,0,4,5,4,95,44,10,3,1,10,2,3,455,0.7087227414330218
537,662,26,1,1,102,145,16,2,3,5,1,2,108,45,20,2,2,3,1,3,488,0.7371601208459214
538,559,14,1,0,83,110,14,2,3,5,2,1,80,52,11,1,1,1,1,3,385,0.6887298747763864
539,802,30,0,1,153,161,19,0,2,3,3,3,135,48,15,7,1,1,0,5,587,0.7319201995012469
540,634,19,0,2,125,89,7,0,0,2,2,3,92,48,13,4,0,6,1,9,422,0.6656151419558359
541,645,15,0,1,148,107,7,0,0,2,4,4,80,49,12,0,2,4,0,1,436,0.6759689922480621
542,617,15,0,2,96,120,8,0,0,7,7,2,101,53,13,4,1,5,1,4,439,0.7115072933549432
543,704,22,0,2,125,124,17,0,2,5,7,7,93,53,8,4,0,4,0,3,476,0.6761363636363636
544,654,32,0,0,100,177,27,3,4,3,2,2,49,11,45,1,0,3,1,5,465,0.7110091743119266
545,538,20,0,2,77,101,13,5,2,3,1,3,74,42,18,7,3,3,0,2,376,0.6988847583643123
546,791,18,0,0,128,91,13,1,2,6,5,8,111,79,9,12,2,5,0,4,494,0.6245259165613148
547,744,46,0,1,148,143,20,3,3,5,8,0,82,48,13,4,5,3,1,4,537,0.7217741935483871
548,739,33,0,2,118,112,24,4,4,3,1,7,113,63,21,2,1,8,2,8,526,0.7117726657645467
549,615,13,0,0,100,97,18,1,1,3,2,0,69,57,10,3,0,6,0,2,382,0.6211382113821138
550,477,13,2,1,78,62,10,0,2,1,1,4,53,29,4,0,1,2,2,0,265,0.5555555555555556
551,510,12,1,3,72,57,12,1,1,2,5,3,66,43,12,5,0,3,0,1,299,0.5862745098039216
552,468,6,0,0,71,46,3,0,2,1,4,2,59,57,6,2,0,3,0,2,264,0.5641025641025641
553,448,5,0,0,66,45,6,0,1,1,3,0,52,45,7,7,0,9,0,6,253,0.5647321428571429
554,499,7,0,1,80,63,13,0,0,0,2,1,62,43,4,2,1,4,0,7,290,0.5811623246492986
555,537,7,0,0,86,59,4,1,0,6,1,0,69,49,4,4,0,5,0,4,299,0.5567970204841713
556,544,15,0,4,116,67,10,1,0,3,2,1,81,42,10,4,1,3,0,2,362,0.6654411764705882
557,531,14,1,0,80,59,11,0,0,0,2,2,75,57,10,1,0,3,0,6,321,0.6045197740112994
558,498,11,0,0,84,53,6,0,0,1,2,2,83,37,6,2,0,5,0,4,296,0.5943775100401606
559,642,12,0,3,124,77,11,0,1,3,3,1,92,70,13,3,4,7,0,4,428,0.6666666666666666
560,631,27,0,3,117,114,19,1,1,3,1,0,93,36,19,5,0,7,0,0,446,0.7068145800316957
561,665,18,1,1,110,115,13,0,5,3,2,2,116,47,14,4,0,3,3,4,461,0.6932330827067669
562,555,15,0,0,102,66,14,0,0,1,4,0,89,45,10,5,0,6,0,2,359,0.6468468468468469
563,570,12,0,1,110,85,8,0,1,0,2,0,86,45,10,4,0,5,1,5,375,0.6578947368421053
564,498,18,2,1,59,59,6,0,0,3,2,1,73,47,13,1,2,2,0,4,293,0.5883534136546185
565,591,9,1,4,100,79,5,0,0,0,3,0,96,39,8,4,0,4,0,3,355,0.6006768189509306
566,540,13,0,0,86,65,2,0,0,1,2,1,88,47,11,3,2,2,0,3,326,0.6037037037037037
567,557,11,0,2,113,80,9,1,1,3,0,1,77,43,7,1,0,3,0,5,357,0.6409335727109515
568,547,5,0,0,96,51,9,0,0,4,0,3,83,60,7,1,2,7,0,3,331,0.6051188299817185
569,424,6,0,0,56,58,11,0,0,0,0,1,71,39,8,1,4,2,0,4,261,0.6155660377358491
570,583,14,0,0,102,60,13,0,2,1,0,1,69,51,8,2,0,4,0,5,332,0.5694682675814752
571,577,14,0,2,89,75,10,1,0,3,1,0,91,47,13,4,0,3,0,5,358,0.6204506065857885
572,1091,34,0,1,259,126,21,1,2,4,3,4,161,83,34,7,5,5,0,16,766,0.7021081576535289
573,927,20,0,2,167,117,12,0,0,3,5,2,121,68,15,0,1,6,0,6,545,0.5879180151024811
574,567,12,0,0,114,61,10,1,0,6,2,1,49,49,10,2,0,1,0,4,322,0.5679012345679012
575,805,19,0,1,196,82,8,0,2,2,0,1,93,52,10,2,3,8,0,12,491,0.6099378881987577
576,612,14,1,7,100,72,17,1,2,0,2,2,91,58,15,0,0,3,0,3,388,0.6339869281045751
577,462,7,1,1,97,70,6,0,0,2,1,1,61,44,6,1,0,3,0,4,305,0.6601731601731602
578,768,16,0,4,145,89,9,2,0,4,4,2,109,75,8,5,1,5,0,5,483,0.62890625
579,615,15,1,0,132,69,4,0,0,4,1,3,61,53,14,1,3,5,0,6,372,0.6048780487804878
580,568,9,0,1,78,48,3,0,2,1,0,1,72,66,3,0,1,1,0,0,286,0.5035211267605634
581,616,14,1,0,101,75,8,3,2,1,2,3,84,60,13,1,1,3,1,3,376,0.6103896103896104
582,668,12,0,1,100,104,18,0,2,5,0,3,89,79,9,3,0,2,0,6,433,0.6482035928143712
583,701,27,0,1,156,98,12,0,2,4,7,1,76,53,14,1,2,7,1,3,465,0.6633380884450785
584,638,24,1,1,140,96,12,1,0,2,1,1,80,48,10,0,1,0,2,8,428,0.670846394984326
585,475,6,1,0,48,43,4,0,1,0,0,4,56,57,3,9,1,2,1,1,237,0.49894736842105264
586,577,8,0,1,63,70,17,0,0,2,0,1,90,53,2,1,1,0,0,5,314,0.5441941074523396
587,575,15,0,2,116,60,1,14,3,3,0,2,50,86,9,3,0,2,1,1,368,0.64
588,613,17,0,0,99,80,19,0,0,2,1,2,99,56,15,6,9,5,1,12,423,0.6900489396411092
589,701,23,0,3,143,112,19,2,1,2,1,1,88,50,17,4,0,2,2,1,471,0.6718972895863052
590,586,16,0,1,104,118,7,3,3,2,1,2,94,44,18,4,0,3,0,2,422,0.7201365187713311
591,672,20,1,0,106,129,10,1,1,6,3,1,112,55,13,7,0,8,0,3,476,0.7083333333333334
592,655,25,0,5,107,133,10,0,0,7,0,2,74,59,3,2,1,3,0,2,433,0.6610687022900763
593,640,11,0,1,121,99,15,0,1,15,2,1,92,46,14,15,3,1,1,4,442,0.690625
594,565,11,2,1,96,81,3,2,1,2,0,0,86,66,5,0,0,2,0,3,361,0.6389380530973451
595,657,17,0,3,97,115,18,1,2,3,1,2,133,52,17,2,1,1,1,4,470,0.715372907153729
596,687,22,1,1,116,127,14,2,2,7,3,1,97,71,23,5,0,5,0,5,502,0.7307132459970888
597,679,13,1,0,152,109,5,2,0,2,2,1,110,66,10,7,1,0,2,3,486,0.7157584683357879
598,596,11,0,0,99,75,16,0,2,3,0,1,116,60,16,2,0,7,0,6,414,0.6946308724832215
599,593,3,0,1,117,38,1,0,1,0,0,1,62,53,7,1,0,4,0,1,290,0.48903878583473864
600,759,19,3,2,150,120,15,1,1,4,0,2,105,70,6,5,2,7,1,4,517,0.6811594202898551
601,638,19,1,0,89,91,12,0,0,3,1,0,103,54,9,3,1,5,0,3,394,0.6175548589341693
602,556,11,0,2,99,64,4,0,1,1,0,1,67,44,3,0,1,3,1,3,305,0.5485611510791367
603,652,13,0,1,115,101,14,1,1,7,1,3,78,57,5,5,0,8,0,6,416,0.6380368098159509
604,470,17,0,1,90,67,12,1,1,1,2,4,69,36,10,3,1,3,0,0,318,0.676595744680851
605,645,11,2,1,118,101,14,1,1,2,2,2,99,63,24,2,4,6,0,6,459,0.7116279069767442
606,818,22,1,1,120,143,13,5,1,5,5,2,152,48,24,2,1,1,0,1,547,0.6687041564792175
607,739,25,2,0,147,112,14,3,0,3,3,2,143,58,5,1,3,10,0,3,534,0.7225981055480379
608,723,16,0,2,157,109,7,2,0,5,1,2,105,66,11,4,1,2,0,1,491,0.6791147994467497
609,837,19,1,3,200,141,14,1,1,4,4,3,144,55,8,1,1,5,0,5,610,0.7287933094384708
610,710,17,2,4,168,105,11,1,2,4,2,2,90,61,11,3,3,3,0,2,491,0.6915492957746479
611,603,27,1,1,107,118,15,2,0,4,2,3,69,49,10,1,0,3,0,0,412,0.6832504145936982
612,737,24,0,0,140,123,6,0,4,2,3,1,99,50,9,3,0,6,0,8,478,0.6485753052917232
613,537,9,0,0,130,31,9,0,0,5,2,4,124,41,4,4,1,9,0,4,377,0.702048417132216
614,561,9,3,1,109,42,2,2,0,0,1,4,57,60,7,0,1,3,0,2,303,0.5401069518716578
615,601,14,0,1,111,58,10,2,0,0,2,3,76,36,6,0,0,6,0,1,326,0.5424292845257903
616,580,10,0,4,101,52,5,1,0,3,2,0,75,46,8,0,0,0,1,5,313,0.5396551724137931
617,623,7,0,1,120,69,5,1,0,0,2,6,85,65,10,0,0,4,0,4,379,0.608346709470305
618,669,25,1,1,147,88,9,0,1,4,1,3,104,41,20,11,3,2,0,7,468,0.6995515695067265
619,611,14,0,0,166,73,10,1,0,0,2,6,112,33,12,0,2,12,0,3,446,0.7299509001636661
620,713,23,1,1,164,84,5,2,1,7,1,1,110,64,15,10,0,7,0,4,500,0.7012622720897616
621,634,22,0,3,96,114,6,2,0,1,1,0,71,41,10,2,0,1,0,7,377,0.5946372239747634
622,847,12,0,3,164,153,15,3,1,4,2,5,151,54,14,4,0,2,0,6,593,0.7001180637544274
623,898,9,0,0,174,93,8,1,0,6,2,3,135,95,12,2,1,9,1,6,557,0.6202672605790646
624,976,16,0,2,202,152,27,4,3,8,3,7,148,87,25,8,2,10,0,3,707,0.7243852459016393
625,872,16,0,2,161,116,13,3,4,2,6,0,117,74,18,8,0,8,1,7,556,0.6376146788990825
626,722,20,0,2,141,98,15,2,0,0,1,7,125,67,22,0,1,0,0,2,503,0.6966759002770083
627,775,22,0,3,167,102,20,0,2,2,3,5,124,93,19,5,2,2,1,5,577,0.7445161290322581
628,847,30,1,1,135,166,19,1,2,6,3,5,105,72,18,0,1,7,0,5,577,0.6812278630460449
629,700,23,1,3,142,90,17,3,1,1,4,5,119,50,16,1,0,3,0,5,484,0.6914285714285714
630,656,12,0,1,126,90,6,0,2,4,2,8,85,60,2,11,0,9,0,4,422,0.6432926829268293
631,728,13,0,1,143,88,9,1,1,1,3,3,122,70,9,2,2,3,0,4,475,0.6524725274725275
632,751,23,2,1,152,126,20,3,2,9,4,1,112,49,18,10,1,6,0,9,548,0.729693741677763
633,730,14,0,2,154,142,16,1,1,2,3,0,107,65,22,4,0,4,0,3,540,0.7397260273972602
634,739,17,0,1,114,101,13,3,3,3,0,1,92,82,12,11,1,6,0,2,462,0.625169147496617
635,683,41,2,1,68,149,61,4,3,6,2,8,67,63,18,3,0,3,0,9,508,0.7437774524158126
636,761,44,1,1,110,138,2,65,2,11,2,0,62,53,12,5,2,2,0,12,524,0.6885676741130092
637,631,39,0,2,65,182,65,0,4,5,2,0,59,36,13,2,2,3,0,11,490,0.7765451664025357
638,651,48,0,0,81,116,61,4,1,9,1,1,49,45,14,7,0,0,0,13,450,0.6912442396313364
639,597,25,0,3,67,103,44,0,4,5,3,1,66,34,8,2,1,4,2,22,394,0.6599664991624791
640,571,31,0,0,81,83,38,3,2,2,2,9,53,36,13,3,1,4,0,23,384,0.6725043782837128
641,496,31,0,0,47,127,18,3,2,3,0,0,48,38,11,5,0,5,0,5,343,0.6915322580645161
642,647,35,0,0,72,111,58,2,3,4,0,5,62,50,7,2,1,3,0,17,432,0.6676970633693973
643,631,41,0,2,62,115,50,3,0,3,1,2,60,51,12,5,2,1,0,26,436,0.6909667194928685
644,606,33,0,1,74,104,38,2,7,5,1,4,61,60,16,5,0,0,0,14,425,0.7013201320132013
645,599,34,1,1,83,97,57,0,3,2,0,4,47,45,5,1,1,2,0,23,406,0.67779632721202
646,673,30,1,1,73,146,59,0,4,8,2,3,55,52,16,4,0,1,0,20,475,0.7057949479940565
647,620,35,1,1,58,149,55,0,4,4,2,8,63,56,20,3,0,1,0,10,470,0.7580645161290323
648,761,39,0,0,99,147,64,6,5,11,4,2,83,59,15,9,3,8,2,13,569,0.7477003942181341
649,528,22,1,1,90,65,30,1,2,4,1,1,51,56,13,3,2,3,1,20,367,0.6950757575757576
650,640,20,2,2,100,91,25,1,0,5,0,2,68,58,10,4,3,5,0,22,418,0.653125
651,638,41,0,0,64,98,34,0,2,2,2,1,59,36,6,3,1,3,0,26,378,0.5924764890282131
652,582,24,0,2,83,68,33,1,2,4,0,1,62,38,8,2,1,1,1,22,353,0.6065292096219931
653,291,3,2,0,16,127,5,7,0,2,13,3,13,12,2,1,0,0,0,0,206,0.7079037800687286
654,475,2,1,0,6,164,0,14,1,2,12,9,0,4,1,0,0,1,1,0,218,0.4589473684210526
655,363,6,0,1,95,38,5,1,2,1,0,0,53,23,8,3,1,2,0,7,246,0.6776859504132231
656,635,17,1,1,67,86,18,7,3,3,10,7,78,59,11,5,0,5,0,9,387,0.6094488188976378
657,588,18,0,2,76,131,26,5,3,2,3,2,59,42,12,0,2,3,0,10,396,0.673469387755102
658,522,6,1,1,69,67,20,0,3,2,7,2,32,39,9,5,0,6,1,16,286,0.5478927203065134
659,776,30,2,2,129,102,28,4,3,8,3,4,95,73,12,0,1,6,0,13,515,0.663659793814433
660,855,21,2,1,165,136,37,2,1,8,3,5,114,66,25,11,0,4,0,12,613,0.7169590643274854
661,718,22,0,1,102,142,25,0,1,4,2,3,103,60,16,5,1,11,1,10,509,0.7089136490250696
662,601,38,0,0,68,107,50,0,4,5,2,2,56,48,13,2,1,8,0,15,419,0.697171381031614
663,570,31,1,1,62,139,35,2,1,3,7,5,67,52,22,5,1,0,0,7,441,0.7736842105263158
664,647,29,0,0,103,126,39,1,3,11,3,3,54,61,16,4,0,5,0,6,464,0.7171561051004637
665,662,30,0,4,89,148,47,1,2,5,3,4,65,54,13,3,1,4,0,9,482,0.7280966767371602
666,672,31,0,0,95,102,41,0,1,9,10,3,67,34,19,3,2,1,0,13,431,0.6413690476190477
667,782,35,2,2,105,144,66,1,5,6,4,0,89,72,24,0,1,3,1,18,578,0.7391304347826086
668,607,24,0,2,119,87,33,0,1,1,0,1,61,46,11,2,2,1,0,14,405,0.6672158154859967
669,729,31,1,1,133,140,51,1,3,9,2,1,78,62,10,5,1,4,0,8,541,0.7421124828532236
670,803,35,1,1,139,123,44,1,3,8,3,4,87,71,15,6,1,3,0,18,563,0.701120797011208
671,922,33,0,2,104,157,38,6,4,12,4,8,74,56,22,5,0,3,0,15,543,0.588937093275488
672,746,33,1,1,128,118,37,1,0,4,3,3,71,66,5,6,0,3,1,29,510,0.6836461126005362
673,639,24,0,1,86,120,35,1,1,8,1,2,84,43,8,4,2,3,1,12,436,0.6823161189358372
674,619,28,1,0,94,133,19,1,0,6,1,2,74,48,16,4,0,1,0,11,439,0.7092084006462036
675,693,32,3,0,97,171,39,0,3,6,1,6,78,53,23,2,1,2,0,4,521,0.7518037518037518
676,897,36,0,3,120,161,31,2,6,6,1,2,130,82,19,4,1,5,3,6,618,0.6889632107023411
677,641,28,0,1,110,97,24,1,4,9,8,2,64,48,17,6,1,4,1,16,441,0.6879875195007801
678,845,51,0,2,145,171,41,1,5,7,1,1,92,48,16,4,0,10,0,17,612,0.7242603550295857
679,695,29,1,0,102,170,29,4,6,7,4,3,89,51,14,2,0,3,0,11,525,0.7553956834532374
680,690,34,0,2,115,107,33,0,1,9,0,1,92,52,21,10,1,2,0,7,487,0.7057971014492753
681,695,32,1,2,87,145,26,2,6,1,2,2,80,59,14,1,0,6,0,15,481,0.6920863309352518
682,701,44,0,0,104,129,40,2,1,3,0,2,96,53,15,4,1,1,2,10,507,0.7232524964336662
683,659,41,2,3,108,124,30,4,6,3,5,1,62,44,6,3,1,3,0,11,457,0.6934749620637329
684,700,40,0,1,83,154,38,2,1,6,0,5,74,55,6,5,2,2,0,6,480,0.6857142857142857
685,726,28,0,1,122,132,23,3,1,5,1,2,95,61,18,4,0,1,0,13,510,0.7024793388429752
686,717,37,0,0,121,96,48,0,2,3,2,0,100,64,17,2,0,5,0,13,510,0.7112970711297071
687,866,66,0,0,106,125,68,3,5,15,2,5,89,58,27,5,3,3,0,17,597,0.6893764434180139
688,710,46,0,2,114,122,52,3,3,6,3,3,74,48,12,1,2,1,0,13,505,0.7112676056338029
689,705,38,1,2,103,102,48,0,4,2,1,1,55,45,12,2,1,7,1,17,442,0.6269503546099291
690,694,31,0,1,89,109,44,1,4,3,3,1,96,50,29,2,4,1,2,16,486,0.7002881844380403
691,672,17,1,0,132,83,22,0,1,5,18,5,86,33,17,2,2,2,0,6,432,0.6428571428571429
692,469,14,0,1,99,65,14,1,1,2,0,1,59,47,4,0,0,4,1,5,318,0.6780383795309168
693,633,13,0,3,109,90,6,2,2,1,1,1,96,45,16,4,1,4,0,9,403,0.636650868878357
694,656,18,0,0,93,62,8,0,1,1,1,1,64,83,19,3,1,3,0,8,366,0.5579268292682927
695,587,18,0,0,113,74,11,3,0,3,1,1,78,52,3,4,0,2,0,2,365,0.6218057921635435
696,633,19,0,2,78,90,21,1,0,1,4,3,77,48,6,2,1,2,0,19,374,0.5908372827804107
697,597,13,0,0,97,77,10,3,1,1,0,2,107,64,10,1,1,0,3,3,393,0.6582914572864321
698,732,28,1,3,103,82,21,2,2,1,1,2,108,47,15,2,1,5,0,20,444,0.6065573770491803
699,707,23,1,4,98,126,28,0,2,6,3,3,111,60,13,3,2,2,0,10,495,0.7001414427157001
700,624,25,1,1,94,94,19,0,0,4,2,4,93,49,9,3,2,4,0,3,407,0.6522435897435898
701,589,20,1,1,92,87,19,1,2,2,2,1,83,50,5,1,0,7,0,11,385,0.6536502546689303
702,884,24,0,1,151,134,22,0,2,3,2,4,112,74,23,4,1,0,0,5,562,0.6357466063348416
703,663,30,3,0,97,91,23,3,2,3,4,4,89,54,19,1,0,7,0,4,434,0.6546003016591252
704,574,26,0,2,88,108,25,1,3,4,1,1,76,25,7,2,1,4,0,13,387,0.6742160278745645
705,482,16,1,2,60,66,8,2,2,1,0,5,66,42,7,4,0,1,0,16,299,0.6203319502074689
706,420,13,0,0,62,55,8,0,0,4,1,1,49,41,7,1,2,1,0,6,251,0.5976190476190476
707,558,29,0,1,71,73,25,0,2,4,1,2,56,49,9,3,2,6,0,15,348,0.6236559139784946
708,469,1,0,0,40,9,3,1,0,0,0,1,16,20,5,1,0,7,0,4,108,0.2302771855010661
709,498,27,0,0,62,96,38,2,4,4,2,3,45,46,10,5,1,1,0,9,355,0.7128514056224899
710,518,25,0,0,53,124,50,1,2,5,0,4,47,42,19,3,0,1,0,4,380,0.7335907335907336
711,539,33,0,2,72,117,33,0,2,1,11,1,60,48,19,3,0,1,0,7,410,0.7606679035250464
712,456,22,0,0,68,72,33,0,2,4,1,1,65,45,14,2,0,3,0,1,333,0.7302631578947368
713,735,25,0,0,108,148,40,1,1,5,1,6,110,59,21,6,0,2,2,9,544,0.7401360544217687
714,975,35,0,1,147,178,54,4,7,5,7,5,127,72,26,3,2,8,0,10,691,0.7087179487179487
715,525,15,1,1,60,89,39,1,5,4,3,2,83,54,14,3,1,4,0,3,382,0.7276190476190476
716,395,18,0,0,43,102,36,1,4,4,2,3,47,30,15,7,1,0,1,5,319,0.8075949367088607
717,439,17,0,1,32,98,48,1,0,3,1,6,36,60,22,7,1,0,0,2,335,0.7630979498861048
718,372,6,0,0,33,86,29,2,0,6,1,3,33,54,14,2,1,1,0,3,274,0.7365591397849462
719,493,17,0,0,40,99,44,1,2,4,10,4,44,72,21,3,1,2,0,0,364,0.7383367139959433
720,524,21,0,3,66,111,43,2,5,6,0,2,76,40,12,1,0,6,1,5,400,0.7633587786259542
721,214,16,0,0,22,35,22,0,2,5,0,1,32,26,4,4,0,2,0,3,174,0.8130841121495327
722,686,26,1,0,72,146,78,2,6,5,3,5,62,60,39,6,1,4,0,4,520,0.7580174927113703
723,485,15,0,1,41,106,41,2,2,5,0,6,48,68,26,4,0,4,1,4,374,0.7711340206185567
724,630,39,0,0,66,118,45,1,5,7,4,2,57,58,8,3,1,5,0,23,442,0.7015873015873015
725,602,45,0,0,74,71,44,1,3,6,2,4,38,38,11,1,1,2,0,18,359,0.5963455149501661
726,547,35,1,0,57,103,54,0,3,7,1,1,23,33,9,1,3,3,2,20,356,0.6508226691042047
727,574,44,0,1,45,128,66,2,5,4,1,2,37,37,10,3,1,0,0,16,402,0.7003484320557491
728,530,40,0,1,67,94,46,1,0,3,0,4,37,33,3,1,0,2,0,24,356,0.6716981132075471
729,658,44,0,1,92,109,62,1,6,10,1,0,57,47,8,1,1,3,0,15,458,0.6960486322188449
730,730,40,1,0,90,106,74,0,8,8,3,5,59,67,8,3,0,0,0,25,497,0.6808219178082192
731,636,48,0,4,83,124,40,3,0,5,3,1,34,66,22,0,4,0,0,16,453,0.7122641509433962
732,751,47,3,1,78,148,74,3,9,4,3,2,68,68,18,6,0,0,1,28,561,0.7470039946737683
733,716,36,0,1,70,149,72,4,7,10,3,2,69,81,18,7,1,4,0,11,545,0.7611731843575419
734,668,31,0,0,51,118,76,5,1,7,2,3,60,84,17,10,2,4,1,11,483,0.7230538922155688
735,727,25,0,0,58,173,88,3,2,12,0,7,53,88,26,6,0,4,0,3,548,0.7537826685006878
736,863,26,1,1,43,146,78,3,7,11,3,10,81,113,40,8,0,0,1,15,587,0.6801853997682503
737,607,33,0,0,57,140,71,1,1,2,1,5,38,79,19,0,2,3,1,5,458,0.7545304777594728
738,674,38,0,0,41,178,74,3,7,6,20,4,50,71,17,6,0,1,0,5,521,0.7729970326409495
739,689,24,1,1,54,160,68,2,5,5,2,5,70,77,20,10,0,3,0,6,513,0.7445573294629898
740,620,36,0,1,57,153,50,7,3,9,3,7,44,64,17,2,0,1,0,10,464,0.7483870967741936
741,179,4,2,1,4,21,2,1,0,0,0,3,9,7,0,0,0,1,0,0,55,0.30726256983240224
742,1081,57,1,0,248,207,53,0,0,7,3,2,114,55,22,4,1,10,0,8,792,0.7326549491211841
743,750,34,1,0,40,168,93,5,9,9,4,19,78,111,25,12,2,3,0,4,617,0.8226666666666667
744,743,11,0,3,53,189,55,5,2,11,10,10,74,109,30,5,1,4,1,1,574,0.7725437415881561
745,523,29,0,1,39,121,30,2,6,5,8,5,30,46,9,4,0,1,0,4,340,0.6500956022944551
746,647,55,0,0,80,131,64,0,2,3,5,5,56,36,12,3,4,8,1,19,484,0.7480680061823802
747,851,46,0,2,77,194,78,4,8,8,4,3,65,61,18,5,1,3,0,8,585,0.6874265569917744
748,682,55,0,1,112,125,55,1,3,6,1,6,57,41,17,4,4,0,0,21,509,0.7463343108504399
749,677,41,0,2,67,137,52,1,1,13,1,1,70,62,11,4,1,1,0,10,475,0.7016248153618907
750,651,32,0,0,97,151,55,2,4,7,1,3,49,52,14,2,2,1,1,17,490,0.7526881720430108
751,746,33,0,2,102,128,70,3,3,7,0,5,64,59,22,3,2,4,0,7,514,0.6890080428954424
752,706,42,0,1,63,157,79,1,1,8,4,1,81,68,12,4,1,9,0,23,555,0.7861189801699717
753,589,25,0,1,52,137,46,2,2,5,2,1,46,65,17,3,1,2,0,12,419,0.7113752122241087
754,707,39,0,1,8,134,51,1,5,5,2,0,63,68,29,2,1,6,0,14,429,0.6067892503536068
755,678,57,0,1,101,144,53,2,6,3,2,2,60,32,16,5,0,7,1,7,499,0.7359882005899705
756,725,42,1,0,81,161,43,3,5,5,7,6,71,60,17,8,1,7,2,11,531,0.7324137931034482
757,622,30,1,0,74,109,57,3,2,5,1,0,58,66,17,7,0,5,0,15,450,0.7234726688102894
758,569,20,0,1,77,107,35,5,3,6,3,1,45,48,15,1,2,4,1,22,396,0.6959578207381371
759,627,31,1,1,74,114,52,0,3,7,4,3,55,51,14,4,1,1,0,15,431,0.6874003189792663
760,813,33,0,2,58,194,89,3,5,12,5,7,68,86,30,9,1,6,0,11,619,0.7613776137761378
761,867,33,0,1,100,220,42,6,2,10,1,3,108,71,25,10,3,5,0,6,646,0.7450980392156863
762,986,38,0,0,111,229,80,2,5,11,4,7,100,103,26,5,0,5,0,13,739,0.7494929006085193
763,518,21,0,0,61,99,26,3,2,9,2,3,43,32,7,7,1,1,0,12,329,0.6351351351351351
764,805,32,0,1,100,167,53,3,4,7,8,2,88,68,22,5,0,4,0,7,571,0.7093167701863354
765,728,30,1,1,99,122,61,1,10,10,2,2,85,56,16,4,4,2,0,18,524,0.7197802197802198
766,774,18,0,2,79,189,66,3,2,13,1,1,70,84,17,4,0,3,0,8,560,0.7235142118863049
767,574,29,1,0,84,102,27,3,2,7,1,2,66,40,13,3,1,4,0,5,390,0.6794425087108014
768,630,18,2,0,81,108,49,5,6,6,0,2,57,79,14,0,1,3,1,6,438,0.6952380952380952
769,560,32,0,0,103,109,30,3,0,4,3,1,44,53,11,3,1,7,0,7,411,0.7339285714285714
770,703,36,0,0,59,160,64,1,3,8,0,6,66,86,30,6,1,3,0,3,532,0.7567567567567568
771,737,27,0,1,70,161,47,3,6,7,2,1,80,79,28,13,1,3,0,3,532,0.7218453188602443
772,774,35,0,1,76,149,49,2,4,8,1,7,85,71,26,8,1,3,0,10,536,0.6925064599483204
773,571,28,1,1,73,107,41,0,3,8,2,2,65,58,13,4,2,7,0,9,424,0.7425569176882661
774,832,21,0,2,68,147,91,5,4,11,0,7,80,101,27,7,0,2,0,6,579,0.6959134615384616
775,493,18,0,0,47,109,46,3,0,9,2,11,61,60,19,7,0,1,1,5,399,0.8093306288032455
776,292,9,0,2,9,74,33,1,0,2,2,5,29,44,19,1,0,1,0,0,231,0.791095890410959
777,246,8,0,0,14,66,19,1,1,0,8,1,20,35,6,2,1,3,0,1,186,0.7560975609756098
778,504,10,0,1,21,71,21,3,5,2,3,10,19,73,14,3,1,3,0,1,261,0.5178571428571429
779,557,10,0,1,29,94,38,1,0,8,6,5,58,129,28,6,0,2,0,0,415,0.7450628366247756
780,625,18,0,0,40,120,65,5,2,8,1,13,75,86,27,10,0,2,0,4,476,0.7616
781,483,15,0,0,40,108,51,3,1,6,9,8,51,66,28,8,0,0,0,2,396,0.8198757763975155
782,445,9,0,2,32,98,49,2,2,9,4,4,36,62,23,5,0,1,0,3,341,0.7662921348314606
783,237,6,0,0,12,64,18,2,1,4,1,2,30,32,11,2,0,2,0,1,188,0.7932489451476793
784,621,29,0,1,63,134,54,4,2,6,7,3,68,51,12,8,2,3,0,7,454,0.7310789049919485
785,623,24,1,0,46,127,80,6,5,8,3,3,66,79,22,5,1,2,0,1,479,0.7688603531300161
786,494,13,1,1,76,101,49,2,5,3,2,5,50,55,15,7,1,3,0,5,394,0.7975708502024291
787,681,34,0,1,147,133,19,1,3,12,2,4,58,52,16,8,2,2,0,5,499,0.7327459618208517
788,605,18,0,0,102,86,15,2,1,5,0,1,87,62,11,5,0,0,1,4,400,0.6611570247933884
789,654,18,1,0,99,147,19,1,2,6,6,3,63,47,15,0,3,2,0,2,434,0.6636085626911316
790,700,18,2,0,107,132,16,4,3,4,1,0,93,74,21,6,0,2,0,2,485,0.6928571428571428
791,678,15,1,1,116,117,11,1,0,4,0,2,105,56,18,4,0,11,0,7,469,0.6917404129793511
792,690,33,1,0,126,109,18,1,3,5,1,0,69,62,21,1,0,8,1,3,462,0.6695652173913044
793,581,18,0,0,110,91,21,1,2,4,3,3,66,41,13,4,3,4,0,1,385,0.6626506024096386
794,596,15,0,1,116,110,11,2,3,3,4,5,71,45,4,2,2,8,0,4,406,0.6812080536912751
795,583,24,0,3,110,84,22,2,1,3,2,3,56,58,16,3,0,3,0,3,393,0.6740994854202401
796,617,26,1,0,106,97,15,3,2,4,3,5,71,53,7,2,0,3,1,4,403,0.653160453808752
797,682,27,0,2,140,98,24,2,1,3,1,1,76,51,10,2,0,7,0,5,450,0.6598240469208211
798,628,24,0,4,96,87,8,1,0,2,1,1,68,50,4,3,0,3,0,4,356,0.5668789808917197
799,579,17,0,1,102,126,19,2,4,3,0,3,71,48,18,4,1,6,0,3,428,0.7392055267702936
800,577,27,0,2,128,92,17,1,0,4,6,0,61,32,14,2,1,5,0,9,401,0.6949740034662045
801,612,20,1,0,75,113,28,1,3,3,3,1,73,44,18,6,0,3,0,4,396,0.6470588235294118
802,535,23,1,0,87,119,16,3,3,4,1,3,58,41,9,3,1,2,1,6,381,0.7121495327102804
803,717,22,1,1,155,100,18,3,1,4,0,1,77,54,24,2,0,10,1,3,477,0.6652719665271967
804,615,18,1,2,121,123,17,0,1,5,1,2,87,63,19,6,1,6,0,4,477,0.775609756097561
805,749,31,1,2,116,157,34,5,2,7,6,4,72,80,29,9,1,10,2,13,581,0.7757009345794392
806,579,15,0,3,124,106,15,2,2,6,1,3,59,40,8,1,1,1,0,8,395,0.6822107081174439
807,709,18,1,1,102,78,14,1,0,1,2,1,67,72,7,4,0,5,0,4,378,0.5331452750352609
808,814,24,1,2,181,169,21,0,4,9,11,5,85,38,21,6,2,7,1,3,590,0.7248157248157249
809,588,21,0,1,85,107,17,3,1,5,3,2,64,60,15,5,4,2,0,4,399,0.6785714285714286
810,621,23,0,2,99,92,13,2,1,14,3,5,68,41,11,4,2,4,0,13,397,0.6392914653784219
811,658,21,0,2,65,159,52,2,5,5,0,2,66,73,33,8,0,7,0,6,506,0.7689969604863222
812,614,28,0,0,111,107,15,0,1,5,2,1,68,57,12,1,0,12,1,2,423,0.6889250814332247
813,569,20,0,0,84,117,21,2,0,3,2,2,50,64,16,9,0,4,0,8,402,0.7065026362038664
814,583,32,0,1,111,93,34,0,0,5,2,1,64,47,9,2,0,3,0,5,409,0.7015437392795884
815,739,27,0,1,86,144,54,4,4,10,1,4,93,64,28,9,1,7,2,8,547,0.7401894451962111
816,489,16,0,2,89,64,12,0,0,0,2,0,42,32,7,1,1,3,0,10,281,0.5746421267893661
817,492,13,1,1,71,86,23,0,1,4,3,3,56,45,8,3,1,1,0,4,324,0.6585365853658537
818,628,19,1,1,111,134,24,1,3,4,4,3,64,51,10,2,1,1,0,6,440,0.7006369426751592
819,620,25,1,1,101,88,10,0,1,2,3,1,65,56,8,3,1,5,0,7,378,0.6096774193548387
820,617,37,1,1,105,109,21,0,5,3,3,1,56,39,5,2,7,0,0,7,402,0.6515397082658023
821,646,23,0,1,116,123,34,2,1,5,5,3,71,38,10,3,0,2,0,9,446,0.6904024767801857
822,556,26,0,0,100,92,17,0,0,2,1,5,53,48,9,3,4,5,0,3,368,0.6618705035971223
823,615,20,1,2,98,99,23,3,1,7,8,1,68,52,5,2,0,4,0,8,402,0.6536585365853659
824,644,15,0,0,101,111,25,1,5,6,5,2,86,58,11,4,1,2,0,7,440,0.6832298136645962
825,632,37,1,1,87,117,27,1,4,3,4,1,67,50,14,2,0,3,0,7,426,0.6740506329113924
826,614,21,0,1,104,116,23,5,4,8,7,2,58,50,18,6,0,1,2,3,429,0.6986970684039088
827,534,17,0,1,146,87,19,2,0,5,2,1,44,43,9,1,0,1,0,6,384,0.7191011235955056
828,611,32,0,1,70,160,40,4,4,5,5,5,66,46,22,8,1,4,1,2,476,0.779050736497545
829,596,16,1,3,111,92,10,1,0,6,0,1,96,47,4,4,0,3,0,9,404,0.6778523489932886
830,711,33,0,0,136,148,30,1,3,5,3,4,72,44,22,5,0,7,0,5,518,0.7285513361462729
831,622,22,1,4,116,108,15,2,0,3,1,0,64,43,9,3,3,2,0,0,396,0.6366559485530546
832,528,26,0,1,90,97,23,2,1,4,0,0,52,43,15,2,2,1,1,2,362,0.6856060606060606
833,570,10,0,1,116,89,11,1,1,1,8,3,62,52,13,6,0,3,0,5,382,0.6701754385964912
834,694,22,0,1,169,109,14,1,0,6,2,1,76,41,16,2,1,6,0,5,472,0.6801152737752162
835,719,25,0,0,133,116,17,0,2,3,3,3,96,53,14,1,2,6,0,7,481,0.6689847009735744
836,574,23,0,2,99,83,15,0,1,1,4,2,83,44,2,4,2,1,0,7,373,0.6498257839721254
837,634,15,0,3,109,128,21,3,0,5,2,3,81,42,14,5,2,3,0,3,439,0.692429022082019
838,562,13,0,0,108,105,21,0,1,4,0,2,69,40,13,3,3,1,0,4,387,0.6886120996441281
839,551,21,0,3,120,97,14,3,2,2,4,1,69,38,8,4,0,1,3,1,391,0.7096188747731398
840,562,24,1,1,113,78,10,0,1,5,1,1,67,34,14,3,0,5,0,2,360,0.6405693950177936
841,879,40,0,1,157,186,43,7,5,12,7,2,97,64,18,4,0,3,0,2,648,0.7372013651877133
842,805,29,0,3,169,155,41,1,1,6,1,3,82,56,15,5,1,4,1,9,582,0.7229813664596273
843,679,23,0,0,139,105,13,0,1,1,5,0,99,28,17,4,2,3,1,4,445,0.6553755522827688
844,663,21,1,0,106,117,12,5,1,4,0,1,79,60,14,2,2,6,0,7,438,0.6606334841628959
845,878,25,0,2,166,173,35,1,3,7,0,3,112,91,21,1,4,4,0,1,649,0.7391799544419134
846,620,14,1,1,126,116,20,2,0,5,2,2,70,46,9,2,1,2,0,8,427,0.6887096774193548
847,654,22,1,0,131,108,17,3,2,1,1,0,95,36,20,4,3,5,0,2,451,0.6896024464831805
848,644,17,1,3,98,164,23,1,1,1,1,5,77,49,9,2,0,5,0,7,464,0.7204968944099379
849,593,16,0,0,124,106,25,0,0,5,1,0,73,52,10,3,0,4,0,6,425,0.7166947723440135
850,674,14,1,1,106,140,23,0,4,4,0,2,89,63,16,4,5,1,1,8,482,0.7151335311572701
851,675,28,0,1,115,139,29,0,1,7,1,5,82,64,24,5,0,3,0,3,507,0.7511111111111111
852,642,34,0,1,147,152,24,2,3,0,0,1,64,39,18,2,4,1,0,4,496,0.7725856697819314
853,659,15,0,2,119,134,23,0,0,0,6,0,87,45,14,4,0,1,0,3,453,0.6874051593323217
854,658,19,0,1,128,141,12,3,1,5,5,3,79,17,50,1,0,4,0,4,473,0.7188449848024316
855,587,30,0,1,103,140,19,2,2,8,5,3,62,46,17,3,0,1,0,4,446,0.7597955706984668
856,792,32,1,1,123,188,18,2,1,10,1,5,103,67,16,4,1,2,0,8,583,0.7361111111111112
857,643,22,0,4,153,116,22,0,1,2,1,2,67,54,21,2,0,2,1,1,471,0.7325038880248833
858,739,43,0,1,125,165,23,6,2,9,0,6,91,58,20,2,1,6,0,8,566,0.7658998646820027
859,660,23,1,1,121,147,22,1,5,4,5,3,75,63,16,3,1,7,0,4,502,0.7606060606060606
860,740,23,0,1,139,172,25,1,2,9,2,2,81,54,25,3,0,3,0,3,545,0.7364864864864865
861,696,17,1,3,148,131,19,2,2,11,3,4,85,51,23,2,0,7,1,4,514,0.7385057471264368
862,652,37,0,0,92,149,29,2,2,6,4,6,76,51,23,1,3,6,0,9,496,0.7607361963190185
863,685,41,0,2,119,142,11,3,1,1,0,2,60,48,14,2,1,3,3,8,461,0.672992700729927
864,659,21,0,0,135,142,22,1,2,4,2,3,60,43,30,5,1,4,1,3,479,0.7268588770864947
865,839,32,0,1,155,166,27,3,0,5,0,2,108,63,24,4,1,9,0,4,604,0.7199046483909416
866,613,28,0,0,143,136,13,1,2,4,4,2,69,33,9,3,0,2,0,6,455,0.7422512234910277
867,559,20,0,0,111,88,20,0,3,4,4,1,62,48,4,0,0,5,0,3,373,0.667262969588551
868,532,14,0,0,115,74,8,0,1,1,2,2,67,35,8,2,0,2,0,4,335,0.6296992481203008
869,558,13,0,1,136,71,14,1,1,3,6,1,57,42,9,6,1,3,0,1,366,0.6559139784946236
870,580,11,0,1,93,57,6,0,0,1,4,2,61,38,5,1,1,5,0,9,295,0.5086206896551724
871,652,14,1,3,150,87,14,1,0,2,1,1,78,39,10,4,0,1,1,3,410,0.6288343558282209
872,686,25,0,0,190,115,14,0,0,5,2,4,82,34,15,4,1,1,0,1,493,0.7186588921282799
873,594,11,2,4,152,78,18,0,3,2,4,0,65,35,13,2,1,2,1,1,394,0.6632996632996633
874,583,8,0,2,100,87,16,0,0,3,2,3,72,32,14,1,2,3,0,5,350,0.6003430531732419
875,587,11,2,3,83,59,10,1,0,1,1,1,44,66,13,1,0,2,2,3,303,0.5161839863713799
876,885,17,0,3,183,189,28,3,3,4,5,3,94,73,21,2,2,8,0,2,640,0.7231638418079096
877,594,25,0,1,132,114,8,0,1,9,3,2,73,50,15,6,2,3,0,5,449,0.7558922558922558
878,657,24,0,0,131,123,15,1,1,2,2,4,84,54,15,1,1,2,0,4,464,0.7062404870624048
879,834,27,1,1,222,140,17,2,3,5,3,1,80,67,12,2,0,12,1,4,600,0.7194244604316546
880,871,26,0,1,215,138,17,1,0,3,5,3,85,47,24,1,3,6,0,4,579,0.6647531572904707
881,650,12,1,3,168,67,17,0,1,3,2,0,72,37,12,1,0,8,0,2,406,0.6246153846153846
882,504,10,0,0,113,73,13,2,0,2,1,0,57,31,9,2,2,4,0,4,323,0.6408730158730159
883,628,23,0,3,112,76,24,2,1,2,2,1,54,50,17,1,1,3,1,3,376,0.5987261146496815
884,622,22,0,1,146,119,20,1,1,1,2,2,63,37,11,1,0,5,0,2,434,0.6977491961414791
885,644,16,1,1,133,91,13,2,2,4,2,3,87,67,14,2,1,3,2,5,449,0.6972049689440993
886,592,13,0,1,122,77,4,1,0,2,1,3,51,53,6,1,0,1,1,10,347,0.5861486486486487
887,515,8,1,1,105,58,6,2,1,0,3,4,60,48,7,2,1,2,0,1,310,0.6019417475728155
888,666,24,0,1,129,172,17,0,0,5,3,2,76,42,15,1,1,2,0,3,493,0.7402402402402403
889,693,25,1,1,153,138,13,0,0,5,3,2,63,51,10,1,1,2,1,5,475,0.6854256854256854
890,603,14,0,0,123,90,13,0,1,1,1,2,64,44,12,0,1,6,0,2,374,0.6202321724709784
891,678,25,1,2,154,119,14,0,2,4,4,1,90,54,14,4,1,4,0,10,503,0.7418879056047197
892,690,17,0,0,127,125,11,0,4,3,4,1,78,65,18,5,0,5,0,11,474,0.6869565217391305
893,678,35,1,0,152,88,13,0,0,1,0,0,79,51,10,6,0,8,2,6,452,0.6666666666666666
894,645,26,0,3,134,115,12,1,1,1,3,2,60,37,18,2,0,1,0,3,419,0.6496124031007752
895,793,31,0,0,132,155,23,1,4,10,3,6,99,51,19,5,0,2,3,9,553,0.6973518284993695
896,817,42,0,1,165,131,24,2,2,5,1,1,100,57,23,1,3,3,1,6,568,0.6952264381884945
897,646,17,0,2,129,89,10,1,2,3,3,0,70,49,10,2,0,5,0,4,396,0.6130030959752322
898,532,17,0,1,136,67,5,1,0,2,2,3,56,29,6,4,0,2,1,3,335,0.6296992481203008
899,563,17,0,2,142,66,12,0,2,3,0,3,56,47,14,2,0,3,0,0,369,0.655417406749556
900,655,18,1,0,138,91,13,3,0,1,7,4,60,46,10,7,1,4,1,6,411,0.6274809160305344
901,573,20,1,0,148,82,6,3,0,2,3,1,50,40,8,2,0,2,1,6,375,0.6544502617801047
902,563,16,0,1,147,71,7,2,2,1,2,4,71,40,5,0,1,3,0,3,376,0.6678507992895204
903,563,12,0,3,157,76,8,0,2,4,2,1,54,35,6,1,0,3,0,7,371,0.6589698046181173
904,660,16,1,0,132,119,17,3,2,3,4,0,70,44,10,3,2,5,3,4,438,0.6636363636363637
905,602,18,0,2,158,92,8,1,1,2,1,4,61,47,5,2,3,4,1,3,413,0.686046511627907
906,585,15,0,0,103,76,9,0,0,0,0,3,60,47,6,4,0,5,1,3,332,0.5675213675213675
907,717,41,0,3,162,151,21,4,4,8,4,2,94,58,23,2,0,3,1,2,583,0.8131101813110181
908,0,1,0,0,10,11,2,1,1,1,0,1,7,10,3,2,0,0,0,0,50,inf
909,0,5,1,0,11,26,3,0,0,0,0,0,17,19,4,0,0,1,0,1,88,inf
910,509,32,0,2,110,95,20,0,5,4,2,5,62,29,12,1,0,5,0,5,389,0.7642436149312377
911,0,2,0,0,7,23,1,1,0,2,0,0,14,11,2,1,0,1,0,0,65,inf
912,0,4,0,0,31,30,2,0,0,1,2,0,20,28,4,1,0,1,0,1,125,inf
913,853,35,0,3,133,192,43,2,3,4,3,5,105,70,18,8,1,2,0,8,635,0.7444314185228605
914,579,39,0,1,72,108,35,1,2,7,1,0,62,60,28,4,0,4,1,6,431,0.7443868739205527
915,699,16,0,0,208,80,10,1,1,1,6,1,110,50,10,6,0,5,0,2,507,0.7253218884120172
916,0,2,0,0,15,27,4,2,0,0,0,0,9,14,0,0,0,0,0,1,74,inf
917,0,2,0,0,19,24,1,0,0,0,1,0,17,13,2,1,0,0,0,1,81,inf
918,0,9,1,0,15,19,2,0,0,1,1,1,14,13,1,0,1,0,0,0,78,inf
919,0,5,0,0,17,16,5,0,0,0,0,0,14,4,2,1,0,1,0,0,65,inf
