SEZIONE,TOTALE_ISCRITTI,LIBERI E UGUALI - VOTI ALLA LISTA,MOVIMENTO 5 STELLE - VOTI ALLA LISTA,CASAPOUND ITALIA - VOTI ALLA LISTA,PARTITO VALORE UMANO - VOTI ALLA LISTA,+EUROPA CON EMMA BONINO - VOTI ALLA LISTA,CIVICA POPOLARE LORENZIN - VOTI ALLA LISTA,ITALIA EUROPA INSIEME - VOTI ALLA LISTA,PARTITO DEMOCRATICO - VOTI ALLA LISTA,"VOTI SOLO CANDIDATO UNINOMINALE
(+EUROPA CON EMMA BONINO - CIVICA POPOLARE LORENZIN - ITALIA EUROPA INSIEME - PARTITO DEMOCRATICO)",IL POPOLO DELLA FAMIGLIA - VOTI ALLA LISTA,GIORGIA MELONI FRATELLI D'ITALIA - VOTI ALLA LISTA,LEGA - VOTI ALLA LISTA,NOI CON L'ITALIA UDC - VOTI ALLA LISTA,FORZA ITALIA BERLUSCONI PRESIDENTE - VOTI ALLA LISTA,"VOTI SOLO CANDIDATO UNINOMINALE
(GIORGIA MELONI FRATELLI D'ITALIA - LEGA - NOI CON L'ITALIA UDC - FORZA ITALIA BERLUSCONI PRESIDENTE)",POTERE AL POPOLO! - VOTI ALLA LISTA,TOTALE,AFFLUENZA
1,882,49,92,3,0,109,3,4,192,17,2,27,52,0,58,10,25,643,0.7290249433106576
2,640,35,59,1,1,62,4,6,112,7,2,11,63,2,36,2,11,414,0.646875
3,809,47,91,7,0,80,2,3,190,4,1,36,70,3,79,5,20,638,0.788627935723115
4,986,36,105,12,1,90,6,7,194,14,2,30,108,5,111,12,16,749,0.7596348884381339
5,785,37,80,4,1,65,0,1,158,8,2,7,42,3,67,5,15,495,0.6305732484076433
6,686,16,86,12,0,75,4,1,146,10,4,47,70,2,103,6,6,588,0.8571428571428571
7,835,27,84,4,1,77,3,4,187,9,28,24,53,5,50,9,19,584,0.6994011976047905
8,97,5,7,0,0,4,1,1,17,0,2,4,13,1,8,1,1,65,0.6701030927835051
9,976,41,74,11,0,118,4,3,204,17,6,44,83,4,154,17,7,787,0.8063524590163934
10,798,51,62,9,0,84,2,6,164,9,4,39,81,2,69,7,11,600,0.7518796992481203
11,697,25,64,5,0,73,4,3,173,12,6,23,37,6,70,3,10,514,0.7374461979913917
12,877,32,52,3,2,72,1,2,159,10,2,31,108,2,94,6,6,582,0.6636259977194983
13,769,22,53,4,0,49,2,0,156,6,2,31,110,7,116,9,4,571,0.7425227568270482
14,827,28,55,7,1,92,3,3,198,8,2,29,80,3,114,6,6,635,0.7678355501813785
15,750,37,69,7,0,61,1,4,150,13,0,31,62,5,84,6,13,543,0.724
16,859,18,66,4,1,73,1,4,150,14,3,34,95,4,137,8,5,617,0.7182770663562281
17,706,30,64,8,0,46,1,1,129,5,0,22,69,2,46,5,9,437,0.6189801699716714
18,851,44,84,2,0,84,1,4,166,8,4,35,64,8,60,12,24,600,0.7050528789659224
19,610,24,71,4,1,40,4,2,110,5,1,20,80,2,58,3,7,432,0.7081967213114754
20,836,38,68,4,0,120,4,8,153,10,0,21,73,1,71,8,31,610,0.7296650717703349
21,643,24,91,9,1,44,1,5,104,5,0,23,67,1,39,5,4,423,0.6578538102643857
22,753,37,71,8,2,88,1,4,142,9,3,34,68,8,75,4,17,571,0.7583001328021248
23,757,47,64,10,1,80,6,5,159,17,2,28,57,0,77,11,22,586,0.774108322324967
24,780,39,49,4,0,72,6,6,159,26,2,33,66,7,70,12,20,571,0.732051282051282
25,902,55,92,2,2,86,5,5,203,9,4,34,74,1,55,5,9,641,0.7106430155210643
26,599,41,53,1,0,70,3,3,122,9,6,17,41,2,41,4,23,436,0.7278797996661102
27,622,43,46,3,2,66,2,8,124,16,3,20,50,1,67,2,12,465,0.747588424437299
28,745,43,72,5,0,79,4,2,159,8,4,26,57,2,64,8,18,551,0.7395973154362416
29,780,24,48,3,0,92,7,1,202,14,2,28,52,9,86,4,15,587,0.7525641025641026
30,739,36,51,5,0,92,3,4,161,18,1,27,44,4,107,11,18,582,0.7875507442489851
31,748,33,70,3,2,104,4,3,148,16,6,28,47,3,65,14,8,554,0.7406417112299465
32,791,33,75,4,2,101,1,4,178,34,3,17,50,2,55,15,6,580,0.7332490518331226
33,735,51,81,2,0,90,2,6,147,13,4,14,56,0,39,3,17,525,0.7142857142857143
34,808,34,81,8,1,78,1,8,158,16,8,34,52,1,71,7,9,567,0.7017326732673267
35,538,9,72,6,0,50,2,1,100,7,8,54,43,6,98,7,3,466,0.8661710037174721
36,891,34,53,1,1,82,4,4,212,20,9,44,96,6,118,10,9,703,0.7890011223344556
37,718,23,77,21,0,81,2,9,164,8,4,41,64,4,92,10,5,605,0.8426183844011143
38,626,22,51,5,0,54,6,2,168,7,3,32,76,2,73,14,5,520,0.8306709265175719
39,693,21,35,5,2,75,7,5,174,12,7,25,66,3,106,15,6,564,0.8138528138528138
40,614,25,48,1,0,63,5,10,146,12,2,23,60,4,66,7,6,478,0.7785016286644951
41,678,27,78,3,0,77,1,5,112,10,3,23,31,5,51,2,17,445,0.6563421828908554
42,686,37,54,3,0,58,0,0,158,12,6,34,55,2,67,6,7,499,0.7274052478134111
43,701,33,101,0,2,62,5,4,172,9,1,19,62,3,69,5,5,552,0.7874465049928673
44,899,38,69,2,1,85,3,3,200,12,6,16,73,4,82,8,9,611,0.6796440489432704
45,614,22,67,6,3,46,3,2,121,6,1,18,50,2,56,4,3,410,0.6677524429967426
46,723,30,61,2,0,63,2,1,160,16,4,29,62,4,72,3,14,523,0.7233748271092669
47,709,42,86,5,1,75,1,2,149,11,0,22,67,3,73,7,13,557,0.7856135401974612
48,674,20,75,5,1,74,1,3,116,4,1,23,62,1,96,9,5,496,0.7359050445103857
49,781,30,40,3,0,77,7,4,208,17,3,33,58,3,120,10,3,616,0.7887323943661971
50,744,10,41,2,1,60,3,4,167,8,6,50,76,2,129,8,5,572,0.7688172043010753
51,788,8,23,12,0,65,3,7,200,11,2,43,85,2,166,14,2,643,0.815989847715736
52,804,25,35,2,0,82,6,7,188,11,1,43,54,6,165,10,4,639,0.7947761194029851
53,727,24,38,7,1,80,4,3,147,16,9,42,73,3,110,5,3,565,0.7771664374140302
54,684,21,67,6,1,55,3,3,169,7,4,38,60,7,72,6,5,524,0.7660818713450293
55,768,0,0,0,0,59,4,4,180,13,0,41,58,0,67,7,0,433,0.5638020833333334
56,572,15,40,7,0,50,4,1,127,21,1,29,59,2,54,15,3,428,0.7482517482517482
57,763,17,61,5,0,69,5,7,160,5,7,26,67,2,60,14,4,509,0.6671035386631717
58,733,23,58,5,0,60,1,4,179,12,2,27,71,4,71,6,13,536,0.7312414733969986
59,817,27,65,4,0,62,5,4,178,6,7,29,78,4,84,6,9,568,0.6952264381884945
60,779,39,63,5,0,53,3,4,204,11,3,24,85,8,84,6,11,603,0.7740693196405648
61,594,30,83,1,0,35,1,4,128,6,0,15,47,1,50,2,6,409,0.6885521885521886
62,646,19,91,6,0,49,2,4,150,8,1,21,62,2,65,5,5,490,0.7585139318885449
63,685,17,61,3,0,54,3,4,171,7,14,32,62,7,66,5,6,512,0.7474452554744525
64,733,42,73,3,2,63,3,7,157,9,4,36,66,2,63,9,9,548,0.747612551159618
65,847,23,55,5,1,59,6,1,207,4,4,49,86,12,143,9,2,666,0.7863046044864227
66,719,28,88,5,1,56,5,3,176,11,3,22,69,2,56,7,12,544,0.7566063977746871
67,712,23,91,4,1,40,1,0,148,8,3,30,87,5,65,9,5,520,0.7303370786516854
68,650,19,37,4,0,54,4,1,181,13,2,48,48,1,93,6,1,512,0.7876923076923077
69,787,17,35,8,1,66,5,7,192,9,4,45,57,6,145,8,3,608,0.772554002541296
70,697,19,47,4,0,62,4,3,167,8,3,30,58,2,121,11,4,543,0.7790530846484935
71,747,24,55,3,0,54,4,8,198,12,6,36,62,4,91,0,4,561,0.751004016064257
72,680,25,76,3,2,35,2,2,170,4,4,23,56,1,58,0,11,472,0.6941176470588235
73,645,37,44,2,3,61,4,0,174,18,4,34,48,1,76,7,5,518,0.8031007751937984
74,666,22,53,1,1,56,3,2,135,10,5,36,64,1,88,7,7,491,0.7372372372372372
75,405,15,35,3,0,24,0,2,112,5,2,34,37,2,38,3,2,314,0.7753086419753087
76,693,16,76,1,2,33,1,2,123,14,4,24,67,0,72,4,5,444,0.6406926406926406
77,650,17,69,1,1,33,0,3,119,6,2,23,50,1,65,5,6,401,0.6169230769230769
78,628,8,100,4,2,13,1,1,75,0,2,8,45,2,60,2,5,328,0.5222929936305732
79,680,20,51,2,1,60,5,6,208,6,3,19,80,1,54,5,3,524,0.7705882352941177
80,691,20,42,3,0,48,4,7,163,8,6,37,49,4,81,9,11,492,0.7120115774240231
81,547,23,57,4,1,40,3,3,114,4,3,30,56,1,47,3,8,397,0.7257769652650823
82,1373,11,81,5,2,16,0,0,35,1,0,17,57,2,54,0,2,283,0.20611798980335033
83,1085,29,176,7,2,46,3,4,260,5,2,32,145,0,102,7,14,834,0.7686635944700461
84,594,28,62,2,0,30,6,4,112,6,1,24,4,51,66,6,6,408,0.6868686868686869
85,631,30,82,6,0,29,2,6,123,7,4,14,62,3,65,3,9,445,0.705229793977813
86,675,34,78,3,1,43,0,0,127,7,3,25,79,4,61,6,4,475,0.7037037037037037
87,672,32,117,5,2,35,1,2,130,5,4,22,80,4,49,4,8,500,0.7440476190476191
88,838,31,127,5,1,30,1,5,147,11,2,27,85,3,57,4,9,545,0.6503579952267303
89,735,22,138,3,3,13,1,4,138,5,1,19,90,5,65,4,5,516,0.7020408163265306
90,664,17,126,3,2,27,2,3,129,5,2,28,56,7,42,5,8,462,0.6957831325301205
91,591,33,100,2,3,27,5,3,106,8,7,21,54,6,55,4,7,441,0.7461928934010152
92,692,31,112,3,3,42,8,7,112,5,5,27,75,3,54,1,6,494,0.7138728323699421
93,558,14,94,7,1,17,1,0,85,0,1,13,55,1,36,4,0,329,0.589605734767025
94,787,23,145,7,3,35,3,7,133,8,4,26,97,2,61,7,9,570,0.7242693773824651
95,851,27,145,7,2,44,6,2,160,12,4,28,99,2,69,10,10,627,0.736780258519389
96,801,27,113,5,2,27,0,3,183,5,2,29,99,2,77,8,4,586,0.731585518102372
97,748,26,106,2,1,22,2,6,133,9,3,33,79,3,85,8,5,523,0.6991978609625669
98,680,25,119,1,2,25,5,3,108,6,6,13,79,7,72,6,5,482,0.7088235294117647
99,707,22,114,8,1,27,3,0,134,7,3,16,77,7,89,3,4,515,0.7284299858557284
100,777,25,135,1,2,23,6,2,127,7,2,23,98,4,73,3,9,540,0.694980694980695
101,756,32,135,7,3,33,3,0,147,5,5,28,77,3,64,8,10,560,0.7407407407407407
102,727,26,137,9,2,24,2,4,124,6,6,18,88,1,63,4,4,518,0.7125171939477304
103,711,19,118,4,3,31,0,2,131,10,3,16,67,1,50,3,7,465,0.6540084388185654
104,789,34,156,7,0,29,3,4,126,6,5,31,78,2,55,3,4,543,0.688212927756654
105,766,27,131,1,3,21,3,3,170,7,4,11,92,1,57,1,9,541,0.706266318537859
106,647,40,114,5,2,33,3,4,114,3,2,15,59,2,64,2,6,468,0.723338485316847
107,681,12,96,4,2,29,6,1,131,5,10,27,77,1,73,1,6,481,0.7063142437591777
108,865,38,150,5,1,34,5,2,163,4,2,23,87,2,71,5,7,599,0.692485549132948
109,818,34,147,5,1,18,4,5,131,7,3,21,98,2,50,5,6,537,0.656479217603912
110,533,20,89,15,1,18,1,2,58,3,4,18,66,3,49,3,6,356,0.6679174484052532
111,797,29,131,6,2,31,2,2,147,12,3,16,95,4,79,5,11,575,0.7214554579673776
112,738,21,111,5,0,26,2,3,167,2,5,30,101,1,78,7,5,564,0.7642276422764228
113,667,21,92,4,0,35,2,2,166,7,2,16,66,3,55,8,4,483,0.7241379310344828
114,655,25,88,4,0,38,4,5,164,5,4,17,60,3,79,10,2,508,0.7755725190839695
115,738,31,110,4,1,34,3,5,164,10,1,23,88,5,47,6,6,538,0.7289972899728997
116,888,37,132,13,3,31,3,3,174,5,3,19,115,3,88,9,6,644,0.7252252252252253
117,741,27,137,8,1,29,1,6,146,3,3,23,70,3,64,3,8,532,0.717948717948718
118,597,29,70,3,1,36,0,2,108,5,1,20,76,4,82,5,5,447,0.7487437185929648
119,779,37,115,5,0,32,8,2,188,11,4,25,97,4,57,7,3,595,0.7637997432605905
120,615,23,90,3,0,23,1,1,127,0,1,16,80,2,39,0,7,413,0.6715447154471544
121,660,30,106,5,0,3,2,1,140,4,3,19,60,1,51,3,8,436,0.6606060606060606
122,608,25,114,1,1,26,3,4,125,7,0,19,67,0,50,6,6,454,0.7467105263157895
123,703,20,143,5,0,26,2,2,111,4,2,12,81,2,54,5,6,475,0.6756756756756757
124,700,25,140,8,0,31,4,2,111,7,2,19,81,3,60,4,5,502,0.7171428571428572
125,657,19,126,3,1,29,3,0,109,5,1,14,87,4,47,7,7,462,0.7031963470319634
126,654,19,113,3,0,12,0,2,132,3,7,17,77,4,44,2,8,443,0.6773700305810397
127,640,18,108,5,3,25,1,5,114,5,3,12,67,4,46,2,9,427,0.6671875
128,586,26,114,5,0,29,3,1,116,2,5,15,49,1,28,1,4,399,0.6808873720136519
129,691,22,90,12,1,33,3,6,168,5,7,24,68,2,66,0,9,516,0.7467438494934877
130,783,31,115,6,0,45,4,1,183,13,9,28,77,7,69,7,3,598,0.7637292464878672
131,675,24,117,3,0,32,1,2,127,6,3,17,78,4,45,1,5,465,0.6888888888888889
132,68,0,2,0,0,1,0,0,9,0,0,0,1,0,7,0,2,22,0.3235294117647059
133,929,24,170,4,7,34,4,7,186,4,6,31,93,1,77,7,5,660,0.7104413347685683
134,709,36,124,3,3,46,1,3,130,6,4,16,74,1,56,3,6,512,0.7221438645980254
135,741,24,127,6,0,23,6,5,189,6,3,18,75,0,65,4,5,556,0.7503373819163293
136,769,29,128,4,1,32,3,2,181,16,3,28,87,3,86,2,8,613,0.7971391417425228
137,702,38,118,5,1,22,1,2,132,4,3,23,88,4,50,2,3,496,0.7065527065527065
138,716,38,111,6,0,25,3,3,174,11,6,19,94,4,53,3,3,553,0.7723463687150838
139,1009,50,187,2,2,44,2,1,227,9,4,28,114,5,55,7,7,744,0.7373637264618434
140,1041,38,213,0,2,38,4,8,195,9,11,36,124,0,58,3,5,744,0.7146974063400576
141,910,23,185,4,2,33,5,8,188,9,6,24,101,5,57,4,6,660,0.7252747252747253
142,710,36,120,2,1,17,1,0,165,5,3,7,67,1,81,6,9,521,0.7338028169014085
143,724,26,141,4,1,13,3,4,129,11,2,11,99,5,56,2,9,516,0.712707182320442
144,694,18,126,1,0,31,2,6,116,4,1,15,86,2,67,1,8,484,0.6974063400576369
145,666,18,116,4,2,29,0,2,135,3,3,23,74,1,58,6,8,482,0.7237237237237237
146,715,16,113,4,2,28,2,5,144,7,4,24,84,2,51,5,6,497,0.6951048951048951
147,729,23,115,6,0,36,3,4,156,5,1,32,90,3,56,1,10,541,0.7421124828532236
148,811,39,131,4,0,46,3,4,166,14,5,17,82,1,46,7,8,573,0.7065351418002466
149,742,18,90,2,1,31,3,4,144,5,9,30,87,2,64,10,2,502,0.6765498652291105
150,819,40,167,4,1,46,5,1,162,5,6,22,86,2,75,1,4,627,0.7655677655677655
151,679,22,153,5,1,14,8,3,115,3,3,22,78,3,48,3,3,484,0.7128129602356407
152,829,24,139,4,3,28,3,1,151,4,2,17,96,5,71,8,8,564,0.6803377563329313
153,780,32,146,4,3,24,5,1,127,5,2,23,97,4,44,2,5,524,0.6717948717948717
154,756,22,151,11,1,31,2,3,140,6,3,14,79,1,47,6,13,530,0.701058201058201
155,1167,50,237,6,0,37,2,6,199,9,3,34,142,1,86,11,13,836,0.7163667523564696
156,930,33,161,7,3,21,6,3,159,6,3,16,114,2,91,3,6,634,0.6817204301075269
157,880,25,148,7,5,33,4,3,179,8,4,14,104,1,73,6,1,615,0.6988636363636364
158,722,33,95,3,1,45,1,3,156,6,3,19,85,1,67,1,7,526,0.7285318559556787
159,624,20,122,5,1,16,3,2,109,1,3,19,81,3,41,3,5,434,0.6955128205128205
160,652,34,94,5,0,39,6,5,151,6,2,23,79,4,49,0,8,505,0.7745398773006135
161,672,26,93,4,2,31,1,1,168,8,2,24,66,3,54,6,5,494,0.7351190476190477
162,687,26,82,8,3,28,5,2,142,10,4,20,75,8,50,10,4,477,0.6943231441048034
163,715,21,142,6,4,18,3,1,93,7,1,18,78,2,50,8,8,460,0.6433566433566433
164,757,18,119,10,3,24,3,3,127,7,6,21,77,0,62,2,5,487,0.6433289299867899
165,624,9,91,4,2,2,0,3,62,2,2,14,74,1,41,1,6,314,0.5032051282051282
166,712,30,125,4,1,20,2,6,147,2,2,8,85,2,48,5,2,489,0.6867977528089888
167,787,23,160,7,3,19,0,6,125,4,2,14,108,1,84,4,3,563,0.7153748411689962
168,837,32,153,6,2,22,1,3,192,3,2,21,104,2,55,5,3,606,0.7240143369175627
169,671,8,105,3,4,5,2,0,56,2,0,6,65,3,70,1,1,331,0.4932935916542474
170,671,33,140,3,0,10,3,0,133,5,3,22,96,2,49,4,7,510,0.7600596125186289
171,620,37,126,5,3,16,0,3,119,7,3,22,53,0,50,3,4,451,0.7274193548387097
172,596,18,145,0,0,10,2,2,108,3,2,10,66,1,41,1,3,412,0.6912751677852349
173,506,9,133,5,0,2,0,1,77,5,3,9,59,1,35,4,7,350,0.691699604743083
174,1069,47,230,8,1,46,1,3,203,8,4,22,163,2,71,6,10,825,0.7717492984097287
175,732,43,84,4,0,41,2,8,210,7,3,21,67,3,70,2,7,572,0.7814207650273224
176,598,20,66,1,1,25,5,3,115,4,0,17,94,3,58,1,6,419,0.7006688963210702
177,823,28,156,10,0,35,0,4,204,7,1,25,93,3,55,3,7,631,0.7667071688942891
178,678,28,96,8,2,38,4,5,161,9,1,24,68,2,61,8,3,518,0.7640117994100295
179,647,18,160,0,1,4,0,2,109,0,6,7,58,5,38,1,5,414,0.6398763523956723
180,793,35,148,0,0,21,7,3,209,7,1,11,87,3,54,4,4,594,0.7490542244640606
181,710,16,108,1,2,16,1,2,108,3,4,4,91,2,57,4,1,420,0.5915492957746479
182,774,34,104,2,0,28,4,2,193,9,2,20,60,2,66,11,3,540,0.6976744186046512
183,650,23,109,1,0,44,2,4,169,9,6,24,72,3,39,6,2,513,0.7892307692307692
184,601,32,69,1,4,28,5,5,187,9,1,13,48,4,47,2,3,458,0.762063227953411
185,740,41,120,2,1,49,2,8,202,10,5,15,89,2,30,5,7,588,0.7945945945945946
186,743,35,118,6,0,45,5,8,184,6,2,24,80,0,48,3,13,577,0.7765814266487214
187,708,38,119,7,0,29,5,2,181,6,3,22,73,3,55,5,9,557,0.786723163841808
188,701,24,114,8,0,21,1,5,115,5,2,22,106,3,68,4,10,508,0.724679029957204
189,687,31,153,1,1,22,2,2,118,1,1,10,78,1,40,2,2,465,0.6768558951965066
190,873,10,151,15,1,15,2,0,84,7,5,27,96,3,58,4,2,480,0.5498281786941581
191,768,25,194,5,0,12,0,0,136,7,5,10,96,1,63,6,6,566,0.7369791666666666
192,708,37,85,5,0,71,6,3,154,13,2,23,60,3,53,6,9,530,0.748587570621469
193,605,36,65,4,1,66,1,3,154,5,6,23,30,8,44,8,8,462,0.7636363636363637
194,576,43,65,1,1,56,0,1,137,6,1,22,40,2,45,6,12,438,0.7604166666666666
195,685,35,64,1,3,56,6,6,191,4,2,32,43,4,53,3,5,508,0.7416058394160584
196,646,31,99,1,1,63,2,5,131,7,0,14,45,5,39,1,10,454,0.7027863777089783
197,908,42,118,5,1,82,3,6,215,10,2,33,78,4,96,3,14,712,0.7841409691629956
198,773,29,81,4,2,40,5,4,186,19,3,37,74,1,73,13,11,582,0.7529107373868047
199,725,24,46,3,1,65,4,13,206,12,1,28,54,4,67,5,8,541,0.7462068965517241
200,569,33,67,4,0,48,2,2,162,7,4,12,44,2,58,4,2,451,0.7926186291739895
201,580,25,45,4,1,43,2,2,153,7,4,15,66,2,42,1,2,414,0.7137931034482758
202,944,37,107,6,0,48,4,12,215,10,6,27,115,4,96,11,13,711,0.753177966101695
203,686,41,89,5,0,54,1,3,123,7,2,32,67,1,84,3,3,515,0.750728862973761
204,853,43,90,8,2,46,1,0,204,13,2,30,94,8,79,9,17,646,0.757327080890973
205,792,45,90,3,1,75,7,3,172,14,5,31,50,2,59,2,14,573,0.7234848484848485
206,610,36,74,4,3,58,7,6,144,9,2,20,54,4,44,7,11,483,0.7918032786885246
207,488,7,33,4,0,22,3,6,139,5,10,15,21,5,37,4,7,318,0.6516393442622951
208,781,41,82,5,0,60,0,4,186,7,2,35,65,2,65,5,9,568,0.7272727272727273
209,578,25,97,3,0,26,1,3,111,5,3,6,54,0,52,3,6,395,0.6833910034602076
210,576,32,83,4,1,27,2,6,93,4,0,23,53,1,42,1,7,379,0.6579861111111112
211,736,43,108,2,4,40,2,5,125,5,0,22,82,8,53,3,10,512,0.6956521739130435
212,652,45,111,2,2,26,4,2,115,2,6,13,72,1,50,4,8,463,0.7101226993865031
213,686,42,129,3,0,34,2,9,110,7,0,22,74,0,46,5,10,493,0.7186588921282799
214,742,33,123,5,1,34,0,2,139,5,3,22,91,2,54,1,3,518,0.6981132075471698
215,942,46,105,7,1,46,2,3,213,10,3,30,116,3,99,6,8,698,0.7409766454352441
216,632,35,111,7,3,14,2,0,126,3,1,17,60,1,49,3,8,440,0.6962025316455697
217,803,20,130,1,1,46,6,3,154,7,8,35,90,5,78,7,6,597,0.7434620174346201
218,919,46,126,9,1,46,4,3,197,8,2,34,102,1,96,3,9,687,0.7475516866158868
219,651,25,114,3,3,37,1,4,112,5,1,21,72,1,46,6,13,464,0.7127496159754224
220,711,25,110,3,1,33,0,3,127,4,1,18,82,1,44,2,14,468,0.6582278481012658
221,670,17,117,3,0,28,0,3,117,5,4,13,82,0,51,3,6,449,0.6701492537313433
222,607,21,118,5,0,16,4,0,79,2,2,9,62,3,37,3,8,369,0.6079077429983526
223,623,13,99,1,0,20,4,2,98,5,2,18,75,1,49,2,11,400,0.6420545746388443
224,707,39,118,5,3,36,0,5,124,8,3,13,66,4,67,2,7,500,0.7072135785007072
225,669,36,107,3,0,26,2,2,100,4,4,21,60,0,60,7,15,447,0.6681614349775785
226,557,26,55,2,0,45,1,0,125,5,4,13,57,0,47,6,5,391,0.7019748653500898
227,650,33,87,4,3,39,0,1,127,5,4,19,65,2,70,4,8,471,0.7246153846153847
228,550,17,83,2,0,27,4,2,78,6,0,11,59,1,56,6,3,355,0.6454545454545455
229,589,16,95,2,2,13,1,0,64,3,2,13,67,4,50,2,10,344,0.5840407470288624
230,916,47,134,6,3,53,1,6,162,7,2,21,118,0,47,2,5,614,0.6703056768558951
231,818,30,107,3,0,75,1,3,181,5,2,22,66,4,54,1,17,571,0.6980440097799511
232,804,31,147,2,0,25,1,3,145,5,1,25,85,2,51,6,8,537,0.667910447761194
233,605,20,113,6,2,24,0,4,99,3,1,25,69,0,41,3,12,422,0.6975206611570248
234,549,17,112,6,1,21,0,0,93,3,8,25,44,3,42,3,5,383,0.697632058287796
235,733,33,130,4,0,23,0,3,112,4,1,11,64,2,72,1,14,474,0.6466575716234653
236,626,19,117,1,2,31,0,0,122,4,6,20,48,0,48,3,17,438,0.6996805111821086
237,613,23,128,9,1,16,2,0,79,3,0,12,64,2,50,1,3,393,0.6411092985318108
238,646,45,116,6,1,38,1,0,109,0,2,17,58,2,41,6,13,455,0.7043343653250774
239,613,25,99,0,0,29,1,0,95,4,1,9,61,5,53,3,15,400,0.6525285481239804
240,603,26,95,4,0,22,1,4,99,3,2,11,63,1,67,1,6,405,0.6716417910447762
241,621,20,79,2,0,38,2,2,130,8,1,20,65,4,50,4,9,434,0.6988727858293076
242,720,28,116,1,1,41,0,4,99,6,3,16,82,4,70,3,5,479,0.6652777777777777
243,651,19,104,1,0,18,3,3,126,4,3,25,77,2,51,3,12,451,0.6927803379416283
244,759,28,133,3,4,30,4,1,129,5,7,30,91,1,57,6,18,547,0.7206851119894598
245,831,28,163,3,2,39,2,1,153,5,5,16,95,2,61,5,10,590,0.7099879663056559
246,689,35,122,4,3,26,0,2,96,2,1,15,71,1,48,1,7,434,0.6298984034833092
247,638,22,84,4,4,17,1,1,113,8,4,10,63,0,51,5,14,401,0.6285266457680251
248,728,19,153,5,1,19,0,3,87,5,4,22,102,2,54,6,7,489,0.6717032967032966
249,845,25,98,2,3,26,6,6,178,5,2,27,105,1,93,7,8,592,0.7005917159763314
250,716,22,122,5,0,38,0,2,141,3,5,11,91,1,38,7,7,493,0.6885474860335196
251,686,18,127,3,2,13,3,0,110,6,3,18,67,1,61,1,5,438,0.6384839650145773
252,673,20,116,3,1,26,6,4,115,4,4,22,88,2,56,3,5,475,0.7057949479940565
253,769,27,153,5,0,30,1,4,115,4,2,23,89,3,43,2,9,510,0.6631989596879063
254,708,19,131,4,2,29,3,3,147,2,8,14,78,2,56,6,4,508,0.7175141242937854
255,785,32,163,6,1,31,1,2,122,6,2,25,70,4,55,1,11,532,0.6777070063694267
256,753,21,145,11,0,35,3,1,114,2,0,16,71,6,49,5,7,486,0.6454183266932271
257,964,24,179,6,3,44,7,1,202,7,2,25,123,2,75,7,8,715,0.741701244813278
258,915,36,160,11,3,33,4,5,153,3,8,34,113,5,80,7,10,665,0.726775956284153
259,795,39,138,4,0,30,2,2,145,6,8,13,105,2,50,3,8,555,0.6981132075471698
260,805,32,126,6,1,40,8,5,152,5,2,29,96,6,83,5,15,611,0.7590062111801242
261,641,36,119,4,0,22,1,3,112,4,8,19,64,1,41,2,8,444,0.6926677067082684
262,850,38,140,7,0,48,5,4,166,9,0,26,109,0,64,2,5,623,0.7329411764705882
263,809,15,141,6,1,26,2,1,177,8,4,16,74,2,58,6,12,549,0.6786155747836835
264,869,36,161,4,2,41,6,7,174,7,6,24,103,4,64,3,5,647,0.7445339470655926
265,717,39,129,6,2,27,3,4,137,4,5,21,64,0,47,9,7,504,0.702928870292887
266,964,33,145,7,0,41,5,3,200,6,4,49,84,1,94,5,5,682,0.7074688796680498
267,1040,43,156,7,2,43,3,7,192,8,4,36,117,2,91,4,7,722,0.6942307692307692
268,755,27,120,4,1,35,1,1,160,3,2,22,70,2,65,2,5,520,0.6887417218543046
269,681,14,52,1,0,50,6,4,178,8,2,30,87,3,97,7,1,540,0.7929515418502202
270,632,8,55,6,1,49,7,2,157,3,5,24,84,3,96,3,1,504,0.7974683544303798
271,732,12,82,0,1,29,4,4,198,5,2,41,96,1,83,8,3,569,0.7773224043715847
272,710,18,56,3,1,38,4,0,172,5,1,32,84,6,68,5,4,497,0.7
273,753,21,137,3,6,28,4,1,143,8,3,20,96,1,55,5,6,537,0.7131474103585658
274,669,23,114,3,1,25,0,3,123,4,3,7,79,2,51,2,4,444,0.6636771300448431
275,501,20,103,5,1,15,2,0,81,2,0,16,67,4,45,4,6,371,0.7405189620758483
276,599,14,96,3,2,22,0,3,129,4,2,20,83,4,39,3,2,426,0.7111853088480802
277,581,14,119,6,0,14,3,1,109,9,5,20,58,1,53,9,5,426,0.7332185886402753
278,605,31,97,7,0,29,2,3,146,2,0,20,66,2,44,2,5,456,0.7537190082644628
279,673,31,96,3,1,27,4,3,124,4,6,14,77,3,63,4,10,470,0.6983655274888558
280,834,24,131,6,2,31,2,1,171,0,3,23,95,2,64,7,9,571,0.684652278177458
281,768,35,125,5,0,42,0,10,149,5,1,32,76,4,53,4,10,551,0.7174479166666666
282,748,28,106,6,1,42,1,3,140,5,3,21,84,4,55,6,6,511,0.6831550802139037
283,705,22,120,7,2,17,4,1,138,2,6,23,80,2,46,2,2,474,0.6723404255319149
284,784,38,106,8,0,33,2,4,185,3,3,23,114,3,55,11,3,591,0.7538265306122449
285,592,17,95,5,0,37,5,1,178,7,3,25,49,3,65,1,2,493,0.8327702702702703
286,716,23,132,11,0,19,1,2,137,6,3,20,76,1,59,3,7,500,0.6983240223463687
287,622,25,65,4,2,47,6,2,192,5,4,18,62,1,51,5,3,492,0.7909967845659164
288,580,11,73,3,1,22,2,0,118,9,2,16,69,0,57,3,3,389,0.6706896551724137
289,839,28,123,5,0,29,6,4,193,5,2,18,114,5,78,7,9,626,0.7461263408820024
290,697,32,109,2,1,31,2,3,152,6,4,13,80,3,65,2,2,507,0.727403156384505
291,755,30,95,5,3,27,3,8,169,5,2,27,122,4,75,3,6,584,0.7735099337748345
292,700,20,99,6,2,35,5,3,190,9,0,25,67,3,60,2,2,528,0.7542857142857143
293,784,26,169,14,2,23,0,2,150,9,6,24,84,4,52,3,13,581,0.7410714285714286
294,588,14,84,5,0,24,3,4,117,5,3,16,64,7,59,6,6,417,0.7091836734693877
295,911,26,136,3,1,46,2,3,251,9,7,38,94,7,85,5,11,724,0.7947310647639956
296,760,28,140,6,2,30,7,7,163,4,2,20,71,2,68,1,12,563,0.7407894736842106
297,731,29,107,3,1,31,6,3,131,4,6,11,73,1,53,3,10,472,0.6456908344733242
298,727,24,162,4,5,20,4,3,115,2,1,21,94,0,62,0,9,526,0.7235213204951857
299,671,17,61,5,0,55,4,0,172,13,2,31,76,1,66,6,4,513,0.7645305514157973
300,800,27,122,5,0,32,2,3,135,13,2,30,118,2,75,3,12,581,0.72625
301,977,35,165,5,3,44,6,2,182,9,8,27,124,3,85,8,7,713,0.72978505629478
302,799,23,175,8,2,12,6,4,113,1,0,17,112,2,86,5,6,572,0.7158948685857321
303,948,28,205,10,2,25,0,1,162,4,7,18,95,0,92,6,5,660,0.6962025316455697
304,700,18,120,5,3,13,1,2,102,3,3,18,114,1,41,5,4,453,0.6471428571428571
305,643,13,139,6,0,11,4,1,81,1,6,12,92,4,44,3,4,421,0.6547433903576982
306,895,15,167,14,1,19,4,2,170,5,19,18,99,5,67,4,8,617,0.6893854748603352
307,825,24,170,5,2,14,5,8,136,4,5,22,116,0,71,10,5,597,0.7236363636363636
308,858,25,177,6,2,17,2,2,146,6,8,14,108,4,60,5,4,586,0.682983682983683
309,641,26,143,0,0,21,2,1,105,7,2,15,94,1,36,3,6,462,0.7207488299531981
310,596,21,136,3,1,16,0,1,104,3,3,14,54,0,39,2,11,408,0.6845637583892618
311,846,22,165,5,1,22,2,1,113,9,1,27,107,3,73,7,5,563,0.66548463356974
312,912,28,220,2,4,16,3,5,131,3,1,38,108,1,56,3,4,623,0.6831140350877193
313,630,23,145,4,1,22,1,1,99,4,2,16,92,2,47,6,8,473,0.7507936507936508
314,642,34,133,5,0,21,4,2,101,3,3,16,64,1,57,2,5,451,0.7024922118380063
315,745,32,155,10,3,21,0,1,117,4,1,26,98,3,55,4,6,536,0.7194630872483222
316,727,20,171,1,1,10,3,1,127,3,3,13,81,2,57,2,5,500,0.687757909215956
317,635,29,131,6,6,11,2,0,125,4,5,14,63,5,49,2,5,457,0.7196850393700788
318,657,19,142,1,3,9,1,1,94,4,0,15,86,2,57,1,10,445,0.6773211567732116
319,604,23,139,3,2,9,1,2,116,7,1,20,79,0,42,2,6,452,0.7483443708609272
320,656,18,158,5,0,9,2,1,111,5,2,21,68,1,61,6,5,473,0.7210365853658537
321,885,27,81,5,3,63,0,4,143,14,2,24,82,3,66,6,6,529,0.5977401129943503
322,655,31,111,6,2,33,0,1,109,8,3,24,67,6,56,1,8,466,0.7114503816793893
323,627,23,104,2,0,21,0,2,107,3,2,12,49,3,49,3,12,392,0.6251993620414673
324,607,35,84,7,1,28,2,0,117,5,6,18,46,1,41,2,9,402,0.6622734761120264
325,658,37,97,3,1,38,3,3,91,4,2,9,53,2,47,4,17,411,0.6246200607902735
326,734,37,88,3,1,41,1,5,144,5,1,25,53,1,60,0,20,485,0.6607629427792916
327,630,26,99,2,1,24,0,2,88,5,4,15,75,3,55,3,13,415,0.6587301587301587
328,630,32,91,6,1,35,1,3,110,4,4,14,69,3,50,5,10,438,0.6952380952380952
329,718,23,97,5,1,31,2,1,134,9,3,17,106,3,48,6,18,504,0.7019498607242339
330,600,23,98,1,0,33,1,5,105,6,0,11,50,2,39,3,15,392,0.6533333333333333
331,633,29,89,2,1,42,2,0,101,11,8,17,59,1,58,5,14,439,0.693522906793049
332,844,42,104,9,0,75,3,8,202,5,5,45,74,3,59,10,10,654,0.7748815165876777
333,742,40,108,5,4,50,4,4,140,4,5,23,74,1,55,5,22,544,0.7331536388140162
334,784,38,81,2,0,74,1,4,172,6,9,23,80,2,69,9,14,584,0.7448979591836735
335,660,22,67,6,0,51,9,2,159,8,6,13,39,2,36,6,12,438,0.6636363636363637
336,758,61,87,3,1,70,7,4,171,10,2,21,60,1,59,2,16,575,0.758575197889182
337,743,35,72,1,2,63,1,1,201,7,6,21,67,2,70,4,16,569,0.765814266487214
338,831,50,88,7,0,85,7,4,221,16,6,26,70,12,68,9,12,681,0.8194945848375451
339,787,52,87,2,2,79,4,2,187,14,4,27,61,4,71,5,13,614,0.7801778907242694
340,723,26,65,8,0,69,5,9,167,21,4,20,67,2,79,16,12,570,0.7883817427385892
341,814,30,52,0,1,80,2,11,208,9,8,31,82,9,96,13,6,638,0.7837837837837838
342,741,35,124,2,3,36,0,3,146,3,8,23,118,3,66,7,1,578,0.7800269905533064
343,668,15,106,4,2,24,3,2,104,2,4,14,80,2,62,5,9,438,0.655688622754491
344,839,16,168,2,3,27,1,1,126,3,5,14,116,1,85,6,5,579,0.6901072705601907
345,795,28,137,10,1,28,5,0,131,6,4,9,94,0,78,4,17,552,0.6943396226415094
346,1065,61,231,11,1,30,4,2,166,7,5,19,105,3,74,5,12,736,0.6910798122065728
347,1175,45,223,8,1,60,1,1,197,3,2,39,129,1,93,3,13,819,0.6970212765957446
348,589,22,108,3,2,15,1,1,75,4,3,7,65,2,48,2,7,365,0.6196943972835314
349,544,17,75,3,5,19,1,0,82,0,3,14,63,1,28,0,4,315,0.5790441176470589
350,755,14,149,4,5,14,3,2,100,3,3,14,91,1,65,8,4,480,0.6357615894039735
351,568,19,102,2,1,19,1,0,98,4,0,13,71,5,49,3,10,397,0.698943661971831
352,694,25,75,5,1,33,1,3,158,10,2,19,89,1,78,4,6,510,0.7348703170028819
353,714,30,104,4,0,46,1,0,131,4,3,16,70,2,70,4,9,494,0.6918767507002801
354,773,46,127,2,2,35,2,3,146,6,5,28,89,1,61,7,21,581,0.7516170763260026
355,740,21,107,6,2,43,1,1,131,8,0,19,107,4,73,3,17,543,0.7337837837837838
356,666,35,104,4,1,26,0,1,85,4,3,11,53,4,49,2,30,412,0.6186186186186187
357,621,37,57,2,1,25,1,3,119,4,2,14,69,3,46,4,13,400,0.644122383252818
358,675,40,85,4,2,59,4,1,119,3,4,18,77,3,54,5,12,490,0.725925925925926
359,657,30,109,6,1,54,3,0,111,3,11,17,63,6,57,5,7,483,0.7351598173515982
360,722,41,107,3,4,47,4,2,145,6,5,20,86,4,31,4,14,523,0.724376731301939
361,749,51,88,4,4,50,7,7,161,5,4,20,78,5,69,8,8,569,0.7596795727636849
362,787,37,116,7,2,63,2,2,172,6,4,31,71,3,67,3,22,608,0.772554002541296
363,791,33,100,7,1,67,11,5,183,9,7,23,62,4,83,11,6,612,0.7737041719342604
364,635,24,81,3,1,29,1,4,105,5,1,20,103,0,56,7,4,444,0.6992125984251969
365,610,28,100,3,3,30,0,3,115,4,8,17,74,1,61,1,7,455,0.7459016393442623
366,681,26,84,8,2,55,2,5,141,8,3,19,56,2,53,9,23,496,0.7283406754772394
367,564,24,89,3,1,23,1,3,104,4,2,19,77,2,43,2,6,403,0.7145390070921985
368,839,25,135,8,1,51,2,5,143,4,4,27,71,1,73,7,10,567,0.6758045292014303
369,576,26,83,8,3,21,2,3,107,1,3,13,83,0,31,2,5,391,0.6788194444444444
370,613,13,86,3,2,16,0,3,104,11,2,15,74,2,40,3,4,378,0.6166394779771615
371,637,25,116,4,3,23,2,3,102,3,0,7,71,1,36,1,9,406,0.6373626373626373
372,682,25,118,13,1,15,0,1,129,5,4,15,88,5,32,4,15,470,0.6891495601173021
373,791,27,135,6,6,32,0,6,137,6,0,21,89,5,60,6,14,550,0.695322376738306
374,780,35,130,4,2,34,3,1,163,3,0,17,82,2,68,4,12,560,0.717948717948718
375,675,34,119,6,1,24,1,4,111,3,2,11,90,3,38,2,7,456,0.6755555555555556
376,760,44,108,2,0,39,1,7,134,7,1,22,65,2,54,8,13,507,0.6671052631578948
377,683,23,106,3,0,22,3,1,79,2,3,16,85,0,61,7,10,421,0.616398243045388
378,745,24,103,4,1,52,4,2,143,6,4,23,81,5,63,6,2,523,0.702013422818792
379,782,40,140,5,2,38,8,13,161,8,4,25,67,1,60,2,13,587,0.7506393861892583
380,837,26,101,6,3,63,5,4,168,8,18,24,64,6,71,4,9,580,0.6929510155316607
381,912,20,182,6,3,35,2,3,118,9,4,27,102,3,64,12,12,602,0.6600877192982456
382,1039,43,154,7,1,59,1,4,185,10,1,39,163,3,81,6,5,762,0.7333974975938402
383,756,40,117,3,3,38,5,3,135,9,6,21,94,1,64,13,7,559,0.7394179894179894
384,920,51,187,8,0,35,1,3,156,6,4,32,131,3,73,7,7,704,0.7652173913043478
385,765,25,160,9,5,16,2,1,122,5,3,17,102,4,49,13,9,542,0.7084967320261438
386,764,25,141,3,0,24,0,1,137,7,5,22,121,1,39,4,8,538,0.7041884816753927
387,831,33,178,7,3,33,3,1,120,3,3,19,99,0,59,4,9,574,0.690734055354994
388,900,25,158,4,0,40,3,4,150,4,5,39,125,5,95,10,5,672,0.7466666666666667
389,606,25,102,1,0,14,1,2,86,4,3,13,72,4,54,2,12,395,0.6518151815181518
390,698,23,139,6,3,18,0,2,131,4,2,26,65,1,47,2,5,474,0.6790830945558739
391,615,17,98,3,2,27,2,2,110,5,3,15,82,1,42,4,8,421,0.6845528455284553
392,757,31,148,2,0,29,2,3,121,7,6,20,91,1,61,1,13,536,0.7080581241743725
393,768,24,139,3,0,32,2,0,135,4,2,13,99,3,65,7,5,533,0.6940104166666666
394,794,34,142,7,6,25,1,2,138,10,5,12,73,5,61,2,8,531,0.6687657430730478
395,777,22,106,6,2,45,4,4,164,6,2,20,111,6,60,5,7,570,0.7335907335907336
396,814,23,100,3,3,50,26,0,156,10,7,34,79,4,91,5,2,593,0.7285012285012284
397,853,28,101,4,0,55,5,3,197,9,10,38,112,1,88,6,7,664,0.7784290738569754
398,856,38,128,11,1,49,4,4,179,6,8,22,93,8,81,7,9,648,0.7570093457943925
399,704,23,132,9,3,22,1,2,134,6,6,23,84,0,55,0,13,513,0.7286931818181818
400,679,34,153,2,1,37,1,3,108,4,4,16,71,7,46,4,4,495,0.7290132547864506
401,672,19,122,7,1,32,1,1,145,3,5,16,70,3,52,3,7,487,0.7247023809523809
402,803,27,116,1,2,56,3,8,165,15,4,24,78,5,76,7,9,596,0.7422166874221668
403,685,38,133,5,0,29,0,3,118,5,1,18,54,0,57,6,9,476,0.6948905109489051
404,677,27,107,6,3,29,2,3,105,8,2,9,75,0,46,3,9,434,0.6410635155096012
405,726,40,125,4,1,36,2,2,132,6,6,15,78,3,45,5,8,508,0.699724517906336
406,661,17,113,5,2,29,2,1,109,4,1,14,67,1,53,5,13,436,0.659606656580938
407,771,25,105,5,1,40,6,3,192,6,3,26,92,3,71,8,12,598,0.7756160830090791
408,835,24,95,8,1,59,3,7,223,8,4,32,84,6,90,9,10,663,0.7940119760479042
409,691,22,100,4,4,25,2,2,128,6,2,7,87,7,71,2,3,472,0.683068017366136
410,737,25,130,4,0,19,4,5,135,3,2,18,114,2,65,6,4,536,0.7272727272727273
411,807,29,131,7,4,17,3,0,116,5,2,18,127,0,68,5,3,535,0.6629491945477075
412,864,24,193,9,2,21,3,2,140,6,3,24,120,0,77,7,8,639,0.7395833333333334
413,707,20,105,5,3,26,2,2,123,8,4,20,112,3,50,4,7,494,0.6987270155586988
414,748,34,140,7,1,31,1,1,117,6,3,11,94,1,47,5,7,506,0.6764705882352942
415,478,18,102,6,1,6,0,2,61,1,1,20,72,3,33,6,6,338,0.7071129707112971
416,633,23,126,4,0,21,0,3,76,2,0,12,97,3,49,5,3,424,0.669826224328594
417,723,21,163,6,0,16,1,2,108,2,5,8,114,2,63,5,4,520,0.719225449515906
418,661,14,141,6,1,9,1,0,101,4,7,7,93,3,48,6,9,450,0.680786686838124
419,687,14,149,6,0,20,3,1,100,1,1,14,98,5,53,4,15,484,0.7045123726346434
420,764,23,120,7,4,16,1,0,110,4,4,10,92,4,75,6,2,478,0.6256544502617801
421,935,24,197,5,5,19,2,0,128,5,1,25,138,3,92,7,2,653,0.6983957219251337
422,723,24,161,2,2,11,5,1,114,4,2,13,100,2,60,4,5,510,0.7053941908713693
423,866,21,142,8,3,18,3,5,141,3,4,14,127,3,73,10,6,581,0.6709006928406467
424,745,13,163,4,0,16,1,1,79,2,3,12,116,0,65,4,9,488,0.6550335570469799
425,763,25,134,4,3,22,3,2,108,3,4,17,97,0,68,2,6,498,0.6526867627785059
426,749,16,139,10,1,24,1,1,110,3,1,23,104,3,75,2,4,517,0.6902536715620827
427,645,21,108,4,3,13,0,4,75,1,2,6,68,2,66,8,7,388,0.6015503875968993
428,775,25,146,4,1,19,3,3,123,2,13,14,92,2,60,8,2,517,0.6670967741935484
429,764,30,152,5,2,22,2,1,111,7,8,17,102,2,59,2,8,530,0.693717277486911
430,617,13,117,5,1,10,2,0,74,2,6,12,97,0,52,5,6,402,0.6515397082658023
431,660,11,156,12,2,14,0,2,86,5,1,8,92,3,49,6,5,452,0.6848484848484848
432,872,38,200,5,2,15,2,0,131,1,2,19,113,2,69,4,12,615,0.7052752293577982
433,952,24,206,11,5,31,5,2,108,2,1,13,174,3,66,8,6,665,0.6985294117647058
434,920,30,185,5,3,22,1,3,158,11,2,17,130,4,71,5,3,650,0.7065217391304348
435,565,5,57,5,0,7,1,1,46,0,1,8,60,3,62,1,3,260,0.46017699115044247
436,682,24,140,5,3,14,2,1,108,2,2,8,97,1,50,0,5,462,0.6774193548387096
437,628,12,93,2,1,5,4,0,96,3,2,10,111,2,39,5,1,386,0.6146496815286624
438,730,32,147,8,1,15,0,0,154,2,6,9,99,2,61,3,4,543,0.7438356164383562
439,799,21,134,1,0,21,2,2,197,4,4,11,131,2,66,5,6,607,0.7596996245306633
440,774,25,160,4,2,21,1,1,140,2,3,18,95,2,65,2,5,546,0.7054263565891473
441,795,42,162,5,1,16,0,2,119,1,0,11,111,2,79,4,3,558,0.7018867924528301
442,665,14,155,5,2,11,2,1,95,5,2,11,77,0,43,4,2,429,0.6451127819548872
443,633,10,105,9,0,11,1,0,104,5,1,10,97,0,71,7,7,438,0.6919431279620853
444,653,10,141,3,2,19,6,2,93,2,1,15,71,0,47,4,1,417,0.6385911179173047
445,619,17,104,5,2,10,1,2,77,2,1,12,80,15,45,5,6,384,0.6203554119547657
446,733,20,145,6,1,17,1,0,127,1,2,13,123,1,69,5,2,533,0.7271487039563438
447,726,28,143,5,2,16,0,2,86,5,3,17,116,1,58,2,3,487,0.6707988980716253
448,675,13,122,9,0,14,2,1,128,2,0,12,91,4,62,5,2,467,0.6918518518518518
449,694,28,150,3,1,12,4,4,109,0,0,20,112,4,65,7,7,526,0.7579250720461095
450,1040,19,207,12,2,12,1,0,98,3,2,11,158,0,68,7,12,612,0.5884615384615385
451,912,34,186,5,1,16,0,0,99,2,4,11,108,1,76,5,5,553,0.606359649122807
452,1215,28,255,8,4,27,2,6,161,4,2,17,140,3,68,5,8,738,0.6074074074074074
453,711,25,137,10,0,25,3,1,138,4,2,18,83,2,57,5,2,512,0.720112517580872
454,609,19,119,6,1,12,1,1,83,0,0,13,64,0,44,4,2,369,0.6059113300492611
455,892,25,179,6,3,21,3,1,164,3,3,20,125,3,72,6,6,640,0.7174887892376681
456,766,18,129,9,0,13,1,2,108,1,4,14,108,4,49,6,5,471,0.6148825065274152
457,675,15,134,5,0,14,2,2,148,4,4,20,103,1,47,10,2,511,0.7570370370370371
458,650,22,125,1,4,9,2,2,131,5,0,16,82,2,51,4,5,461,0.7092307692307692
459,396,15,79,5,0,18,0,1,74,3,6,3,47,0,30,3,3,287,0.7247474747474747
460,678,19,90,2,0,18,3,1,146,7,7,28,95,6,45,3,4,474,0.6991150442477876
461,648,25,141,8,2,12,0,2,83,1,6,7,87,3,59,2,1,439,0.6774691358024691
462,637,20,103,6,0,14,3,2,110,0,3,19,89,2,38,4,3,416,0.6530612244897959
463,673,21,133,1,5,12,1,1,93,2,0,9,95,2,44,6,4,429,0.637444279346211
464,616,17,139,3,0,10,0,1,65,2,2,11,114,0,32,3,10,409,0.663961038961039
465,608,13,112,2,1,6,1,3,78,1,2,6,116,4,51,5,4,405,0.6661184210526315
466,999,19,223,10,2,34,3,0,126,2,4,22,131,3,84,4,10,677,0.6776776776776777
467,895,41,188,7,3,22,1,2,141,6,0,16,121,2,75,5,6,636,0.7106145251396648
468,711,28,143,7,0,15,0,2,99,5,3,16,98,4,38,0,5,463,0.6511954992967651
469,831,33,175,11,4,14,0,4,119,4,4,17,142,0,70,4,7,608,0.7316486161251504
470,696,8,143,10,0,17,3,1,80,1,3,13,113,1,64,6,5,468,0.6724137931034483
471,742,17,185,5,7,25,5,2,82,3,2,17,126,0,64,3,5,548,0.738544474393531
472,844,18,182,6,2,10,5,0,106,1,1,22,144,2,68,10,6,583,0.6907582938388626
473,548,15,118,5,2,1,1,1,73,1,2,15,78,1,37,4,3,357,0.6514598540145985
474,903,32,180,5,3,29,2,2,128,1,3,16,117,2,65,6,9,600,0.6644518272425249
475,766,28,139,3,1,9,1,1,123,1,6,15,117,6,62,4,7,523,0.6827676240208878
476,739,15,137,5,1,15,0,4,102,9,4,15,108,2,46,4,9,476,0.6441136671177267
477,747,15,175,3,1,11,1,0,91,1,3,19,97,1,58,5,8,489,0.6546184738955824
478,871,19,188,6,0,10,1,1,133,2,6,13,92,1,68,6,7,553,0.634902411021814
479,1013,29,253,4,0,29,0,3,163,7,3,30,169,0,59,4,3,756,0.7462981243830207
480,904,25,198,8,4,18,3,1,103,9,5,13,140,0,72,5,8,612,0.6769911504424779
481,654,13,128,12,1,7,2,0,74,0,3,13,84,3,53,4,5,402,0.6146788990825688
482,630,0,107,4,1,6,2,1,52,0,1,8,104,0,68,4,4,362,0.5746031746031746
483,583,22,121,11,1,8,0,0,80,0,0,16,81,2,52,3,3,400,0.6861063464837049
484,638,13,120,8,5,4,0,2,66,0,0,9,79,2,44,2,11,365,0.5721003134796239
485,632,6,106,3,1,3,0,0,52,2,2,8,76,4,50,3,3,319,0.504746835443038
486,682,12,105,5,0,2,0,1,44,3,2,6,80,2,66,7,3,338,0.49560117302052786
487,669,11,121,2,1,7,1,0,62,4,0,0,80,1,72,9,1,372,0.5560538116591929
488,712,27,148,8,1,19,0,1,96,2,4,16,116,0,46,5,8,497,0.6980337078651685
489,825,13,167,1,1,15,1,0,145,3,1,20,118,8,69,8,3,573,0.6945454545454546
490,826,28,161,6,2,30,0,3,146,4,4,26,91,1,56,6,8,572,0.6924939467312349
491,605,11,98,7,0,7,2,2,103,4,4,14,98,2,73,1,2,428,0.7074380165289256
492,670,30,131,6,0,21,2,4,156,1,2,9,87,3,38,4,6,500,0.746268656716418
493,863,21,118,2,0,20,5,0,134,3,3,10,94,1,65,1,8,485,0.5619930475086906
494,782,29,147,2,0,29,1,2,125,1,5,12,104,1,77,4,5,544,0.6956521739130435
495,684,19,188,11,2,13,1,1,83,3,4,14,99,0,35,3,6,482,0.7046783625730995
496,881,40,164,6,1,26,0,4,124,6,3,14,108,4,62,8,17,587,0.6662883087400681
497,736,22,136,5,3,16,2,3,101,5,0,15,82,3,63,2,4,462,0.6277173913043478
498,756,28,153,5,2,22,0,2,105,1,6,14,100,1,58,1,8,506,0.6693121693121693
499,710,21,161,3,2,13,2,1,118,3,2,14,101,5,56,2,6,510,0.7183098591549296
500,780,30,139,6,2,14,2,2,128,6,2,14,131,2,52,5,5,540,0.6923076923076923
501,717,20,130,4,1,17,1,0,148,5,4,21,99,4,52,4,5,515,0.7182705718270572
502,671,13,125,4,1,16,3,1,113,3,0,21,113,1,51,5,8,478,0.7123695976154992
503,735,16,138,5,1,13,1,2,104,6,0,16,98,1,70,3,7,481,0.654421768707483
504,655,20,134,2,3,13,1,0,76,4,1,13,102,0,35,4,9,417,0.6366412213740458
505,660,20,156,2,0,10,3,1,108,1,1,16,73,2,49,5,3,450,0.6818181818181818
506,782,20,161,10,2,17,1,3,116,1,2,24,117,0,79,5,4,562,0.7186700767263428
507,694,18,139,5,0,21,2,4,103,9,4,7,93,1,64,5,4,479,0.6902017291066282
508,830,27,197,4,4,13,2,1,146,7,4,22,129,3,37,10,12,618,0.744578313253012
509,808,32,152,7,1,23,5,2,158,6,7,19,109,2,66,3,6,598,0.7400990099009901
510,922,29,196,8,1,25,4,1,161,2,4,14,115,2,65,6,4,637,0.6908893709327549
511,871,31,210,6,1,19,1,1,133,3,3,18,112,5,55,3,12,613,0.703788748564868
512,949,28,268,3,2,25,1,4,159,5,6,19,142,2,73,5,9,751,0.7913593256059009
513,706,6,102,7,0,2,0,0,67,3,1,6,90,0,29,2,3,318,0.45042492917847027
514,645,12,144,0,3,10,1,0,39,1,4,10,82,6,72,2,4,390,0.6046511627906976
515,671,13,138,2,1,5,1,1,62,1,1,12,92,1,68,0,3,401,0.5976154992548435
516,668,14,164,8,0,10,0,3,74,2,12,19,76,1,56,7,12,458,0.6856287425149701
517,650,16,143,3,4,5,0,0,66,2,3,7,95,2,52,2,3,403,0.62
518,742,25,170,4,2,14,1,2,89,1,7,10,101,1,50,4,2,483,0.6509433962264151
519,795,15,196,8,1,9,3,2,75,4,2,10,107,1,74,1,4,512,0.6440251572327044
520,656,15,145,5,1,6,0,0,55,1,0,9,97,1,72,0,2,409,0.6234756097560976
521,965,37,171,3,1,15,3,3,128,1,5,36,162,0,86,11,9,671,0.6953367875647668
522,812,7,149,5,1,5,1,3,68,3,3,9,95,1,83,2,0,435,0.5357142857142857
523,562,11,95,5,0,7,0,0,54,3,5,10,57,2,33,5,8,295,0.5249110320284698
524,611,11,140,7,5,10,0,1,67,3,2,14,75,3,53,4,4,399,0.6530278232405892
525,901,33,203,3,0,18,1,5,129,3,9,17,136,3,70,3,3,636,0.7058823529411765
526,630,15,164,9,0,7,1,2,87,1,1,9,86,1,48,1,5,437,0.6936507936507936
527,965,26,236,5,4,11,3,0,176,4,3,9,107,2,63,3,1,653,0.6766839378238342
528,966,21,204,7,2,12,1,3,117,2,2,11,125,3,75,3,2,590,0.6107660455486542
529,297,8,61,3,0,11,0,0,27,2,1,6,37,1,29,1,0,187,0.6296296296296297
530,730,25,164,7,2,9,2,3,88,1,1,7,122,2,49,1,2,485,0.6643835616438356
531,817,31,191,6,2,19,0,2,121,4,5,16,129,3,57,8,3,597,0.7307221542227662
532,534,39,116,3,0,16,2,0,118,2,1,4,48,0,23,2,5,379,0.7097378277153558
533,633,18,126,10,1,7,0,3,88,9,2,8,68,4,42,3,8,397,0.627172195892575
534,555,19,126,3,1,20,0,1,50,0,2,12,95,4,42,7,5,387,0.6972972972972973
535,522,11,94,1,0,10,2,2,80,2,1,7,70,2,37,5,5,329,0.6302681992337165
536,687,29,92,12,1,31,2,0,156,2,4,15,99,2,44,4,3,496,0.7219796215429404
537,707,28,104,2,2,30,2,4,144,9,1,22,108,2,52,5,3,518,0.7326732673267327
538,586,13,86,2,1,14,2,3,118,5,1,11,84,0,52,1,3,396,0.6757679180887372
539,881,36,175,2,0,28,0,2,170,3,3,18,149,4,46,4,5,645,0.7321225879682179
540,675,16,126,7,1,4,1,0,93,1,3,13,106,4,45,3,12,435,0.6444444444444445
541,684,13,166,5,1,7,0,1,109,2,4,13,86,5,49,2,4,467,0.6827485380116959
542,661,19,100,5,2,10,1,2,123,9,7,14,113,2,56,7,4,474,0.7170953101361573
543,749,19,138,4,0,18,0,3,129,1,7,8,101,9,56,4,5,502,0.6702269692923899
544,686,35,104,3,0,29,1,5,180,4,2,13,50,2,44,4,7,483,0.7040816326530612
545,575,22,79,3,4,13,3,3,110,1,1,20,84,3,46,6,3,401,0.697391304347826
546,871,16,138,6,2,14,1,3,107,5,4,17,122,5,82,13,5,540,0.6199770378874856
547,792,45,162,6,4,22,2,3,154,5,10,16,86,1,46,4,4,570,0.7196969696969697
548,789,33,134,11,0,29,1,0,126,3,1,21,123,3,58,8,10,561,0.7110266159695817
549,666,9,110,5,0,17,1,1,110,1,3,15,76,0,56,3,5,412,0.6186186186186187
550,518,13,84,3,0,12,1,2,69,0,1,5,60,6,28,1,1,286,0.5521235521235521
551,557,11,75,6,1,15,1,2,64,2,5,10,69,5,46,4,5,321,0.5763016157989228
552,501,4,83,5,0,5,0,1,50,1,3,8,63,2,51,1,4,281,0.5608782435129741
553,501,7,73,12,1,9,0,1,48,2,2,7,57,0,47,3,6,275,0.5489021956087824
554,538,7,88,5,1,18,2,0,58,1,1,5,69,3,48,2,9,317,0.5892193308550185
555,582,10,101,4,0,8,2,0,74,1,0,8,66,0,53,1,4,332,0.570446735395189
556,581,17,122,7,1,11,0,0,72,0,1,13,86,1,39,2,2,374,0.6437177280550774
557,563,17,84,3,0,13,0,0,60,0,0,12,82,2,58,0,8,339,0.6021314387211367
558,538,11,86,9,1,8,1,1,59,2,2,7,91,4,32,2,4,320,0.5947955390334573
559,692,15,131,15,4,8,1,2,82,2,2,15,106,2,62,3,7,457,0.6604046242774566
560,668,30,122,9,0,21,3,2,115,4,0,20,105,2,32,5,0,470,0.7035928143712575
561,720,21,134,6,0,15,0,6,125,6,3,14,119,1,47,8,4,509,0.7069444444444445
562,602,18,112,9,0,14,1,0,74,1,4,11,93,0,40,5,2,384,0.6378737541528239
563,612,12,118,8,0,9,0,1,90,0,2,12,98,0,46,3,9,408,0.6666666666666666
564,545,19,64,1,3,9,0,0,69,0,2,11,83,3,42,1,4,311,0.5706422018348624
565,627,8,115,4,1,5,0,0,80,0,3,12,108,1,33,3,5,378,0.6028708133971292
566,585,11,91,2,2,5,1,0,67,0,4,8,105,1,48,6,5,356,0.6085470085470085
567,591,13,112,3,2,11,4,0,81,2,0,13,86,2,38,1,3,371,0.6277495769881557
568,582,8,105,6,1,9,0,0,52,1,0,7,98,1,53,3,5,349,0.5996563573883161
569,459,7,70,2,5,10,0,0,62,1,0,7,73,0,42,1,3,283,0.616557734204793
570,616,13,107,4,0,9,0,3,63,3,1,11,67,0,47,4,7,339,0.5503246753246753
571,600,11,106,4,2,10,3,1,79,5,3,12,94,0,40,3,5,378,0.63
572,1199,39,269,11,5,30,0,2,135,5,1,35,178,3,90,5,18,826,0.6889074228523769
573,1010,21,175,10,1,9,2,0,137,5,5,20,123,2,70,1,9,590,0.5841584158415841
574,611,10,120,1,1,15,2,0,64,5,1,11,52,1,54,7,5,349,0.5711947626841244
575,874,20,209,8,3,11,0,2,86,3,0,13,97,1,48,11,13,525,0.6006864988558352
576,650,10,109,7,0,15,1,2,72,0,4,13,98,3,57,0,11,402,0.6184615384615385
577,497,7,99,6,0,10,0,0,69,1,1,7,72,1,44,0,4,321,0.6458752515090543
578,830,22,150,6,1,12,3,0,94,5,4,9,124,1,79,4,3,517,0.6228915662650603
579,671,17,137,5,4,5,0,1,74,5,1,11,69,5,61,2,5,402,0.5991058122205664
580,628,8,83,1,0,7,0,1,52,1,0,2,85,3,61,1,4,309,0.49203821656050956
581,659,18,111,5,1,13,1,1,72,2,3,15,85,3,56,1,4,391,0.5933232169954477
582,711,15,99,1,1,15,0,4,119,5,2,14,92,5,79,3,7,461,0.6483825597749648
583,756,31,170,8,1,12,3,4,105,4,10,17,90,0,46,4,3,508,0.671957671957672
584,691,22,149,2,2,10,2,0,101,3,1,7,90,1,55,2,9,456,0.6599131693198264
585,510,8,53,1,2,5,0,1,38,0,1,7,57,5,58,9,2,247,0.4843137254901961
586,627,10,76,0,4,19,3,0,80,2,0,3,108,0,54,1,8,368,0.5869218500797448
587,614,14,122,3,0,19,3,2,63,2,0,11,85,4,60,5,0,393,0.6400651465798045
588,650,16,111,9,11,18,0,2,83,3,1,14,108,5,50,6,12,449,0.6907692307692308
589,754,24,163,2,0,24,1,1,115,1,2,21,94,1,47,6,4,506,0.6710875331564987
590,623,15,107,3,0,6,3,2,127,4,1,18,108,2,43,4,4,447,0.7174959871589085
591,709,20,118,11,0,7,2,1,133,7,1,14,119,1,54,8,3,499,0.7038081805359662
592,689,23,115,5,1,15,0,1,141,1,0,9,81,2,53,4,3,454,0.6589259796806967
593,684,14,131,1,3,21,0,2,114,12,4,19,94,0,45,17,4,481,0.7032163742690059
594,592,13,102,2,0,4,4,1,81,2,1,5,98,2,61,1,5,382,0.6452702702702703
595,700,22,106,4,2,22,0,3,122,4,1,20,134,0,49,6,2,497,0.71
596,734,22,120,6,0,17,2,2,129,7,3,24,106,1,74,7,6,526,0.7166212534059946
597,727,14,170,3,0,7,0,0,126,1,4,13,108,1,67,7,4,525,0.7221458046767538
598,624,15,99,5,2,15,0,2,82,0,0,21,116,1,58,3,5,424,0.6794871794871795
599,668,4,138,6,0,3,0,1,43,1,0,9,70,3,54,1,1,334,0.5
600,831,18,160,11,1,20,4,2,130,4,2,10,115,2,69,7,5,560,0.6738868832731648
601,694,21,94,4,1,17,0,0,102,3,1,11,102,0,59,3,8,426,0.6138328530259366
602,613,10,101,4,0,4,0,3,72,3,0,6,79,1,41,0,3,327,0.533442088091354
603,710,16,126,5,0,22,0,0,89,8,1,9,93,2,63,6,6,446,0.6281690140845071
604,501,18,98,2,1,15,0,2,69,1,2,13,72,3,34,4,1,335,0.6686626746506986
605,698,14,128,8,3,20,4,1,111,4,4,21,105,6,65,2,7,503,0.7206303724928367
606,868,21,123,2,2,13,6,1,154,6,5,22,156,3,53,5,3,575,0.6624423963133641
607,803,26,164,10,2,17,2,1,122,4,3,11,156,2,62,1,4,587,0.7310087173100872
608,792,20,182,1,1,11,7,1,111,0,0,14,116,5,76,5,1,551,0.6957070707070707
609,901,19,208,7,1,15,2,1,149,2,3,15,157,5,58,1,5,648,0.7192008879023307
610,785,23,185,3,2,14,2,2,111,5,0,11,109,2,61,3,4,537,0.6840764331210191
611,646,28,114,4,0,17,3,0,123,4,2,12,81,2,48,2,1,441,0.6826625386996904
612,799,26,156,5,0,6,0,4,128,3,1,12,107,1,52,5,8,514,0.6433041301627034
613,608,8,133,9,1,12,0,0,36,6,5,7,122,6,46,16,4,411,0.6759868421052632
614,609,8,119,3,0,6,1,1,43,0,2,2,70,3,67,1,2,328,0.5385878489326765
615,654,15,126,6,1,9,3,0,63,0,2,10,76,6,38,0,4,359,0.5489296636085627
616,648,9,115,1,1,6,1,2,55,2,2,13,78,0,52,3,4,344,0.5308641975308642
617,678,10,132,7,0,7,1,0,79,0,2,13,88,1,68,0,6,414,0.6106194690265486
618,741,30,156,4,3,17,1,0,85,6,1,21,120,4,52,11,12,523,0.7058029689608637
619,670,16,194,12,2,12,2,0,79,0,4,21,114,1,33,0,3,493,0.735820895522388
620,795,28,175,8,0,10,2,0,94,5,1,13,125,1,75,5,5,547,0.6880503144654088
621,684,24,98,3,1,9,3,0,114,0,1,11,83,1,46,2,10,406,0.5935672514619883
622,916,14,180,5,0,14,2,2,165,2,2,16,163,4,57,4,7,637,0.6954148471615721
623,984,10,200,11,2,10,1,0,92,2,2,14,152,2,99,4,8,609,0.6189024390243902
624,1022,19,218,10,2,28,4,4,164,4,2,30,158,2,78,12,5,740,0.7240704500978473
625,936,20,166,9,0,14,2,4,121,0,6,22,127,0,79,7,10,587,0.6271367521367521
626,794,24,156,2,3,19,2,1,97,2,0,20,135,80,4,7,2,554,0.6977329974811083
627,842,20,191,4,3,28,0,9,105,1,2,29,139,8,91,5,4,639,0.7589073634204275
628,903,30,144,10,1,30,1,3,175,5,3,21,110,2,74,1,3,613,0.6788482834994463
629,773,26,163,4,1,21,1,1,103,4,4,23,138,5,51,4,6,555,0.7179818887451488
630,698,13,135,9,0,11,0,3,96,6,0,10,95,10,42,11,6,447,0.6404011461318052
631,773,15,148,4,2,11,0,2,89,2,2,14,133,2,61,2,7,494,0.6390685640362225
632,826,29,161,9,1,22,4,2,144,5,6,19,122,1,53,13,12,603,0.7300242130750605
633,783,15,161,7,0,24,1,1,148,1,5,26,111,0,67,7,6,580,0.7407407407407407
634,789,19,139,7,2,16,4,3,103,3,0,10,103,0,80,10,7,506,0.641318124207858
635,726,37,73,4,1,69,1,2,151,9,4,20,77,9,60,6,11,534,0.7355371900826446
636,812,45,119,2,2,75,2,2,140,15,3,12,67,0,58,6,14,562,0.6921182266009852
637,672,45,66,4,1,67,1,4,194,8,2,15,58,1,41,3,11,521,0.7752976190476191
638,688,43,89,1,0,63,5,2,125,9,1,14,54,3,41,5,18,473,0.6875
639,630,27,70,7,1,48,3,3,102,5,2,10,74,0,33,4,21,410,0.6507936507936508
640,603,38,89,5,1,37,2,3,83,3,2,16,60,4,38,2,28,411,0.681592039800995
641,526,29,50,4,0,21,2,3,133,7,0,11,52,0,41,10,6,369,0.7015209125475285
642,681,35,76,4,0,56,2,3,116,7,0,10,66,7,48,1,20,451,0.6622613803230544
643,675,46,70,1,2,62,3,0,112,5,3,9,67,0,52,5,27,464,0.6874074074074074
644,637,33,79,0,0,47,2,7,105,5,1,20,62,2,63,6,16,448,0.7032967032967034
645,632,35,88,2,0,67,0,4,100,4,1,8,47,2,39,1,24,422,0.6677215189873418
646,710,30,79,2,0,68,2,3,149,11,2,17,58,3,51,5,22,502,0.7070422535211267
647,652,28,63,1,1,69,1,3,154,6,4,23,62,5,58,5,11,494,0.7576687116564417
648,799,35,106,7,4,70,4,6,163,9,3,17,80,3,63,9,14,593,0.7421777221526908
649,556,20,102,3,0,30,1,2,67,2,3,15,55,0,56,4,23,383,0.6888489208633094
650,671,23,104,8,1,20,0,0,92,7,2,13,69,1,60,5,24,429,0.639344262295082
651,679,43,61,2,1,53,0,1,94,3,2,8,61,2,40,4,31,406,0.5979381443298969
652,633,29,92,1,2,37,2,3,76,7,0,10,68,0,34,1,20,382,0.6034755134281201
653,291,3,15,0,0,2,10,1,129,2,11,3,13,4,12,1,0,206,0.7079037800687286
654,475,1,7,0,0,0,16,2,159,1,12,2,0,10,6,0,0,216,0.45473684210526316
655,379,6,95,2,2,5,1,3,40,1,0,8,58,0,25,2,7,255,0.6728232189973615
656,693,13,73,5,1,18,5,2,101,5,10,11,90,8,59,4,12,417,0.6017316017316018
657,626,22,78,3,3,30,5,2,128,3,9,9,62,3,44,2,9,412,0.65814696485623
658,557,10,75,5,0,21,1,3,68,1,7,9,44,1,41,2,16,304,0.5457809694793537
659,829,34,141,6,1,30,3,3,104,7,4,14,99,2,79,1,14,542,0.6537997587454765
660,920,20,168,3,0,40,2,1,146,14,3,29,122,1,71,22,11,653,0.7097826086956521
661,770,23,107,10,2,30,4,3,144,3,3,16,118,3,58,8,9,541,0.7025974025974026
662,651,32,71,11,1,58,0,4,114,9,2,15,58,0,51,3,19,448,0.6881720430107527
663,605,28,71,1,2,44,2,1,136,6,7,25,76,2,58,6,8,473,0.7818181818181819
664,700,31,116,4,0,47,0,3,128,14,2,18,60,2,55,6,11,497,0.71
665,701,33,90,5,1,53,1,1,156,7,2,15,68,2,58,6,10,508,0.724679029957204
666,718,33,101,2,1,44,0,2,99,17,8,22,62,3,31,9,1,435,0.6058495821727019
667,829,36,110,3,1,72,1,4,146,9,3,28,95,0,71,3,22,604,0.7285886610373945
668,653,28,129,2,2,31,1,2,91,2,0,18,66,0,42,2,17,433,0.663093415007657
669,780,34,141,6,1,57,0,2,152,11,1,10,86,1,63,4,11,580,0.7435897435897436
670,857,35,146,3,1,50,1,4,134,9,4,16,92,3,83,3,20,604,0.704784130688448
671,965,33,105,4,0,48,3,7,149,15,3,29,78,4,60,4,22,564,0.5844559585492228
672,777,40,131,3,0,43,3,1,125,4,2,10,75,1,60,6,28,532,0.6846846846846847
673,684,24,94,2,5,37,1,2,130,9,1,12,88,2,46,0,13,466,0.6812865497076024
674,654,30,104,3,1,22,2,0,132,7,1,12,81,2,47,3,15,462,0.7064220183486238
675,731,32,103,3,1,48,1,3,178,7,2,21,82,3,56,3,6,549,0.7510259917920656
676,968,42,124,5,2,42,4,6,176,6,2,24,146,5,85,2,7,678,0.7004132231404959
677,679,33,115,3,1,30,0,2,100,8,10,15,73,2,48,11,18,469,0.6907216494845361
678,901,51,161,9,0,39,4,6,174,6,1,15,105,0,49,4,19,643,0.7136514983351832
679,733,32,105,4,0,36,5,5,178,10,4,17,85,2,55,2,11,551,0.7517053206002728
680,724,36,122,4,1,32,0,1,113,6,0,20,100,0,62,7,9,513,0.7085635359116023
681,722,34,83,8,1,33,2,7,141,1,2,23,84,1,62,2,17,501,0.6939058171745153
682,747,44,117,1,1,42,4,2,144,5,2,20,94,1,56,5,12,550,0.7362784471218207
683,708,42,119,4,1,36,3,6,137,5,6,9,64,2,44,3,12,493,0.6963276836158192
684,757,44,94,2,1,44,3,2,158,7,2,8,83,5,52,5,4,514,0.678996036988111
685,773,34,127,1,1,23,1,3,139,6,1,23,104,4,60,4,11,542,0.7011642949547219
686,778,37,141,6,0,55,1,4,101,4,2,16,113,2,58,3,13,556,0.7146529562982005
687,924,71,113,4,3,73,3,3,130,12,3,28,97,3,57,8,18,626,0.6774891774891775
688,757,45,127,3,0,60,1,4,124,6,1,16,81,2,52,0,14,536,0.7080581241743725
689,735,36,110,6,1,50,1,4,105,8,0,11,60,0,46,3,17,458,0.6231292517006802
690,737,35,100,1,4,50,2,5,115,5,2,28,100,1,54,5,16,523,0.7096336499321574
691,728,22,144,2,2,25,0,1,87,6,18,13,95,6,35,4,9,469,0.6442307692307693
692,505,16,106,2,0,15,1,2,65,6,0,4,65,1,51,1,5,340,0.6732673267326733
693,674,16,110,8,1,10,1,3,96,1,3,21,93,1,54,6,9,433,0.642433234421365
694,723,19,97,6,1,9,0,2,64,2,0,20,82,1,82,4,6,395,0.5463347164591977
695,635,22,120,1,1,11,0,0,80,3,3,7,84,1,50,3,3,389,0.6125984251968504
696,680,22,81,2,1,25,2,0,93,3,5,6,83,2,47,2,22,396,0.5823529411764706
697,656,14,104,2,1,11,2,2,87,2,0,9,116,4,66,3,5,428,0.6524390243902439
698,785,28,102,8,1,31,2,1,86,1,2,15,117,1,52,2,21,470,0.5987261146496815
699,750,23,102,3,2,33,3,1,132,6,3,21,119,3,57,5,13,526,0.7013333333333334
700,656,30,97,6,0,21,1,1,96,4,1,12,3,92,53,2,3,422,0.6432926829268293
701,633,21,94,6,0,18,1,1,91,1,1,13,93,2,57,0,12,411,0.6492890995260664
702,977,18,175,0,4,27,3,3,140,3,3,27,123,2,82,4,5,619,0.6335721596724667
703,713,29,100,7,0,31,1,1,99,2,5,21,90,2,59,1,9,457,0.6409537166900421
704,610,22,94,4,1,28,1,2,111,4,1,9,82,0,29,2,15,405,0.6639344262295082
705,525,17,66,1,1,8,1,2,70,2,0,10,81,3,41,2,16,321,0.6114285714285714
706,452,13,71,3,2,13,0,0,58,4,1,8,50,2,40,0,5,270,0.5973451327433629
707,591,23,75,4,1,30,0,3,81,4,1,17,56,4,44,3,17,363,0.6142131979695431
708,479,3,42,6,0,3,0,0,8,0,0,8,19,1,18,0,3,111,0.23173277661795408
709,527,26,67,1,1,35,3,5,112,5,1,13,46,3,43,5,10,376,0.713472485768501
710,548,22,57,0,0,51,1,4,134,6,0,21,55,0,42,4,7,404,0.7372262773722628
711,568,39,72,2,1,44,2,2,118,1,11,18,65,1,45,3,7,431,0.7588028169014085
712,499,25,70,3,1,31,0,5,82,4,3,17,73,1,50,2,2,369,0.7394789579158316
713,768,25,107,2,0,49,1,4,161,3,0,27,114,3,55,8,12,571,0.7434895833333334
714,1064,43,157,11,1,66,6,9,183,10,5,36,130,3,80,3,10,753,0.7077067669172933
715,556,17,60,4,0,38,2,6,100,4,2,18,85,2,55,4,4,401,0.7212230215827338
716,432,18,48,1,1,41,4,3,113,7,2,17,47,2,33,8,8,353,0.8171296296296297
717,464,21,38,1,0,55,2,0,102,5,1,30,33,5,60,6,2,361,0.7780172413793104
718,399,10,30,1,1,29,1,0,95,5,1,19,45,3,44,6,3,293,0.7343358395989975
719,530,18,43,1,1,46,3,2,105,7,11,23,46,3,81,4,1,395,0.7452830188679245
720,576,28,70,8,0,43,1,4,127,7,0,14,80,1,45,6,6,440,0.7638888888888888
721,243,17,26,2,0,23,0,4,40,4,0,4,38,1,29,4,3,195,0.8024691358024691
722,749,21,71,4,2,99,1,5,165,8,2,45,62,6,67,8,6,572,0.7636849132176236
723,531,14,51,4,0,48,3,1,115,2,0,37,49,6,66,5,4,405,0.7627118644067796
724,666,44,65,6,1,55,1,5,120,10,2,14,59,1,59,3,23,468,0.7027027027027027
725,633,43,74,2,1,48,1,3,70,9,3,12,39,5,41,1,17,369,0.5829383886255924
726,579,41,59,3,2,55,1,5,110,6,1,11,26,0,33,2,18,373,0.6442141623488774
727,607,44,49,0,2,66,2,7,128,9,1,13,38,2,36,2,18,417,0.6869851729818781
728,555,39,66,2,1,42,2,4,99,6,1,3,40,4,32,3,26,370,0.6666666666666666
729,699,42,87,5,2,64,2,6,121,12,2,11,56,2,46,1,21,480,0.6866952789699571
730,789,38,94,0,0,72,0,7,138,11,3,8,66,4,64,4,28,537,0.6806083650190115
731,677,48,78,0,4,50,3,1,125,10,4,25,43,1,68,1,13,474,0.7001477104874446
732,796,50,77,1,0,75,3,10,159,6,5,27,68,2,71,5,29,588,0.7386934673366834
733,754,40,65,8,1,70,3,9,161,15,5,22,69,3,83,6,13,573,0.7599469496021221
734,714,33,58,4,2,83,4,3,127,10,2,19,62,2,82,13,12,516,0.7226890756302521
735,767,23,57,3,0,100,2,1,177,19,1,27,58,3,94,6,6,577,0.7522816166883963
736,922,29,49,1,0,85,6,9,159,10,5,43,82,5,119,13,11,626,0.6789587852494577
737,652,31,57,3,2,83,1,2,143,6,2,25,44,5,70,1,12,487,0.7469325153374233
738,719,35,45,2,0,86,5,6,185,6,21,21,50,5,73,4,6,550,0.7649513212795549
739,738,23,63,5,0,59,4,5,179,9,0,24,66,2,92,10,9,550,0.7452574525745257
740,654,32,59,1,0,66,11,4,153,8,3,20,50,0,67,3,11,488,0.746177370030581
741,179,3,5,0,0,1,1,0,23,1,5,2,9,2,5,0,0,57,0.31843575418994413
742,1148,66,250,14,0,55,2,1,219,8,5,24,120,4,46,4,12,830,0.7229965156794426
743,809,38,44,3,3,87,5,12,184,25,4,29,81,13,110,21,4,663,0.8195302843016069
744,797,7,54,4,0,67,2,4,205,15,12,35,75,10,123,7,3,623,0.7816813048933501
745,556,28,42,2,0,40,3,6,135,3,7,8,38,4,46,4,2,368,0.6618705035971223
746,687,51,87,13,6,65,3,4,142,4,6,21,54,4,34,4,21,519,0.7554585152838428
747,908,47,80,3,2,79,6,6,194,14,4,20,68,3,70,5,12,613,0.6751101321585903
748,721,54,119,1,3,60,0,4,132,5,1,21,59,6,41,6,27,539,0.7475728155339806
749,706,40,70,1,1,55,2,1,147,11,1,14,72,1,66,5,10,497,0.7039660056657224
750,681,33,94,2,3,63,4,3,154,13,4,16,48,3,46,3,20,509,0.7474302496328928
751,800,34,111,4,2,75,2,3,142,10,0,19,68,6,61,4,12,553,0.69125
752,750,37,70,9,0,85,2,2,177,10,3,16,83,0,74,2,25,595,0.7933333333333333
753,619,26,58,3,1,47,2,4,137,10,2,18,42,1,68,3,17,439,0.7092084006462036
754,755,39,72,6,2,62,2,6,146,8,2,35,66,1,60,3,18,528,0.6993377483443709
755,726,56,107,8,0,55,2,9,154,12,3,20,55,4,38,4,8,535,0.7369146005509641
756,774,41,84,5,2,50,2,2,173,11,5,14,86,7,61,10,13,566,0.7312661498708011
757,675,38,86,5,0,67,3,3,115,5,2,21,65,0,59,5,15,489,0.7244444444444444
758,608,23,80,4,3,49,4,1,117,8,2,20,46,1,40,2,17,417,0.6858552631578947
759,665,33,81,3,1,59,2,5,116,7,3,11,57,1,62,4,14,459,0.6902255639097744
760,867,30,58,6,1,104,2,5,207,16,5,35,68,6,101,8,8,660,0.7612456747404844
761,923,29,112,8,3,56,5,5,230,13,1,31,129,3,64,11,5,705,0.7638136511375948
762,1039,36,114,6,0,92,3,8,249,10,4,21,106,6,105,6,13,779,0.7497593840230992
763,550,22,65,1,1,40,1,1,103,7,2,12,42,2,29,5,15,348,0.6327272727272727
764,852,34,102,5,3,61,3,4,173,7,4,21,94,3,68,4,11,597,0.7007042253521126
765,768,33,105,1,3,75,0,6,133,10,1,17,88,3,55,3,18,551,0.7174479166666666
766,829,22,78,5,0,79,2,3,183,21,1,19,70,4,84,6,10,587,0.7080820265379976
767,604,24,93,5,3,30,3,2,107,7,1,16,74,0,42,3,5,415,0.6870860927152318
768,671,20,80,3,1,61,7,4,114,5,0,13,60,4,79,3,6,460,0.6855439642324889
769,600,30,115,8,1,33,3,0,121,5,2,15,49,1,49,4,6,442,0.7366666666666667
770,758,38,63,4,1,60,1,4,186,13,0,37,65,2,88,6,3,571,0.7532981530343008
771,792,25,78,3,0,52,4,8,178,8,2,28,82,0,84,13,5,570,0.7196969696969697
772,834,38,82,6,2,53,6,3,171,8,1,29,90,8,72,8,11,588,0.7050359712230215
773,601,24,76,8,1,43,1,2,118,9,2,17,66,0,60,7,9,443,0.7371048252911814
774,905,22,71,3,0,98,6,3,169,12,0,31,81,5,108,14,9,632,0.6983425414364641
775,524,19,47,4,0,54,3,1,119,8,1,27,58,3,71,3,4,422,0.8053435114503816
776,329,7,9,1,0,35,2,0,88,7,2,19,33,4,48,4,2,261,0.7933130699088146
777,265,5,15,2,1,19,2,0,73,2,8,9,24,1,34,3,4,202,0.7622641509433963
778,537,11,23,4,1,26,3,4,75,3,6,18,20,7,84,5,0,290,0.5400372439478585
779,602,7,31,3,0,50,4,0,96,9,6,31,60,1,143,7,1,449,0.7458471760797342
780,689,20,43,3,0,73,4,3,133,12,1,37,78,8,96,10,4,525,0.7619738751814223
781,523,13,40,3,1,49,1,2,128,8,9,30,48,6,75,10,6,429,0.8202676864244742
782,497,11,35,3,0,60,4,1,110,12,5,27,35,2,72,10,1,388,0.7806841046277666
783,255,4,12,3,0,21,4,1,68,6,1,11,33,0,33,4,1,202,0.792156862745098
784,672,32,65,5,1,65,5,4,145,9,7,16,71,3,51,4,9,492,0.7321428571428571
785,685,23,48,6,1,87,4,5,147,13,3,26,68,2,85,7,4,529,0.7722627737226277
786,543,17,80,2,1,61,2,8,109,7,2,21,49,4,57,10,5,435,0.8011049723756906
787,722,37,157,4,1,27,1,5,140,11,2,20,66,5,47,5,5,533,0.7382271468144044
788,645,22,117,6,0,19,1,0,91,4,0,15,82,2,66,5,5,435,0.6744186046511628
789,684,21,112,1,3,23,1,0,157,7,6,16,67,3,44,3,1,465,0.6798245614035088
790,745,20,120,2,0,20,5,2,149,4,2,26,89,2,74,6,1,522,0.7006711409395974
791,731,17,125,11,0,17,1,0,114,5,1,25,117,2,54,2,8,499,0.6826265389876881
792,722,31,135,6,1,22,2,4,112,3,2,21,73,1,63,2,3,481,0.6662049861495845
793,619,24,112,6,5,27,2,2,95,5,2,17,62,4,43,5,1,412,0.6655896607431341
794,637,14,131,7,2,15,1,4,113,3,4,13,71,4,43,4,3,432,0.6781789638932496
795,616,27,118,4,0,25,2,2,87,5,2,18,62,4,53,2,4,415,0.6737012987012987
796,670,29,111,6,0,18,2,2,108,5,4,9,77,5,49,3,5,433,0.6462686567164179
797,717,29,151,6,0,27,1,3,101,3,0,16,83,1,49,5,5,480,0.6694560669456067
798,672,24,106,4,1,9,1,1,94,2,0,3,77,2,53,4,3,384,0.5714285714285714
799,619,19,101,8,1,25,3,5,132,1,1,19,73,1,54,3,5,451,0.72859450726979
800,617,27,140,6,1,17,1,0,104,4,1,14,77,0,30,2,9,433,0.7017828200972447
801,653,24,81,3,0,30,2,8,107,6,4,23,80,3,36,5,8,420,0.6431852986217458
802,563,22,92,2,1,23,4,2,114,10,0,8,61,2,45,4,7,397,0.7051509769094139
803,759,19,165,11,0,20,2,0,111,5,2,27,89,1,51,0,5,508,0.6693017127799736
804,662,17,129,9,1,21,0,2,134,7,2,24,98,2,55,7,6,514,0.7764350453172205
805,802,33,122,10,1,39,5,3,173,7,6,36,80,2,76,10,13,616,0.7680798004987531
806,628,22,135,4,1,16,1,2,111,8,2,14,62,4,37,1,9,429,0.6831210191082803
807,755,22,112,5,0,15,1,0,86,3,1,12,65,1,68,6,2,399,0.528476821192053
808,853,24,196,5,1,25,1,5,170,8,11,30,93,3,36,9,4,621,0.7280187573270809
809,618,24,94,2,4,21,2,2,116,5,3,20,63,4,57,3,7,427,0.6909385113268608
810,654,22,109,7,2,16,2,4,105,1,2,14,73,3,41,2,15,418,0.6391437308868502
811,706,19,69,8,0,58,2,5,172,9,3,32,74,2,72,9,8,542,0.7677053824362606
812,664,30,115,14,0,18,0,2,114,5,4,16,74,4,55,2,3,456,0.6867469879518072
813,605,20,86,4,0,24,2,0,123,6,3,20,56,2,66,5,9,426,0.7041322314049587
814,637,37,129,4,0,36,0,0,92,3,3,8,67,0,54,3,7,443,0.695447409733124
815,791,32,97,9,2,55,2,5,166,11,2,33,92,3,58,8,9,584,0.7383059418457648
816,513,16,98,5,0,9,1,0,70,0,2,9,43,0,27,2,12,294,0.5730994152046783
817,532,11,76,1,1,25,0,1,93,4,3,11,59,1,46,6,4,342,0.6428571428571429
818,661,17,114,1,0,24,1,4,141,4,5,11,71,2,52,5,7,459,0.6944024205748865
819,653,26,105,5,1,15,0,0,89,4,3,8,76,1,54,1,9,397,0.6079632465543645
820,657,40,113,0,7,21,4,6,110,6,3,7,55,1,39,4,8,424,0.6453576864535768
821,698,20,126,2,2,37,2,3,137,6,5,17,76,1,35,7,10,486,0.6962750716332379
822,597,29,112,5,3,17,1,0,89,3,1,10,62,3,55,2,6,398,0.6666666666666666
823,649,25,110,6,1,23,2,2,107,6,8,7,69,0,51,2,8,427,0.6579352850539292
824,687,17,101,2,1,29,1,5,109,7,6,11,92,1,55,11,12,460,0.6695778748180495
825,677,38,99,5,2,28,1,3,125,8,4,17,73,1,47,1,10,462,0.6824224519940916
826,656,19,103,5,3,28,4,3,127,9,6,22,60,2,53,2,4,450,0.6859756097560976
827,580,22,163,1,0,18,3,0,93,7,1,9,46,0,47,2,9,421,0.7258620689655172
828,659,33,73,4,1,48,3,3,175,3,8,20,72,5,51,6,3,508,0.7708649468892261
829,632,11,116,3,0,13,3,0,100,4,0,7,94,3,53,4,9,420,0.6645569620253164
830,758,34,143,6,1,32,2,3,164,4,2,23,70,8,46,6,9,553,0.7295514511873351
831,676,20,133,5,3,14,2,2,125,2,1,10,66,2,44,3,1,433,0.6405325443786982
832,557,25,89,2,2,25,1,1,110,3,0,15,54,1,46,2,8,384,0.6894075403949731
833,612,13,126,2,1,11,2,1,88,2,8,10,74,6,52,4,6,406,0.6633986928104575
834,749,29,180,8,2,16,0,2,112,8,0,20,82,0,43,4,7,513,0.684913217623498
835,769,30,145,6,2,19,0,2,123,4,4,20,95,2,56,1,8,517,0.6723016905071522
836,613,26,114,3,1,14,0,1,86,1,5,4,90,3,42,2,6,398,0.6492659053833605
837,678,18,116,6,3,21,4,1,139,6,3,18,85,3,40,4,3,470,0.6932153392330384
838,607,15,114,2,3,20,3,1,121,5,0,16,70,1,41,5,4,421,0.6935749588138386
839,584,17,138,2,1,17,3,3,97,3,4,6,81,1,39,2,2,416,0.7123287671232876
840,591,23,123,5,0,10,2,3,80,3,1,15,70,1,36,3,2,377,0.637901861252115
841,954,47,172,4,1,45,8,4,198,11,7,23,112,1,60,5,4,702,0.7358490566037735
842,878,31,188,3,2,38,1,1,172,5,2,27,90,1,51,4,13,629,0.7164009111617312
843,721,25,148,3,1,12,0,0,115,0,5,18,113,0,26,3,4,473,0.6560332871012483
844,734,25,115,4,2,17,6,3,124,4,1,11,84,0,64,5,8,473,0.6444141689373297
845,949,26,178,2,3,39,4,4,180,11,0,21,123,5,91,6,2,695,0.7323498419388831
846,657,18,138,2,2,19,3,0,123,2,2,7,80,2,44,3,11,456,0.6940639269406392
847,695,24,141,4,3,23,1,1,113,2,1,17,104,0,38,5,3,480,0.6906474820143885
848,697,19,105,6,0,22,2,0,183,1,2,9,91,3,48,2,6,499,0.7159253945480631
849,619,17,119,5,2,25,0,1,112,5,1,13,73,1,53,2,5,434,0.7011308562197092
850,709,17,118,1,4,26,2,2,142,3,0,16,102,2,65,4,10,514,0.7249647390691114
851,719,28,125,3,0,26,1,1,149,7,2,26,80,4,68,4,4,528,0.7343532684283728
852,708,35,174,6,1,28,2,1,159,4,1,13,74,1,37,5,6,547,0.7725988700564972
853,708,20,133,2,1,22,0,2,137,2,5,14,96,1,44,4,2,485,0.6850282485875706
854,704,19,142,7,0,18,4,1,138,5,6,21,88,3,47,3,3,505,0.7173295454545454
855,636,29,119,1,0,21,4,2,158,7,2,19,70,1,40,4,6,483,0.7594339622641509
856,836,32,136,6,1,24,0,4,190,9,2,21,112,2,64,7,8,618,0.7392344497607656
857,691,21,175,2,0,23,1,1,125,2,1,22,72,1,54,2,2,504,0.7293777134587555
858,771,40,135,7,1,30,7,3,170,10,0,16,93,6,60,2,9,589,0.7639429312581063
859,710,24,137,8,2,26,1,2,156,3,5,18,80,4,64,3,5,538,0.7577464788732394
860,791,18,150,3,0,33,0,4,186,10,1,27,93,1,54,2,3,585,0.7395701643489254
861,743,12,166,7,1,18,3,1,147,10,5,25,94,6,55,1,3,554,0.7456258411843876
862,707,44,102,7,4,32,3,4,154,8,4,21,88,2,58,2,9,542,0.7666195190947667
863,725,36,125,7,1,15,4,1,149,2,0,15,63,2,47,6,10,483,0.6662068965517242
864,692,20,143,4,1,24,1,3,138,3,2,29,75,3,43,1,3,493,0.7124277456647399
865,910,39,166,10,0,33,3,0,183,6,2,29,115,3,67,3,5,664,0.7296703296703296
866,668,40,155,2,1,21,1,1,133,17,3,9,74,1,31,7,5,501,0.75
867,609,21,114,4,1,19,1,6,96,2,4,7,74,2,49,0,3,403,0.6617405582922824
868,569,16,123,2,3,6,1,1,81,0,2,12,72,2,36,2,4,363,0.6379613356766256
869,600,16,147,2,1,15,1,1,76,7,5,7,69,0,42,5,2,396,0.66
870,642,11,109,6,2,7,0,1,66,1,3,7,67,1,37,0,9,327,0.5093457943925234
871,704,13,166,1,0,15,0,1,91,3,0,9,87,1,45,5,3,440,0.625
872,736,28,202,2,2,18,0,0,117,5,1,19,92,3,36,7,2,534,0.7255434782608695
873,634,12,158,5,1,19,2,4,85,1,3,14,67,3,40,1,2,417,0.6577287066246057
874,627,8,111,5,3,14,1,0,92,3,3,16,70,3,44,1,3,377,0.6012759170653907
875,655,11,98,2,0,12,1,0,75,2,0,14,57,0,63,1,3,339,0.517557251908397
876,944,21,218,6,3,32,4,2,201,6,5,24,109,3,69,3,1,707,0.7489406779661016
877,649,20,144,3,1,8,2,3,128,5,4,17,78,1,52,7,9,482,0.7426810477657936
878,697,25,139,3,0,23,0,1,124,1,4,16,94,4,53,3,4,494,0.7087517934002869
879,876,24,236,12,0,19,3,4,144,4,3,15,85,2,69,1,6,627,0.7157534246575342
880,932,32,236,9,1,16,1,1,142,4,4,24,99,2,51,0,4,626,0.6716738197424893
881,690,16,181,8,1,18,0,3,72,1,2,13,77,1,41,3,3,440,0.6376811594202898
882,546,9,127,4,2,12,5,0,79,2,1,10,61,0,34,0,5,351,0.6428571428571429
883,681,20,123,1,1,30,1,1,80,3,4,17,61,2,51,1,5,401,0.5888399412628488
884,664,20,166,6,1,19,4,1,125,4,5,10,70,1,39,1,2,474,0.713855421686747
885,695,20,153,3,0,15,2,0,105,3,3,17,86,4,61,2,5,479,0.6892086330935252
886,644,12,142,3,0,9,1,0,77,1,1,9,59,4,50,1,9,378,0.5869565217391305
887,552,7,113,3,1,7,2,1,63,1,4,13,59,4,49,1,2,330,0.5978260869565217
888,722,27,144,1,1,20,0,0,179,8,2,17,81,3,44,2,3,532,0.7368421052631579
889,746,33,163,4,0,15,0,0,138,5,3,16,63,6,58,0,7,511,0.6849865951742627
890,646,13,127,9,1,13,0,1,98,1,0,11,74,3,41,1,2,395,0.6114551083591331
891,729,25,178,6,1,15,1,2,123,3,3,14,95,1,56,3,17,543,0.7448559670781894
892,728,20,130,6,0,12,0,2,131,4,3,18,87,1,65,7,12,498,0.6840659340659341
893,724,36,167,7,0,16,1,0,92,1,2,15,83,0,50,7,6,483,0.6671270718232044
894,689,28,146,3,1,12,2,0,120,1,3,24,64,1,42,3,4,454,0.6589259796806967
895,857,38,140,3,1,32,3,5,167,9,4,23,110,5,48,7,13,608,0.7094515752625438
896,897,46,183,4,3,23,2,2,147,8,2,14,109,1,67,1,7,619,0.6900780379041248
897,691,16,140,5,0,13,0,1,90,4,3,7,85,1,45,4,6,420,0.6078147612156295
898,582,19,155,3,0,5,1,1,71,4,3,13,54,2,28,4,5,368,0.6323024054982818
899,637,18,164,3,1,13,2,0,76,2,1,13,63,2,49,2,2,411,0.6452119309262166
900,726,21,155,4,2,14,2,1,101,1,8,12,80,2,49,3,7,462,0.6363636363636364
901,617,22,160,2,1,8,1,0,86,1,5,12,60,2,40,0,4,404,0.6547811993517018
902,617,19,168,3,2,12,1,3,73,2,2,9,76,5,37,1,4,417,0.6758508914100486
903,615,10,174,5,0,10,0,2,84,4,3,12,59,0,41,1,8,413,0.6715447154471544
904,708,19,144,4,3,18,1,2,134,3,4,12,70,0,52,2,8,476,0.672316384180791
905,638,19,172,6,2,11,1,1,96,1,2,5,65,3,47,3,4,438,0.6865203761755486
906,625,16,97,8,0,13,1,0,82,2,3,8,78,3,45,4,5,365,0.584
907,788,47,167,7,1,25,5,3,164,10,7,20,108,3,64,2,3,636,0.8071065989847716
908,0,2,12,0,0,2,0,0,13,0,0,3,5,0,10,4,0,51,inf
909,0,6,12,2,0,4,0,0,26,0,0,2,19,0,18,0,1,90,inf
910,541,28,120,6,0,20,1,5,111,5,4,13,62,4,29,4,4,416,0.7689463955637708
911,0,2,7,1,0,2,1,0,24,1,0,2,14,0,11,2,0,67,inf
912,0,4,32,1,0,4,1,0,35,0,0,4,21,0,28,0,1,131,inf
913,915,41,133,5,1,47,4,4,211,4,3,23,119,4,71,7,6,683,0.746448087431694
914,629,40,81,4,0,41,1,1,122,4,1,33,1,65,63,5,9,471,0.7488076311605724
915,752,19,220,4,0,11,1,3,88,1,7,12,125,2,51,6,2,552,0.7340425531914894
916,0,2,17,0,0,5,2,0,25,1,0,1,7,1,14,0,2,77,inf
917,0,3,20,0,0,1,0,0,25,0,1,3,17,2,11,1,1,85,inf
918,0,9,17,0,1,2,0,0,18,1,1,2,17,1,12,0,0,81,inf
919,0,6,17,1,0,6,0,0,16,0,0,1,17,0,4,1,0,69,inf
