SEZIONE,TOTALE_ISCRITTI,1 - PARTITO LIBERALE ITALIANO,2 - PER IL BENE COMUNE,"3 - LEGA NORD,BOSSI","4 - IL POPOLO DELLE LIBERTÁ,BER","5 - UNIONE DI CENTRO,CASINI PRE",6 - UNIONE DEMOCRATICA PER I CONS,"7 - PARTITO DEMOCRATICO,VELTRON","8 - ITALIA DEI VALORI,DI PIETRO","9 - PARTITO SOCIALISTA,BOSELLI",10 - LA DESTRA FIAMMA TRICOLORE -,"11 - P.P.A.,LIBERTÁ E PARTECIPAZ",12 - PARTITO COMUNISTA DEI LAVORAT,"13 - SINISTRA CRITICA,ECOLOGISTA",14 - LA SINISTRA L'ARCOBALENO,15 - PER LA MORATORIA CON GIULIANO,TOTALE,AFFLUENZA
1,973,6,4,42,198,22,0,336,46,7,25,0,4,4,54,3,751,0.7718396711202467
2,600,4,1,27,157,15,0,169,25,4,22,0,3,5,22,1,455,0.7583333333333333
3,849,2,0,24,254,19,3,271,47,1,46,0,6,5,36,2,716,0.8433451118963486
4,972,7,9,53,325,35,1,247,47,5,16,0,2,3,25,4,779,0.801440329218107
5,844,3,6,28,178,23,1,233,34,6,17,0,1,5,59,2,596,0.7061611374407583
6,615,1,1,36,203,30,1,170,26,5,26,0,0,3,18,6,526,0.8552845528455284
7,813,6,2,41,172,65,1,236,35,10,18,1,5,7,38,4,641,0.7884378843788438
8,185,1,0,8,50,8,0,33,4,1,2,0,0,0,12,2,121,0.654054054054054
9,942,2,2,59,325,38,3,243,33,5,25,0,1,7,28,6,777,0.8248407643312102
10,901,1,2,55,233,28,1,305,43,6,13,0,5,1,24,7,724,0.8035516093229744
11,682,2,2,34,173,20,1,189,27,9,18,0,0,3,24,2,504,0.7390029325513197
12,896,3,5,36,278,28,0,196,35,4,18,0,2,5,19,6,635,0.7087053571428571
13,736,4,2,57,252,21,1,166,22,10,23,0,2,0,10,5,575,0.78125
14,862,5,1,50,290,32,1,221,30,7,20,1,2,3,13,7,683,0.7923433874709976
15,733,2,2,48,185,17,2,203,37,6,20,0,0,1,27,1,551,0.7517053206002728
16,870,4,1,51,281,24,2,207,33,4,21,0,2,4,27,0,661,0.7597701149425288
17,780,3,1,34,174,21,2,210,34,4,14,0,4,4,20,1,526,0.6743589743589744
18,804,3,0,31,222,36,0,261,36,8,16,0,2,3,17,4,639,0.7947761194029851
19,640,0,1,29,181,23,1,111,25,7,9,1,5,4,22,4,423,0.6609375
20,838,2,1,42,188,18,2,240,35,5,26,0,1,6,67,4,637,0.7601431980906921
21,651,2,5,18,173,21,1,185,38,1,31,0,2,2,28,4,511,0.7849462365591398
22,811,4,7,58,225,30,1,220,42,9,20,0,2,3,31,3,655,0.8076448828606658
23,765,1,3,44,194,27,1,214,43,3,24,0,9,5,33,1,602,0.7869281045751634
24,739,4,2,38,219,34,2,213,26,5,23,0,0,1,18,2,587,0.7943166441136671
25,897,1,3,31,181,21,0,303,50,7,16,2,4,13,37,1,670,0.7469342251950948
26,688,3,2,28,139,20,1,237,21,9,8,0,3,0,39,3,513,0.7456395348837209
27,753,0,4,41,186,13,2,234,35,5,12,1,0,4,33,3,573,0.7609561752988048
28,831,3,2,27,189,31,0,250,45,3,22,0,3,12,56,3,646,0.7773766546329723
29,769,2,0,31,214,27,1,256,32,3,17,0,4,2,21,5,615,0.7997399219765929
30,733,6,1,50,191,20,2,231,45,3,14,0,1,2,23,8,597,0.8144611186903138
31,744,2,3,37,177,25,2,250,18,6,19,1,5,7,25,2,579,0.7782258064516129
32,774,4,5,33,168,32,3,256,39,3,14,0,3,7,29,3,599,0.7739018087855297
33,748,1,2,25,146,28,0,258,32,7,13,0,6,3,36,2,559,0.7473262032085561
34,815,2,4,37,231,18,0,230,44,9,22,0,3,1,28,1,630,0.7730061349693251
35,317,0,1,23,146,10,0,54,9,0,15,0,0,1,12,5,276,0.8706624605678234
36,851,1,1,38,280,34,1,231,39,1,28,0,1,3,18,17,693,0.8143360752056404
37,744,1,3,50,259,31,0,187,28,2,26,0,0,3,19,4,613,0.8239247311827957
38,780,2,0,40,288,32,1,197,41,7,27,0,1,0,18,2,656,0.841025641025641
39,751,0,0,56,244,22,4,223,37,3,14,0,1,1,13,7,625,0.8322237017310253
40,626,2,4,28,187,31,1,164,34,4,12,0,2,0,18,4,491,0.7843450479233227
41,691,4,3,27,175,18,3,180,30,2,20,0,0,7,30,4,503,0.7279305354558611
42,661,2,2,31,198,23,1,183,27,1,12,0,1,1,25,6,513,0.7760968229954615
43,762,5,1,22,205,24,0,250,37,2,20,0,2,7,24,4,603,0.7913385826771654
44,859,2,2,44,246,21,0,261,30,4,22,0,1,6,26,6,671,0.7811408614668219
45,670,5,1,28,168,17,3,231,35,2,18,0,1,4,20,2,535,0.7985074626865671
46,700,0,3,21,194,25,0,202,43,8,12,0,0,2,21,5,536,0.7657142857142857
47,763,1,4,39,190,18,2,239,46,8,22,0,3,1,35,3,611,0.8007863695937091
48,712,3,2,43,223,26,3,197,29,2,20,1,0,0,12,3,564,0.7921348314606742
49,816,4,0,48,291,33,1,233,31,8,20,0,1,3,11,8,692,0.8480392156862745
50,767,4,3,43,329,39,0,172,17,6,19,0,0,1,6,8,647,0.8435462842242504
51,821,3,0,66,382,24,0,141,19,4,23,0,2,2,3,17,686,0.8355663824604141
52,849,9,1,59,375,25,0,198,28,4,14,0,1,2,18,2,736,0.866902237926973
53,767,0,0,67,253,36,1,195,31,3,23,0,2,2,20,3,636,0.8292046936114733
54,834,3,3,50,229,38,1,229,45,11,15,0,0,1,24,6,655,0.7853717026378897
55,889,2,4,48,204,33,0,271,37,3,18,0,1,1,27,2,651,0.7322834645669292
56,674,1,4,61,208,21,0,170,30,0,15,0,1,0,22,1,534,0.7922848664688428
57,770,4,6,47,225,31,2,184,32,4,24,1,2,0,23,6,591,0.7675324675324675
58,788,1,1,43,224,36,3,231,36,3,24,0,2,3,27,1,635,0.8058375634517766
59,813,2,0,37,224,35,1,247,32,3,24,0,4,2,34,3,648,0.7970479704797048
60,898,3,4,68,242,35,0,278,31,11,37,0,1,2,29,4,745,0.8296213808463252
61,694,2,3,52,152,32,0,190,40,6,12,0,1,3,32,3,528,0.760806916426513
62,773,3,2,50,231,18,2,224,44,3,24,0,2,2,19,2,626,0.8098318240620958
63,755,2,5,38,246,41,1,204,31,5,18,0,4,2,21,3,621,0.8225165562913908
64,771,6,2,38,206,35,1,221,36,8,26,0,3,4,25,3,614,0.7963683527885862
65,868,4,2,67,313,40,0,215,27,5,28,0,3,0,12,6,722,0.8317972350230415
66,796,3,4,45,199,23,0,260,43,1,23,0,1,2,31,3,638,0.8015075376884422
67,758,3,1,37,193,34,1,203,42,8,21,1,1,1,21,3,570,0.7519788918205804
68,680,3,3,43,262,24,0,174,22,5,18,0,2,0,14,5,575,0.8455882352941176
69,724,4,0,35,303,25,1,168,19,4,18,0,0,0,12,6,595,0.8218232044198895
70,747,3,4,55,257,35,0,170,23,7,19,0,0,5,17,6,601,0.8045515394912985
71,722,2,2,53,217,28,0,201,36,1,13,1,0,0,22,3,579,0.8019390581717452
72,759,1,2,43,189,33,0,201,43,4,23,0,0,1,26,8,574,0.7562582345191041
73,642,2,1,32,198,23,1,213,30,4,14,0,1,5,23,3,550,0.8566978193146417
74,716,3,1,52,253,33,2,162,20,5,24,1,1,2,13,2,574,0.8016759776536313
75,432,3,1,24,152,7,1,98,18,3,8,0,2,1,6,1,325,0.7523148148148148
76,728,3,2,40,198,21,3,164,29,2,19,0,6,1,13,1,502,0.6895604395604396
77,715,3,4,32,170,22,0,191,30,3,12,0,3,2,22,1,495,0.6923076923076923
78,744,3,2,36,163,20,0,154,38,0,10,1,2,2,29,2,462,0.6209677419354839
79,740,5,2,45,185,29,0,253,28,6,11,1,1,2,14,4,586,0.7918918918918919
80,637,3,2,37,234,17,0,148,36,1,14,0,0,1,19,2,514,0.8069073783359497
81,667,2,5,29,211,31,3,159,22,3,14,1,3,0,19,2,504,0.7556221889055472
82,1440,2,1,14,141,4,1,81,9,4,16,2,4,1,10,2,292,0.20277777777777778
83,715,2,2,58,160,20,1,271,45,5,14,0,3,0,16,1,598,0.8363636363636363
84,603,3,1,34,175,12,3,162,31,2,16,0,0,3,18,1,461,0.7645107794361525
85,701,2,1,37,150,36,0,198,30,5,14,0,2,3,23,4,505,0.7203994293865906
86,728,0,4,39,199,26,0,223,35,4,24,0,2,4,19,0,579,0.7953296703296703
87,700,2,4,41,145,28,0,224,27,3,15,1,3,4,11,1,509,0.7271428571428571
88,924,4,5,44,233,27,2,252,39,6,29,0,6,3,24,3,677,0.7326839826839827
89,803,3,1,39,188,35,2,226,49,6,25,1,4,4,36,0,619,0.7708592777085927
90,695,2,1,22,138,22,2,227,34,5,12,1,6,2,21,0,495,0.7122302158273381
91,655,0,2,20,163,38,3,212,25,2,12,0,1,2,26,9,515,0.7862595419847328
92,750,1,1,46,192,27,0,202,39,5,26,1,3,4,26,3,576,0.768
93,706,8,3,23,146,13,0,203,36,6,23,0,6,3,16,2,488,0.6912181303116147
94,868,1,5,48,221,26,3,268,54,2,18,4,2,4,13,2,671,0.7730414746543779
95,816,1,0,42,239,34,2,229,54,6,22,0,0,3,18,3,653,0.8002450980392157
96,872,3,3,46,249,33,0,253,56,9,27,1,2,2,22,5,711,0.8153669724770642
97,802,7,0,47,235,33,0,222,41,5,13,0,5,2,15,3,628,0.7830423940149626
98,731,1,4,36,180,23,2,236,52,4,19,0,2,2,16,2,579,0.7920656634746922
99,772,4,2,39,210,26,0,206,36,0,24,0,1,2,20,1,571,0.7396373056994818
100,854,6,4,32,211,23,0,292,41,3,20,1,6,6,21,5,671,0.7857142857142857
101,827,1,6,34,208,35,2,260,49,3,27,1,6,1,28,3,664,0.8029020556227328
102,756,7,4,25,190,27,2,230,45,10,20,1,7,4,23,3,598,0.791005291005291
103,787,3,2,37,167,28,1,254,42,1,21,1,2,2,25,1,587,0.7458703939008895
104,832,4,4,36,183,17,3,267,50,4,14,1,4,8,26,1,622,0.7475961538461539
105,848,3,2,43,179,32,2,273,50,4,21,0,3,1,30,1,644,0.7594339622641509
106,694,0,2,37,166,27,0,197,45,1,19,0,3,3,26,1,527,0.7593659942363112
107,733,5,0,35,199,33,1,211,31,1,10,3,5,3,36,0,573,0.781718963165075
108,943,4,2,41,228,42,4,303,51,2,20,0,3,1,32,2,735,0.7794273594909862
109,912,0,5,38,218,33,2,250,49,11,30,2,3,4,22,5,672,0.7368421052631579
110,562,1,0,13,179,18,2,130,20,2,27,0,2,2,13,2,411,0.7313167259786477
111,888,3,2,46,260,32,2,250,37,1,29,0,2,4,18,2,688,0.7747747747747747
112,803,7,2,36,219,23,0,246,57,4,29,2,2,3,27,2,659,0.8206724782067247
113,740,3,1,33,158,27,1,281,36,2,14,0,5,0,19,3,583,0.7878378378378378
114,736,5,0,26,263,27,0,220,31,2,17,0,3,2,6,4,606,0.8233695652173914
115,833,2,4,51,212,25,1,254,51,4,29,0,3,4,34,2,676,0.8115246098439376
116,946,2,3,57,265,30,1,275,50,7,22,0,7,5,18,4,746,0.7885835095137421
117,812,3,0,45,209,29,2,238,30,5,20,0,2,1,24,0,608,0.7487684729064039
118,642,3,1,42,225,19,0,175,31,3,14,0,0,4,15,5,537,0.8364485981308412
119,851,2,0,49,211,34,1,281,53,5,22,0,1,1,28,1,689,0.8096357226792009
120,723,4,3,39,177,24,2,197,43,4,7,0,6,5,32,1,544,0.7524204702627939
121,742,1,2,41,160,26,1,235,46,0,23,3,3,6,17,3,567,0.7641509433962265
122,826,3,7,36,204,24,2,270,48,1,21,0,5,3,27,3,654,0.7917675544794189
123,725,3,1,25,162,15,0,242,46,2,18,1,5,4,23,0,547,0.7544827586206897
124,781,2,1,49,181,17,3,246,46,3,27,0,2,4,29,2,612,0.7836107554417413
125,744,1,0,45,160,40,0,230,45,3,24,0,4,4,23,0,579,0.7782258064516129
126,707,7,3,31,153,25,3,213,34,5,19,2,1,2,21,1,520,0.7355021216407355
127,714,3,3,27,161,22,1,244,36,4,26,0,3,5,22,0,557,0.7801120448179272
128,705,2,1,22,129,27,1,262,36,7,20,0,4,4,13,2,530,0.75177304964539
129,738,2,1,32,181,45,3,241,49,1,24,0,6,2,15,7,609,0.8252032520325203
130,681,1,2,45,176,27,1,242,39,4,14,0,0,1,18,1,571,0.8384728340675477
131,750,2,5,33,200,26,3,218,37,4,16,0,5,4,24,0,577,0.7693333333333333
132,226,2,0,4,16,10,0,30,1,2,4,0,0,0,5,1,75,0.33185840707964603
133,946,2,2,46,227,33,1,347,47,4,25,1,3,3,32,2,775,0.8192389006342494
134,783,1,1,44,198,18,1,230,45,5,26,0,3,5,17,2,596,0.7611749680715197
135,845,0,3,41,214,27,0,302,59,1,27,0,1,2,19,0,696,0.8236686390532545
136,827,2,4,50,195,30,4,282,79,4,22,0,6,5,29,1,713,0.8621523579201935
137,865,3,3,39,198,23,0,299,57,10,16,0,2,7,24,1,682,0.7884393063583816
138,929,3,2,53,265,32,0,310,60,2,16,0,2,3,28,6,782,0.8417653390742734
139,821,2,2,45,187,29,1,297,49,8,14,1,2,3,26,0,666,0.8112058465286236
140,1080,1,0,48,228,40,3,374,66,3,27,0,9,3,33,4,839,0.7768518518518519
141,955,3,3,31,221,17,1,357,60,4,22,0,4,6,25,1,755,0.7905759162303665
142,770,6,1,43,183,21,0,252,48,2,21,0,3,6,17,1,604,0.7844155844155845
143,771,0,5,40,184,17,0,258,38,7,21,0,2,3,22,3,600,0.7782101167315175
144,760,0,2,41,199,15,2,253,46,5,16,1,5,3,22,3,613,0.8065789473684211
145,769,3,2,41,161,26,1,232,51,2,24,0,4,2,26,3,578,0.7516254876462939
146,783,4,2,27,172,36,2,267,45,5,15,0,3,4,26,1,609,0.7777777777777778
147,805,4,1,40,209,34,0,255,39,3,21,0,2,2,20,3,633,0.7863354037267081
148,906,5,3,40,176,25,2,313,69,7,28,0,1,2,21,1,693,0.7649006622516556
149,809,2,1,42,237,32,0,214,49,1,36,2,3,2,22,2,645,0.7972805933250927
150,879,1,0,41,243,26,4,270,54,2,21,0,2,2,30,5,701,0.7974971558589306
151,730,3,5,31,187,30,3,218,43,0,27,0,0,4,19,0,570,0.7808219178082192
152,912,0,7,28,227,33,0,285,57,1,29,0,2,3,23,2,697,0.7642543859649122
153,841,4,1,31,180,23,3,263,48,3,12,2,7,4,30,0,611,0.7265160523186682
154,855,2,1,30,207,25,2,284,56,4,27,0,5,1,24,3,671,0.7847953216374269
155,967,1,9,42,245,39,3,283,57,7,26,0,7,3,36,4,762,0.7880041365046536
156,860,2,1,39,202,19,6,262,42,4,25,0,4,1,39,0,646,0.7511627906976744
157,946,4,4,47,238,18,1,283,58,8,29,0,4,1,27,1,723,0.7642706131078224
158,752,4,3,56,188,31,0,244,40,0,25,0,4,3,18,4,620,0.824468085106383
159,767,2,0,29,152,19,0,269,37,1,15,0,5,5,22,1,557,0.7262059973924381
160,672,3,1,35,159,22,1,242,44,3,17,0,2,1,19,1,550,0.8184523809523809
161,739,0,3,33,190,30,1,272,42,4,17,0,0,1,15,2,610,0.8254397834912043
162,751,3,3,39,200,36,0,195,41,5,21,7,4,3,24,3,584,0.7776298268974701
163,776,5,1,35,185,23,1,208,48,2,14,0,8,8,25,2,565,0.7280927835051546
164,668,0,4,37,183,56,2,132,14,2,22,0,3,3,20,0,478,0.7155688622754491
165,657,2,2,20,123,18,3,167,22,3,16,0,7,5,17,2,407,0.619482496194825
166,778,2,3,23,168,28,1,276,41,2,17,1,2,8,31,4,607,0.7802056555269923
167,878,3,4,36,215,24,2,273,47,10,20,1,4,6,23,7,675,0.7687927107061503
168,922,2,1,40,202,33,1,326,56,2,37,0,2,2,37,0,741,0.8036876355748374
169,806,1,3,17,152,30,3,150,32,1,16,0,8,10,30,1,454,0.5632754342431762
170,697,4,2,29,157,27,1,234,50,4,25,0,1,2,26,4,566,0.812051649928264
171,673,3,2,26,139,21,1,233,51,4,18,0,1,3,13,0,515,0.7652303120356612
172,672,3,2,34,154,2,12,206,34,3,17,1,3,0,25,1,497,0.7395833333333334
173,523,2,0,20,103,11,2,179,52,2,8,0,5,2,14,1,401,0.7667304015296367
174,1019,5,1,49,267,38,0,342,57,4,22,1,2,7,28,3,826,0.8105986261040236
175,790,2,4,45,185,31,0,293,59,1,27,0,1,4,24,3,679,0.859493670886076
176,649,0,4,30,190,29,0,193,29,2,21,0,2,1,21,2,524,0.8073959938366718
177,919,2,3,42,214,26,1,317,70,4,20,0,2,8,40,4,753,0.8193688792165397
178,740,0,3,48,186,29,2,250,34,6,25,0,1,3,23,1,611,0.8256756756756757
179,706,2,3,9,142,17,0,286,31,1,14,0,8,5,22,1,541,0.7662889518413598
180,910,1,3,57,164,42,2,357,67,4,21,2,4,6,24,0,754,0.8285714285714286
181,847,2,4,23,175,20,4,246,30,4,20,3,5,2,18,1,557,0.6576151121605667
182,838,6,2,22,188,34,1,325,46,8,13,2,0,2,21,6,676,0.8066825775656324
183,702,1,1,38,181,27,2,267,42,2,14,0,1,4,13,5,598,0.8518518518518519
184,656,1,0,35,137,23,2,260,39,2,23,1,1,3,19,2,548,0.8353658536585366
185,808,1,3,53,168,32,2,317,58,1,15,0,2,4,13,2,671,0.8304455445544554
186,789,4,3,62,185,28,0,286,43,3,21,0,4,3,18,3,663,0.8403041825095057
187,750,1,0,42,147,35,0,283,50,7,14,0,0,9,26,2,616,0.8213333333333334
188,784,3,3,32,208,24,1,260,38,3,26,0,1,4,16,1,620,0.7908163265306123
189,749,4,2,22,168,25,3,241,49,6,28,0,7,5,25,0,585,0.7810413885180241
190,881,1,1,38,222,30,2,192,34,5,31,1,12,4,21,1,595,0.6753688989784336
191,900,3,4,31,185,40,1,322,84,9,24,0,4,2,29,0,738,0.82
192,718,3,2,46,186,26,1,212,30,3,33,0,1,5,17,4,569,0.7924791086350975
193,638,2,4,31,147,13,0,213,39,0,16,2,3,3,37,5,515,0.8072100313479624
194,603,1,5,34,125,12,1,205,24,4,12,1,3,7,25,0,459,0.7611940298507462
195,658,3,2,32,196,14,0,196,42,12,16,0,2,1,13,1,530,0.8054711246200608
196,672,2,3,32,153,27,1,206,27,2,13,0,4,3,24,2,499,0.7425595238095238
197,944,3,2,52,254,27,1,297,60,6,22,0,2,1,20,6,753,0.7976694915254238
198,792,2,2,40,212,27,1,265,37,10,23,0,2,0,25,1,647,0.8169191919191919
199,834,2,1,60,208,29,1,264,50,6,19,0,2,1,16,9,668,0.8009592326139089
200,588,3,0,23,176,23,0,180,26,4,16,0,3,1,17,0,472,0.8027210884353742
201,594,0,3,34,136,17,0,189,39,2,15,0,1,3,18,1,458,0.7710437710437711
202,937,8,1,63,264,33,2,266,46,3,23,1,3,4,27,0,744,0.7940234791889007
203,809,3,4,61,215,24,0,218,41,4,25,0,4,1,29,3,632,0.7812113720642769
204,836,1,4,48,197,21,0,253,48,5,31,0,0,2,25,2,637,0.7619617224880383
205,734,4,3,37,183,19,1,227,37,6,13,0,3,6,34,4,577,0.7861035422343324
206,681,3,3,35,145,20,1,206,30,6,28,0,8,2,31,0,518,0.7606461086637298
207,573,4,1,17,123,44,0,142,20,3,9,1,1,1,6,7,379,0.6614310645724258
208,788,2,5,50,206,26,2,242,35,2,28,0,3,3,17,5,626,0.7944162436548223
209,667,2,0,17,130,32,3,207,32,1,22,0,4,3,28,2,483,0.7241379310344828
210,600,3,0,21,165,17,1,155,28,2,13,0,4,8,16,3,436,0.7266666666666667
211,785,2,1,45,208,25,0,226,41,5,18,1,2,2,29,1,606,0.7719745222929937
212,714,1,6,32,173,24,4,214,35,3,14,0,4,0,28,1,539,0.7549019607843137
213,718,3,2,20,149,21,3,220,49,5,16,0,4,4,37,1,534,0.7437325905292479
214,841,4,2,45,180,30,0,242,34,6,20,0,4,2,32,4,605,0.7193816884661117
215,1032,6,1,60,309,34,3,310,35,5,33,2,3,2,23,1,827,0.8013565891472868
216,691,5,6,27,164,19,3,194,45,2,16,0,3,1,20,0,505,0.7308248914616498
217,827,5,7,52,229,28,0,215,49,7,19,0,2,3,20,3,639,0.7726723095525998
218,952,4,0,53,271,32,2,269,31,3,28,0,2,5,36,3,739,0.7762605042016807
219,850,3,5,39,188,23,5,255,47,5,34,3,9,3,38,1,658,0.7741176470588236
220,715,2,5,19,164,23,1,206,42,2,18,0,9,7,23,0,521,0.7286713286713287
221,734,3,7,26,160,23,3,202,27,3,22,3,3,4,21,0,507,0.6907356948228883
222,729,10,2,41,145,16,3,180,34,3,14,0,5,3,31,0,487,0.6680384087791496
223,696,3,1,36,129,16,2,218,39,3,15,0,0,2,30,1,495,0.7112068965517241
224,700,1,2,31,156,18,1,219,44,1,11,0,6,2,20,1,513,0.7328571428571429
225,735,3,1,36,175,14,1,202,35,4,27,0,1,4,25,1,529,0.7197278911564626
226,656,3,0,44,174,20,3,188,36,5,20,0,2,4,18,1,518,0.7896341463414634
227,684,2,4,34,179,37,1,213,32,0,20,0,3,1,25,1,552,0.8070175438596491
228,639,2,0,32,176,15,4,181,24,2,13,0,1,4,22,2,478,0.7480438184663537
229,634,4,1,15,134,22,3,161,27,2,29,1,8,4,25,4,440,0.694006309148265
230,986,2,6,61,245,28,1,281,54,2,30,0,5,8,21,2,746,0.7565922920892495
231,855,2,1,35,192,23,2,272,45,4,13,0,4,0,32,3,628,0.7345029239766082
232,874,6,5,41,203,28,2,263,58,2,19,0,4,3,31,2,667,0.7631578947368421
233,704,2,3,38,150,26,0,205,44,3,24,0,6,6,25,2,534,0.7585227272727273
234,651,1,0,25,162,34,2,188,29,4,17,2,4,6,25,1,500,0.7680491551459293
235,823,3,3,26,189,30,4,236,31,1,14,1,5,5,18,2,568,0.6901579586877278
236,745,2,0,17,164,24,0,218,40,3,21,0,5,7,30,1,532,0.7140939597315437
237,742,3,4,31,162,23,5,188,58,3,23,0,5,6,28,0,539,0.7264150943396226
238,734,0,4,21,173,26,1,205,50,1,17,0,8,5,26,3,540,0.7356948228882834
239,742,2,6,20,151,9,1,251,28,5,29,0,6,4,25,2,539,0.7264150943396226
240,754,2,2,44,165,21,2,218,39,7,14,0,4,3,16,2,539,0.7148541114058355
241,597,2,0,42,112,21,1,187,34,2,26,0,0,0,27,3,457,0.7654941373534339
242,788,4,2,49,147,22,1,275,34,4,13,0,2,4,27,5,589,0.7474619289340102
243,720,2,4,34,135,24,1,247,30,1,14,2,4,3,33,2,536,0.7444444444444445
244,840,1,2,35,197,32,0,248,43,6,35,1,4,6,33,1,644,0.7666666666666667
245,826,2,3,30,212,25,4,258,36,6,15,0,6,1,36,1,635,0.7687651331719129
246,768,3,2,25,195,14,3,217,46,3,16,0,7,4,25,0,560,0.7291666666666666
247,761,1,6,28,194,19,3,209,50,3,11,0,3,2,25,3,557,0.7319316688567674
248,853,1,2,41,209,35,4,207,30,2,24,0,10,7,26,3,601,0.7045720984759671
249,867,0,1,56,273,30,1,236,27,4,19,1,1,2,16,1,668,0.7704728950403691
250,680,6,2,43,142,19,2,223,40,3,16,0,5,7,10,2,520,0.7647058823529411
251,757,5,0,30,166,26,1,216,38,4,18,0,7,2,22,1,536,0.7080581241743725
252,757,3,0,39,174,28,1,235,50,3,14,1,5,4,22,1,580,0.7661822985468957
253,829,2,3,32,193,19,3,281,40,3,37,1,2,3,31,2,652,0.7864897466827503
254,758,2,2,30,162,38,1,226,39,6,16,0,2,4,19,4,551,0.7269129287598944
255,798,0,0,30,205,24,0,212,39,6,35,0,7,4,39,1,602,0.7543859649122807
256,848,4,4,39,184,20,1,244,60,3,17,0,8,6,21,1,612,0.7216981132075472
257,1248,3,0,64,323,35,2,411,82,4,40,1,3,4,28,1,1001,0.8020833333333334
258,1000,2,2,59,249,29,1,277,55,7,29,0,7,3,29,6,755,0.755
259,816,4,4,61,157,25,3,256,53,3,26,0,5,2,24,0,623,0.7634803921568627
260,797,2,2,38,207,27,3,285,41,2,14,0,11,4,24,5,665,0.8343789209535759
261,723,3,2,33,153,19,3,239,45,3,20,0,6,6,27,0,559,0.7731673582295989
262,907,3,7,44,195,27,3,300,72,3,19,2,3,4,20,1,703,0.7750826901874311
263,918,4,0,35,209,30,2,295,64,6,27,1,9,7,33,0,722,0.7864923747276689
264,927,2,1,48,210,36,2,305,53,7,23,0,1,2,36,5,731,0.7885652642934197
265,780,2,1,30,186,12,2,286,40,0,17,1,4,5,21,1,608,0.7794871794871795
266,1020,3,3,56,273,26,5,321,47,4,25,1,4,2,17,4,791,0.7754901960784314
267,1152,1,1,56,298,37,2,354,69,4,33,1,3,5,44,2,910,0.7899305555555556
268,850,3,2,40,202,30,2,246,47,5,20,0,3,5,25,0,630,0.7411764705882353
269,752,7,0,51,287,37,2,203,30,3,22,0,1,1,5,2,651,0.8656914893617021
270,714,3,1,63,284,30,1,160,30,6,20,0,1,0,6,0,605,0.8473389355742297
271,789,1,0,55,267,28,1,193,41,5,34,0,1,1,15,4,646,0.8187579214195184
272,665,1,1,47,230,27,0,176,28,1,21,0,7,3,11,6,559,0.8406015037593985
273,785,1,4,49,159,31,2,234,45,3,15,0,11,6,18,6,584,0.7439490445859872
274,756,1,3,42,166,27,0,220,34,4,19,1,2,2,26,0,547,0.7235449735449735
275,553,5,3,17,145,14,0,177,20,4,19,0,2,3,20,3,432,0.7811934900542495
276,604,3,1,39,142,22,0,198,44,5,20,1,3,3,14,2,497,0.8228476821192053
277,626,5,2,23,144,18,0,197,33,5,27,0,2,0,16,4,476,0.7603833865814696
278,662,0,1,37,162,34,0,224,44,3,16,1,2,7,21,2,554,0.8368580060422961
279,713,3,0,32,179,24,5,219,33,2,20,1,8,1,31,3,561,0.7868162692847125
280,890,3,1,42,209,29,0,301,44,2,24,1,6,3,28,1,694,0.7797752808988764
281,799,3,4,44,179,18,1,251,35,5,34,1,7,7,28,2,619,0.7747183979974969
282,849,3,5,40,228,31,1,244,44,7,21,1,2,3,15,1,646,0.7608951707891637
283,771,4,3,41,184,17,2,232,29,0,31,0,3,5,18,8,577,0.748378728923476
284,826,4,4,48,208,25,1,263,49,9,16,0,2,5,24,1,659,0.7978208232445521
285,595,1,0,28,168,20,0,213,50,6,15,0,1,4,10,1,517,0.8689075630252101
286,764,5,3,50,165,24,2,250,33,1,25,1,6,0,36,2,603,0.7892670157068062
287,694,3,0,52,190,21,0,250,50,4,15,0,2,1,12,1,601,0.8659942363112392
288,639,1,1,32,158,23,0,205,34,5,14,1,1,4,13,2,494,0.7730829420970265
289,949,3,2,52,225,28,0,288,87,2,37,3,4,2,16,3,752,0.7924130663856691
290,775,3,3,32,185,25,2,270,42,9,34,0,4,3,14,2,628,0.8103225806451613
291,809,3,3,62,221,32,2,269,43,6,23,1,2,1,17,5,690,0.8529048207663782
292,757,3,2,33,227,34,1,250,64,6,18,0,2,1,13,2,656,0.8665785997357992
293,873,4,2,54,180,20,1,311,69,1,16,0,2,5,35,2,702,0.8041237113402062
294,646,4,4,35,161,25,1,191,32,3,15,0,3,2,11,4,491,0.760061919504644
295,926,1,4,64,272,21,2,304,57,5,20,0,2,3,20,4,779,0.8412526997840173
296,822,2,7,43,191,28,2,289,47,6,18,0,1,3,40,2,679,0.8260340632603407
297,789,4,5,24,175,30,1,234,43,2,28,0,1,7,14,3,571,0.7237008871989861
298,804,4,1,29,210,32,1,238,51,1,23,1,6,5,34,0,636,0.7910447761194029
299,706,1,0,58,209,30,0,231,42,4,14,0,2,2,17,1,611,0.8654390934844193
300,843,4,2,42,208,30,2,272,49,8,27,0,3,3,30,2,682,0.8090154211150652
301,1038,4,0,55,266,28,3,307,73,7,30,2,5,3,37,1,821,0.7909441233140655
302,857,7,2,38,191,38,3,246,48,7,27,3,2,5,22,2,641,0.7479579929988331
303,932,7,3,37,255,27,3,246,65,4,28,0,6,2,28,2,713,0.7650214592274678
304,775,4,1,49,165,36,2,226,20,1,16,0,9,2,18,5,554,0.7148387096774194
305,733,0,0,41,173,37,1,201,37,3,14,1,4,0,16,1,529,0.7216916780354706
306,924,4,2,36,198,50,0,274,56,5,26,0,4,2,32,1,690,0.7467532467532467
307,793,2,4,32,200,33,2,240,37,1,19,0,7,3,28,0,608,0.7667087011349306
308,924,2,2,55,229,46,2,281,45,3,21,0,3,3,27,2,721,0.7803030303030303
309,684,3,3,38,175,31,2,199,31,2,22,0,3,0,24,0,533,0.7792397660818714
310,672,2,1,29,140,17,2,217,32,2,18,0,3,3,22,0,488,0.7261904761904762
311,929,2,4,53,224,28,2,274,47,2,13,0,7,11,27,1,695,0.7481162540365985
312,949,2,4,34,215,30,3,292,62,3,25,0,4,4,37,1,716,0.7544783983140148
313,662,6,5,40,139,22,1,195,29,2,20,0,3,3,28,1,494,0.7462235649546828
314,665,0,1,31,146,23,0,201,36,5,23,0,1,1,34,0,502,0.7548872180451128
315,829,3,4,32,188,41,3,265,51,2,32,1,3,6,26,3,660,0.7961399276236429
316,822,6,3,38,188,27,4,271,42,3,15,0,2,2,25,2,628,0.7639902676399026
317,693,3,4,27,143,22,1,251,32,6,18,0,2,7,26,1,543,0.7835497835497836
318,705,4,5,28,151,25,2,215,47,4,16,0,6,4,21,0,528,0.7489361702127659
319,673,2,5,23,138,24,0,252,26,2,17,1,7,4,20,0,521,0.774145616641902
320,776,4,2,49,171,38,2,229,32,3,13,1,5,2,22,2,575,0.740979381443299
321,790,3,7,31,240,20,4,196,36,6,34,1,3,1,30,3,615,0.7784810126582279
322,690,1,5,31,152,20,4,216,40,5,23,0,3,2,23,3,528,0.7652173913043478
323,695,3,1,20,106,23,3,231,38,2,17,0,3,6,25,1,479,0.6892086330935252
324,680,4,1,29,153,21,1,224,28,0,19,0,7,4,33,1,525,0.7720588235294118
325,678,1,2,25,148,11,1,195,48,3,17,1,3,5,40,2,502,0.7404129793510325
326,827,0,2,32,167,42,1,257,33,5,26,0,9,5,45,3,627,0.7581620314389359
327,696,1,2,32,178,26,3,223,34,0,27,1,2,4,22,0,555,0.7974137931034483
328,691,4,1,33,143,18,0,235,39,4,15,1,5,2,31,1,532,0.7698986975397974
329,789,1,1,37,158,33,1,260,26,4,13,0,4,4,43,1,586,0.7427122940430925
330,646,4,2,8,143,12,1,214,37,3,24,1,3,4,27,0,483,0.7476780185758514
331,686,2,4,18,160,20,3,151,35,5,25,0,9,8,33,1,474,0.6909620991253644
332,901,4,3,67,191,26,2,270,50,4,31,1,7,4,43,4,707,0.7846836847946725
333,736,3,2,48,155,22,2,238,26,4,23,0,3,9,31,2,568,0.7717391304347826
334,776,3,4,41,211,37,1,232,38,1,25,0,1,5,23,4,626,0.8067010309278351
335,705,2,2,22,140,83,1,174,39,3,20,0,1,1,20,4,512,0.7262411347517731
336,780,6,1,34,181,28,0,261,30,7,17,0,2,3,40,3,613,0.7858974358974359
337,760,2,4,51,183,34,1,240,43,5,20,0,3,3,35,3,627,0.825
338,854,3,2,38,236,39,1,265,45,6,23,1,0,1,39,3,702,0.8220140515222483
339,820,1,2,50,172,26,1,301,41,5,15,0,2,6,36,11,669,0.8158536585365853
340,727,4,2,36,164,28,1,253,56,5,21,0,3,5,29,2,609,0.8376891334250344
341,837,5,2,63,285,36,0,203,49,6,26,0,0,5,19,4,703,0.8399044205495818
342,842,3,4,48,229,27,1,213,45,4,46,0,4,3,24,4,655,0.7779097387173397
343,744,4,1,43,209,31,2,214,46,6,27,0,4,0,21,3,611,0.821236559139785
344,774,3,0,24,173,27,2,231,51,1,31,0,5,4,35,5,592,0.7648578811369509
345,785,4,5,38,224,22,2,215,41,1,11,0,5,1,29,2,600,0.7643312101910829
346,953,0,3,42,201,29,1,287,46,4,26,0,7,5,36,4,691,0.7250786988457503
347,999,4,5,51,232,21,1,255,55,5,46,1,8,7,41,1,733,0.7337337337337337
348,565,5,3,17,134,18,1,170,25,3,23,0,2,6,13,1,421,0.7451327433628319
349,674,3,1,35,168,32,0,207,27,1,29,0,2,3,17,3,528,0.7833827893175074
350,805,3,4,22,219,21,0,213,31,0,27,0,5,4,25,0,574,0.7130434782608696
351,620,2,1,37,148,26,3,157,32,2,29,0,1,4,23,1,466,0.7516129032258064
352,710,7,3,48,216,23,2,191,34,3,26,0,1,3,15,0,572,0.8056338028169014
353,772,4,3,44,205,26,3,221,37,2,21,1,8,4,26,2,607,0.7862694300518135
354,760,2,1,44,187,27,3,212,35,3,22,0,5,6,39,2,588,0.7736842105263158
355,784,7,2,47,201,17,0,196,40,6,25,0,1,2,34,3,581,0.7410714285714286
356,675,4,2,23,164,9,2,190,21,1,24,1,5,8,35,2,491,0.7274074074074074
357,662,2,6,42,165,31,3,170,38,3,16,1,5,1,20,2,505,0.7628398791540786
358,749,2,4,48,211,19,1,184,37,2,24,0,0,4,24,2,562,0.7503337783711616
359,716,0,4,40,159,23,2,232,46,5,21,1,5,2,23,2,565,0.7891061452513967
360,743,1,5,35,179,25,1,226,46,2,17,0,2,2,29,1,571,0.7685060565275909
361,826,1,6,52,205,37,0,247,60,5,28,0,4,1,17,6,669,0.8099273607748184
362,816,3,1,55,205,25,1,248,38,5,29,0,4,26,3,0,643,0.7879901960784313
363,830,2,3,50,245,14,1,258,50,3,17,0,2,2,22,5,674,0.8120481927710843
364,667,2,1,39,174,22,1,195,36,3,15,1,5,0,20,4,518,0.7766116941529235
365,731,1,2,31,178,28,2,240,33,2,20,0,1,3,18,1,560,0.7660738714090287
366,740,4,1,46,190,41,1,202,47,5,23,0,2,5,23,3,593,0.8013513513513514
367,612,0,2,39,136,19,0,188,32,1,32,0,4,6,9,3,471,0.7696078431372549
368,906,1,1,62,228,41,1,248,37,4,22,1,7,3,35,0,691,0.7626931567328918
369,608,2,2,24,137,9,2,197,34,2,30,1,3,3,17,1,464,0.7631578947368421
370,678,1,6,34,151,21,0,184,23,3,15,0,5,6,19,2,470,0.6932153392330384
371,666,1,1,22,129,12,5,207,36,4,22,1,7,5,17,2,471,0.7072072072072072
372,751,2,1,29,147,28,5,218,41,0,30,0,5,2,40,0,548,0.729693741677763
373,855,0,3,35,191,19,2,264,48,4,29,0,8,7,46,1,657,0.7684210526315789
374,822,3,2,29,202,13,6,246,28,5,31,0,4,7,28,2,606,0.7372262773722628
375,768,0,2,33,141,21,5,259,34,2,27,0,6,7,19,5,561,0.73046875
376,844,4,3,32,177,32,1,283,45,3,22,0,6,3,32,0,643,0.7618483412322274
377,785,6,1,33,163,26,3,182,38,3,21,1,8,5,38,1,529,0.6738853503184713
378,792,5,0,45,193,22,1,238,36,4,18,0,3,6,19,0,590,0.7449494949494949
379,864,0,1,46,211,33,1,261,45,5,24,2,4,2,27,0,662,0.7662037037037037
380,912,3,1,45,218,78,1,220,34,6,32,0,5,5,28,6,682,0.7478070175438597
381,809,1,0,30,182,16,0,202,37,3,26,0,4,3,29,2,535,0.6613102595797281
382,1022,4,4,61,248,34,5,276,59,0,36,0,7,6,36,9,785,0.7681017612524462
383,832,2,1,54,220,38,2,245,38,3,27,0,7,2,25,9,673,0.8088942307692307
384,989,3,1,55,270,28,0,267,78,4,30,2,5,4,32,0,779,0.7876643073811931
385,818,1,3,51,174,30,0,259,35,6,17,1,3,7,20,1,608,0.7432762836185819
386,817,1,5,47,194,22,1,234,50,4,29,0,5,4,21,0,617,0.7552019583843329
387,850,4,2,56,198,26,3,242,43,5,19,0,8,1,30,1,638,0.7505882352941177
388,930,2,4,57,297,28,2,243,29,1,34,0,4,4,26,4,735,0.7903225806451613
389,696,2,1,18,158,14,1,206,26,3,15,0,3,1,26,1,475,0.6824712643678161
390,767,3,2,40,173,22,1,242,42,1,20,2,2,1,30,1,582,0.758800521512386
391,646,2,1,25,163,24,0,181,30,2,24,0,7,1,16,3,479,0.7414860681114551
392,863,3,2,45,195,22,1,271,61,5,16,0,2,3,27,1,654,0.7578215527230591
393,815,2,2,32,166,28,3,251,64,6,27,0,4,4,27,0,616,0.7558282208588957
394,814,3,1,33,154,25,1,310,50,1,14,2,1,2,32,1,630,0.773955773955774
395,813,3,0,53,237,42,1,250,42,5,17,0,0,1,26,0,677,0.8327183271832719
396,851,2,1,45,279,33,3,235,41,4,27,0,3,3,14,0,690,0.8108108108108109
397,868,2,4,61,259,32,3,258,51,5,36,0,2,0,17,0,730,0.8410138248847926
398,844,6,4,52,243,31,4,238,41,3,20,0,4,1,19,1,667,0.7902843601895735
399,783,5,1,31,166,28,4,257,49,0,33,1,4,2,23,1,605,0.7726692209450831
400,754,2,3,28,175,22,1,244,46,3,21,0,1,4,28,1,579,0.7679045092838196
401,744,0,1,34,190,14,3,226,34,4,22,0,4,3,25,3,563,0.7567204301075269
402,822,3,3,48,231,28,1,216,44,4,24,0,6,5,30,4,647,0.7871046228710462
403,708,0,8,38,169,19,0,218,43,1,22,0,6,4,39,0,567,0.8008474576271186
404,736,2,2,38,151,23,1,242,40,3,17,0,2,6,23,3,553,0.751358695652174
405,786,3,2,49,181,24,2,252,39,1,33,1,5,0,16,2,610,0.7760814249363868
406,702,6,0,37,173,23,1,190,45,5,31,0,8,4,25,1,549,0.782051282051282
407,813,2,4,40,264,27,2,224,56,3,21,0,2,1,20,3,669,0.8228782287822878
408,858,4,3,67,262,35,0,255,47,0,24,0,1,1,7,4,710,0.8275058275058275
409,762,0,5,31,171,35,2,205,38,5,24,0,3,3,19,0,541,0.7099737532808399
410,826,2,1,66,203,27,1,258,39,3,26,0,2,2,19,7,656,0.7941888619854721
411,731,4,4,48,173,28,1,197,38,5,31,0,1,2,24,0,556,0.7606019151846786
412,882,2,4,46,219,40,3,252,47,3,29,0,3,4,24,0,676,0.7664399092970522
413,775,1,0,56,185,25,0,206,44,8,25,0,4,6,17,0,577,0.7445161290322581
414,909,6,3,54,236,25,1,259,51,1,28,1,3,3,26,2,699,0.768976897689769
415,512,0,0,27,145,10,1,162,20,1,17,0,3,3,17,0,406,0.79296875
416,678,2,5,34,165,15,2,215,44,0,18,4,6,3,19,0,532,0.7846607669616519
417,784,1,2,41,222,25,1,248,23,2,20,1,3,5,18,3,615,0.7844387755102041
418,729,1,0,44,154,28,3,217,42,7,27,0,5,5,20,0,553,0.7585733882030178
419,752,3,2,49,186,25,3,224,35,0,23,0,8,2,26,0,586,0.7792553191489362
420,743,2,3,22,168,22,1,235,44,2,27,0,8,3,19,1,557,0.7496635262449529
421,987,6,1,54,274,33,1,265,55,2,23,0,6,4,23,1,748,0.7578520770010132
422,869,5,4,46,176,16,2,294,43,6,26,0,5,3,19,0,645,0.7422324510932106
423,927,1,0,41,209,38,4,296,52,2,23,1,6,7,21,2,703,0.7583603020496225
424,795,3,1,41,194,19,0,218,42,6,19,0,3,4,31,0,581,0.730817610062893
425,843,4,3,35,203,22,0,246,48,3,20,1,10,5,27,0,627,0.7437722419928826
426,822,1,3,34,213,23,1,232,56,5,27,0,6,2,21,2,626,0.7615571776155717
427,769,2,5,37,158,34,2,202,38,2,16,0,0,7,18,1,522,0.6788036410923277
428,833,1,4,40,185,26,2,278,31,2,20,1,3,5,30,1,629,0.7551020408163265
429,863,2,1,49,177,33,0,259,33,0,20,0,10,7,26,6,623,0.7219003476245655
430,667,1,0,38,178,14,1,205,25,2,21,0,7,1,23,0,516,0.7736131934032984
431,730,6,4,41,183,38,0,197,30,7,20,0,5,2,27,0,560,0.7671232876712328
432,812,5,6,34,164,24,1,291,49,4,27,0,10,4,36,2,657,0.8091133004926109
433,1013,1,4,63,257,25,1,302,41,2,44,1,9,6,19,0,775,0.7650542941757157
434,995,4,4,51,223,35,5,361,54,8,35,0,3,4,32,1,820,0.8241206030150754
435,639,1,3,30,123,17,1,140,7,3,26,0,4,1,9,1,366,0.5727699530516432
436,779,7,3,35,145,24,3,266,48,2,24,0,5,1,30,4,597,0.766367137355584
437,717,0,2,34,139,24,1,214,44,0,25,1,3,5,22,0,514,0.7168758716875872
438,828,1,1,31,179,32,3,275,53,2,23,0,5,5,28,2,640,0.7729468599033816
439,886,1,3,58,204,29,3,332,49,6,15,3,2,4,30,1,740,0.835214446952596
440,851,2,1,35,215,33,3,277,47,6,20,1,3,5,28,1,677,0.7955346650998825
441,887,4,0,36,189,22,2,314,53,1,25,0,5,4,25,1,681,0.7677564825253664
442,850,2,1,34,169,14,1,271,53,6,23,0,5,2,28,0,609,0.7164705882352941
443,710,0,1,37,154,12,4,186,36,2,22,0,9,7,27,0,497,0.7
444,756,2,2,22,167,32,1,240,42,1,17,0,7,4,17,3,557,0.7367724867724867
445,756,3,3,25,168,20,3,227,38,3,26,1,11,2,19,1,550,0.7275132275132276
446,824,3,1,46,199,29,4,271,49,3,26,0,2,3,22,4,662,0.8033980582524272
447,822,3,1,43,184,24,2,254,36,1,31,0,2,2,24,2,609,0.7408759124087592
448,770,4,3,33,176,24,1,229,43,1,20,1,5,3,20,1,564,0.7324675324675325
449,707,2,3,43,145,25,1,252,52,4,16,1,2,4,16,0,566,0.8005657708628006
450,1206,8,5,47,271,33,3,293,49,5,43,0,9,7,34,2,809,0.6708126036484245
451,559,1,3,16,118,9,2,177,24,2,18,0,7,4,14,2,397,0.7101967799642218
452,1182,4,6,46,250,26,2,300,49,1,25,0,6,7,47,0,769,0.6505922165820643
453,821,2,2,40,180,28,1,277,52,5,25,1,1,4,33,3,654,0.7965895249695494
454,716,3,6,31,176,16,3,186,37,0,30,1,4,0,16,0,509,0.7108938547486033
455,985,1,2,50,240,36,1,319,54,4,30,0,4,4,45,2,792,0.8040609137055837
456,834,1,1,37,177,23,1,256,49,2,29,1,9,3,38,2,629,0.7541966426858513
457,718,6,3,30,172,22,1,257,42,3,27,0,2,7,17,1,590,0.8217270194986073
458,715,1,1,39,169,24,0,254,24,5,16,0,4,5,28,1,571,0.7986013986013986
459,459,1,2,24,115,17,1,135,28,1,10,0,0,3,22,1,360,0.7843137254901961
460,754,1,2,40,150,45,2,257,40,5,25,0,4,2,21,4,598,0.7931034482758621
461,725,0,1,40,146,10,2,232,41,4,17,0,2,1,37,0,533,0.7351724137931035
462,728,1,3,26,158,21,0,237,42,7,27,0,1,2,33,1,559,0.7678571428571429
463,751,3,3,46,151,22,0,212,45,3,17,0,5,4,19,0,530,0.7057256990679095
464,659,2,3,34,162,18,3,196,28,0,21,0,4,3,28,0,502,0.7617602427921093
465,728,4,0,28,150,17,2,233,36,3,21,0,5,5,16,1,521,0.7156593406593407
466,840,7,3,38,171,27,3,238,60,1,20,3,10,3,33,2,619,0.736904761904762
467,956,1,3,60,212,31,2,301,50,2,26,1,8,4,38,3,742,0.7761506276150628
468,784,0,2,29,167,33,4,243,42,8,29,0,3,3,24,0,587,0.7487244897959183
469,890,3,4,43,207,31,2,251,47,3,38,0,7,5,26,2,669,0.751685393258427
470,737,3,1,40,158,14,0,222,29,4,31,0,5,2,34,1,544,0.7381275440976933
471,749,3,4,38,179,28,3,199,40,9,26,3,5,3,25,1,566,0.7556742323097463
472,862,3,2,61,206,22,0,233,30,8,30,0,8,4,23,2,632,0.7331786542923434
473,683,2,2,27,152,23,2,198,32,2,23,0,9,4,22,1,499,0.7306002928257687
474,691,0,0,22,129,24,1,252,42,1,12,1,6,3,27,5,525,0.7597684515195369
475,778,2,2,27,187,16,1,273,35,3,22,1,3,3,24,0,599,0.7699228791773779
476,649,3,0,17,113,28,2,230,43,2,19,1,3,6,30,3,500,0.7704160246533128
477,889,3,2,51,212,39,1,263,56,10,26,1,4,2,25,1,696,0.7829021372328459
478,882,4,1,30,190,30,1,248,44,2,31,1,6,9,32,1,630,0.7142857142857143
479,1194,5,1,43,284,31,2,394,56,2,54,1,12,3,35,2,925,0.7747068676716918
480,1123,5,8,62,250,38,5,291,77,3,44,0,7,12,27,3,832,0.7408726625111309
481,687,6,5,18,156,23,5,168,20,4,26,1,6,4,25,1,468,0.6812227074235808
482,695,6,4,25,184,22,1,145,20,2,13,0,8,2,8,3,443,0.637410071942446
483,716,3,7,27,162,23,2,180,20,4,43,1,1,3,25,2,503,0.702513966480447
484,753,4,0,30,188,23,0,142,16,1,13,1,9,3,27,3,460,0.6108897742363878
485,717,3,5,24,169,12,4,188,33,0,14,0,5,4,19,2,482,0.6722454672245467
486,744,2,2,24,173,19,3,128,27,1,15,6,9,7,7,0,423,0.5685483870967742
487,743,3,4,15,187,11,2,164,35,5,24,0,8,7,14,0,479,0.6446837146702558
488,764,5,1,47,189,19,3,254,44,2,29,0,4,4,17,2,620,0.8115183246073299
489,833,3,0,46,214,22,2,257,57,3,21,1,1,2,22,3,654,0.7851140456182473
490,867,2,3,34,194,31,2,288,49,3,21,0,3,6,34,4,674,0.7773933102652826
491,687,2,0,29,170,19,1,226,38,3,18,0,3,2,13,2,526,0.7656477438136827
492,719,1,4,42,152,32,3,256,38,7,19,0,2,4,26,3,589,0.8191933240611962
493,815,0,4,31,208,40,2,270,32,5,23,0,1,6,26,0,648,0.7950920245398773
494,807,2,1,48,189,24,1,231,50,3,27,1,2,2,32,0,613,0.7596034696406444
495,762,4,0,30,196,21,2,206,43,1,31,0,6,2,25,3,570,0.7480314960629921
496,905,3,4,53,189,31,4,298,41,2,26,0,5,7,37,0,700,0.7734806629834254
497,798,3,1,34,159,12,2,219,37,3,26,1,10,8,41,1,557,0.6979949874686717
498,825,1,11,31,172,24,3,252,49,2,16,0,7,5,45,0,618,0.7490909090909091
499,791,3,0,25,182,15,4,312,47,0,14,0,3,2,21,0,628,0.7939317319848294
500,907,2,1,49,180,27,2,310,60,5,31,0,3,7,28,1,706,0.7783902976846747
501,778,3,2,48,132,25,1,294,41,8,24,0,5,3,22,1,609,0.7827763496143959
502,757,0,5,25,189,25,1,223,38,4,34,0,7,3,25,1,580,0.7661822985468957
503,844,7,3,21,186,21,2,247,42,3,34,0,7,4,25,1,603,0.7144549763033176
504,764,3,2,26,157,18,1,238,33,4,20,1,10,5,34,2,554,0.725130890052356
505,773,3,2,37,180,21,0,230,36,1,27,1,5,5,32,0,580,0.7503234152652005
506,851,4,2,45,260,14,1,220,34,5,31,0,5,3,30,5,659,0.7743830787309048
507,740,1,2,45,188,12,0,239,41,6,37,0,2,2,14,1,590,0.7972972972972973
508,710,5,3,42,148,32,2,218,41,3,35,1,4,0,13,1,548,0.7718309859154929
509,890,1,4,22,210,46,3,270,50,5,33,0,9,6,24,2,685,0.7696629213483146
510,1039,1,4,35,226,30,4,343,50,2,29,0,6,6,38,1,775,0.7459095283926853
511,931,2,5,41,226,28,2,295,66,1,21,2,2,2,36,0,729,0.7830290010741139
512,1011,1,1,57,243,34,4,325,88,2,37,0,7,3,30,4,836,0.8269040553907022
513,629,2,0,19,160,25,4,141,34,2,19,0,2,6,12,2,428,0.6804451510333863
514,724,5,2,22,217,19,1,152,22,2,20,0,6,3,24,0,495,0.6837016574585635
515,752,6,2,21,180,24,4,181,26,6,15,0,5,8,25,1,504,0.6702127659574468
516,749,4,2,35,167,26,1,210,42,3,21,0,2,4,24,3,544,0.7263017356475301
517,728,3,0,28,149,24,1,215,34,3,19,0,3,5,24,0,508,0.6978021978021978
518,810,1,3,24,174,29,1,229,46,5,28,0,6,8,31,1,586,0.7234567901234568
519,857,3,3,31,179,27,5,245,52,2,15,1,6,7,22,1,599,0.6989498249708285
520,728,3,1,23,185,15,1,164,27,7,20,2,11,2,19,0,480,0.6593406593406593
521,974,2,7,47,251,32,2,264,53,4,23,0,10,3,34,2,734,0.7535934291581109
522,902,5,7,28,213,22,5,231,19,1,21,1,6,7,27,3,596,0.6607538802660754
523,538,3,3,13,130,19,0,132,26,0,14,0,4,4,26,1,375,0.6970260223048327
524,697,0,5,32,157,30,10,185,29,4,18,1,2,5,24,0,502,0.7202295552367288
525,959,2,3,52,189,36,4,315,77,7,23,0,7,1,39,1,756,0.7883211678832117
526,722,0,2,25,176,23,0,229,54,3,18,0,3,3,12,1,549,0.760387811634349
527,1061,2,2,40,239,28,2,334,68,5,30,0,15,4,29,0,798,0.7521206409048068
528,923,4,6,46,215,26,1,220,53,5,20,1,9,3,27,1,637,0.6901408450704225
529,1166,1,0,58,322,33,1,319,57,4,36,0,10,8,35,1,885,0.7590051457975986
530,802,1,2,38,171,19,1,239,51,7,31,0,6,2,30,0,598,0.7456359102244389
531,804,3,4,35,181,25,2,252,57,0,25,1,5,3,20,0,613,0.7624378109452736
532,632,0,0,10,63,16,1,293,45,3,17,0,6,8,44,0,506,0.8006329113924051
533,730,1,6,36,109,15,2,234,34,2,23,2,6,5,33,1,509,0.6972602739726027
534,606,2,0,35,167,15,0,154,33,7,23,3,5,1,27,2,474,0.7821782178217822
535,623,2,3,35,137,9,1,165,32,3,18,2,3,7,24,0,441,0.7078651685393258
536,792,1,2,37,182,28,0,266,36,6,19,0,7,2,24,1,611,0.7714646464646465
537,777,3,0,53,169,17,1,259,45,7,30,0,8,1,19,3,615,0.7915057915057915
538,672,2,4,33,159,22,1,251,32,6,13,0,4,4,21,2,554,0.8244047619047619
539,936,4,1,47,193,33,0,328,57,4,25,0,4,3,40,3,742,0.7927350427350427
540,769,2,3,50,152,17,0,230,35,4,28,0,6,4,30,3,564,0.7334200260078023
541,785,3,3,34,157,18,1,267,41,3,20,0,5,3,24,2,581,0.7401273885350318
542,762,3,2,24,169,33,2,261,26,1,22,1,4,4,36,2,590,0.7742782152230971
543,836,4,2,51,169,21,2,270,48,5,20,0,6,2,32,2,634,0.7583732057416268
544,763,4,0,38,145,15,3,293,43,1,9,0,3,7,30,2,593,0.7771952817824378
545,681,5,1,21,151,19,2,242,34,1,26,0,4,3,23,4,536,0.7870778267254038
546,965,6,3,43,240,22,1,261,34,9,31,0,6,1,30,2,689,0.7139896373056995
547,880,4,4,44,176,22,0,294,56,10,28,1,10,4,42,2,697,0.7920454545454545
548,868,1,0,42,178,37,2,297,44,6,28,1,5,5,23,1,670,0.771889400921659
549,730,1,3,29,165,22,1,209,47,4,26,1,8,4,19,1,540,0.7397260273972602
550,649,4,1,33,125,18,0,181,33,2,28,1,4,3,24,0,457,0.7041602465331279
551,663,2,4,48,173,27,2,140,15,1,14,0,6,2,17,1,452,0.6817496229260935
552,655,3,3,34,168,23,2,154,16,1,16,0,11,2,14,2,449,0.6854961832061068
553,625,2,0,22,151,15,0,153,18,3,22,1,8,4,20,0,419,0.6704
554,662,7,2,31,164,29,0,165,18,2,25,0,4,4,13,2,466,0.7039274924471299
555,671,4,0,31,137,19,3,183,20,3,21,1,3,9,21,0,455,0.6780923994038748
556,671,1,4,37,124,22,3,195,22,1,22,0,8,5,22,0,466,0.6944858420268256
557,689,3,1,19,154,25,1,166,33,3,29,0,15,4,17,2,472,0.6850507982583455
558,656,2,0,27,121,23,1,179,44,1,20,0,2,2,21,1,444,0.676829268292683
559,773,1,2,42,187,18,1,231,21,2,21,0,3,5,27,2,563,0.7283311772315654
560,773,3,0,30,126,21,2,305,37,2,18,2,2,5,18,1,572,0.7399741267787839
561,823,3,5,36,174,17,0,251,44,2,23,0,4,2,37,2,600,0.7290400972053463
562,694,1,3,42,157,23,2,183,21,2,18,1,10,3,27,1,494,0.7118155619596542
563,721,0,1,31,156,23,4,217,33,0,17,0,6,2,20,1,511,0.7087378640776699
564,623,1,1,23,127,17,0,172,21,3,18,0,3,2,19,3,410,0.6581059390048154
565,754,2,5,39,177,23,2,178,27,2,11,1,5,7,36,0,515,0.6830238726790451
566,704,4,3,38,169,31,1,200,29,3,19,0,7,2,15,0,521,0.7400568181818182
567,728,3,1,33,131,23,0,245,27,1,29,1,4,3,19,0,520,0.7142857142857143
568,735,2,2,23,171,16,2,198,36,1,29,1,3,2,11,5,502,0.6829931972789116
569,521,2,2,22,131,16,5,137,15,1,16,0,7,2,7,0,363,0.6967370441458733
570,722,3,2,24,141,25,1,204,39,5,24,2,5,3,25,4,507,0.7022160664819944
571,728,3,0,34,143,21,4,218,29,3,23,0,9,4,21,4,516,0.7087912087912088
572,1216,3,7,65,271,28,4,341,74,4,38,0,9,2,50,4,900,0.7401315789473685
573,913,4,2,27,192,18,1,243,35,1,28,1,7,9,31,6,605,0.6626506024096386
574,721,1,1,23,149,20,1,219,27,2,20,1,1,6,16,1,488,0.6768377253814147
575,951,2,3,30,184,22,0,288,54,3,33,1,10,11,40,1,682,0.7171398527865405
576,742,3,1,28,159,20,2,190,40,3,20,0,7,3,28,2,506,0.6819407008086253
577,715,7,3,25,156,26,3,192,38,4,22,0,4,2,26,0,508,0.7104895104895105
578,861,2,4,39,201,14,0,267,30,1,27,0,9,3,27,0,624,0.7247386759581882
579,773,0,1,30,171,23,1,171,25,1,20,2,4,6,22,1,478,0.6183699870633894
580,700,6,3,16,178,21,4,139,15,1,14,0,6,4,34,0,441,0.63
581,742,2,1,33,194,35,1,165,24,3,21,0,5,3,25,1,513,0.6913746630727763
582,783,0,2,36,198,25,0,214,24,5,20,5,8,6,28,0,571,0.7292464878671775
583,824,4,5,42,177,29,0,259,41,3,23,1,3,7,35,3,632,0.7669902912621359
584,767,3,2,42,122,36,4,246,32,4,20,1,4,6,41,1,564,0.7353324641460235
585,647,1,2,18,128,14,2,123,18,4,5,0,7,4,12,0,338,0.5224111282843895
586,665,2,2,21,155,32,1,205,25,2,13,0,4,4,22,0,488,0.7338345864661654
587,732,2,5,31,175,16,0,189,36,4,18,0,6,5,33,3,523,0.7144808743169399
588,691,2,1,43,166,33,2,167,29,6,22,0,11,7,20,3,512,0.7409551374819102
589,802,1,2,56,167,18,0,278,53,4,9,0,2,5,24,0,619,0.7718204488778054
590,715,4,4,31,165,32,1,222,41,3,23,1,2,8,12,0,549,0.7678321678321678
591,779,1,0,52,144,17,0,300,38,1,24,0,3,6,31,1,618,0.7933247753530167
592,733,3,1,34,176,24,1,239,30,1,26,0,5,3,27,0,570,0.7776261937244202
593,743,0,2,37,162,27,1,242,38,5,18,2,2,5,22,1,564,0.7590847913862718
594,694,2,3,28,161,25,3,202,26,2,7,1,5,4,30,0,499,0.7190201729106628
595,769,5,3,51,157,28,4,213,32,1,35,0,8,3,31,3,574,0.7464239271781534
596,805,2,0,49,183,31,4,236,34,3,37,1,5,4,18,2,609,0.7565217391304347
597,846,3,0,47,212,23,3,251,41,4,27,0,5,3,30,2,651,0.7695035460992907
598,707,3,2,55,176,32,1,188,42,3,17,0,7,5,15,1,547,0.7736916548797736
599,716,4,1,20,164,15,1,164,22,4,12,3,4,3,17,1,435,0.6075418994413407
600,885,4,2,54,165,33,1,254,48,3,24,0,12,8,34,1,643,0.7265536723163842
601,765,0,2,34,185,17,2,224,36,2,20,0,2,3,23,1,551,0.7202614379084967
602,724,3,0,14,188,22,2,162,27,0,18,0,5,4,22,0,467,0.6450276243093923
603,793,5,1,37,217,32,0,215,47,3,24,1,1,2,21,0,606,0.7641866330390921
604,582,1,3,23,141,20,5,180,27,3,21,2,3,1,13,0,443,0.761168384879725
605,805,0,4,40,223,38,2,232,33,2,24,0,0,3,20,1,622,0.7726708074534161
606,916,2,1,63,219,55,0,269,36,2,30,1,6,8,30,3,725,0.7914847161572053
607,937,1,5,46,220,41,0,268,42,5,36,0,9,7,29,0,709,0.7566702241195304
608,811,3,3,31,175,36,0,253,56,1,29,1,9,2,16,1,616,0.7595561035758323
609,941,7,5,60,227,25,1,282,55,5,42,0,5,1,18,0,733,0.7789585547290117
610,871,0,3,44,197,31,5,288,57,4,27,2,8,1,22,0,689,0.7910447761194029
611,725,1,1,37,159,22,4,255,51,2,21,1,5,3,15,4,581,0.8013793103448276
612,905,1,5,41,188,32,0,294,42,1,27,1,8,4,33,3,680,0.7513812154696132
613,497,0,1,43,148,13,3,78,15,1,24,0,2,1,18,0,347,0.6981891348088531
614,715,4,7,25,171,13,1,162,43,1,13,7,10,5,19,1,482,0.6741258741258741
615,714,2,2,14,169,13,1,220,40,2,16,0,6,3,17,0,505,0.7072829131652661
616,676,5,7,19,153,26,3,191,30,0,11,3,5,3,13,2,471,0.6967455621301775
617,726,4,4,26,173,15,1,201,23,3,16,1,5,2,21,1,496,0.6831955922865014
618,778,3,1,54,170,30,0,224,29,3,25,4,4,2,20,2,571,0.7339331619537275
619,714,1,1,48,140,23,1,220,41,0,30,0,3,2,15,1,526,0.7366946778711485
620,839,1,0,50,231,26,3,237,57,8,25,0,3,3,15,1,660,0.7866507747318237
621,808,4,4,30,153,14,4,266,42,7,20,0,7,6,38,3,598,0.7400990099009901
622,1006,4,0,64,223,38,2,320,48,6,29,2,4,3,40,0,783,0.7783300198807157
623,1029,2,3,28,278,29,2,256,30,10,34,0,9,6,27,2,716,0.6958211856171039
624,919,0,1,66,277,37,3,222,42,0,32,0,2,4,30,1,717,0.780195865070729
625,820,2,1,48,206,34,2,214,54,1,15,1,4,5,18,1,606,0.7390243902439024
626,839,8,1,72,197,40,1,222,35,6,25,1,8,4,28,2,650,0.7747318235995232
627,872,4,6,49,258,40,3,214,41,2,20,0,13,5,32,2,689,0.7901376146788991
628,872,3,0,72,199,27,1,260,52,5,23,2,8,4,15,2,673,0.7717889908256881
629,783,3,2,46,208,23,1,240,26,2,25,2,4,6,12,1,601,0.7675606641123882
630,777,4,1,53,176,35,0,216,35,2,15,0,5,2,25,1,570,0.7335907335907336
631,809,2,3,43,227,24,0,177,30,2,19,0,6,10,26,1,570,0.7045735475896168
632,872,3,3,63,195,26,1,247,68,2,29,0,4,1,35,0,677,0.7763761467889908
633,853,2,3,51,230,23,3,277,38,4,26,0,5,9,22,0,693,0.8124267291910903
634,861,4,1,71,217,16,1,229,33,2,15,0,5,6,38,0,638,0.7409988385598142
635,739,3,3,47,182,23,1,221,29,3,27,0,5,2,25,1,572,0.774018944519621
636,751,6,3,36,144,35,0,239,31,1,14,0,1,6,33,3,552,0.7350199733688415
637,764,5,6,34,182,21,1,281,41,6,15,0,3,11,35,0,641,0.8390052356020943
638,737,3,2,23,156,28,0,250,37,5,13,0,2,1,30,0,550,0.746268656716418
639,745,1,3,34,137,18,3,251,37,7,19,0,4,5,26,0,545,0.7315436241610739
640,695,3,6,20,128,13,0,220,38,6,16,0,5,9,45,5,514,0.739568345323741
641,537,1,3,38,125,10,0,188,23,1,9,0,0,1,17,2,418,0.7783985102420856
642,717,1,6,33,144,24,1,230,40,3,21,0,5,4,35,3,550,0.7670850767085077
643,746,5,4,26,165,22,2,237,48,3,12,0,2,4,47,0,577,0.7734584450402144
644,748,4,0,31,192,35,2,214,39,5,20,0,3,7,32,3,587,0.7847593582887701
645,730,4,4,37,117,25,0,211,26,2,18,0,9,8,60,3,524,0.7178082191780822
646,730,4,0,24,150,21,1,252,47,9,19,0,2,10,27,1,567,0.7767123287671233
647,750,3,2,36,191,22,2,249,33,5,11,0,0,3,26,1,584,0.7786666666666666
648,823,4,2,46,183,38,1,276,39,5,21,0,1,2,38,3,659,0.8007290400972054
649,664,3,2,20,180,13,0,155,34,3,27,1,5,5,25,1,474,0.713855421686747
650,739,1,3,36,177,15,1,188,37,7,26,0,9,5,26,1,532,0.7198917456021651
651,680,2,0,27,162,11,1,163,24,3,24,2,6,6,20,1,452,0.6647058823529411
652,666,1,0,31,154,14,0,153,43,1,18,0,4,10,20,3,452,0.6786786786786787
653,246,3,2,5,31,139,0,51,3,2,1,0,0,0,2,6,245,0.9959349593495935
654,458,0,2,0,19,202,1,42,0,1,0,0,0,1,0,8,276,0.6026200873362445
655,439,1,1,2,22,191,0,31,1,0,1,0,2,2,0,4,258,0.5876993166287016
656,732,1,0,31,183,78,2,153,22,2,13,1,3,8,23,1,521,0.7117486338797814
657,700,4,2,31,154,57,1,203,38,1,10,0,7,5,21,2,536,0.7657142857142857
658,615,2,0,19,149,26,1,123,15,6,17,0,5,5,16,3,387,0.6292682926829268
659,907,4,2,42,201,25,2,254,43,6,41,1,11,11,23,1,667,0.7353914002205072
660,1018,6,1,60,218,29,2,272,87,6,38,0,4,5,31,3,762,0.7485265225933202
661,760,5,3,34,200,13,1,185,54,1,27,1,5,3,32,2,566,0.7447368421052631
662,657,6,2,39,149,18,2,188,35,1,13,0,5,4,29,4,495,0.7534246575342466
663,643,4,1,48,164,41,0,183,21,8,8,0,4,6,17,3,508,0.7900466562986003
664,724,4,1,40,163,20,1,241,37,2,16,0,1,3,28,1,558,0.7707182320441989
665,749,3,3,49,167,20,2,233,41,8,10,0,5,4,29,2,576,0.7690253671562083
666,770,5,2,24,121,27,5,232,37,12,14,0,6,5,41,2,533,0.6922077922077922
667,958,3,2,51,226,36,1,341,65,4,17,0,10,10,34,4,804,0.8392484342379958
668,709,2,1,22,130,13,0,224,27,1,14,0,4,0,35,1,474,0.6685472496473907
669,820,3,4,44,187,7,1,253,37,2,29,0,0,4,38,6,615,0.75
670,870,2,4,34,210,21,1,256,36,1,24,1,6,5,34,2,637,0.732183908045977
671,859,5,8,56,190,22,0,256,46,2,20,0,6,6,24,2,643,0.7485448195576252
672,818,0,2,37,164,23,2,255,35,8,18,1,5,3,36,2,591,0.7224938875305623
673,929,7,5,48,212,20,1,294,44,3,32,1,7,2,29,1,706,0.759956942949408
674,1058,2,4,50,318,23,1,323,48,0,26,1,2,4,28,1,831,0.7854442344045368
675,778,3,2,46,189,34,0,262,53,5,28,0,3,2,22,5,654,0.8406169665809768
676,992,3,1,56,233,22,4,323,45,6,31,1,2,4,39,1,771,0.7772177419354839
677,729,3,5,41,146,23,4,244,31,8,16,0,7,1,27,4,560,0.7681755829903978
678,988,7,1,38,225,31,3,321,58,7,24,0,13,3,41,3,775,0.7844129554655871
679,776,3,2,40,200,26,1,243,49,4,26,0,6,4,23,0,627,0.8079896907216495
680,784,3,3,54,167,22,0,261,36,3,17,0,5,2,19,2,594,0.7576530612244898
681,801,3,3,34,186,23,2,249,33,8,27,0,4,2,33,2,609,0.7602996254681648
682,776,1,2,49,210,20,1,247,41,4,20,0,5,7,28,0,635,0.8182989690721649
683,818,3,2,31,155,17,5,281,43,5,14,0,6,3,35,2,602,0.7359413202933985
684,799,6,0,43,161,25,2,285,53,6,23,0,3,2,29,3,641,0.8022528160200251
685,858,1,0,45,199,34,4,279,45,5,22,0,5,2,26,1,668,0.7785547785547785
686,825,3,2,40,178,21,2,242,42,4,26,0,3,4,34,1,602,0.7296969696969697
687,874,7,3,34,238,37,1,237,50,6,24,0,5,5,37,2,686,0.7848970251716247
688,800,2,3,40,167,13,0,260,42,3,20,0,8,1,41,0,600,0.75
689,817,3,2,35,156,8,2,264,35,3,16,0,6,7,42,2,581,0.7111383108935129
690,811,5,4,49,177,20,4,228,35,6,25,0,9,6,27,0,595,0.7336621454993835
691,809,3,1,44,175,58,4,213,32,4,21,0,3,5,23,1,587,0.7255871446229913
692,587,5,0,22,161,10,3,145,30,1,7,0,2,2,21,0,409,0.696763202725724
693,745,0,4,42,184,22,1,194,28,5,22,1,7,8,11,4,533,0.7154362416107383
694,657,2,0,23,154,11,0,169,27,1,17,0,8,7,24,1,444,0.6757990867579908
695,846,6,1,54,175,15,3,204,44,9,27,0,10,6,37,1,592,0.6997635933806147
696,707,3,4,32,157,11,0,200,31,4,20,1,3,1,21,2,490,0.693069306930693
697,711,2,0,38,208,19,2,189,29,3,24,1,6,6,15,4,546,0.7679324894514767
698,883,1,2,54,190,17,6,200,52,7,44,0,5,4,24,4,610,0.6908267270668177
699,853,1,5,41,200,23,2,294,33,6,27,0,2,3,23,0,660,0.7737397420867527
700,823,1,4,63,163,33,1,239,54,3,29,0,8,1,21,1,621,0.7545565006075334
701,734,4,1,53,170,21,2,202,42,4,24,2,6,0,12,2,545,0.7425068119891008
702,739,2,4,35,162,22,4,207,46,5,21,1,8,5,18,0,540,0.7307171853856563
703,766,2,1,47,214,28,2,212,41,2,23,0,4,4,22,1,603,0.7872062663185379
704,674,4,0,38,123,28,1,198,27,3,20,0,7,8,29,0,486,0.7210682492581603
705,588,2,1,41,135,11,2,141,22,3,21,2,5,2,31,0,419,0.7125850340136054
706,543,3,2,25,114,10,4,128,23,3,14,0,5,7,14,1,353,0.6500920810313076
707,540,3,1,23,128,15,2,145,25,5,8,0,2,2,17,1,377,0.6981481481481482
708,488,0,2,6,45,6,1,38,5,2,2,1,2,3,11,0,124,0.2540983606557377
709,563,4,3,23,121,22,0,191,19,2,19,0,0,7,20,4,435,0.7726465364120781
710,581,1,4,39,137,19,1,174,33,0,11,2,3,3,15,2,444,0.7641996557659209
711,591,0,0,36,127,19,4,206,28,3,14,0,7,3,20,0,467,0.7901861252115059
712,514,0,0,29,154,18,1,144,21,1,19,0,3,2,14,0,406,0.7898832684824902
713,827,10,2,58,200,14,1,257,39,9,21,1,8,4,22,0,646,0.781136638452237
714,1097,4,4,71,212,47,1,348,68,6,31,0,9,4,48,7,860,0.7839562443026435
715,595,5,0,58,175,20,1,157,39,4,25,0,1,2,12,2,501,0.8420168067226891
716,472,5,0,23,122,27,4,177,17,1,11,0,0,0,6,7,400,0.847457627118644
717,466,2,6,32,150,8,0,143,20,2,10,1,3,0,10,3,390,0.8369098712446352
718,390,2,0,32,122,15,0,95,20,2,5,0,0,0,7,3,303,0.7769230769230769
719,535,2,1,34,154,46,1,146,19,3,9,0,2,1,15,4,437,0.8168224299065421
720,621,2,8,47,167,26,0,170,37,0,16,0,1,3,10,1,488,0.785829307568438
721,228,0,2,12,66,12,2,56,9,1,4,0,2,3,11,2,182,0.7982456140350878
722,748,4,2,37,219,36,0,236,41,8,12,1,0,1,26,5,628,0.839572192513369
723,550,4,2,38,233,15,0,117,23,3,11,0,0,1,9,2,458,0.8327272727272728
724,719,5,4,38,167,9,1,201,37,7,14,0,3,9,21,2,518,0.7204450625869263
725,742,2,0,27,137,17,0,181,30,4,24,2,3,3,29,2,461,0.6212938005390836
726,605,0,3,15,119,14,0,181,29,11,9,0,2,12,28,2,425,0.7024793388429752
727,594,2,2,19,126,12,0,234,27,5,11,0,2,2,25,1,468,0.7878787878787878
728,643,4,5,29,135,4,1,156,42,5,10,1,3,8,31,6,440,0.6842923794712286
729,769,3,2,33,159,18,0,260,40,3,21,0,9,3,22,1,574,0.7464239271781534
730,805,4,4,32,188,15,0,224,33,5,19,0,11,6,43,3,587,0.7291925465838509
731,704,3,1,32,181,19,0,216,34,1,14,0,4,1,37,3,546,0.7755681818181818
732,891,4,4,50,195,34,1,258,31,7,17,0,3,4,46,7,661,0.7418630751964085
733,760,1,2,55,201,27,3,213,47,5,16,0,1,4,22,4,601,0.7907894736842105
734,721,5,2,43,189,19,1,223,25,3,16,0,2,4,19,8,559,0.7753120665742025
735,874,5,2,53,273,32,1,239,23,8,17,0,1,2,20,7,683,0.7814645308924485
736,858,1,0,48,231,15,0,233,28,3,16,1,2,10,23,6,617,0.7191142191142191
737,703,3,0,50,148,23,1,247,25,4,10,0,0,2,26,1,540,0.7681365576102418
738,757,3,2,53,211,24,0,237,31,10,14,0,1,1,15,7,609,0.8044914134742405
739,731,3,3,50,199,22,0,215,36,2,15,0,1,0,14,3,563,0.7701778385772914
740,694,0,4,40,155,37,2,209,51,6,18,1,4,4,24,4,559,0.8054755043227666
741,135,4,1,1,7,14,0,9,1,2,2,0,0,4,1,2,48,0.35555555555555557
742,1410,1,2,56,282,34,3,522,91,8,40,0,5,1,62,5,1112,0.7886524822695036
743,852,2,1,53,294,44,3,235,37,6,26,0,0,2,17,10,730,0.8568075117370892
744,865,9,1,59,340,47,0,200,22,3,19,1,1,0,13,3,718,0.8300578034682081
745,494,4,1,22,133,57,1,122,16,1,9,0,1,1,14,6,388,0.7854251012145749
746,742,3,1,33,144,20,1,243,46,4,16,0,1,3,33,3,551,0.7425876010781671
747,751,2,3,35,182,29,1,224,30,4,29,0,6,4,29,5,583,0.7762982689747004
748,761,2,2,35,138,13,2,242,60,9,25,0,5,9,49,3,594,0.7805519053876478
749,732,1,1,47,192,24,1,215,37,2,12,0,2,8,25,1,568,0.7759562841530054
750,724,3,5,40,160,20,2,237,26,5,16,0,1,5,33,6,559,0.7720994475138122
751,839,2,2,45,166,29,2,264,61,3,18,0,2,6,24,4,628,0.7485101311084624
752,792,2,3,57,202,19,2,256,47,3,12,0,1,10,19,6,639,0.8068181818181818
753,738,2,3,30,184,39,1,218,38,3,11,0,1,1,34,7,572,0.7750677506775068
754,791,2,2,45,190,17,1,230,40,5,18,0,1,7,25,4,587,0.7420986093552465
755,750,2,5,46,127,24,0,235,49,4,8,0,4,6,35,3,548,0.7306666666666667
756,789,3,2,33,188,22,1,235,48,4,24,0,5,7,30,3,605,0.7667934093789607
757,735,2,1,47,195,22,3,209,33,5,15,0,3,3,19,0,557,0.7578231292517007
758,697,1,4,37,130,18,4,225,37,4,22,0,2,3,27,1,515,0.7388809182209469
759,698,4,1,34,158,23,0,205,41,4,15,0,1,4,24,1,515,0.7378223495702005
760,827,3,3,49,233,35,2,245,43,11,20,1,2,1,24,6,678,0.8198307134220073
761,782,3,3,64,206,25,1,239,38,2,20,0,6,2,30,5,644,0.8235294117647058
762,1103,3,2,74,318,38,2,331,42,4,23,1,1,2,27,4,872,0.7905711695376246
763,725,4,2,38,155,25,1,232,41,5,9,0,6,5,45,4,572,0.7889655172413793
764,805,3,1,54,211,34,0,249,46,3,21,0,4,2,23,4,655,0.8136645962732919
765,767,3,0,53,179,18,1,218,47,4,27,0,4,6,26,2,588,0.7666232073011734
766,827,1,2,52,231,38,0,250,39,9,16,0,4,2,19,3,666,0.8053204353083434
767,762,2,3,46,161,29,2,214,45,5,12,0,3,4,34,0,560,0.7349081364829396
768,868,2,2,43,245,23,4,237,47,5,20,0,2,1,13,0,644,0.7419354838709677
769,696,4,1,27,145,15,0,218,43,12,17,0,1,7,21,1,512,0.735632183908046
770,773,5,5,56,239,33,0,208,42,5,20,0,1,0,15,5,634,0.8201811125485123
771,813,3,0,73,268,19,2,202,41,5,15,0,2,6,20,0,656,0.8068880688806888
772,848,9,0,69,257,26,1,229,31,3,25,0,1,3,10,1,665,0.7841981132075472
773,764,3,2,55,194,21,1,228,31,3,25,0,4,3,26,0,596,0.7801047120418848
774,708,3,0,43,226,21,1,185,33,3,30,0,1,0,10,0,556,0.7853107344632768
775,559,1,0,52,205,18,0,146,18,3,12,0,1,1,8,0,465,0.8318425760286225
776,563,1,2,30,219,39,0,140,13,2,7,0,0,0,10,5,468,0.8312611012433393
777,310,0,1,24,86,66,0,70,9,3,9,0,0,0,7,3,278,0.896774193548387
778,274,1,0,5,64,10,0,32,7,1,2,0,2,1,3,0,128,0.46715328467153283
779,711,2,3,59,356,28,1,96,16,4,15,0,2,0,11,2,595,0.8368495077355836
780,642,4,0,62,228,24,0,153,24,1,15,0,0,2,14,9,536,0.8348909657320872
781,514,2,1,39,186,27,0,135,14,3,8,0,2,0,12,3,432,0.8404669260700389
782,508,7,2,39,210,23,0,117,13,3,16,0,2,1,6,5,444,0.8740157480314961
783,275,2,0,30,122,10,0,61,14,2,5,0,0,0,5,1,252,0.9163636363636364
784,710,6,6,87,150,44,2,210,35,9,20,0,0,2,14,1,586,0.8253521126760563
785,715,7,1,52,225,14,0,213,31,6,13,0,0,0,18,4,584,0.8167832167832167
786,536,4,0,65,155,14,0,148,23,2,11,0,0,1,15,2,440,0.8208955223880597
787,805,1,5,47,185,26,0,252,49,3,21,0,2,3,26,2,622,0.7726708074534161
788,786,4,3,23,232,23,0,215,43,2,15,0,3,2,31,1,597,0.7595419847328244
789,765,5,4,37,181,33,1,273,48,3,17,0,2,5,19,1,629,0.8222222222222222
790,840,0,2,43,249,38,1,244,46,2,32,1,0,4,12,3,677,0.805952380952381
791,746,2,1,36,184,19,1,228,38,2,32,1,5,5,23,1,578,0.774798927613941
792,794,4,1,33,192,25,0,215,56,10,14,0,9,4,30,2,595,0.7493702770780857
793,708,3,5,33,161,20,0,221,34,4,26,2,2,2,32,1,546,0.7711864406779662
794,686,6,0,20,150,31,1,233,36,2,22,0,3,4,15,0,523,0.7623906705539358
795,722,3,2,36,166,27,4,228,43,4,22,0,7,3,24,2,571,0.7908587257617729
796,712,1,3,38,132,27,1,198,27,3,25,0,1,4,36,1,497,0.6980337078651685
797,803,3,3,49,174,21,1,247,46,4,30,1,7,2,33,1,622,0.7745952677459527
798,758,6,3,25,160,27,3,205,32,3,14,0,5,9,22,0,514,0.6781002638522428
799,679,1,1,42,130,28,3,237,40,3,22,1,2,3,28,1,542,0.7982326951399117
800,702,1,1,22,148,21,4,194,52,1,23,0,4,3,37,0,511,0.7279202279202279
801,690,3,1,21,186,30,2,210,40,2,15,0,5,1,24,3,543,0.7869565217391304
802,620,1,2,25,128,38,1,176,52,4,24,1,4,3,16,1,476,0.7677419354838709
803,797,4,2,30,177,21,4,242,47,2,27,0,2,4,38,0,600,0.7528230865746549
804,749,4,1,39,199,17,3,226,44,3,25,1,6,3,15,2,588,0.7850467289719626
805,748,3,2,37,205,24,2,201,39,2,23,0,3,7,22,0,570,0.7620320855614974
806,669,1,3,38,124,28,1,184,43,4,24,0,5,2,31,3,491,0.7339312406576981
807,881,6,0,45,174,24,2,194,28,3,11,0,3,3,23,1,517,0.58683314415437
808,1046,4,2,61,240,28,3,342,70,6,33,1,5,7,25,5,832,0.7954110898661568
809,700,3,6,36,203,29,2,176,34,2,22,1,3,1,18,1,537,0.7671428571428571
810,758,8,2,38,150,18,2,227,41,2,19,0,6,5,33,2,553,0.7295514511873351
811,740,6,2,33,229,32,0,216,31,3,16,0,2,2,16,7,595,0.8040540540540541
812,725,2,2,35,172,29,3,216,33,1,26,0,5,2,16,2,544,0.7503448275862069
813,689,1,3,46,175,20,0,191,37,1,16,0,2,5,18,2,517,0.7503628447024674
814,679,3,2,29,165,22,1,227,26,2,15,0,3,5,35,1,536,0.7893961708394698
815,815,5,4,48,240,23,1,250,44,6,27,1,2,2,24,5,682,0.8368098159509203
816,599,4,3,21,94,12,2,165,25,0,11,0,7,8,24,0,376,0.6277128547579299
817,664,1,4,41,137,23,0,199,30,3,16,0,7,3,29,2,495,0.7454819277108434
818,711,4,0,38,120,24,1,260,27,5,22,1,2,4,24,3,535,0.7524613220815752
819,746,1,3,33,173,16,2,212,44,1,25,0,7,1,28,1,547,0.7332439678284183
820,710,3,2,31,126,31,2,241,29,3,22,0,5,2,16,2,515,0.7253521126760564
821,748,3,1,36,158,20,2,239,53,2,21,2,9,5,15,0,566,0.7566844919786097
822,709,2,2,18,158,32,1,207,39,7,14,0,5,10,24,0,519,0.7320169252468265
823,781,1,1,45,168,23,2,230,38,9,16,1,3,9,24,5,575,0.736235595390525
824,726,3,1,49,187,36,3,182,30,8,21,0,5,1,18,4,548,0.7548209366391184
825,818,2,2,33,171,27,1,245,50,3,21,0,6,1,25,2,589,0.7200488997555012
826,705,1,1,35,147,30,2,232,42,1,16,0,3,7,21,0,538,0.7631205673758865
827,652,0,3,27,144,30,1,218,29,3,16,0,1,2,19,1,494,0.7576687116564417
828,684,3,2,62,160,40,1,198,39,4,21,0,2,3,20,7,562,0.8216374269005848
829,689,6,0,39,162,23,1,190,40,1,25,0,2,2,21,6,518,0.7518142235123367
830,767,3,3,42,174,17,2,279,43,4,21,0,2,6,23,1,620,0.8083441981747066
831,731,3,4,38,166,29,4,244,53,1,12,1,0,2,25,2,584,0.79890560875513
832,621,4,0,28,158,16,1,191,43,6,18,1,3,2,20,2,493,0.7938808373590982
833,630,3,3,32,145,13,0,187,26,6,15,0,1,5,17,1,454,0.7206349206349206
834,823,3,1,29,149,26,3,280,50,6,22,1,1,4,17,4,596,0.724179829890644
835,850,5,4,46,175,24,3,263,50,4,20,0,5,0,21,0,620,0.7294117647058823
836,724,6,2,32,156,27,4,214,50,5,13,0,10,4,30,2,555,0.7665745856353591
837,748,3,2,47,167,29,7,246,28,3,20,0,4,0,16,2,574,0.767379679144385
838,691,4,1,41,138,24,1,229,36,4,19,1,4,2,20,2,526,0.7612156295224313
839,681,3,7,29,142,23,4,226,26,1,18,0,5,7,26,4,521,0.7650513950073421
840,657,1,1,43,151,23,0,178,26,1,12,0,4,6,20,1,467,0.710806697108067
841,760,3,2,36,161,18,2,271,57,3,30,0,5,4,41,0,633,0.8328947368421052
842,905,1,5,47,199,32,2,298,48,3,19,0,6,2,36,1,699,0.7723756906077348
843,791,1,4,37,143,39,2,241,49,2,26,2,2,2,40,3,593,0.7496839443742098
844,1042,9,7,41,238,31,3,333,70,10,27,0,7,4,29,1,810,0.7773512476007678
845,757,6,2,46,186,30,6,241,43,4,16,0,4,3,17,0,604,0.797886393659181
846,760,4,5,35,144,22,4,248,42,2,24,0,5,3,30,1,569,0.7486842105263158
847,746,1,1,31,166,33,2,266,41,7,20,0,5,7,21,1,602,0.806970509383378
848,735,1,0,31,171,31,2,274,46,2,24,0,3,1,14,1,601,0.817687074829932
849,683,1,3,24,179,14,6,233,31,2,27,0,3,2,16,2,543,0.7950219619326501
850,774,1,2,45,213,19,4,228,41,1,25,0,5,2,24,0,610,0.7881136950904393
851,780,3,0,53,214,32,1,230,45,3,23,0,3,1,16,2,626,0.8025641025641026
852,760,4,3,21,148,31,1,321,49,6,15,0,1,3,29,2,634,0.8342105263157895
853,809,3,6,44,164,25,4,270,43,1,28,1,5,5,29,2,630,0.7787391841779975
854,757,1,3,20,160,33,1,278,53,5,17,0,2,2,15,2,592,0.7820343461030383
855,654,0,1,34,170,24,0,222,46,3,18,0,2,2,19,3,544,0.8318042813455657
856,936,0,1,58,223,32,1,318,52,2,28,0,1,4,31,2,753,0.8044871794871795
857,768,1,3,30,151,26,1,273,69,1,18,1,4,9,19,1,607,0.7903645833333334
858,850,4,2,42,211,33,1,303,55,1,26,0,2,1,23,2,706,0.8305882352941176
859,800,7,2,34,214,22,4,257,66,1,26,1,3,2,20,1,660,0.825
860,845,2,4,43,194,21,2,311,34,7,34,0,5,6,30,4,697,0.8248520710059172
861,795,1,1,17,159,23,2,291,66,0,19,0,3,2,25,2,611,0.7685534591194969
862,759,5,1,55,156,21,0,270,51,5,18,0,3,7,25,1,618,0.8142292490118577
863,800,6,1,31,158,30,0,273,50,3,19,0,4,2,29,2,608,0.76
864,809,0,2,43,168,24,0,294,57,6,23,2,2,2,24,0,647,0.799752781211372
865,846,9,2,48,179,36,1,270,63,3,25,0,4,1,17,0,658,0.7777777777777778
866,726,3,2,45,129,23,0,283,41,5,23,1,1,2,20,3,581,0.800275482093664
867,641,0,1,27,106,16,2,239,41,4,23,0,2,5,30,1,497,0.7753510140405616
868,636,3,2,25,143,15,4,202,19,1,17,0,3,3,19,2,458,0.720125786163522
869,674,1,4,22,120,23,1,221,29,1,12,0,4,5,33,3,479,0.7106824925816023
870,603,1,2,17,128,5,0,143,29,2,13,0,1,4,34,1,380,0.6301824212271974
871,759,6,5,33,140,35,1,218,56,4,19,0,7,1,17,1,543,0.7154150197628458
872,967,4,7,42,208,41,4,299,51,4,29,0,4,5,28,0,726,0.750775594622544
873,544,2,1,32,117,14,1,148,35,1,15,0,4,8,17,3,398,0.7316176470588235
874,868,4,2,55,202,35,4,243,44,3,16,0,3,3,24,2,640,0.7373271889400922
875,493,4,0,12,129,8,1,86,6,0,13,0,5,2,11,1,278,0.563894523326572
876,683,0,2,16,153,13,1,253,43,1,20,0,5,1,38,1,547,0.8008784773060029
877,497,3,2,19,113,17,2,150,33,6,10,0,4,3,19,0,381,0.7665995975855131
878,1017,1,2,35,212,38,4,362,65,3,17,1,6,5,42,0,793,0.7797443461160275
879,1018,3,3,27,235,32,0,333,60,8,28,0,6,9,38,1,783,0.769155206286837
880,1016,1,4,39,198,26,2,306,63,5,21,0,9,6,37,2,719,0.7076771653543307
881,804,7,3,39,148,37,2,224,50,2,24,1,5,0,25,1,568,0.7064676616915423
882,607,0,2,11,161,27,0,168,38,3,15,1,2,4,24,2,458,0.7545304777594728
883,779,4,1,46,159,23,3,210,53,2,16,0,4,0,19,1,541,0.6944801026957638
884,758,0,6,36,157,24,0,273,32,2,22,2,3,5,33,2,597,0.787598944591029
885,780,2,1,28,163,21,3,250,53,6,18,0,8,3,39,1,596,0.764102564102564
886,797,3,3,9,158,18,2,253,41,0,15,0,9,5,22,2,540,0.6775407779171895
887,445,2,1,12,123,17,0,148,22,1,8,0,1,3,10,4,352,0.7910112359550562
888,938,1,1,30,189,28,1,289,50,4,19,1,9,9,36,2,669,0.7132196162046909
889,818,4,3,25,151,22,1,308,53,2,11,1,3,5,21,0,610,0.7457212713936431
890,727,1,2,25,171,25,0,238,38,4,16,0,4,1,17,0,542,0.7455295735900963
891,773,4,2,38,205,26,3,230,34,0,20,0,6,2,40,0,610,0.7891332470892626
892,823,2,2,34,176,26,1,241,51,6,15,0,4,3,27,2,590,0.7168894289185905
893,738,2,1,35,153,24,2,240,41,1,17,0,7,2,26,1,552,0.7479674796747967
894,726,5,5,32,120,32,1,245,51,2,20,0,5,3,17,0,538,0.7410468319559229
895,892,2,3,48,190,36,1,301,60,6,21,0,1,2,29,2,702,0.7869955156950673
896,976,2,3,41,195,30,0,347,47,3,31,0,5,1,38,0,743,0.7612704918032787
897,776,3,2,19,146,23,2,242,32,2,19,0,6,8,27,4,535,0.6894329896907216
898,1053,8,10,60,213,38,3,337,49,8,30,1,8,4,36,2,807,0.7663817663817664
899,686,2,0,20,148,24,2,206,42,3,11,1,6,2,39,0,506,0.7376093294460642
900,792,1,1,23,182,17,3,236,48,1,25,1,1,1,24,4,568,0.7171717171717171
901,660,0,2,18,138,18,3,218,42,1,12,0,6,4,29,0,491,0.7439393939393939
902,719,2,4,21,155,32,1,224,44,4,16,0,6,2,21,0,532,0.7399165507649513
903,684,1,0,15,127,24,3,227,31,2,17,0,2,2,37,1,489,0.7149122807017544
904,783,3,1,33,188,43,2,229,29,3,18,0,4,0,30,0,583,0.7445721583652618
905,767,2,5,30,158,24,0,253,35,8,17,0,2,7,28,1,570,0.7431551499348109
906,735,5,5,43,138,17,2,201,32,0,20,0,8,4,23,2,500,0.6802721088435374
907,808,1,2,36,196,30,1,304,49,6,13,0,5,3,26,1,673,0.8329207920792079
908,0,0,0,2,17,2,0,34,5,0,4,0,0,0,3,0,67,inf
909,0,5,0,12,49,4,0,52,8,0,3,0,3,0,8,0,144,inf
910,0,0,0,1,6,0,0,8,0,0,0,0,0,0,1,0,16,inf
911,3,3,2,8,55,6,1,63,10,0,2,0,2,0,7,0,159,53.0
912,0,2,1,9,71,9,0,94,6,1,3,0,2,1,10,2,211,inf
913,859,3,4,64,194,33,0,299,30,4,21,0,1,5,17,1,676,0.7869615832363213
914,0,0,0,1,15,1,0,10,2,2,0,0,0,0,3,0,34,inf
915,0,0,0,0,17,2,0,33,1,0,1,0,0,1,1,0,56,inf
916,1,0,0,0,8,1,0,5,2,0,0,0,0,0,1,0,17,17.0
917,0,1,1,2,33,8,2,47,5,0,1,0,0,2,6,0,108,inf
918,0,2,0,4,22,5,0,31,6,2,4,0,1,3,3,0,83,inf
919,0,0,0,5,35,3,0,42,8,0,4,0,0,1,3,1,102,inf
