SEZIONE,destre_unite_forconi_235,il_popolo_della_famiglia_965,p_r_i_ala_347,potere_al_popolo_4905,civica_popolare_lorenzin_1433,italia_europa_insieme_2371,piu_europa_10296,partito_democratico_53312,sinistra_rivoluzionaria_491,partito_comunista_1366,casapound_896,liberi_e_uguali_18117,italia_agli_italiani_611,movimento_5_stelle_41598,forza_italia_18467,udc_831,lega_26492,fratelli_d_italia_6601,TOTALE
4,0,4,0,18,2,9,40,101,0,2,2,41,1,79,76,6,43,21,445
6,0,1,0,19,3,8,37,96,4,1,1,60,0,70,58,6,48,21,433
8,0,2,0,7,1,5,36,92,0,2,4,43,1,78,30,0,42,14,357
10,0,2,2,36,0,5,49,78,0,3,3,56,2,48,49,0,41,12,386
11,1,1,2,14,3,3,26,79,1,1,1,49,1,40,38,0,44,15,319
13,0,1,2,17,3,4,18,54,0,3,1,31,0,33,22,1,23,9,222
16,1,0,1,25,1,7,34,92,1,2,2,43,2,88,39,0,44,18,400
18,1,2,0,20,3,4,42,135,3,2,5,54,2,68,50,2,76,23,492
26,0,2,1,21,3,5,32,115,5,0,3,50,1,70,49,4,73,24,458
27,0,2,1,18,2,9,29,123,4,2,1,50,1,72,37,2,47,17,417
28,0,3,2,23,1,13,27,105,1,1,1,54,1,69,82,5,62,17,467
29,0,2,0,9,7,6,34,71,2,3,3,47,0,91,36,1,46,15,373
31,0,3,0,19,1,3,42,144,0,2,2,54,1,97,48,3,59,19,497
35,0,2,2,19,2,2,29,128,1,3,1,47,1,105,38,3,68,19,470
36,0,2,0,13,2,6,33,117,0,5,0,56,1,59,41,4,54,27,420
44,0,1,3,4,9,4,30,90,0,1,2,27,0,59,67,6,79,26,408
46,0,3,2,18,2,10,37,109,2,0,1,49,0,71,55,3,37,17,416
47,0,1,2,23,1,5,39,120,1,3,3,52,2,78,53,4,73,25,485
49,0,2,1,15,5,9,49,119,2,0,3,45,1,78,71,1,69,27,497
51,1,2,3,12,0,13,33,122,0,2,4,37,0,64,76,3,72,24,468
53,1,3,0,16,2,7,42,118,0,3,1,62,1,97,53,3,47,15,471
54,1,4,1,22,1,3,34,73,3,2,4,46,1,75,41,0,50,6,367
58,1,3,0,16,10,5,17,93,0,3,1,30,0,60,60,0,69,17,385
60,0,0,1,11,3,10,33,92,0,2,1,43,1,77,38,1,49,16,378
61,1,2,0,16,5,6,21,108,1,2,2,47,1,114,46,5,53,12,442
62,0,2,2,15,0,4,26,88,0,0,1,33,0,80,38,1,51,19,360
64,1,1,0,14,2,6,20,107,1,2,4,44,1,85,34,3,69,13,407
66,0,2,0,13,2,7,38,133,2,3,2,72,0,135,52,1,65,21,548
68,0,0,0,17,2,5,23,98,2,2,2,54,0,114,25,0,49,18,411
72,0,0,2,14,1,4,27,106,1,4,3,36,2,116,43,2,61,14,436
75,0,1,1,7,3,9,24,125,0,2,4,56,2,104,38,1,53,12,442
76,1,3,0,12,3,0,14,72,1,1,1,28,5,68,26,1,61,4,301
78,0,2,0,8,0,4,13,97,2,0,1,32,3,104,52,1,63,22,404
79,0,2,2,8,5,4,26,90,0,2,2,44,1,79,50,1,63,19,398
82,0,3,0,10,3,7,15,99,0,2,1,51,2,100,23,1,44,10,371
88,0,0,1,25,1,6,37,64,3,2,1,52,1,70,34,6,33,9,345
95,0,1,2,32,1,7,46,116,3,1,3,61,1,58,31,0,40,18,421
97,0,1,0,18,4,9,36,73,2,3,3,39,1,87,39,1,37,14,367
98,0,2,0,5,3,0,22,110,2,2,4,45,1,65,44,1,63,23,392
99,1,4,0,16,6,5,36,112,0,2,4,55,1,108,78,2,57,26,513
100,1,0,0,11,4,9,22,79,0,0,1,41,2,73,34,0,41,17,335
101,0,0,1,13,4,4,40,104,1,1,0,45,4,63,54,4,45,18,401
102,0,3,1,14,5,3,37,131,0,5,3,62,0,77,35,1,58,13,448
106,0,3,0,12,6,8,29,141,2,2,1,54,3,87,26,6,42,11,433
109,0,1,1,33,3,10,40,118,4,3,2,71,0,94,34,2,53,16,485
110,0,3,0,16,4,10,26,116,1,1,0,43,1,78,32,5,62,8,406
112,0,0,0,18,3,12,25,123,1,2,1,50,0,104,34,1,37,17,428
119,1,2,1,10,1,6,38,129,2,4,4,38,1,105,37,7,58,26,470
122,0,1,1,11,3,9,13,126,1,4,4,32,0,79,48,2,56,12,402
123,0,4,2,7,6,6,28,153,0,1,1,50,3,83,50,7,77,19,497
124,0,0,2,15,1,6,16,105,1,4,2,38,0,131,24,1,42,8,396
127,0,4,0,11,6,4,25,159,1,8,1,49,3,143,53,8,73,11,559
129,0,0,1,15,4,6,25,127,3,4,2,40,2,118,46,2,76,10,481
132,1,0,4,16,4,6,30,153,1,3,3,45,3,146,49,5,110,33,612
134,0,4,0,5,4,5,13,126,3,4,1,45,0,127,41,5,69,14,466
136,0,4,0,3,4,3,11,145,0,1,2,19,4,122,57,3,68,14,460
137,0,3,1,8,0,5,12,112,0,2,5,27,4,126,50,1,76,13,445
138,0,4,2,3,1,4,32,76,1,2,4,21,1,42,76,3,70,19,361
139,1,4,1,7,4,7,38,93,0,1,0,33,2,33,82,11,58,27,402
142,1,2,0,4,4,10,26,72,0,1,11,20,2,46,82,4,61,14,360
150,1,2,0,13,0,6,34,84,0,1,1,53,1,60,35,1,56,14,362
152,2,1,1,5,4,8,38,89,0,1,3,24,0,52,73,4,66,15,386
156,0,8,1,3,3,2,45,101,1,1,1,26,1,44,68,0,61,18,384
161,0,4,1,12,6,4,40,110,1,3,1,37,1,58,59,2,55,19,413
162,1,6,1,12,6,5,43,120,0,1,0,40,0,55,60,0,68,18,436
164,0,2,2,4,8,10,36,113,0,1,2,29,2,57,74,4,65,26,435
166,0,1,0,5,8,7,32,121,0,0,0,45,1,65,87,6,60,21,459
167,0,7,4,11,4,12,34,103,1,1,2,50,1,58,59,4,65,25,441
169,0,0,2,12,4,7,34,99,2,6,2,37,1,78,37,1,58,8,388
171,0,2,0,10,3,7,29,136,3,0,0,53,0,80,48,2,63,22,458
175,1,1,0,12,4,7,28,132,1,3,0,39,2,85,46,6,56,16,439
176,0,0,1,6,4,2,15,120,1,2,2,43,0,58,49,1,59,24,387
179,0,2,3,13,0,7,25,90,0,7,1,38,2,127,28,2,43,12,400
182,0,4,1,6,6,1,16,79,1,1,0,41,2,87,37,1,41,15,339
186,0,2,0,8,1,8,32,98,0,2,2,32,2,96,20,1,49,17,370
187,2,0,2,11,1,4,24,120,1,0,3,43,2,104,39,0,60,11,427
190,0,0,1,10,4,8,44,88,0,2,2,25,1,61,98,0,73,29,446
192,0,4,0,13,4,5,44,114,0,1,1,37,2,65,66,1,65,27,449
196,1,1,2,5,6,3,45,85,1,1,2,26,0,57,72,2,62,32,403
199,0,4,1,17,2,9,23,166,2,5,4,70,0,186,56,5,75,18,643
200,1,4,0,19,7,6,33,180,1,4,4,61,3,173,35,2,95,22,650
202,2,2,3,9,2,7,25,170,3,5,3,51,0,101,55,2,69,24,533
203,1,1,0,7,0,7,13,129,0,2,2,46,3,130,35,1,88,9,474
204,0,5,0,16,2,3,15,158,0,3,7,61,1,150,50,2,77,22,572
205,1,0,2,10,3,4,21,151,0,9,1,43,1,114,40,2,85,4,491
206,0,0,2,4,1,9,12,134,2,4,2,39,1,121,32,0,60,16,439
207,0,3,0,11,3,6,16,158,2,5,2,50,1,183,43,3,86,16,588
209,2,1,0,9,3,6,17,164,1,7,1,49,4,116,42,0,62,8,492
211,1,1,0,5,0,3,15,188,0,0,3,44,3,131,40,0,84,16,534
213,0,1,1,18,3,6,23,160,1,8,1,48,2,128,37,5,73,16,531
218,2,2,1,8,2,3,15,127,5,6,1,60,3,136,37,3,52,12,475
219,0,4,1,6,0,6,31,199,3,6,2,80,1,103,37,2,64,11,556
220,0,7,0,9,13,8,21,211,1,3,3,48,1,88,47,2,60,16,538
226,0,2,0,7,0,7,8,118,1,2,1,18,1,99,28,0,58,6,356
227,0,0,0,10,4,1,9,128,0,2,1,26,6,68,26,1,59,8,349
231,1,4,0,4,0,1,4,88,0,2,0,22,1,110,21,1,53,7,319
236,1,2,1,2,1,4,7,171,1,8,1,40,1,92,25,1,69,13,440
237,0,0,1,13,1,6,27,240,1,6,4,74,3,208,44,1,82,15,726
239,3,4,0,3,3,2,15,145,3,4,3,28,3,105,28,3,58,11,421
240,1,6,0,10,1,4,31,156,3,4,1,52,3,197,38,5,87,16,615
245,1,0,2,5,4,4,13,137,1,5,1,34,2,158,33,0,79,9,488
247,0,2,0,6,6,6,15,136,1,1,2,42,0,157,53,2,115,20,564
252,0,2,0,4,0,4,15,182,1,4,2,40,0,83,21,0,69,16,443
257,1,0,0,8,0,2,22,130,2,6,2,29,1,127,35,2,92,14,473
259,1,2,0,4,3,6,17,158,0,6,1,40,0,126,49,3,78,14,508
260,0,1,0,11,1,5,13,91,0,2,1,39,0,91,23,2,37,13,330
262,0,1,0,27,3,7,20,113,0,0,1,47,2,93,51,0,74,9,448
266,0,0,0,13,2,6,15,80,0,4,1,24,1,66,35,0,46,7,300
268,1,2,0,25,4,5,32,133,3,7,1,42,2,103,27,0,53,19,459
270,2,4,1,10,3,7,18,134,5,7,3,37,3,144,34,0,71,10,493
271,1,6,2,26,0,2,15,86,0,1,0,62,4,99,28,3,70,12,417
275,3,1,1,2,0,4,20,139,0,3,2,35,0,89,49,3,53,8,412
276,1,4,0,20,1,10,20,114,3,1,1,49,3,90,24,1,62,12,416
279,0,2,0,18,1,3,11,117,1,5,2,29,2,106,11,0,39,9,356
281,0,3,0,24,1,5,24,81,2,3,3,38,1,83,39,0,52,7,366
284,0,0,1,14,2,6,11,105,4,5,1,52,3,83,27,2,54,15,385
290,1,0,1,7,3,8,22,130,2,5,0,46,1,87,36,0,72,14,435
292,0,1,0,9,3,3,25,111,1,5,0,37,1,117,19,0,40,7,379
293,1,2,0,10,2,1,21,129,0,4,0,34,1,108,29,2,55,11,410
298,1,5,1,6,1,1,12,169,1,8,2,47,1,154,35,7,75,12,538
303,1,2,0,9,3,4,10,130,0,1,2,62,2,119,43,1,57,20,466
304,1,2,0,8,0,5,14,120,1,2,2,31,2,121,58,0,76,11,454
308,1,0,0,5,2,6,15,177,0,4,1,39,0,108,19,0,54,11,442
311,0,0,2,11,4,4,16,175,0,5,1,50,0,95,28,0,42,9,442
313,0,0,0,4,1,5,15,197,1,4,0,43,3,83,30,3,69,12,470
315,0,1,1,14,2,13,26,149,4,2,2,49,0,154,26,1,89,19,552
317,0,5,2,4,2,9,13,150,1,4,1,22,0,95,37,4,52,11,412
321,1,2,1,11,4,3,14,125,2,3,2,39,1,125,30,1,61,13,438
324,1,3,0,11,2,4,17,147,1,2,2,24,2,86,33,0,64,12,411
326,1,3,0,9,5,0,4,88,0,4,3,31,0,132,31,1,52,13,377
327,0,1,0,6,8,2,17,144,1,2,0,45,2,137,41,1,64,12,483
329,1,2,0,6,2,7,21,136,1,3,3,43,3,132,37,1,81,12,491
330,1,2,0,11,3,2,21,143,0,3,4,43,3,155,37,1,74,7,510
338,0,5,0,19,146,0,0,0,0,1,7,44,2,134,47,1,61,12,479
340,1,2,0,10,2,5,12,85,0,5,4,43,2,85,15,1,52,6,330
345,1,5,0,8,1,4,13,110,2,9,3,45,1,111,37,3,60,13,426
349,0,4,0,15,1,2,7,75,1,5,2,35,2,87,31,1,43,5,316
350,1,3,0,15,2,5,15,112,3,4,2,58,0,87,14,2,56,6,385
351,0,3,0,12,0,5,15,157,4,3,2,47,0,122,32,3,39,15,459
353,0,4,0,18,3,3,12,138,1,5,2,50,4,96,21,2,55,11,425
354,0,5,1,8,6,6,13,145,1,2,1,29,0,111,37,1,67,12,445
355,1,2,0,10,5,11,10,134,1,2,3,38,1,77,37,2,53,19,406
357,1,1,5,9,4,2,10,131,1,2,3,47,1,115,35,1,68,13,449
363,0,0,0,1,0,1,4,82,0,4,4,23,1,82,35,4,64,9,314
364,1,0,1,7,0,0,2,136,1,5,4,18,1,91,31,0,49,4,351
365,0,2,1,3,0,6,8,134,3,7,0,37,0,130,18,0,52,11,412
371,1,1,2,6,4,12,25,163,2,3,3,43,1,84,38,2,62,9,461
380,0,4,1,6,4,1,17,111,2,5,1,31,1,97,34,2,49,7,373
381,2,2,0,5,1,3,6,84,0,2,3,14,3,85,32,0,73,8,323
384,1,1,0,14,7,7,29,229,0,4,1,57,1,105,41,5,70,11,583
385,1,3,3,4,1,6,19,163,0,0,0,39,0,74,36,6,48,15,418
392,0,3,0,7,1,3,17,119,2,2,1,30,2,82,39,1,46,12,367
395,0,0,0,8,0,6,20,149,3,5,3,41,1,108,29,2,58,6,439
399,0,3,1,9,1,4,14,168,0,2,1,42,1,81,33,2,64,10,436
403,0,1,2,6,2,2,11,118,1,2,0,42,3,111,31,0,56,10,398
404,1,0,0,9,10,8,19,175,0,1,0,36,1,103,51,0,69,19,502
405,0,7,1,6,5,1,24,117,0,7,2,26,2,107,51,0,72,12,440
406,0,3,0,6,2,4,6,162,0,3,3,41,2,90,28,0,52,14,416
407,0,1,0,8,0,5,24,160,0,4,0,62,1,108,27,0,31,12,443
414,1,1,1,10,1,7,27,110,1,4,2,37,1,119,42,0,53,16,433
419,0,1,3,9,1,9,15,97,1,1,4,38,0,98,34,1,65,15,392
420,1,1,2,8,6,7,30,120,1,4,3,44,1,107,32,1,70,16,454
424,0,1,0,1,1,2,12,134,1,1,1,37,0,94,27,1,52,8,373
428,1,1,0,13,3,5,13,143,2,4,0,45,1,106,44,5,87,9,482
436,1,1,1,8,4,4,30,150,2,1,2,29,3,102,37,1,69,20,465
437,0,2,0,9,1,5,13,101,4,3,1,30,2,157,17,0,48,12,405
438,1,0,0,0,0,0,3,17,0,2,1,4,1,13,9,0,8,1,60
441,1,0,0,1,0,2,1,41,1,0,0,6,0,17,13,0,13,1,97
1,0,0,0,4,1,5,24,69,0,0,0,36,1,38,49,0,47,15,289
2,1,2,0,11,7,4,31,92,1,3,6,41,1,56,59,2,56,24,397
9,1,1,0,26,3,7,25,85,2,6,6,36,2,71,53,0,55,17,396
12,1,3,1,27,0,6,27,72,4,1,1,72,1,73,23,0,22,13,347
14,0,0,0,37,2,4,33,88,4,7,0,60,0,81,45,3,30,10,404
17,0,3,0,26,5,11,36,138,1,8,4,59,1,99,22,1,50,10,474
19,0,1,0,8,1,3,48,115,0,2,1,38,0,45,76,6,59,30,433
20,0,4,2,5,4,8,45,92,0,0,4,28,3,41,100,3,88,32,459
22,3,2,3,17,3,7,40,118,2,3,5,60,2,61,80,4,69,15,494
24,0,2,3,13,4,11,48,108,2,2,2,40,0,78,90,4,76,28,511
25,0,3,1,17,1,4,27,109,2,0,0,37,4,69,62,2,68,25,431
30,1,4,1,17,1,6,37,112,0,3,2,59,3,115,29,2,59,13,464
33,1,2,1,15,1,0,34,115,2,3,1,48,2,99,43,2,59,7,435
34,1,2,0,12,1,6,24,118,0,2,1,42,1,90,27,0,66,16,409
37,0,2,0,9,0,11,32,118,0,5,5,41,1,86,62,2,63,14,451
39,2,1,0,16,1,3,50,115,1,2,2,45,2,96,31,0,60,14,441
41,2,0,2,19,2,5,36,109,0,4,1,49,0,116,52,2,69,19,487
52,1,0,1,5,3,1,34,110,0,0,2,37,2,46,57,0,81,32,412
55,1,2,0,20,3,6,37,93,3,3,6,53,1,75,62,0,55,18,438
56,0,0,0,13,6,8,37,109,1,2,0,50,3,91,40,5,58,21,444
63,0,2,0,16,7,3,26,95,1,3,5,46,0,117,46,4,57,9,437
65,0,4,0,17,1,4,44,108,2,4,1,61,1,93,34,3,44,8,429
70,1,4,0,11,1,7,10,106,3,3,2,41,0,114,32,1,43,14,393
71,0,1,0,15,4,8,29,141,0,0,3,46,0,86,48,3,68,28,480
73,1,1,0,11,2,9,19,141,1,5,2,52,1,104,30,1,67,8,455
80,1,0,0,3,2,3,17,61,1,0,11,28,2,104,32,1,75,28,369
81,0,1,0,15,1,5,26,130,2,3,4,48,2,138,34,1,55,12,477
83,0,0,1,10,1,8,24,98,2,2,3,29,2,77,28,5,56,14,360
84,0,2,1,8,1,7,31,73,0,1,0,24,0,40,48,8,33,27,304
85,0,0,0,24,3,3,49,78,3,0,3,64,0,59,48,2,45,10,391
86,0,3,3,13,9,3,40,81,0,2,0,39,1,49,55,4,51,15,368
94,1,2,1,11,1,5,26,59,2,5,1,34,0,55,27,1,29,6,266
96,0,0,0,17,5,3,20,69,3,0,1,57,0,55,44,1,43,16,334
103,0,3,1,4,4,2,26,101,0,2,0,47,2,73,55,1,43,21,385
104,0,0,1,15,5,11,36,139,0,3,5,43,1,70,51,4,59,27,470
105,0,0,1,7,2,5,29,111,4,5,2,44,2,81,41,0,45,13,392
108,1,1,0,12,2,5,10,112,2,7,3,40,1,126,25,0,52,6,405
113,0,2,0,16,2,5,45,114,2,1,1,52,1,95,44,0,63,17,460
115,2,1,0,10,1,3,28,124,1,2,2,32,1,122,54,0,62,16,461
117,0,4,0,4,4,5,29,155,1,3,2,27,1,102,49,2,64,25,477
118,0,1,0,10,1,2,15,55,0,3,0,23,1,43,17,0,54,13,238
120,0,0,1,9,4,5,36,98,1,2,3,42,2,83,45,2,47,8,388
125,1,4,0,22,3,5,20,66,2,5,2,63,1,116,17,3,60,8,398
128,1,1,0,12,0,8,18,111,1,4,3,33,1,113,34,2,53,11,406
141,0,1,2,14,0,3,31,61,1,3,1,36,1,50,55,0,42,11,312
143,3,3,0,11,5,11,47,89,0,1,2,23,1,61,78,3,48,15,401
146,0,2,0,17,2,12,44,83,0,0,2,45,0,60,58,0,61,23,409
147,0,3,0,9,2,8,58,106,1,1,5,32,4,61,43,8,51,17,409
149,0,3,1,29,0,7,31,81,1,0,1,50,0,61,37,4,40,12,358
155,1,4,0,13,4,4,56,130,3,0,4,31,1,68,82,2,65,43,511
158,0,1,2,9,1,11,39,127,2,1,1,36,0,56,76,0,82,28,472
159,0,3,2,6,6,7,41,113,1,0,0,27,1,63,87,8,86,28,479
170,1,0,0,10,2,8,27,128,1,4,1,40,1,73,40,1,48,9,394
173,0,5,2,10,4,8,32,140,1,4,7,58,1,65,48,2,64,21,472
177,1,1,0,9,4,7,27,96,1,2,4,46,1,95,33,3,48,19,397
181,0,4,0,8,4,9,27,97,2,4,1,39,1,80,40,0,74,15,405
184,1,1,1,4,0,4,30,121,1,3,0,29,2,106,39,0,62,14,418
185,0,2,0,13,3,3,24,118,0,3,3,58,2,86,23,1,42,9,390
197,0,5,0,13,3,5,38,116,0,0,3,31,0,60,54,5,69,30,432
210,0,10,1,7,6,2,27,125,1,3,1,46,0,81,36,2,55,20,423
212,0,6,1,6,5,3,34,199,0,5,5,48,3,168,53,1,105,22,664
215,1,1,0,10,5,9,13,88,1,3,0,28,2,101,33,0,49,9,353
221,1,1,0,6,1,3,11,133,0,2,1,27,1,85,34,0,60,5,371
222,0,2,1,8,0,8,18,184,2,8,3,38,2,130,38,3,62,23,530
223,1,2,1,9,3,3,7,172,3,3,1,38,0,89,32,1,56,13,434
225,0,2,0,3,1,4,17,149,1,4,3,43,2,98,38,2,65,10,442
229,0,2,1,6,4,4,15,170,2,5,2,49,0,72,37,1,57,15,442
230,2,3,0,4,6,10,14,146,0,6,3,30,3,135,37,1,90,11,501
232,0,3,1,8,5,6,8,150,2,5,1,41,2,142,24,1,48,5,452
233,1,1,1,3,2,2,11,137,1,3,0,43,3,140,42,4,79,10,483
235,0,1,2,1,2,6,12,172,1,4,1,35,1,95,30,1,49,12,425
238,1,2,1,5,6,6,12,155,4,2,3,31,4,113,41,3,63,16,468
241,0,3,0,11,3,4,13,165,2,3,2,36,2,108,31,3,68,12,466
242,2,2,0,6,4,4,15,145,0,5,2,40,0,121,31,4,78,22,481
248,2,0,0,5,0,7,10,143,3,6,2,37,1,108,24,0,68,15,431
249,0,2,0,4,3,5,13,169,2,9,1,24,1,113,36,1,71,3,457
250,3,4,0,1,1,7,14,150,2,0,2,33,0,106,30,1,68,17,439
253,0,2,0,2,5,6,16,169,0,5,2,41,1,87,31,4,49,7,427
254,0,5,2,7,1,3,17,183,2,2,1,49,1,94,22,0,54,7,450
261,0,0,1,18,3,1,14,82,1,2,2,34,0,74,28,0,53,3,316
265,1,2,1,7,2,3,9,80,1,0,1,25,3,92,46,0,67,8,348
269,0,3,0,22,4,4,21,112,0,4,5,63,1,101,51,3,61,10,465
272,0,0,0,29,3,8,22,95,1,1,3,50,2,75,43,1,65,11,409
277,0,5,1,29,3,14,27,109,0,3,1,54,2,91,50,2,73,25,489
280,1,1,0,22,2,3,15,87,1,1,2,35,3,104,28,1,58,2,366
285,1,0,0,13,0,3,21,103,2,6,3,44,1,138,32,2,73,11,453
289,2,2,0,18,2,6,19,120,1,4,3,57,0,110,29,0,48,12,433
294,1,3,0,8,1,0,8,124,1,5,3,38,2,98,29,1,79,14,415
296,2,5,0,12,3,10,17,195,4,5,4,72,2,136,34,1,75,17,594
301,1,2,1,18,1,6,19,171,3,3,1,50,2,144,35,4,105,11,577
307,2,0,0,3,4,3,12,156,1,8,1,56,0,123,37,0,53,17,476
309,0,1,1,7,5,1,11,189,1,5,2,41,0,91,33,2,47,6,443
314,0,1,0,4,2,8,17,197,1,3,2,40,0,91,42,2,53,16,479
318,4,0,0,9,2,2,15,104,0,12,0,27,3,104,30,0,63,9,384
319,1,1,0,13,5,3,22,165,1,6,1,56,5,101,24,0,57,10,471
320,1,0,4,4,3,10,18,141,1,1,1,35,1,70,46,2,58,10,406
325,1,4,1,10,3,4,15,102,1,3,5,39,1,110,30,3,71,10,413
328,0,0,0,6,3,2,15,114,2,7,6,29,0,134,27,0,80,13,438
333,2,2,1,7,2,4,14,93,0,4,1,23,1,87,41,3,53,6,344
335,1,1,0,13,3,6,23,115,2,7,2,38,2,87,25,2,57,8,392
336,1,9,1,7,5,3,18,144,1,4,2,52,1,74,37,6,73,5,443
339,1,1,0,9,3,4,20,111,2,1,1,44,1,108,29,2,59,14,410
341,3,2,1,7,1,4,14,87,2,2,2,32,1,69,23,2,51,8,311
342,0,6,2,8,0,4,7,101,2,4,5,35,2,91,29,1,61,9,367
343,1,5,1,15,5,3,14,110,0,3,0,28,1,100,28,1,36,8,359
344,1,0,0,15,2,1,14,109,2,4,2,47,1,112,39,1,48,11,409
358,0,1,0,9,0,6,13,99,2,1,3,10,4,79,30,0,49,11,317
360,2,0,0,1,1,0,6,78,0,5,1,18,5,92,23,3,62,2,299
361,0,4,1,1,4,0,14,177,1,2,2,52,2,86,27,0,50,8,431
362,0,0,0,13,1,3,10,122,0,5,2,39,0,112,20,0,61,5,393
367,0,3,0,1,5,5,25,145,0,4,0,36,2,68,36,1,61,14,406
370,0,1,2,4,5,9,15,217,1,5,1,31,1,73,43,2,66,19,495
372,0,0,1,5,4,7,26,94,0,3,4,47,1,92,65,3,72,22,446
373,1,2,1,8,4,5,26,97,2,3,1,36,2,92,28,0,57,25,390
374,0,6,1,8,4,6,16,103,3,5,1,46,0,149,40,0,78,15,481
376,0,2,0,8,6,3,9,91,0,4,2,36,2,106,23,1,58,20,371
377,1,1,0,14,2,6,15,126,2,5,1,34,1,119,30,1,64,9,431
379,1,2,1,4,3,5,13,157,1,5,2,43,1,92,28,1,54,13,426
383,0,3,0,5,2,1,18,112,1,6,2,35,2,93,28,2,44,11,365
386,1,8,1,10,2,5,14,143,1,2,3,45,1,114,35,1,57,16,459
388,0,1,1,19,2,8,14,131,1,1,1,34,4,100,32,0,51,15,415
391,0,3,0,11,1,5,15,138,2,5,2,40,0,105,41,0,50,17,435
394,0,2,3,9,7,7,20,175,1,3,1,44,0,73,47,2,76,21,491
408,2,2,1,6,3,6,17,138,2,3,2,33,3,103,45,1,54,15,436
409,0,4,2,3,3,11,19,203,2,7,4,57,0,123,33,0,57,15,543
410,0,3,0,6,3,5,28,158,1,3,1,42,1,86,43,4,59,12,455
412,0,3,2,1,5,7,47,136,2,3,0,38,2,92,60,3,74,24,499
413,0,3,2,11,1,3,17,115,2,8,1,31,1,133,37,1,52,23,441
417,1,6,1,7,4,9,20,139,0,2,0,53,1,93,53,0,75,25,489
418,1,5,1,7,3,9,18,135,3,1,1,60,0,107,51,1,54,13,470
422,0,3,1,9,8,8,37,125,0,1,0,38,0,74,57,2,60,18,441
423,0,6,0,5,3,5,37,109,0,1,3,31,3,100,58,3,73,25,462
425,1,0,0,12,6,3,23,160,1,6,0,52,4,106,35,0,57,15,481
426,2,3,0,11,2,0,8,65,2,9,1,26,1,126,27,0,36,3,322
427,1,1,0,6,0,1,8,99,2,6,3,16,1,86,30,0,63,8,331
430,0,2,1,13,2,1,23,194,0,0,0,49,0,88,35,0,63,15,486
434,1,3,0,5,0,2,12,79,0,4,2,23,0,120,34,1,72,11,369
439,1,0,1,3,0,2,3,42,0,3,2,13,1,17,21,0,20,6,135
440,0,0,0,1,2,2,3,45,0,2,1,9,1,31,9,0,13,3,122
3,0,6,1,14,1,5,29,82,2,4,2,33,1,61,71,1,55,26,394
5,1,3,2,19,2,9,20,59,0,0,4,32,1,45,65,4,61,26,353
7,1,1,1,24,0,6,43,142,1,3,0,54,0,83,48,2,53,17,479
15,0,8,2,17,1,1,32,127,1,3,3,46,2,68,69,1,53,13,447
21,1,2,2,31,1,5,43,117,2,1,1,55,3,83,45,1,59,20,472
23,1,4,1,11,8,4,45,151,0,0,3,49,1,64,54,5,64,16,481
32,0,3,0,15,4,7,24,140,0,5,4,33,4,113,37,3,55,12,459
38,1,2,0,21,0,4,20,98,0,2,2,52,1,86,44,1,62,16,412
40,1,1,3,5,6,4,37,111,1,0,1,30,0,66,64,1,86,16,433
42,1,0,2,16,1,3,32,90,0,5,6,39,2,101,28,1,65,15,407
43,0,4,1,15,5,5,39,160,1,1,0,44,4,76,59,6,86,16,522
45,0,4,2,19,4,3,36,121,3,0,5,57,3,87,81,2,60,35,522
48,0,0,1,8,2,6,42,95,0,2,7,38,2,69,63,1,60,26,422
50,1,1,0,7,8,2,24,86,0,1,2,33,1,64,94,0,66,25,415
57,0,0,0,7,4,2,30,99,0,4,2,47,5,75,66,3,58,30,432
59,1,2,2,19,1,6,23,93,1,2,3,48,1,70,58,1,49,15,395
67,0,0,0,19,1,6,26,107,1,0,1,56,5,117,33,1,40,12,425
69,2,1,0,11,2,5,19,125,0,1,4,40,2,80,39,1,55,11,398
74,1,3,2,5,1,5,12,140,0,3,1,49,0,62,29,1,57,18,389
77,0,6,0,29,2,6,38,110,1,0,2,33,2,130,38,2,53,11,463
87,0,0,0,8,5,7,30,84,0,0,1,66,3,53,63,0,67,12,399
89,0,5,1,17,3,11,39,77,0,1,2,39,1,56,34,2,40,11,339
90,0,0,0,17,1,5,20,87,0,2,1,51,3,81,44,0,69,11,392
91,0,3,1,33,1,12,42,87,2,1,3,49,1,59,33,2,48,9,386
92,0,1,0,25,2,8,29,98,0,4,2,83,1,75,22,0,38,15,403
93,0,0,1,25,4,6,53,84,3,1,2,45,0,56,48,0,36,14,378
107,0,0,2,39,2,6,23,105,1,5,2,46,1,92,31,1,55,14,425
111,1,2,0,10,5,3,11,118,2,2,3,39,0,102,32,0,72,8,410
114,0,6,0,14,3,6,37,131,1,2,1,47,0,69,74,0,54,25,470
116,0,0,1,13,2,7,21,123,2,4,0,49,1,83,30,0,43,16,395
121,0,6,0,11,4,7,15,121,6,0,1,40,3,115,50,7,56,18,460
126,0,0,1,12,2,3,28,128,0,0,1,46,1,84,51,0,57,9,423
130,0,3,1,12,2,7,20,108,0,5,1,42,1,137,31,7,61,15,453
131,0,4,3,5,7,5,20,159,1,1,0,37,1,135,45,2,93,16,534
133,1,6,3,5,3,10,26,150,2,1,0,44,0,139,35,8,89,27,549
135,0,0,1,8,2,2,11,129,1,3,1,31,1,95,47,1,79,11,423
140,0,1,3,9,2,6,42,91,0,0,6,46,2,65,34,2,50,17,376
144,2,5,2,10,3,7,35,101,1,1,2,41,0,55,91,4,38,18,416
145,0,2,0,8,4,6,48,101,1,1,2,43,0,50,69,4,52,23,414
148,0,0,0,15,1,9,47,72,1,3,3,65,0,52,45,3,41,18,375
151,0,0,0,11,1,6,52,92,1,3,2,31,0,64,66,2,70,15,416
153,0,2,0,19,3,5,43,99,1,2,1,49,2,50,61,0,45,20,402
154,0,0,1,5,5,15,68,113,0,1,2,38,2,54,64,1,59,27,455
157,0,3,2,7,5,9,43,120,1,2,0,40,0,56,84,1,69,26,468
160,0,0,0,8,2,12,25,96,3,5,1,37,2,78,59,5,59,20,412
163,0,6,0,11,5,6,45,104,0,2,0,44,1,51,62,2,51,15,405
165,0,6,4,11,10,6,41,146,0,2,2,36,0,56,47,4,58,21,450
168,0,5,1,7,3,11,41,117,1,2,4,31,2,64,62,4,58,28,441
172,0,0,0,0,4,12,36,114,1,0,4,37,3,62,65,5,82,26,451
174,0,6,1,6,5,10,27,116,1,5,4,42,0,75,39,3,84,22,446
178,1,3,1,11,2,7,35,129,0,1,3,51,1,75,41,0,68,22,451
180,0,1,0,13,4,3,11,104,1,1,0,34,1,92,52,4,63,20,404
183,2,3,0,4,6,5,26,119,1,1,3,40,0,78,66,1,56,18,429
188,0,2,1,7,3,9,9,107,0,1,4,41,0,103,44,2,70,19,422
189,1,3,3,6,7,10,35,104,0,0,0,24,0,64,83,1,60,26,427
191,1,4,3,8,8,12,59,109,1,0,0,24,0,41,109,5,66,27,477
193,0,3,1,11,10,7,39,110,0,0,1,28,3,40,103,7,79,35,477
194,0,1,4,5,10,8,31,112,1,1,5,31,0,39,113,5,75,30,471
195,0,1,6,7,7,8,45,104,0,0,0,60,0,66,67,4,82,29,486
198,0,1,1,10,1,2,34,151,0,3,2,49,3,172,46,0,74,17,566
201,0,5,1,10,1,5,27,141,1,7,5,34,1,148,33,0,58,14,491
208,0,2,2,8,1,4,16,116,2,9,2,30,4,119,32,2,72,15,436
214,1,3,0,16,2,4,18,165,0,5,3,62,0,92,38,1,57,19,486
216,2,2,1,13,2,4,17,145,2,6,4,39,0,85,42,1,67,20,452
217,0,3,2,10,1,6,19,156,0,3,3,34,3,141,44,2,76,15,518
224,1,2,0,8,2,12,8,148,1,1,3,36,2,116,33,2,63,15,453
228,1,3,0,3,0,7,4,122,2,5,0,34,2,101,25,2,57,4,372
234,0,5,1,4,3,1,14,166,0,3,2,42,2,126,53,3,82,18,525
243,0,0,0,7,2,5,13,120,1,7,2,22,1,114,27,0,61,7,389
244,0,0,1,9,4,1,10,145,0,5,3,30,1,137,31,2,73,15,467
246,3,1,0,7,3,3,15,153,1,7,2,31,1,113,50,0,56,9,455
251,0,1,2,8,2,8,18,205,3,6,0,27,1,91,32,3,43,10,460
255,1,1,2,5,4,4,14,138,1,10,1,27,2,141,41,1,66,5,464
256,0,2,0,13,1,1,10,99,0,1,9,32,3,165,48,0,84,18,486
258,2,12,3,7,2,2,18,150,3,5,4,43,1,100,50,3,67,24,496
263,0,2,1,35,5,3,29,109,1,2,4,45,0,88,38,2,59,21,444
264,0,2,2,20,1,9,19,124,2,4,3,58,1,148,42,1,78,16,530
267,0,1,1,19,1,4,14,84,1,1,4,45,0,54,29,2,69,13,342
273,0,3,1,31,2,7,32,107,1,3,1,46,1,125,36,0,66,8,470
274,0,3,0,23,3,6,23,140,2,3,6,70,1,116,33,3,51,10,493
278,0,0,2,24,3,6,24,103,0,3,1,44,0,129,22,1,38,6,406
282,0,3,0,15,1,3,12,94,2,1,4,35,1,97,37,1,38,8,352
283,0,3,0,11,3,4,15,119,1,5,1,46,2,84,20,3,58,12,387
286,0,0,3,23,0,5,14,95,3,6,1,40,2,130,18,0,61,15,416
287,1,4,0,15,1,4,20,114,1,3,1,41,2,85,20,1,60,4,377
288,1,2,0,17,3,3,15,110,1,9,1,37,0,100,30,0,62,3,394
291,2,1,1,13,1,2,7,94,0,3,5,33,1,113,21,1,55,16,369
295,0,2,0,8,1,1,11,103,0,4,2,16,4,104,25,0,40,9,330
297,0,0,1,9,2,5,24,183,4,4,0,46,0,129,31,6,49,6,499
299,0,2,1,13,4,2,21,171,1,5,1,38,3,156,34,1,80,13,546
300,0,1,1,5,2,8,15,130,0,3,1,41,1,106,32,0,69,11,426
302,0,0,0,10,1,3,11,125,0,4,1,38,2,151,27,5,48,16,442
305,0,2,0,8,0,5,15,113,0,5,1,29,1,131,25,1,60,8,404
306,0,0,1,5,4,2,15,201,0,3,1,48,4,100,18,1,52,10,465
310,0,6,0,6,3,2,17,91,1,1,1,44,3,98,36,6,57,15,387
312,0,4,0,1,1,7,9,125,2,9,1,29,1,90,22,0,55,9,365
316,2,1,0,10,4,4,21,130,0,5,2,47,1,141,48,1,68,10,495
322,1,0,1,4,1,0,7,110,0,2,0,39,2,122,27,3,60,11,390
323,2,0,0,5,5,3,6,143,1,4,1,46,3,83,35,0,39,10,386
331,1,2,0,20,1,4,17,94,1,3,1,26,1,97,32,7,45,7,359
332,3,4,1,14,2,4,24,104,2,2,3,45,3,106,50,0,58,11,436
334,0,1,0,5,2,1,21,132,2,5,0,34,3,81,20,0,50,12,369
337,0,4,1,17,3,10,15,126,1,5,1,45,1,113,30,2,54,5,433
346,0,5,1,11,1,8,29,151,0,4,2,50,2,137,64,1,82,30,578
347,0,2,1,9,2,3,17,131,1,1,1,47,3,85,34,1,62,8,408
348,0,0,2,11,3,3,23,130,2,2,3,46,1,117,29,2,64,12,450
352,1,0,0,16,1,3,19,122,0,8,3,42,1,108,35,0,54,13,426
356,0,2,0,3,1,7,8,101,1,2,0,26,2,81,31,3,57,8,333
359,4,0,1,7,0,3,9,97,1,5,3,16,3,75,29,0,62,10,325
366,1,0,1,10,33,7,3,126,0,5,1,28,0,127,61,2,112,17,534
368,0,3,0,8,2,15,26,157,1,8,1,60,0,150,42,1,66,12,552
369,0,3,2,8,9,6,26,184,0,0,0,83,1,85,35,6,52,10,510
375,1,3,0,16,3,1,19,97,2,9,1,32,2,118,48,2,61,14,429
378,0,5,0,14,3,8,14,107,3,3,3,31,3,79,29,5,52,16,375
382,1,3,0,9,3,1,12,127,0,9,4,33,1,107,26,1,71,20,428
387,2,2,1,6,2,13,25,163,1,0,3,30,0,85,33,2,44,25,437
389,0,3,2,7,3,3,10,135,0,4,1,38,1,75,35,0,67,16,400
390,0,2,1,4,2,1,15,129,2,3,2,40,1,121,30,6,47,14,420
393,0,3,1,2,1,1,10,112,0,10,0,30,2,108,35,0,66,8,389
396,1,4,1,9,5,5,18,146,1,1,0,47,0,102,32,0,71,11,454
397,2,3,1,9,1,0,11,124,1,2,0,36,2,107,26,2,55,13,395
398,0,1,0,8,2,6,16,132,0,5,1,37,2,94,38,0,75,25,442
400,0,0,5,10,1,5,13,122,2,3,1,34,5,130,21,0,59,11,422
401,2,1,0,5,6,8,15,158,0,5,4,39,1,128,40,1,56,12,481
402,2,3,0,10,0,5,14,136,2,3,5,42,1,104,24,1,57,4,413
411,1,2,2,6,3,3,5,69,3,5,1,10,1,38,34,0,19,5,207
415,0,1,1,11,10,6,21,148,0,1,2,40,2,115,57,2,83,16,516
416,0,4,1,8,4,15,25,121,0,2,2,38,2,89,57,2,48,11,429
421,0,2,0,4,4,5,20,131,0,2,3,32,2,120,32,3,73,10,443
429,0,1,1,12,10,2,19,120,2,0,1,52,0,73,32,2,57,13,397
431,1,4,0,3,2,9,25,104,0,5,5,34,1,77,44,5,68,28,415
432,0,2,1,5,2,7,27,104,1,2,1,30,1,62,81,4,66,26,422
433,0,2,1,6,4,6,30,95,0,2,7,34,4,74,61,1,88,22,437
435,0,3,0,6,5,1,29,112,0,1,2,39,3,101,45,2,46,15,410
442,1,2,0,0,3,1,0,24,0,2,0,2,0,7,3,0,8,1,54
443,0,0,0,2,0,0,1,20,0,1,0,3,0,14,3,0,3,3,50
444,1,1,0,3,1,1,2,32,0,2,0,8,0,18,9,2,14,1,95
445,0,1,0,2,1,1,2,24,0,0,0,7,0,13,8,0,15,1,75
