SEZIONE,Centro Democratico,Fare per fermare il declino,Forza Nuova,Fratelli d'Italia,Futuro e Libert√†,I Pirati,Intesa Popolare,Io amo l'Iitalia,La Destra,Lega Nord,MIR,Movimento 5 Stelle,PD,PDL,Part. Comunista dei Lavoratori,Riformisti Italiani,Rivoluzione Civile,SEL,Scelta Civica,UDC,TOTALE,AFFLUENZA
1,1,33,0,15,1,1,0,0,2,52,1,64,85,203,0,0,2,4,121,3,588,0.8922610015174507
2,1,2,1,3,1,0,1,1,2,25,1,89,97,125,4,0,9,4,13,2,381,0.6115569823434992
3,0,1,3,11,3,2,0,3,3,39,0,155,223,139,2,0,22,14,42,5,667,0.7737819025522041
4,3,10,2,10,0,4,1,1,0,39,5,195,159,86,1,0,11,26,49,7,609,0.9144144144144144
5,6,22,0,17,4,1,0,1,2,28,1,67,120,151,0,2,6,11,125,4,568,0.686819830713422
6,2,8,4,6,2,0,0,1,1,50,5,143,237,99,1,1,10,37,70,12,689,0.8173190984578885
7,1,29,0,14,1,1,0,0,2,31,4,60,102,185,0,1,4,11,201,6,653,0.8592105263157894
8,0,19,2,12,1,0,0,1,2,29,2,95,167,107,1,0,6,30,94,4,572,0.8461538461538461
9,1,15,1,11,2,0,0,1,0,29,0,37,94,109,1,0,1,7,101,4,414,0.7931034482758621
11,1,11,2,7,3,3,1,0,1,40,0,148,191,119,3,0,12,9,48,5,604,0.7233532934131737
12,0,3,2,4,3,2,0,0,6,28,0,95,165,134,4,0,8,9,33,8,504,0.8
13,5,28,0,13,1,0,0,0,2,38,7,56,136,123,0,0,2,21,159,2,593,0.8201936376210235
14,0,5,1,16,5,0,0,1,0,29,0,108,101,121,3,1,8,9,58,3,469,0.8142361111111112
15,0,8,1,5,0,0,0,0,0,21,0,20,36,62,0,0,4,6,35,0,198,0.7983870967741935
16,3,32,1,12,1,2,0,0,0,26,1,75,137,127,2,0,5,12,158,1,595,0.8475783475783476
18,1,6,0,6,2,2,0,0,0,44,0,84,229,133,2,0,18,19,42,2,590,0.7919463087248322
19,1,11,2,12,5,0,1,0,1,45,0,113,198,101,2,1,7,21,87,7,615,0.8028720626631853
20,0,3,6,10,3,1,1,3,1,37,0,132,219,104,4,1,3,16,44,2,590,0.7983761840324763
21,1,5,3,16,0,0,1,0,1,65,4,142,191,163,1,1,23,12,59,3,691,14.395833333333334
22,2,40,1,21,0,0,0,1,1,24,0,63,122,133,0,0,2,10,158,4,582,0.9341894060995185
23,0,21,3,25,6,1,0,3,4,44,0,214,221,142,2,0,16,46,76,4,828,0.8571428571428571
24,3,33,0,12,1,3,0,2,2,19,4,58,141,102,1,0,7,13,230,3,634,0.9005681818181818
25,1,1,1,4,2,0,0,0,2,47,0,97,145,119,2,0,21,17,55,5,519,0.721835883171071
26,3,22,3,8,1,0,0,2,0,31,0,58,123,102,0,0,4,13,163,4,537,0.9521276595744681
27,4,30,4,10,2,2,0,1,3,26,0,69,179,148,0,0,4,22,163,6,673,0.8672680412371134
28,5,27,0,8,2,0,0,0,3,26,2,59,144,100,1,0,9,21,111,2,520,0.8280254777070064
29,1,11,3,12,3,2,0,4,1,53,6,199,155,130,1,1,20,31,63,9,705,0.8576642335766423
30,1,9,1,19,1,0,0,0,0,39,2,98,154,128,1,0,10,11,52,6,532,0.772133526850508
31,1,5,2,10,0,1,0,0,1,35,2,97,224,90,1,0,18,29,58,4,578,0.8186968838526912
32,4,16,3,16,4,0,0,0,2,43,0,179,240,137,3,0,13,27,133,1,821,0.8894907908992417
33,1,2,1,7,0,0,0,0,1,54,0,90,185,132,3,0,14,24,51,3,568,0.72264631043257
34,0,1,0,1,0,0,0,0,0,3,0,2,12,11,0,0,0,0,6,0,36,inf
35,0,34,2,13,2,2,1,2,1,39,0,201,237,122,0,0,15,39,124,2,836,0.8326693227091634
36,5,53,1,13,0,1,0,2,1,35,0,55,163,111,3,0,7,19,202,7,678,0.9351724137931035
37,1,10,3,15,2,0,0,1,0,41,3,189,185,124,2,1,14,23,75,7,696,0.8821292775665399
38,2,13,0,11,0,2,0,1,0,59,0,124,263,145,1,0,13,22,96,3,755,0.9207317073170732
39,1,33,1,14,1,0,0,0,0,25,0,92,179,126,0,0,10,31,110,4,627,0.8672199170124482
41,2,35,2,9,1,0,0,0,1,22,0,59,158,107,1,0,10,25,129,4,565,0.8521870286576169
42,1,16,0,9,1,0,1,1,0,26,0,95,177,101,0,1,11,29,102,9,580,0.8682634730538922
43,2,26,1,14,3,1,0,0,0,21,1,34,80,117,0,1,4,9,152,9,475,0.8828996282527881
44,0,29,1,10,2,2,0,0,5,21,1,45,146,139,0,0,6,28,129,5,569,0.8974763406940063
45,0,1,1,0,1,0,0,0,0,9,1,19,40,24,1,0,3,1,9,2,112,3.2
46,5,47,0,11,2,0,0,3,0,39,0,52,133,113,0,1,2,14,230,6,658,0.8808567603748326
47,1,35,0,9,3,1,0,0,0,21,3,41,90,127,2,0,4,15,166,3,521,0.8860544217687075
48,0,42,2,9,0,2,0,1,4,27,1,60,93,115,1,0,5,12,140,3,517,0.8433931484502447
49,0,0,0,2,0,0,1,1,0,6,0,8,34,13,1,0,1,2,1,0,70,inf
50,0,3,0,2,0,1,1,0,0,11,0,8,26,30,0,0,1,1,12,2,98,inf
54,0,0,1,0,0,0,1,0,0,6,0,3,19,9,0,0,2,0,4,0,45,inf
55,2,16,1,8,0,0,1,2,2,42,3,77,186,125,0,1,12,21,95,0,594,0.8497854077253219
56,3,35,1,6,1,0,0,1,2,20,0,74,121,123,2,0,7,11,171,1,579,0.8391304347826087
57,4,20,3,14,3,0,1,6,2,35,7,88,182,156,1,0,10,21,137,3,693,0.8619402985074627
58,2,30,1,22,0,0,0,1,3,27,0,54,103,142,0,1,3,5,146,3,543,0.8190045248868778
59,1,10,0,6,2,0,0,0,0,60,0,100,198,133,5,0,23,21,70,6,635,0.806861499364676
61,0,23,1,16,0,0,0,2,3,43,0,54,162,206,0,0,2,11,195,8,726,0.8511137162954279
64,2,3,1,5,2,0,0,2,2,19,1,91,153,96,4,0,18,19,33,4,455,0.7245222929936306
65,1,34,0,7,2,1,0,0,0,20,1,59,158,113,0,0,6,23,150,3,578,0.8401162790697675
66,0,3,0,6,3,2,1,1,2,35,5,114,184,93,4,0,14,19,26,6,518,0.8170347003154574
69,1,33,0,15,1,0,0,2,4,26,2,39,102,154,0,0,5,9,176,2,571,0.8323615160349854
72,1,9,3,5,1,1,0,0,0,39,0,80,201,100,4,0,12,15,64,6,541,0.8074626865671641
73,2,29,0,9,1,0,0,1,0,20,1,35,70,137,0,0,3,7,150,2,467,0.813588850174216
74,0,5,1,4,2,0,0,2,1,38,0,88,189,78,0,0,12,13,51,2,486,0.7629513343799058
78,0,31,0,12,1,0,0,0,1,28,3,31,85,165,2,0,2,9,141,2,513,0.8208
79,0,28,0,6,2,0,0,0,2,34,0,35,54,167,1,0,0,10,141,1,481,0.8528368794326241
80,2,14,3,10,3,1,0,1,0,37,0,103,162,149,0,0,2,20,75,5,587,0.7754293262879789
82,2,30,0,23,1,2,0,1,3,29,2,45,86,162,0,1,6,1,155,2,551,0.8973941368078175
83,1,26,0,18,1,2,0,0,3,18,0,55,120,159,1,1,2,4,198,3,612,0.9120715350223547
84,3,3,3,12,2,0,0,0,2,24,1,115,222,114,3,1,24,25,45,2,601,0.8943452380952381
86,1,6,3,5,1,0,0,1,1,43,0,102,166,95,4,1,14,25,49,4,521,0.7358757062146892
87,2,45,1,18,4,0,0,0,0,29,2,47,73,245,0,0,4,14,182,6,672,0.8296296296296296
88,2,7,1,10,2,1,0,0,1,54,4,79,182,134,2,0,7,13,104,9,612,0.8523676880222841
91,1,13,3,19,1,1,0,0,5,48,0,95,167,146,2,0,10,33,117,4,665,0.8681462140992167
92,2,6,2,6,2,2,0,1,3,53,0,121,220,128,4,0,15,29,38,5,637,0.776829268292683
93,1,32,0,12,3,0,0,0,1,44,3,59,122,189,0,0,3,19,187,4,679,0.8841145833333334
94,4,26,2,15,1,1,0,1,0,34,2,75,141,120,1,0,11,17,123,2,576,0.8124118476727785
97,0,5,3,3,3,0,0,1,1,36,0,150,201,134,5,0,14,16,42,10,624,0.75453446191052
99,0,19,0,15,2,0,0,2,2,26,0,51,142,158,0,0,3,22,145,4,591,0.8528138528138528
100,1,8,1,8,2,0,1,2,2,52,2,143,226,113,1,0,18,22,57,3,662,0.9457142857142857
104,2,42,0,18,2,2,0,0,4,43,0,92,172,156,1,0,9,25,142,3,713,0.8488095238095238
105,12,10,2,0,4,0,7,0,3,1,26,2,209,105,2,0,10,93,59,3,548,0.8191330343796711
106,0,34,5,13,3,1,1,2,2,37,1,64,192,128,0,0,11,29,139,3,665,0.8514724711907811
109,2,49,1,15,4,1,0,0,3,32,5,71,128,156,1,0,5,27,182,2,684,0.8769230769230769
110,2,36,2,11,1,0,1,1,2,32,1,77,145,106,0,0,6,24,135,2,584,0.8902439024390244
111,4,23,0,11,1,2,0,1,1,31,0,69,148,123,2,0,6,23,140,7,592,0.8783382789317508
112,0,22,0,14,2,0,0,0,3,33,3,87,183,114,1,0,12,30,89,0,593,0.8471428571428572
113,3,32,2,13,2,0,0,0,2,42,0,142,248,122,1,1,16,51,109,6,792,0.8241415192507804
114,1,34,5,17,3,1,0,1,1,34,1,99,180,143,0,0,7,23,100,3,653,0.8469520103761349
116,1,34,3,12,1,0,1,0,2,27,0,68,165,118,0,1,9,19,92,1,554,0.8256333830104322
117,1,18,2,9,1,1,0,0,4,60,4,121,228,135,0,0,18,38,38,15,693,0.8587360594795539
119,1,6,2,4,4,0,1,1,0,19,1,116,134,140,2,1,8,14,29,3,486,0.7581903276131046
120,3,3,1,3,3,0,1,2,2,61,0,114,222,146,3,0,11,16,45,1,637,0.8315926892950392
122,1,21,0,10,3,0,0,0,6,20,2,80,162,89,1,1,13,38,132,3,582,0.8326180257510729
123,4,30,3,17,1,1,0,2,1,40,0,90,164,132,1,0,8,29,109,2,634,0.8544474393530997
125,1,15,1,10,4,3,1,0,1,82,0,142,208,140,2,1,8,32,53,8,712,0.8118586088939567
126,1,27,0,17,1,0,0,2,1,23,4,86,236,116,1,0,7,41,81,9,653,0.8307888040712468
128,3,42,1,12,2,0,0,1,3,49,0,112,176,101,2,0,12,25,105,3,649,0.8236040609137056
129,2,36,0,11,2,1,1,2,4,43,2,89,161,162,0,0,2,38,134,3,693,0.8279569892473119
130,1,31,0,17,0,1,0,1,2,29,3,84,157,133,0,0,6,31,132,3,631,0.8313570487483531
131,2,35,1,13,1,0,0,1,1,25,1,83,182,122,1,1,8,16,145,3,641,0.8902777777777777
135,2,12,2,12,2,2,0,1,3,39,0,107,128,126,4,1,16,21,112,10,600,0.7643312101910829
138,1,11,3,14,1,0,0,1,0,31,4,88,135,115,1,0,15,22,62,6,510,0.783410138248848
139,1,10,3,12,2,2,0,1,0,33,0,103,143,154,1,1,5,9,71,2,553,0.7810734463276836
140,0,23,2,13,3,0,0,2,4,47,1,103,173,133,2,1,15,30,88,3,643,0.8201530612244898
141,3,26,1,18,1,1,0,4,3,27,5,115,224,109,1,0,15,37,109,6,705,0.8901515151515151
142,1,24,0,8,1,0,0,2,3,22,1,82,180,109,0,0,9,24,91,3,560,0.8199121522693997
144,1,3,4,4,1,0,0,3,3,41,1,84,196,117,1,0,9,12,32,4,516,0.7288135593220338
146,1,27,1,16,0,1,0,2,1,40,0,73,198,122,1,0,8,30,112,6,639,0.8565683646112601
147,1,16,2,14,2,0,0,1,1,30,1,65,197,134,0,0,3,27,113,2,609,0.925531914893617
149,4,21,1,14,2,1,1,0,4,37,1,91,208,136,0,0,13,35,122,3,694,0.8515337423312883
151,1,19,1,6,2,0,0,0,3,23,0,99,158,122,0,1,8,26,84,4,557,0.7979942693409742
152,0,30,0,6,2,1,0,1,0,27,0,103,180,90,0,1,17,39,70,3,570,0.8623298033282905
153,0,20,2,8,0,1,0,1,0,20,3,60,159,79,1,1,5,24,63,0,447,0.8025134649910234
157,3,16,1,18,2,1,0,2,7,35,0,99,174,143,0,0,11,22,122,2,658,0.8414322250639387
158,2,19,1,13,0,1,0,2,0,29,2,79,185,113,1,0,11,50,111,10,629,0.832010582010582
160,0,17,2,16,5,0,0,1,2,23,1,53,110,65,2,1,4,20,76,3,401,0.8406708595387841
161,1,2,2,1,2,0,0,1,2,8,0,46,59,41,2,0,4,4,6,1,182,0.629757785467128
162,0,2,0,2,0,0,0,0,0,3,0,18,13,7,0,0,2,3,12,0,62,31.0
164,2,36,0,14,0,0,0,2,4,21,2,50,104,111,0,0,4,16,122,6,494,0.8636363636363636
167,0,29,0,12,1,0,0,8,1,21,8,42,136,93,1,0,1,21,122,2,498,0.8783068783068783
168,0,23,3,8,0,0,0,1,2,25,1,82,116,126,0,0,4,26,99,3,519,0.8330658105939005
169,2,25,2,15,1,2,1,6,0,19,1,96,174,104,3,0,5,32,70,0,558,0.7459893048128342
172,0,3,2,6,1,4,0,2,0,48,1,91,174,144,3,0,17,20,31,8,555,0.74
173,0,14,1,8,1,0,0,1,2,17,2,49,82,90,0,0,6,10,60,1,344,0.9690140845070423
175,0,30,1,11,1,0,1,1,1,38,1,97,197,112,5,0,10,30,109,7,652,0.7893462469733656
177,1,7,1,4,0,1,0,2,1,23,0,93,197,97,2,1,13,27,57,2,529,0.838351822503962
179,4,35,2,9,0,0,0,1,1,38,0,56,133,118,0,2,5,24,159,5,592,0.8592162554426706
181,1,22,3,17,2,3,0,0,3,53,0,119,210,170,2,0,24,37,72,3,741,0.893848009650181
182,0,27,2,15,1,1,0,0,1,41,1,63,124,146,0,3,6,21,133,1,586,0.915625
184,5,30,0,5,2,2,0,0,3,32,0,93,214,139,3,0,7,25,103,3,666,0.8201970443349754
185,4,22,1,10,0,2,0,1,1,36,0,58,169,116,1,0,11,39,115,5,591,0.9078341013824884
186,3,19,1,12,2,1,1,0,3,32,1,102,194,116,0,1,3,32,87,1,611,0.8103448275862069
187,0,17,3,11,4,0,0,0,3,34,0,83,164,127,2,0,11,21,65,3,548,0.8575899843505478
188,4,14,5,10,1,2,0,0,3,21,4,117,204,159,3,0,9,47,84,6,693,0.8440925700365408
189,0,41,1,7,1,0,0,0,1,35,0,101,168,135,0,0,12,30,92,8,632,0.8133848133848134
190,0,14,1,13,1,0,0,1,1,27,1,96,185,114,1,0,14,26,81,4,580,0.8192090395480226
191,0,20,2,11,2,0,0,0,1,33,3,78,178,126,0,0,11,22,125,6,618,0.8454172366621067
193,2,20,1,11,2,1,0,1,6,40,1,102,213,120,2,0,13,38,114,3,690,0.8508014796547472
195,1,19,0,4,0,0,0,1,1,49,2,69,182,112,1,0,7,27,83,9,567,0.8375184638109305
196,2,23,4,13,1,1,0,1,0,35,3,78,155,103,0,0,13,27,78,7,544,0.8486739469578783
197,0,4,0,1,0,2,0,1,1,44,0,101,193,153,4,1,11,22,32,6,576,0.7598944591029023
198,2,25,0,15,3,0,0,1,0,31,0,86,210,92,3,0,7,38,95,5,613,0.8228187919463087
199,1,2,3,5,1,0,0,0,2,37,1,70,180,91,2,0,14,16,49,3,477,0.7794117647058824
200,0,25,1,8,2,1,0,1,1,30,0,82,182,84,1,0,15,27,86,0,546,0.8076923076923077
201,0,25,1,11,2,1,1,1,1,28,1,101,208,103,1,0,16,35,77,3,616,0.8496551724137931
204,0,4,5,12,2,1,1,2,2,52,0,166,271,135,6,0,17,25,54,9,764,0.8188638799571275
205,0,5,3,3,0,2,1,0,1,34,1,130,184,129,4,0,7,17,29,7,557,0.7309711286089239
206,4,26,1,14,2,1,1,0,3,37,1,72,166,138,0,0,11,25,108,3,613,0.8782234957020058
207,1,16,1,6,1,1,0,2,2,27,0,76,161,82,0,0,15,35,72,1,499,0.8316666666666667
208,0,20,0,11,2,1,1,1,1,28,0,110,194,93,1,0,6,32,104,2,607,0.8125836680053548
212,3,31,0,7,1,1,0,0,1,27,0,67,144,119,0,0,8,23,109,7,548,0.8549141965678627
213,1,19,1,9,0,0,2,1,0,19,0,67,152,78,3,0,5,32,71,3,463,0.7794612794612794
214,4,11,2,4,0,4,1,0,1,51,0,118,149,114,3,2,10,21,33,5,533,0.7351724137931035
215,3,31,1,7,1,0,0,1,2,26,0,137,240,88,0,0,20,62,122,8,749,0.8530751708428246
217,4,22,2,11,2,0,0,0,2,28,1,91,176,107,1,0,10,32,97,2,588,0.8099173553719008
220,2,33,1,10,2,0,1,1,2,25,0,49,136,95,3,1,6,17,179,4,567,0.9
221,2,5,1,8,1,3,0,2,2,29,0,98,159,119,4,0,14,17,42,9,515,0.7304964539007093
223,4,47,1,20,0,0,0,2,4,41,1,51,145,176,0,0,3,18,240,3,756,0.9438202247191011
224,0,25,1,7,3,1,0,0,1,14,0,50,147,120,1,0,4,17,144,6,541,0.8956953642384106
226,1,20,0,20,1,0,0,1,1,36,1,56,142,130,1,0,12,17,126,2,567,0.8943217665615142
229,3,26,1,13,2,0,1,1,1,35,0,68,118,113,0,0,4,13,119,4,522,0.8312101910828026
230,0,18,2,18,2,0,0,1,3,37,0,108,224,108,1,0,8,41,113,2,686,0.8979057591623036
232,2,8,1,12,3,1,0,2,2,52,2,72,145,158,1,1,7,16,90,9,584,0.8768768768768769
234,0,15,1,15,2,0,0,0,3,27,1,52,143,117,1,0,5,24,79,2,487,0.7657232704402516
235,3,21,3,16,1,0,1,1,2,42,1,61,161,87,1,0,4,17,95,1,518,0.8961937716262975
236,0,22,0,8,3,0,0,0,0,25,0,74,162,103,0,0,6,27,98,7,535,0.8629032258064516
237,1,21,1,5,2,2,0,2,2,35,0,104,198,86,4,0,11,40,88,1,603,0.8481012658227848
238,1,26,2,12,3,1,0,4,2,47,2,120,177,127,2,0,9,20,88,8,651,0.81375
240,1,21,3,6,0,0,0,1,0,37,1,95,180,101,1,0,15,45,107,6,620,0.797940797940798
242,3,40,0,17,2,3,0,1,5,36,1,107,169,134,2,0,12,38,140,4,714,0.8489892984542212
243,0,22,1,14,1,1,0,1,2,24,0,93,163,118,1,0,9,32,86,5,573,0.8526785714285714
246,2,26,1,4,1,0,0,0,1,21,0,67,174,81,1,0,5,45,83,3,515,0.8034321372854915
250,1,23,1,4,0,0,1,0,1,35,1,74,180,98,0,1,6,24,119,3,572,0.8159771754636234
251,1,1,0,2,1,2,1,1,0,11,0,0,9,18,2,0,0,0,10,3,62,0.26956521739130435
252,5,26,4,6,1,0,0,0,0,25,2,83,194,88,2,1,9,37,104,3,590,0.7393483709273183
257,1,34,1,11,0,0,0,1,1,31,0,75,192,118,1,0,7,41,125,4,643,0.8808219178082192
259,0,9,2,7,2,1,0,3,0,51,2,108,197,103,0,0,6,16,52,8,567,0.8277372262773722
262,1,10,0,9,4,0,0,0,2,39,0,109,158,149,0,0,11,17,108,3,620,0.8493150684931506
263,1,37,0,9,1,2,0,2,1,36,0,89,201,99,0,0,7,38,149,3,675,0.8676092544987146
264,4,22,1,9,2,0,0,0,4,31,0,90,253,97,2,0,12,46,117,2,692,0.8046511627906977
265,5,29,1,12,1,2,1,0,2,31,0,110,214,97,2,1,11,51,94,5,669,0.802158273381295
269,4,33,0,21,3,0,0,0,1,31,2,82,208,102,1,0,9,20,155,8,680,0.8717948717948718
271,3,17,4,11,2,0,0,2,1,24,2,85,205,126,0,0,18,42,110,3,655,1.029874213836478
272,3,18,2,7,0,1,0,1,1,16,0,55,160,93,1,1,10,14,80,1,464,0.8241563055062167
274,1,12,1,11,3,0,0,0,1,27,0,74,140,81,0,0,2,16,90,6,465,0.7908163265306123
277,0,12,0,18,2,0,0,1,0,47,2,98,190,126,5,0,9,24,60,6,600,0.702576112412178
279,1,23,3,11,3,0,0,2,3,36,0,100,193,135,0,2,15,33,125,2,687,0.822754491017964
280,1,31,0,11,1,1,0,0,6,40,0,83,200,119,0,0,22,74,134,4,727,0.8685782556750299
281,0,29,1,8,1,0,0,0,0,29,1,109,231,87,3,0,23,59,110,1,692,0.8228299643281808
282,1,10,0,7,2,1,0,0,2,37,2,82,122,124,2,1,9,14,26,3,445,0.7108626198083067
284,2,26,0,7,4,1,0,0,2,27,2,114,156,106,3,0,11,38,86,5,590,0.7783641160949868
286,1,24,2,4,4,6,1,0,1,27,1,120,161,99,3,0,13,34,84,2,587,0.7115151515151515
288,2,11,4,6,1,1,0,1,1,31,1,122,117,82,2,0,11,34,27,3,457,0.64822695035461
291,0,18,4,10,3,0,0,1,1,33,0,94,142,107,1,0,16,46,76,9,561,0.796875
292,0,9,1,6,3,0,0,0,0,27,1,111,162,90,2,0,10,37,62,7,528,0.8110599078341014
294,0,14,0,5,2,0,1,2,0,43,0,101,180,118,3,0,6,15,103,4,597,0.8639652677279306
295,0,10,0,15,1,0,0,0,4,61,1,126,173,115,0,2,15,24,57,2,606,0.8058510638297872
297,1,3,1,4,2,0,1,0,1,43,0,91,152,142,5,0,9,16,44,3,518,0.7595307917888563
299,1,23,1,6,1,0,0,1,2,20,0,95,154,60,0,0,9,62,71,3,509,0.7642642642642643
300,1,20,1,5,6,1,0,1,3,32,1,110,219,85,2,1,17,49,101,2,657,0.7812128418549346
301,2,23,5,11,2,0,0,1,1,29,2,114,193,132,2,0,15,39,98,5,674,0.7607223476297968
303,0,21,0,4,0,0,0,0,0,25,0,93,182,79,0,0,14,49,90,5,562,0.771978021978022
305,3,14,1,14,2,1,0,1,3,37,1,85,201,154,0,2,2,17,126,5,669,0.83625
306,5,22,2,6,2,0,0,4,2,23,0,106,202,107,1,1,13,58,89,6,649,0.8428571428571429
309,4,23,2,5,2,0,0,2,2,28,3,91,210,87,1,0,16,50,72,2,600,0.8547008547008547
311,0,28,1,11,2,2,0,3,1,39,0,116,240,142,4,0,11,41,108,12,761,0.8244853737811484
313,3,19,0,9,4,0,0,0,2,33,1,113,191,133,1,1,13,34,77,8,642,0.7945544554455446
315,3,21,0,8,1,1,0,0,0,28,1,96,193,90,2,1,12,34,71,4,566,0.8155619596541787
316,1,14,2,4,1,1,0,0,2,23,0,112,132,110,3,0,7,45,52,2,511,0.719718309859155
317,0,23,0,5,1,0,0,0,1,12,1,59,148,81,1,0,10,19,62,3,426,0.8729508196721312
319,3,29,4,8,5,0,0,2,4,44,1,103,196,96,1,0,24,39,97,9,665,0.8364779874213837
320,0,13,6,2,2,1,0,0,2,19,0,69,149,83,3,0,6,32,71,1,459,0.785958904109589
321,2,18,2,9,1,0,0,4,3,42,1,210,253,114,1,0,13,41,89,2,805,0.8895027624309392
322,0,18,0,10,2,1,0,1,1,40,2,76,148,135,0,0,9,23,86,8,560,0.890302066772655
323,2,27,0,8,1,2,0,1,1,30,0,65,148,115,4,0,9,34,100,9,556,0.8273809523809523
324,1,27,0,16,0,0,0,1,2,27,0,47,174,95,0,1,7,9,140,3,550,0.8675078864353313
325,1,27,0,10,0,0,2,0,5,25,3,88,169,134,1,0,2,13,106,13,599,0.849645390070922
326,0,7,0,3,1,0,0,0,1,41,0,90,145,84,0,0,18,18,66,1,475,0.7890365448504983
327,1,16,1,15,1,0,1,1,0,25,4,86,155,95,0,0,18,15,107,4,545,0.8637083993660856
329,2,9,6,7,2,1,0,3,2,49,1,161,205,126,1,1,19,42,33,4,674,0.8219512195121951
331,3,40,0,13,1,2,0,0,1,45,4,93,178,146,0,0,15,22,159,6,728,0.8416184971098266
333,3,39,1,13,1,0,0,3,1,21,1,52,142,148,0,0,5,17,190,0,637,0.9165467625899281
334,5,27,1,14,3,0,0,0,2,34,0,62,131,150,0,1,4,17,177,9,637,0.8909090909090909
335,1,9,0,10,0,0,0,0,0,46,0,100,253,118,1,1,9,23,91,8,670,0.8302354399008675
336,2,50,0,19,1,0,0,0,1,24,1,56,103,155,0,0,2,18,231,3,666,0.904891304347826
337,2,23,0,13,0,0,0,4,2,24,1,56,94,154,1,0,1,17,169,6,567,0.9234527687296417
338,1,45,0,17,2,1,0,1,2,39,1,49,90,158,0,0,1,8,226,4,645,0.956973293768546
340,0,9,3,8,4,2,1,1,1,42,0,135,179,127,1,1,12,16,52,5,599,0.7199519230769231
342,1,46,1,13,2,0,0,2,0,25,1,69,156,141,1,0,7,17,163,2,647,0.8707940780619112
343,3,9,1,9,1,2,0,2,2,56,0,155,218,129,1,0,12,25,72,6,703,0.8043478260869565
345,1,31,0,13,1,0,0,2,1,27,0,43,93,147,0,0,2,11,169,3,544,0.8676236044657097
346,0,36,0,15,1,0,0,0,1,32,0,47,137,150,0,0,8,14,216,4,661,0.8980978260869565
348,2,19,1,18,4,1,1,3,0,29,0,95,184,116,5,0,4,19,80,3,584,0.7776298268974701
350,0,67,0,12,3,1,0,1,1,36,2,70,137,157,0,0,5,8,236,4,740,0.9331651954602774
351,1,53,0,12,1,0,0,1,2,29,5,56,149,124,1,0,5,13,177,2,631,0.8925035360678925
353,3,29,0,12,1,1,0,0,3,26,1,64,192,118,0,0,6,17,158,3,634,0.8744827586206897
354,0,24,0,5,1,1,1,1,3,25,0,91,145,123,0,1,8,16,105,2,552,0.8440366972477065
357,0,13,3,7,1,1,0,0,0,9,0,26,114,64,0,0,2,16,125,1,382,0.8781609195402299
362,1,30,1,8,2,0,0,2,3,35,1,62,188,125,0,1,7,28,146,5,645,0.9071729957805907
363,1,15,0,14,3,2,0,2,2,25,0,101,187,105,3,0,9,24,106,5,604,0.8319559228650137
364,3,7,2,12,0,2,1,2,1,56,2,103,243,97,2,0,23,18,96,7,677,0.8701799485861182
365,2,34,0,9,0,0,0,5,3,37,2,72,168,120,2,1,6,34,132,3,630,0.799492385786802
366,1,10,0,14,2,1,0,0,3,42,3,90,197,103,0,0,9,23,62,4,564,0.8257686676427526
367,0,25,1,12,2,0,0,3,4,21,1,52,167,159,0,0,7,25,135,3,617,0.8653576437587658
368,0,30,0,11,5,0,0,2,4,26,0,63,154,103,0,0,5,30,111,6,550,0.88
370,0,12,0,6,0,1,0,0,0,19,2,90,228,91,2,1,14,43,44,2,555,0.9024390243902439
371,0,10,3,10,1,1,0,0,0,16,1,52,98,79,2,0,6,14,62,5,360,0.821917808219178
372,3,48,0,16,3,2,0,1,3,30,1,76,240,129,2,1,4,27,183,8,777,0.925
373,5,37,2,8,2,0,0,1,1,35,2,57,141,114,2,0,7,18,149,4,585,0.8590308370044053
375,1,33,1,24,2,3,1,0,0,29,0,92,191,126,3,0,9,33,133,4,685,0.8282950423216445
377,0,6,1,12,2,0,0,2,1,53,1,106,171,115,1,0,9,27,67,3,577,0.8637724550898204
378,2,33,1,15,1,1,1,1,0,32,1,72,148,135,1,0,12,20,133,1,610,0.8726752503576538
379,7,48,1,11,4,0,1,0,2,35,0,64,177,119,0,0,5,26,150,1,651,0.888130968622101
381,2,32,2,9,3,0,0,0,1,33,1,61,128,150,0,1,11,17,122,1,574,0.8118811881188119
383,1,5,8,5,2,0,0,0,1,41,2,199,191,121,6,2,8,28,64,7,691,0.7601760176017601
384,0,28,0,18,0,0,0,0,2,32,2,96,184,113,2,1,10,20,107,7,622,0.8428184281842819
385,1,20,1,6,1,0,0,0,4,37,1,73,115,103,0,0,7,26,83,2,480,0.823327615780446
386,0,38,2,8,1,1,0,1,4,63,1,101,221,108,0,0,5,19,128,4,705,0.8483754512635379
387,1,26,0,10,1,1,1,1,2,26,1,79,190,108,0,0,12,30,118,6,613,0.8340136054421768
388,1,29,1,16,1,1,1,0,2,34,0,95,186,130,1,0,5,23,164,6,696,0.883248730964467
389,3,41,2,14,1,1,0,0,5,37,0,80,174,142,0,0,9,27,169,6,711,0.9011406844106464
391,0,33,3,9,2,0,0,1,2,42,0,58,158,179,1,0,5,10,188,6,697,0.8428053204353083
393,1,30,1,3,1,0,0,1,1,38,1,86,153,168,3,0,10,13,100,4,614,0.7782002534854245
394,0,6,1,4,2,1,0,1,0,18,0,78,162,66,0,0,10,15,58,4,426,0.7932960893854749
396,1,5,2,10,0,0,0,0,1,39,1,102,192,101,1,1,9,35,44,5,549,0.8243243243243243
397,0,31,1,11,0,0,0,0,6,25,0,64,166,110,0,0,4,11,248,1,678,0.8956406869220608
399,2,28,3,9,0,0,0,2,2,34,0,69,153,133,1,0,8,24,200,5,673,0.8997326203208557
400,2,42,1,10,1,0,0,4,1,41,0,73,133,143,2,0,8,15,145,3,624,0.8308921438082557
401,5,23,2,9,1,0,0,6,5,26,0,78,154,131,4,0,3,22,124,0,593,0.8179310344827586
402,0,10,4,2,0,0,0,1,0,7,0,28,44,24,0,0,2,5,48,1,176,0.9166666666666666
403,3,19,2,14,1,0,0,0,4,24,0,86,161,120,0,0,9,31,133,6,613,0.8283783783783784
404,0,10,0,5,0,0,0,0,0,10,0,17,27,37,1,0,0,3,36,0,146,0.9419354838709677
406,3,45,1,6,8,0,0,0,2,37,1,84,200,151,0,0,7,19,193,5,762,0.8748564867967853
407,1,22,1,5,3,1,0,0,3,44,0,71,140,121,1,0,4,30,157,0,604,0.8319559228650137
409,2,42,0,15,2,0,0,4,3,36,0,58,170,126,1,2,5,25,131,3,625,0.8561643835616438
411,0,28,0,5,1,1,0,1,2,36,2,79,122,125,0,0,5,20,80,2,509,0.8028391167192429
414,0,27,0,6,3,3,0,1,0,52,1,85,178,128,2,0,6,31,103,5,631,0.8402130492676432
415,1,23,1,19,0,0,0,1,6,26,1,46,129,141,0,0,5,22,165,5,591,0.8678414096916299
416,2,25,0,2,2,0,0,0,1,21,0,71,141,46,4,0,5,22,97,2,441,0.6722560975609756
417,0,17,2,12,1,1,2,4,0,31,1,104,176,111,2,0,7,31,108,2,612,0.8511821974965229
418,0,45,0,24,1,0,0,4,2,33,2,46,189,145,0,0,10,26,182,4,713,0.8835192069392813
422,4,18,2,10,1,0,2,0,2,11,2,61,77,92,0,0,0,12,115,0,409,0.8814655172413793
423,3,49,0,20,3,0,0,1,3,44,2,69,170,168,1,0,6,26,211,2,778,0.9046511627906977
424,1,27,0,13,0,1,0,0,1,20,1,33,98,106,0,0,6,7,115,1,430,0.849802371541502
425,1,48,5,20,3,1,0,1,3,59,4,88,152,172,0,0,7,14,189,4,771,0.8624161073825504
426,2,17,0,4,1,0,0,0,0,16,3,40,97,54,0,0,4,15,46,2,301,0.8801169590643275
427,4,36,0,14,1,2,0,2,2,38,2,55,110,167,2,3,5,23,152,3,621,0.8636995827538247
428,1,23,2,6,1,0,0,1,3,35,2,99,157,90,2,0,7,45,53,2,529,0.8138461538461539
430,0,12,0,14,1,0,0,0,1,23,0,97,180,97,2,0,8,38,59,7,539,0.7926470588235294
431,1,22,2,8,0,0,1,2,2,34,1,76,151,102,1,1,3,24,135,6,572,0.8827160493827161
433,5,37,0,19,1,0,1,1,2,34,1,90,158,143,0,0,9,31,125,2,659,0.8320707070707071
435,3,22,1,6,4,0,0,0,1,32,0,108,190,137,1,0,8,18,153,5,689,0.8067915690866511
436,0,39,1,5,1,0,0,4,1,24,0,58,116,97,0,0,3,8,100,4,461,0.7934595524956971
437,2,34,1,20,2,0,0,3,3,34,2,63,154,137,0,0,4,11,115,2,587,0.8645066273932254
438,0,12,4,10,3,0,1,0,3,43,0,112,228,132,2,1,9,29,91,4,684,0.7853042479908151
439,0,21,1,7,0,1,0,0,2,51,1,92,176,129,3,0,4,20,89,4,601,0.8405594405594405
440,2,18,2,12,0,0,0,1,1,27,0,51,128,99,0,0,9,19,56,2,427,0.8591549295774648
441,0,29,0,23,1,0,0,1,3,43,1,89,210,157,0,1,10,24,131,3,726,0.836405529953917
444,1,22,3,16,1,0,0,2,4,34,2,85,182,111,1,0,10,17,95,5,591,0.8288920056100981
446,2,20,0,18,2,0,1,1,2,31,2,58,173,110,1,0,5,22,109,4,561,0.8604294478527608
447,0,8,0,7,0,0,0,0,1,19,0,40,107,74,0,1,3,14,37,1,312,0.8103896103896104
449,0,44,2,17,0,0,0,0,3,25,4,50,144,144,1,0,3,17,126,1,581,0.8911042944785276
450,1,18,1,15,3,0,0,3,0,37,1,88,177,140,2,0,5,34,105,4,634,0.8005050505050505
451,1,7,1,10,1,0,0,0,2,7,0,19,48,31,0,0,3,4,31,1,166,0.9120879120879121
452,1,15,3,9,1,0,0,0,2,39,0,94,182,86,1,1,6,23,79,4,546,0.7890173410404624
453,2,8,4,6,2,0,0,1,3,37,2,102,227,133,1,0,11,18,59,5,621,0.9480916030534351
454,0,18,3,4,0,0,0,1,4,36,2,78,182,97,1,0,10,36,96,4,572,0.8338192419825073
457,1,46,1,17,2,0,0,1,2,34,1,107,189,161,0,0,11,2,148,2,725,0.8440046565774156
458,1,25,0,5,1,2,0,1,3,43,1,96,154,132,0,0,12,32,95,1,604,0.8140161725067385
460,2,14,2,11,0,0,0,2,2,25,0,83,132,134,2,0,6,22,55,8,500,0.7485029940119761
461,1,35,4,11,0,0,0,0,2,35,1,82,180,124,0,0,12,39,152,2,680,0.8415841584158416
462,0,32,1,9,0,0,0,0,1,36,0,81,202,116,2,0,9,48,113,4,654,0.9033149171270718
465,0,4,1,8,0,4,0,3,0,38,1,121,193,121,1,0,21,18,38,1,573,0.8013986013986014
467,0,16,2,9,0,0,1,0,3,30,0,80,212,104,1,0,11,47,76,1,593,0.8569364161849711
468,1,23,1,9,1,0,3,1,1,27,1,137,215,78,0,0,16,44,82,7,647,0.8435462842242504
469,3,26,1,5,1,1,0,0,2,31,0,92,190,119,0,0,10,22,108,5,616,0.82907133243607
474,1,16,2,8,0,2,0,1,3,21,5,95,174,90,0,0,8,42,77,4,549,0.7776203966005666
477,1,26,2,16,3,0,1,0,2,29,1,83,166,138,0,0,13,28,128,4,641,0.8412073490813649
479,4,35,1,13,1,0,0,1,1,52,0,122,217,151,1,0,13,25,103,5,745,0.8115468409586056
480,1,27,1,8,2,0,0,0,2,34,0,111,198,149,1,0,8,34,102,2,680,0.891218872870249
482,1,11,1,5,6,2,0,0,3,55,3,184,212,141,3,2,20,22,87,6,764,0.9339853300733496
483,1,23,4,14,2,0,0,0,1,50,1,95,161,150,0,0,9,18,84,4,617,0.7820025348542459
484,2,19,2,6,0,1,0,0,2,43,1,99,209,109,1,0,5,28,117,4,648,0.826530612244898
485,0,9,1,7,2,1,0,0,0,40,0,86,160,166,0,0,10,32,82,1,597,0.7886393659180978
487,1,23,3,13,3,0,0,0,4,42,3,136,192,123,2,0,15,40,112,5,717,0.8231917336394948
488,1,20,1,10,0,2,0,1,2,48,1,114,186,124,1,1,8,34,59,5,618,0.8284182305630027
489,0,24,1,14,1,0,0,0,3,50,1,132,211,124,0,1,13,30,101,5,711,0.7961926091825308
490,2,18,1,7,0,0,0,0,0,37,0,75,145,123,3,0,16,29,76,8,540,0.8108108108108109
493,6,23,7,13,2,1,0,6,2,44,1,95,166,129,4,0,13,21,108,2,643,0.8017456359102244
495,1,32,0,12,0,0,0,0,0,32,0,98,155,105,0,1,4,36,103,3,582,0.8314285714285714
498,1,17,3,8,2,1,0,1,2,38,0,122,207,78,2,0,15,50,64,3,614,0.8132450331125828
499,1,15,1,8,1,2,0,1,0,31,1,77,181,92,1,1,9,32,125,1,580,0.8516886930983847
501,1,25,2,5,0,0,0,2,0,21,0,49,135,128,0,0,8,24,166,3,569,0.8794435857805255
502,1,13,1,19,1,1,0,3,1,43,1,67,172,177,2,0,12,5,129,7,655,0.8365261813537676
504,2,15,3,7,1,3,0,6,2,45,2,149,256,115,2,0,29,31,100,4,772,0.9530864197530864
505,0,28,1,11,2,2,0,1,1,21,1,76,157,118,3,1,13,25,125,6,592,0.8291316526610645
506,3,12,2,6,1,0,0,3,0,21,2,59,143,93,2,1,8,26,98,4,484,0.7806451612903226
508,2,14,2,11,2,3,1,2,3,37,0,82,181,140,0,1,4,28,115,6,634,0.844207723035952
510,1,13,0,9,2,0,0,2,2,42,7,139,198,152,3,0,6,28,59,6,669,0.8138686131386861
511,0,19,4,8,4,1,0,2,1,73,1,155,267,143,3,0,14,17,85,5,802,0.8642241379310345
512,0,39,0,6,0,0,0,1,3,18,0,52,143,135,0,0,5,20,170,4,596,0.826629680998613
514,5,40,4,11,5,1,2,2,4,32,1,65,169,147,3,0,15,20,147,3,676,0.8644501278772379
515,5,45,0,12,1,0,0,1,1,30,2,53,146,122,0,0,3,19,181,2,623,0.8951149425287356
518,3,5,6,3,4,1,1,0,2,36,2,91,130,136,5,1,9,16,55,4,510,0.7122905027932961
519,2,30,2,8,0,1,0,2,1,36,0,71,137,68,0,3,7,24,88,4,484,0.8581560283687943
521,2,20,1,10,1,0,0,1,1,27,1,73,125,106,1,1,9,15,110,3,507,0.8284313725490197
523,1,36,1,14,3,0,0,3,1,25,3,93,151,103,1,0,11,26,141,6,619,0.8742937853107344
525,1,22,1,10,0,1,1,0,3,32,0,79,160,143,1,0,7,21,87,2,571,0.7737127371273713
526,1,17,1,7,1,0,0,1,1,26,4,86,179,100,1,0,17,41,96,2,581,0.8432510885341074
530,0,0,0,1,8,1,0,1,0,4,0,3,15,15,0,0,2,1,0,0,51,51.0
532,1,14,7,11,1,1,0,2,1,37,6,145,180,118,1,0,8,17,60,6,616,0.8257372654155496
534,0,38,1,15,1,0,0,0,2,37,1,61,115,162,0,2,7,20,163,4,629,0.8420348058902276
535,3,28,1,5,0,0,0,1,0,23,0,51,63,121,1,0,2,3,68,2,372,0.8711943793911007
537,1,2,0,2,0,1,0,0,0,3,0,13,16,28,0,0,1,0,20,0,87,0.8207547169811321
538,0,18,1,17,1,0,0,0,0,41,2,120,218,134,2,0,26,25,77,5,687,0.822754491017964
539,1,8,0,7,2,0,0,2,2,30,0,80,131,90,0,0,6,18,47,6,430,0.819047619047619
540,0,31,0,4,3,3,1,2,1,26,1,92,192,154,1,1,5,21,130,3,671,0.8440251572327044
541,1,2,1,6,1,0,0,0,0,29,2,57,118,101,4,1,16,16,16,2,373,0.5930047694753577
542,5,17,1,6,5,0,0,1,0,21,3,90,171,98,2,0,11,22,100,4,557,0.8155197657393851
543,3,10,4,7,2,2,2,1,1,55,0,149,250,91,3,1,10,49,79,5,724,0.9305912596401028
547,2,23,2,18,2,1,0,0,2,33,0,123,166,139,2,0,16,38,124,2,693,0.825
548,3,16,3,10,1,1,0,2,1,39,2,96,136,104,1,0,9,19,66,8,517,0.7786144578313253
549,1,2,5,6,0,0,0,0,1,25,0,88,121,110,2,1,16,19,22,3,422,0.6604068857589984
550,4,27,3,2,1,0,0,0,0,34,2,117,242,130,9,0,21,24,83,6,705,0.8084862385321101
551,0,8,5,7,1,1,0,0,2,21,2,109,207,70,1,1,14,29,51,5,534,0.8253477588871716
552,16,17,0,8,1,3,0,1,4,35,1,97,154,121,3,0,16,0,60,8,545,0.7601115760111576
555,2,12,2,7,2,1,0,2,2,33,1,124,184,85,2,1,11,39,54,2,566,0.8132183908045977
556,1,17,1,12,1,1,1,1,1,32,0,123,203,139,1,0,10,52,70,5,671,0.7857142857142857
558,3,10,2,4,4,0,0,0,0,34,0,114,167,97,2,0,26,56,45,3,567,0.7431192660550459
561,1,19,4,4,0,1,0,0,0,23,0,90,126,80,1,0,18,32,60,3,462,0.7674418604651163
562,1,10,1,9,4,2,0,1,0,24,0,116,199,109,5,0,20,56,57,0,614,0.7570900123304563
564,2,19,0,12,2,0,0,2,1,25,3,74,199,111,0,0,4,18,78,10,560,0.8805031446540881
566,0,19,1,9,0,0,0,2,5,31,0,59,80,116,1,0,4,13,89,3,432,0.8059701492537313
567,2,9,1,15,3,1,0,2,3,64,2,103,237,166,2,1,13,31,93,6,754,0.8726851851851852
568,0,7,1,10,0,1,0,1,1,13,0,41,49,61,0,0,8,14,44,2,253,0.7737003058103975
569,2,17,0,7,0,0,0,2,0,18,0,73,122,81,1,0,7,19,48,7,404,0.7680608365019012
570,1,18,0,10,4,0,0,1,1,54,1,77,173,129,0,0,8,21,101,7,606,0.8607954545454546
571,2,27,0,9,1,1,0,8,1,29,0,109,106,105,3,0,6,21,49,2,479,0.7970049916805324
573,1,5,3,13,1,1,0,3,1,39,2,75,139,112,0,0,8,25,81,7,516,0.7901990811638591
574,0,9,2,15,0,1,2,8,0,29,0,79,144,166,1,0,2,19,53,5,535,0.7902511078286558
575,1,26,0,14,3,0,0,1,4,38,1,78,155,169,0,0,1,19,117,2,629,0.8797202797202798
580,2,19,1,5,1,1,0,0,1,41,1,81,143,118,0,0,13,38,78,5,548,0.8118518518518518
582,0,17,1,10,0,0,0,0,1,42,0,58,114,89,0,0,5,18,75,1,431,0.8026070763500931
583,1,1,6,8,4,0,0,1,3,35,1,98,161,111,3,0,1,12,42,7,495,0.7568807339449541
585,1,25,1,8,1,0,0,1,2,38,0,52,109,131,1,0,2,9,137,5,523,0.849025974025974
586,3,21,0,10,3,0,0,1,2,31,1,44,123,154,1,0,4,20,124,2,544,0.8553459119496856
589,2,30,1,12,1,0,2,1,3,41,0,97,178,154,0,0,8,37,136,1,704,0.8082663605051664
590,1,17,0,7,2,3,0,0,3,34,0,74,168,129,2,0,15,20,90,3,568,0.7727891156462585
592,1,12,1,6,2,2,0,2,3,40,0,84,110,98,0,1,4,32,47,1,446,0.7810858143607706
594,5,26,2,15,2,0,0,0,3,23,1,86,205,105,2,0,15,30,97,6,623,0.808041504539559
596,2,21,1,14,3,1,0,0,2,24,0,77,144,92,1,0,10,26,86,3,507,0.8435940099833611
600,0,17,3,4,1,1,0,2,1,43,0,120,217,91,4,0,7,12,52,14,589,0.7689295039164491
601,2,20,0,13,5,0,3,3,9,39,0,125,187,131,0,0,13,30,97,8,685,0.8233173076923077
603,1,32,1,11,3,1,1,1,2,41,2,98,205,135,0,0,10,33,148,8,733,0.8820697954271961
604,2,26,3,13,2,1,1,2,4,30,1,112,203,107,1,1,9,29,98,2,647,0.80875
608,2,46,1,15,1,2,0,1,1,43,1,110,156,166,0,1,15,32,123,2,718,0.8588516746411483
610,1,22,2,15,2,1,0,0,1,40,1,85,161,118,1,0,11,33,84,2,580,0.8226950354609929
613,2,18,0,9,4,0,0,1,2,33,0,74,185,171,2,0,15,22,123,5,666,0.8774703557312253
614,5,31,2,17,0,1,1,4,4,27,0,80,182,108,1,0,9,31,94,6,603,0.8083109919571045
615,0,12,4,15,2,1,0,2,2,61,0,122,193,147,1,0,13,21,70,3,669,0.8218673218673219
616,7,35,1,20,3,0,0,1,2,28,1,96,196,118,2,0,9,41,122,3,685,0.819377990430622
617,1,24,0,20,4,2,1,1,7,41,2,107,211,129,2,0,21,51,90,15,729,0.8408304498269896
621,1,42,1,22,0,0,0,1,2,38,0,86,168,164,1,0,9,33,112,6,686,0.8345498783454988
622,2,3,3,12,2,1,1,3,2,55,0,88,127,117,5,2,9,15,27,4,478,0.6780141843971631
624,0,23,4,4,5,0,1,4,3,46,2,88,175,168,2,0,12,20,97,4,658,0.8225
625,3,36,2,19,4,0,1,1,5,40,4,76,209,132,0,0,7,35,169,7,750,0.9036144578313253
627,1,10,2,9,2,0,0,0,5,38,0,98,193,117,2,0,25,13,46,3,564,0.7601078167115903
631,2,41,0,11,1,1,0,5,4,36,0,121,213,161,0,0,11,26,113,2,748,0.8529076396807298
633,1,6,2,4,1,0,0,3,0,52,11,156,203,117,4,0,16,33,84,4,697,0.8123543123543123
634,2,21,0,13,0,1,0,1,3,28,0,96,193,124,2,0,12,60,100,2,658,0.8297604035308953
635,2,7,4,9,2,0,0,3,1,51,1,92,209,120,0,1,12,22,78,9,623,0.8762306610407876
636,2,40,5,13,0,0,0,0,1,25,2,99,174,110,2,0,9,34,140,1,657,0.8818791946308725
638,0,18,1,12,3,2,0,1,4,29,2,77,205,88,3,0,11,48,73,2,579,0.8427947598253275
641,2,34,0,13,0,2,2,1,2,27,0,78,190,120,0,0,5,24,148,1,649,0.8711409395973154
642,3,25,0,17,2,1,0,1,1,46,0,94,225,134,1,1,21,37,90,8,707,0.8696186961869619
644,1,6,3,6,1,3,1,2,0,39,1,123,189,96,7,3,12,16,27,4,540,0.7883211678832117
646,0,6,6,6,1,2,0,1,0,28,1,103,161,92,2,0,13,24,34,7,487,0.7742448330683624
648,1,17,1,14,0,2,0,0,2,52,0,63,111,151,0,0,7,16,98,3,538,0.856687898089172
649,2,23,0,19,4,1,0,1,2,41,0,62,181,133,0,0,3,37,157,5,671,0.9204389574759945
651,2,8,1,7,2,2,0,2,0,20,1,96,203,96,4,0,10,32,74,5,565,0.8746130030959752
652,0,26,1,11,5,0,0,1,2,25,0,92,201,133,3,1,12,29,110,4,656,0.8620236530880421
655,2,21,0,15,1,1,0,2,2,34,3,85,220,134,2,0,12,49,127,3,713,0.8923654568210263
657,0,4,0,4,1,0,0,0,2,47,5,88,207,83,0,2,16,24,39,7,529,0.7931034482758621
659,1,34,0,4,4,2,0,0,1,35,1,63,177,120,0,0,3,26,112,2,585,0.8478260869565217
662,2,39,0,16,5,0,0,1,0,34,1,78,215,142,0,1,10,34,146,4,728,0.91
663,4,27,2,14,1,0,1,0,5,18,0,79,187,129,0,0,7,40,106,5,625,0.8212877792378449
665,0,32,1,23,3,1,0,0,4,41,2,59,205,125,2,0,7,42,130,14,691,0.8858974358974359
666,0,10,0,3,0,0,0,0,1,10,0,20,62,37,0,0,1,11,41,1,197,0.8995433789954338
667,0,12,1,8,1,1,0,0,0,25,0,71,120,97,0,0,7,18,73,3,437,0.8973305954825462
668,4,31,4,13,2,0,0,2,4,38,0,97,208,134,0,0,11,40,132,3,723,0.8731884057971014
669,0,31,2,14,3,0,0,0,5,43,1,126,233,183,2,0,8,41,120,5,817,0.8747323340471093
671,8,36,3,15,0,0,1,1,2,39,1,73,236,105,0,0,8,27,109,3,667,0.8718954248366013
673,1,30,3,14,0,0,0,0,1,27,2,87,243,117,1,0,10,40,121,2,699,0.8870558375634517
674,5,30,1,10,3,0,1,2,1,41,2,103,222,140,2,1,7,31,97,3,702,0.8478260869565217
675,4,19,1,10,1,2,0,0,0,25,0,95,188,106,0,0,8,48,63,6,576,0.8533333333333334
676,1,17,4,16,4,0,2,0,5,38,0,72,204,129,1,0,10,23,107,5,638,0.8644986449864499
678,0,26,4,12,4,0,0,0,2,29,0,66,162,98,2,0,8,39,121,7,580,0.8442503639010189
679,3,22,3,12,2,1,0,3,1,36,0,120,212,126,4,0,11,25,107,6,694,0.9216467463479415
680,0,32,3,15,1,0,0,0,3,30,0,100,175,144,0,0,10,23,99,7,642,0.816793893129771
684,2,18,2,8,3,1,2,1,2,29,0,79,202,153,1,0,9,26,112,5,655,0.827020202020202
686,3,22,2,13,1,1,0,0,1,38,0,62,140,121,1,0,6,15,80,3,509,0.8399339933993399
687,1,26,0,10,4,0,0,2,0,40,0,91,184,117,0,0,7,35,86,8,611,0.8569424964936886
690,0,19,0,20,1,1,1,2,1,45,1,74,155,143,1,1,9,34,84,4,596,0.8726207906295754
692,3,32,2,22,1,2,4,0,4,38,3,96,220,163,1,0,11,24,109,3,738,0.8551564310544612
693,1,14,0,10,3,1,0,1,1,41,0,99,160,114,1,0,16,35,89,0,586,0.801641586867305
696,2,15,0,9,1,2,0,0,2,31,1,78,138,94,1,0,14,27,55,1,471,0.782392026578073
698,2,16,2,10,1,1,0,1,1,38,2,90,162,104,2,1,12,40,84,1,570,0.7744565217391305
699,2,9,0,5,0,4,1,5,1,47,0,112,206,107,6,0,16,25,57,3,606,0.8189189189189189
700,3,24,0,18,2,1,1,2,1,38,0,99,143,129,2,0,18,47,87,4,619,0.8112712975098296
701,1,24,2,19,1,1,1,1,3,38,0,81,174,171,1,1,9,20,119,3,670,0.8513341804320204
702,2,6,4,6,4,2,1,1,4,23,1,96,154,130,2,0,14,23,61,3,537,0.7660485021398002
703,0,14,3,9,2,0,0,0,2,47,2,106,171,113,5,0,16,34,76,6,606,0.8301369863013699
704,0,11,3,5,0,1,0,1,3,39,2,100,141,111,3,1,11,51,72,3,558,0.7859154929577464
705,1,12,4,8,2,1,0,1,5,28,1,106,192,107,1,0,14,44,49,1,577,0.7839673913043478
706,0,7,0,12,1,3,0,1,0,31,0,78,104,111,1,0,22,35,62,7,475,0.76
707,1,20,1,17,1,1,0,1,0,37,0,105,154,120,2,0,20,30,54,4,568,0.783448275862069
709,7,29,1,19,5,0,1,0,2,33,0,63,206,113,2,0,13,26,116,3,639,0.8202824133504493
711,1,39,4,21,1,2,0,3,3,43,0,179,254,128,5,0,17,30,117,1,848,0.8146013448607109
712,5,22,4,18,1,1,0,2,3,40,2,124,177,153,0,0,13,41,87,4,697,0.8377403846153846
713,1,18,0,6,1,1,1,0,2,40,0,103,159,103,0,0,7,45,94,1,582,0.8459302325581395
715,1,11,0,8,1,0,0,1,3,19,1,79,123,108,1,0,12,41,76,3,488,0.8026315789473685
716,0,7,2,9,3,0,1,3,0,41,1,116,214,132,4,1,17,28,49,3,631,0.8048469387755102
717,1,3,0,6,3,1,0,2,0,26,0,113,153,101,6,2,11,17,28,3,476,0.7652733118971061
718,1,11,2,10,1,1,0,1,5,34,0,83,130,91,1,0,28,55,56,2,512,0.7585185185185185
719,1,7,1,10,0,0,0,2,1,12,0,88,152,100,1,0,13,27,57,2,474,0.7694805194805194
721,1,15,0,19,1,0,0,0,1,37,0,85,158,112,4,0,6,32,82,7,560,0.8247422680412371
724,0,7,0,11,0,1,0,1,0,10,0,60,146,63,0,0,11,30,77,3,420,0.8267716535433071
725,1,15,1,17,2,2,0,2,3,32,0,82,180,84,5,0,15,32,71,2,546,0.7959183673469388
726,0,2,1,4,2,2,1,1,3,30,2,133,204,132,3,0,13,18,59,6,616,0.7989623865110247
727,2,17,0,11,3,2,0,0,2,35,1,82,189,107,0,1,12,41,97,10,612,0.8170894526034713
728,0,16,5,9,1,1,0,0,1,42,2,65,188,136,1,1,11,29,113,3,624,0.8571428571428571
729,1,7,2,11,3,0,1,3,0,37,0,118,163,145,7,0,10,20,53,7,588,0.7557840616966581
731,0,21,4,8,2,0,0,6,0,56,0,98,220,124,1,0,6,42,94,6,688,0.9309878213802436
734,2,25,2,20,3,1,0,0,2,13,1,95,183,133,1,0,13,40,97,6,637,0.7972465581977471
736,2,17,3,10,1,0,0,1,4,40,0,126,217,135,1,0,10,29,87,6,689,0.8241626794258373
738,2,7,5,4,2,1,0,0,1,29,0,94,135,146,0,0,10,15,31,5,487,0.7931596091205212
739,1,14,1,6,1,1,0,1,3,25,0,72,186,68,0,0,6,35,61,2,483,0.8579040852575488
740,0,24,0,12,1,0,0,1,4,40,0,87,203,142,0,1,6,30,110,8,669,0.8576923076923076
741,0,13,0,7,2,0,0,0,0,39,0,90,178,121,0,0,9,37,56,6,558,0.7914893617021277
743,1,5,0,5,1,0,0,2,3,40,1,115,162,101,0,0,22,38,40,3,539,0.7303523035230353
746,0,18,1,8,0,1,0,0,2,35,0,103,165,116,2,0,16,43,58,6,574,0.8050490883590463
747,0,15,4,10,2,1,0,3,2,47,2,142,205,183,2,1,23,41,77,7,767,0.9002347417840375
748,0,11,2,10,1,1,0,0,0,26,1,94,140,100,1,0,13,34,45,6,485,0.749613601236476
749,0,10,0,3,2,1,0,1,2,27,1,66,121,102,3,0,16,32,39,4,430,0.680379746835443
751,3,10,3,8,0,0,0,1,0,42,2,108,130,99,1,0,15,24,56,1,503,0.7507462686567165
752,0,19,0,7,1,0,0,0,0,29,1,98,172,98,2,0,10,40,70,5,552,0.7666666666666667
753,0,14,1,8,4,2,1,2,0,40,1,96,160,109,1,0,17,28,63,4,551,0.7517053206002728
755,1,6,2,9,0,0,0,3,2,48,0,153,272,123,2,0,10,25,48,2,706,0.7914798206278026
756,0,8,3,5,0,0,1,0,1,35,1,78,135,109,3,0,14,39,33,3,468,0.7440381558028617
760,3,7,6,11,1,1,0,2,1,31,0,105,189,127,1,0,18,54,58,4,619,0.7727840199750312
762,0,14,1,10,2,1,0,1,1,21,0,93,143,55,0,0,16,57,45,1,461,0.719188767550702
765,0,4,1,7,2,1,0,2,3,15,1,58,111,82,6,0,13,47,25,2,380,0.6934306569343066
766,7,7,5,9,1,0,2,1,2,31,0,138,178,93,2,0,10,14,45,13,558,0.8005738880918221
767,1,10,4,15,3,1,1,1,2,33,3,132,177,103,2,1,9,12,50,12,572,0.807909604519774
770,2,12,0,10,0,0,1,0,2,30,2,101,177,120,1,0,10,37,61,3,569,0.7891816920943134
771,1,16,1,6,2,1,0,0,1,25,0,91,124,94,2,0,6,28,70,4,472,0.7564102564102564
772,1,22,2,8,4,0,1,1,2,25,0,90,203,90,0,0,11,46,75,9,590,0.8368794326241135
775,0,16,1,17,1,0,1,0,4,34,2,114,145,150,1,0,7,18,54,4,569,0.763758389261745
776,1,10,4,7,2,2,0,1,1,54,1,119,179,166,2,1,18,28,79,4,679,0.8649681528662421
778,0,4,0,8,3,1,1,3,2,39,0,100,151,114,1,0,19,35,74,4,559,0.7678571428571429
780,5,14,5,14,3,2,0,0,2,37,0,110,232,119,1,0,16,35,62,4,661,0.7712952158693116
781,4,9,3,6,6,0,0,1,3,45,2,177,190,186,4,1,11,42,58,6,754,0.8021276595744681
783,0,8,0,12,1,0,0,2,1,44,2,103,176,117,2,0,13,18,53,3,555,0.8795562599049128
784,0,10,1,7,3,0,0,0,2,31,0,116,181,104,4,0,16,19,68,5,567,0.78099173553719
785,3,13,3,9,1,1,0,0,3,47,1,150,167,166,1,0,9,26,66,6,672,0.797153024911032
786,2,8,3,9,2,1,0,0,4,33,0,97,195,118,3,0,11,29,54,4,573,0.8268398268398268
788,0,8,2,7,0,1,0,3,5,34,0,168,177,107,3,0,17,33,42,6,613,0.7596034696406444
789,4,12,3,11,2,1,0,1,2,51,1,127,154,113,1,0,9,23,54,7,576,0.7741935483870968
790,3,18,4,13,0,1,0,0,0,60,0,134,251,141,4,0,11,34,111,12,797,0.8579117330462863
791,1,9,1,14,1,0,1,5,3,50,2,123,172,161,2,1,9,31,49,11,646,0.8075
792,3,4,4,11,1,0,0,1,1,48,0,168,216,171,5,2,25,44,69,16,789,0.8184647302904564
793,2,7,2,19,3,3,1,1,0,46,0,108,174,136,2,1,13,26,51,9,604,0.78748370273794
794,2,11,2,22,3,1,0,2,2,54,0,147,151,165,2,0,17,22,53,7,663,0.7921146953405018
796,0,8,0,15,2,1,2,3,3,37,1,126,137,103,0,1,12,25,58,9,543,0.7135348226018396
797,0,4,1,8,1,1,0,0,2,31,1,88,147,93,1,0,20,26,39,10,473,0.734472049689441
799,0,10,0,11,2,2,0,3,4,64,0,120,193,200,2,0,20,26,118,1,776,0.8425624321389794
800,0,2,2,1,2,1,0,1,2,50,0,84,209,147,2,1,16,18,64,5,607,0.7540372670807454
801,1,3,3,4,0,1,2,0,0,30,0,101,157,92,4,0,12,21,31,3,465,0.6858407079646017
802,0,8,2,5,0,1,0,1,2,44,0,124,115,116,1,0,5,15,34,5,478,0.7264437689969605
803,0,9,7,9,0,2,0,1,0,47,0,132,139,132,1,0,15,26,45,6,571,0.7542932628797886
805,1,11,3,10,2,0,0,1,3,45,0,122,199,122,3,1,14,36,51,3,627,0.7674418604651163
806,0,12,0,5,5,0,0,2,1,42,0,100,160,113,6,0,11,12,56,4,529,0.7377963737796374
807,3,12,4,10,0,0,0,1,7,37,0,92,173,95,2,0,12,32,62,2,544,0.7503448275862069
808,1,11,3,3,3,3,0,2,0,40,0,123,188,82,7,0,20,26,63,9,584,0.790257104194858
812,2,11,5,8,4,1,1,2,2,46,0,107,239,124,1,1,20,29,53,8,664,0.772093023255814
813,2,26,2,17,3,0,1,0,0,38,1,66,233,122,1,0,5,44,85,3,649,0.8122653316645807
816,1,15,2,14,1,0,0,0,2,55,2,74,226,115,0,1,10,34,130,1,683,0.9058355437665783
817,2,12,2,18,4,2,0,0,1,46,1,121,236,116,2,0,13,33,102,3,714,0.8439716312056738
818,3,23,0,14,1,1,0,1,4,32,0,118,217,117,1,1,20,24,85,10,672,0.8195121951219512
820,0,16,0,11,2,1,0,1,2,34,0,106,169,137,0,0,13,30,81,6,609,0.8541374474053296
821,1,24,0,13,2,1,0,3,1,42,0,103,174,113,3,2,19,42,96,12,651,0.8389175257731959
822,0,26,4,11,0,0,4,3,4,47,2,115,209,99,1,0,14,39,79,4,661,0.8090575275397797
823,1,10,0,4,1,0,2,0,1,28,0,93,175,92,7,2,14,27,59,6,522,0.8181818181818182
824,1,17,3,9,2,2,1,2,1,43,0,134,248,132,1,0,7,35,106,7,751,0.8023504273504274
825,0,28,1,9,3,0,0,4,1,28,4,65,160,86,1,0,9,19,105,5,528,0.9010238907849829
827,1,3,0,4,2,0,3,0,1,20,0,102,135,94,3,2,12,18,31,1,432,0.6824644549763034
828,3,16,1,6,1,0,2,2,0,40,0,81,166,105,0,1,24,33,87,1,569,0.8467261904761905
832,0,18,1,16,1,0,0,1,1,23,0,68,168,109,1,1,9,37,126,3,583,0.856093979441997
834,0,10,3,6,1,0,0,0,0,49,2,129,201,132,2,0,13,24,49,4,625,0.8095854922279793
835,3,7,3,14,1,1,1,2,2,34,2,131,165,103,4,1,14,38,37,3,566,0.6819277108433734
836,2,5,5,11,0,0,1,2,1,38,3,146,190,119,3,0,22,23,73,9,653,0.6859243697478992
837,1,16,1,8,2,4,1,0,1,40,2,173,234,120,3,0,18,52,43,6,725,0.7958287596048299
838,1,16,3,6,1,0,0,2,0,27,0,104,186,106,3,0,13,53,72,8,601,0.7845953002610966
839,0,15,1,10,1,1,0,2,1,30,1,91,151,124,5,0,12,22,67,1,535,0.7925925925925926
840,1,13,1,6,1,2,0,1,3,47,0,94,142,120,0,0,10,20,62,6,529,0.7557142857142857
841,2,19,0,8,0,0,0,1,2,34,0,98,177,123,2,0,9,30,69,2,576,0.8433382137628112
844,0,7,2,7,0,0,1,0,2,20,1,84,114,87,3,0,13,17,40,7,405,0.599112426035503
847,6,14,0,15,4,2,0,1,2,34,0,86,159,111,1,0,20,40,63,6,564,0.7954866008462623
848,3,13,4,8,1,0,1,0,1,24,0,96,115,84,2,1,10,35,35,2,435,0.7671957671957672
852,0,4,2,8,1,2,0,2,4,34,0,106,158,119,2,0,5,12,21,7,487,0.6662106703146374
853,2,15,0,19,1,3,0,1,4,42,1,95,233,111,2,1,18,48,86,2,684,0.833130328867235
855,3,18,2,10,0,0,0,0,2,32,2,80,169,107,1,1,11,39,58,1,536,0.7517531556802244
856,2,23,1,7,0,1,0,2,2,34,0,92,148,103,0,0,6,25,97,5,548,0.8154761904761905
857,1,26,0,9,3,0,0,1,2,47,5,96,206,149,3,0,3,21,106,3,681,0.8697318007662835
859,1,29,0,11,0,2,0,4,5,37,0,85,245,130,3,0,11,51,122,9,745,0.8089033659066233
861,3,28,1,22,1,0,0,1,3,48,1,92,184,197,0,0,6,17,167,2,773,0.8754246885617214
862,3,23,0,14,3,0,0,0,2,33,1,63,163,101,0,0,5,24,76,0,511,0.8559463986599665
863,2,29,0,8,2,0,0,1,3,20,1,95,207,76,1,1,3,31,98,2,580,0.8333333333333334
865,5,5,4,6,1,0,0,0,1,34,0,86,170,83,2,0,9,21,67,4,498,0.8150572831423896
866,2,1,3,9,2,0,1,0,1,25,0,66,147,99,7,0,13,15,20,5,416,0.6126656848306333
868,0,18,2,11,0,0,0,0,4,44,1,85,199,114,2,0,21,34,83,6,624,0.803088803088803
869,2,30,1,8,0,0,0,0,3,37,0,94,195,118,1,1,11,23,58,9,591,0.8174273858921162
871,3,37,1,13,4,1,0,1,2,26,0,82,133,98,3,1,11,23,101,3,543,0.843167701863354
874,5,43,0,15,2,0,0,1,4,52,0,97,227,160,0,0,13,32,163,5,819,0.8796992481203008
875,0,23,0,13,0,3,1,3,1,43,0,116,178,140,2,1,11,38,78,6,657,0.8316455696202532
877,1,21,1,14,2,1,0,0,2,22,1,102,137,110,0,0,5,18,60,4,501,0.8054662379421221
878,2,12,1,11,5,0,1,2,3,47,0,129,184,132,2,0,10,27,62,6,636,0.828125
879,1,18,0,10,1,1,2,0,3,24,3,61,136,112,2,0,10,24,65,5,478,0.8047138047138047
881,3,15,1,12,5,0,0,0,3,66,0,121,216,161,2,0,11,16,83,9,724,0.8477751756440282
883,2,31,3,7,0,1,0,1,2,35,1,82,165,174,3,0,17,18,105,2,649,0.8163522012578617
884,3,6,3,7,1,1,0,0,0,49,0,106,151,111,3,0,14,29,38,4,526,0.7568345323741007
886,0,11,0,8,0,2,0,1,2,26,0,103,195,114,1,0,14,26,69,4,576,0.7922971114167813
889,2,21,1,11,3,0,0,0,1,35,0,91,145,152,3,0,18,18,71,4,576,0.7988904299583911
890,1,11,1,12,2,2,0,1,0,38,2,98,152,95,3,0,7,20,47,4,496,0.7230320699708455
891,1,6,2,9,2,0,0,0,1,21,0,91,115,118,1,0,11,18,51,9,456,0.658008658008658
895,1,13,3,8,0,0,0,0,2,49,1,91,174,104,2,0,15,24,67,8,562,0.7443708609271523
898,1,4,3,11,0,0,0,1,1,21,0,87,128,93,4,0,9,17,24,2,406,0.6655737704918033
899,1,11,4,6,3,3,1,1,2,35,1,125,146,126,3,0,14,18,67,4,571,0.7603195739014648
900,2,19,2,14,0,1,0,0,2,62,3,84,186,197,1,0,4,14,116,6,713,0.8802469135802469
901,0,2,1,3,1,0,1,1,3,15,0,77,94,92,3,0,9,11,19,5,337,0.614963503649635
902,1,16,1,20,0,0,1,0,3,30,1,85,147,111,1,0,7,26,36,3,489,0.7201767304860088
903,3,1,1,4,2,1,0,0,5,36,0,93,135,107,1,0,11,16,26,7,449,0.6701492537313433
904,0,4,0,5,0,1,1,1,3,44,0,74,146,127,0,1,13,21,34,5,480,0.6694560669456067
905,3,14,0,14,1,0,0,2,5,36,2,87,185,124,0,0,8,24,88,0,593,0.8682284040995608
906,2,21,2,6,2,1,0,1,2,49,1,129,274,138,5,0,16,29,93,5,776,0.8281750266808965
907,4,24,0,17,1,0,1,0,1,26,2,122,229,137,0,2,7,31,126,8,738,0.8571428571428571
908,1,20,4,9,2,1,0,2,0,31,1,149,241,138,2,0,8,48,110,7,774,0.8304721030042919
909,1,6,3,11,3,2,0,0,2,49,0,122,162,101,2,0,16,26,37,7,550,0.7913669064748201
910,2,8,2,19,1,3,1,1,8,50,3,111,151,152,2,2,11,9,42,7,585,0.7349246231155779
912,1,2,0,7,3,1,2,1,6,45,0,123,130,109,3,1,16,19,35,1,505,0.7276657060518732
913,0,6,1,12,0,0,1,3,3,70,0,129,139,137,1,1,15,17,62,7,604,0.7503105590062111
914,2,0,0,9,2,1,1,1,0,40,0,120,116,105,4,1,11,27,26,2,468,0.708018154311649
915,0,4,7,12,0,2,1,0,2,50,1,102,162,132,5,0,14,18,26,9,547,0.7264276228419655
916,2,3,5,4,1,0,0,2,1,23,0,44,52,46,2,0,7,3,11,1,207,0.6509433962264151
917,1,12,0,4,1,1,1,0,1,46,1,131,368,110,3,0,13,28,42,4,767,0.7899073120494335
920,3,16,2,8,2,3,0,1,2,38,1,204,241,100,4,0,16,31,90,4,766,0.7721774193548387
921,1,12,4,6,0,2,2,0,2,60,0,147,189,150,3,0,17,20,81,3,699,0.7801339285714286
922,2,3,3,9,1,0,0,5,3,50,0,91,139,133,1,0,8,19,72,8,547,0.8164179104477612
924,0,20,0,9,1,0,0,2,3,59,1,80,174,131,0,1,10,18,110,2,621,0.8149606299212598
925,2,14,5,11,0,1,1,1,1,55,0,145,188,126,1,0,11,42,77,7,688,0.8094117647058824
927,0,18,0,7,2,1,0,2,3,32,2,80,167,110,3,0,7,25,74,6,539,0.8008915304606241
928,2,11,1,14,1,2,0,2,1,42,2,100,233,126,4,0,13,28,84,4,670,0.8111380145278451
929,0,0,1,1,0,0,0,0,1,3,0,1,9,5,0,0,0,1,2,1,25,0.43859649122807015
930,2,21,3,16,0,0,0,1,0,44,2,126,229,114,0,0,9,35,122,2,726,0.8461538461538461
931,2,17,5,8,0,1,0,1,1,24,1,93,163,104,2,0,9,28,60,7,526,0.7667638483965015
933,0,13,0,5,1,0,1,1,1,37,1,109,163,118,3,0,5,15,65,0,538,0.7911764705882353
934,1,8,5,6,0,1,0,2,2,34,1,92,163,107,3,0,15,23,66,4,533,0.8250773993808049
936,2,4,1,9,2,1,0,0,4,41,0,97,133,116,3,0,8,24,38,0,483,0.7630331753554502
938,1,7,2,12,1,1,1,1,0,36,0,107,152,92,4,1,11,21,47,7,504,0.7887323943661971
940,0,3,4,13,1,0,0,0,0,23,0,74,95,68,2,1,9,14,22,5,334,0.6872427983539094
941,1,3,3,7,0,1,0,4,2,35,3,83,110,93,5,0,5,10,20,3,388,0.5887708649468892
942,1,2,1,6,1,2,1,2,1,33,1,82,81,108,0,0,8,10,23,7,370,0.6690777576853526
945,0,14,3,7,0,3,0,0,2,55,0,122,151,131,0,1,10,13,38,4,554,0.7620357634112792
946,2,6,0,5,3,0,3,2,3,30,0,84,120,102,3,0,14,10,18,3,408,0.6891891891891891
947,3,6,5,6,2,1,0,0,1,22,2,79,93,141,8,1,3,13,30,1,417,0.6881188118811881
948,1,8,2,10,5,1,2,3,5,59,0,148,133,143,4,0,28,18,41,5,616,0.7604938271604939
951,5,12,9,12,3,0,0,0,2,39,1,141,241,99,4,1,13,35,66,8,691,0.8488943488943489
952,1,6,2,18,1,0,0,0,2,45,0,87,152,162,0,0,10,9,81,1,577,0.8586309523809523
953,2,19,5,13,1,1,0,2,2,39,3,176,161,162,0,1,9,15,57,7,675,0.7885514018691588
954,2,8,2,107,2,1,1,1,2,0,0,138,201,54,10,0,15,17,45,4,610,0.7750952986022872
955,2,14,5,14,1,2,1,4,2,22,0,172,191,118,2,0,7,24,72,7,660,0.873015873015873
956,2,5,1,2,3,0,0,0,1,30,2,99,130,74,2,0,12,16,16,3,398,0.7007042253521126
957,0,0,0,5,1,0,1,1,1,3,1,1,17,11,3,0,0,1,2,12,60,0.42857142857142855
959,0,2,0,6,1,3,0,0,1,33,0,135,168,134,5,0,15,19,52,4,578,0.7031630170316302
960,0,19,1,21,3,3,1,0,2,60,1,119,201,198,0,1,5,21,105,3,764,0.9116945107398569
961,2,9,3,12,0,0,1,0,1,42,2,82,164,152,0,0,8,21,100,5,604,0.841225626740947
962,0,8,5,10,3,2,0,2,1,50,0,82,146,159,4,0,12,14,88,4,590,0.7814569536423841
963,0,14,3,10,0,0,1,0,1,20,0,91,118,105,1,0,7,24,41,4,440,0.7599309153713298
964,1,33,3,20,0,0,1,0,2,23,0,140,184,130,2,0,10,11,107,4,671,0.7522421524663677
965,2,14,2,17,1,0,1,1,4,41,1,108,154,192,3,2,8,21,102,6,680,0.7962529274004684
968,0,16,5,18,1,2,0,1,1,38,5,149,180,117,3,0,14,22,92,9,673,0.7771362586605081
969,3,33,4,17,3,1,1,3,1,37,1,163,185,152,2,1,10,16,128,3,764,0.8479467258601554
970,1,21,1,14,3,1,0,1,2,47,0,164,214,137,2,0,19,19,115,4,765,0.8333333333333334
971,1,36,2,11,1,2,2,1,2,53,3,126,226,155,2,0,13,12,124,3,775,0.8601553829078802
973,0,17,0,17,0,2,0,1,1,35,0,121,171,121,3,0,12,47,97,5,650,0.8114856429463171
974,1,17,2,12,1,0,0,1,3,29,0,102,209,103,0,0,7,36,82,3,608,0.7958115183246073
976,1,4,2,5,1,0,0,3,1,21,1,85,145,99,3,1,10,47,19,5,453,0.7156398104265402
978,3,16,0,5,2,1,0,2,1,43,1,88,193,93,0,0,9,26,61,6,550,0.8029197080291971
979,1,11,1,8,0,0,0,3,2,28,1,128,158,103,0,1,16,28,47,7,543,0.7647887323943662
981,2,11,0,4,1,1,0,2,1,45,0,140,201,99,6,0,21,44,64,2,644,0.8080301129234629
982,0,8,1,14,0,1,0,0,2,35,2,121,147,85,4,0,12,29,50,9,520,0.7460545193687231
983,4,20,0,9,1,1,0,1,1,48,1,59,160,143,2,1,5,8,115,5,584,0.8414985590778098
984,0,15,1,12,2,2,0,0,1,32,1,68,136,84,0,1,21,36,47,3,462,0.8105263157894737
985,0,9,1,12,0,3,1,0,3,43,1,106,151,135,1,0,15,37,58,4,580,0.7483870967741936
986,1,12,3,7,3,0,0,2,1,23,0,103,154,138,1,0,14,35,63,8,568,0.766531713900135
988,0,8,1,7,2,3,0,2,2,27,2,113,179,116,2,0,14,45,95,7,625,0.7871536523929471
989,0,19,5,13,1,0,0,1,1,36,1,107,196,119,3,0,14,42,95,16,669,0.8198529411764706
990,1,13,5,19,3,2,0,4,3,43,2,106,230,127,5,0,7,43,73,10,696,0.8508557457212714
994,1,6,1,5,2,2,2,1,3,30,0,71,127,106,3,1,3,21,65,8,458,0.7246835443037974
995,0,5,8,6,3,1,1,2,1,31,0,87,88,109,3,0,10,14,26,5,400,0.6033182503770739
1001,1,6,2,16,7,0,2,0,1,58,2,120,181,146,2,0,14,21,67,10,656,0.7122692725298588
1003,1,12,6,6,3,1,0,0,1,40,0,95,131,77,3,0,15,29,63,8,491,0.7394578313253012
1004,1,4,1,7,1,1,0,0,1,32,0,117,182,99,2,0,18,12,48,9,535,0.8307453416149069
1005,1,5,2,16,2,2,0,1,1,28,2,102,152,138,2,1,13,29,49,4,550,0.746268656716418
1006,0,10,0,5,4,0,0,2,2,30,0,105,161,113,2,1,12,14,60,4,525,0.794251134644478
1007,0,12,1,13,2,0,0,4,1,48,0,89,123,129,1,0,2,18,90,6,539,0.85828025477707
1008,3,12,0,3,7,2,2,0,1,33,0,99,144,100,2,1,8,20,44,3,484,0.6875
1010,2,4,0,5,2,1,0,0,5,21,0,128,166,93,1,0,13,38,41,0,520,0.8074534161490683
1012,1,0,1,5,1,1,1,1,1,8,2,3,24,11,2,1,1,1,3,3,71,0.3183856502242152
1013,2,10,1,6,2,3,1,0,0,22,1,134,200,132,3,1,12,28,37,13,608,0.8183041722745625
1015,1,8,0,5,0,1,1,0,2,39,0,131,174,125,0,0,20,28,65,5,605,0.8569405099150141
1016,0,6,1,8,4,1,1,1,1,29,0,112,198,107,3,1,13,26,67,10,589,0.8180555555555555
1017,2,20,2,7,2,3,0,0,5,43,1,153,245,126,5,0,17,35,76,4,746,0.8335195530726257
1019,1,35,3,14,7,0,0,2,3,38,2,149,223,109,4,0,10,48,126,5,779,0.870391061452514
1020,0,9,0,11,1,0,0,1,1,43,0,99,141,126,4,0,11,27,59,5,538,0.7663817663817664
1021,2,21,4,7,2,0,2,1,1,47,0,118,200,119,1,1,12,42,75,6,661,0.7776470588235294
1022,1,8,2,13,1,0,0,1,1,24,0,92,155,114,3,0,12,14,65,4,510,0.7981220657276995
1023,3,25,1,17,3,0,0,2,1,41,0,61,139,156,0,0,13,19,99,4,584,0.8729446935724963
1024,1,14,5,21,0,0,1,1,1,34,0,112,158,120,0,1,12,24,64,12,581,0.7726063829787234
1025,1,6,4,4,2,1,1,3,3,34,0,110,128,104,2,0,5,9,43,4,464,0.7261345852895149
1027,3,13,4,6,4,2,0,3,4,32,1,118,169,97,5,1,6,22,41,1,532,0.7987987987987988
1028,1,14,0,16,3,3,0,0,2,60,1,133,189,140,4,1,10,21,85,10,693,0.7769058295964125
1029,0,7,3,13,1,0,0,2,1,26,1,126,143,101,1,0,9,25,31,6,496,0.7198838896952104
1030,0,3,1,7,2,0,0,0,1,27,0,63,89,76,4,0,9,12,19,2,315,0.5172413793103449
1032,1,0,5,4,1,0,0,0,0,19,2,78,108,101,7,0,4,20,19,6,375,0.5886970172684458
1033,2,16,0,8,5,2,1,1,3,43,0,92,188,96,3,0,12,16,118,6,612,0.8116710875331565
1034,0,3,1,7,1,1,1,0,3,29,1,112,119,117,8,0,8,22,37,3,473,0.6680790960451978
1035,0,8,1,7,2,1,1,0,1,24,1,78,79,59,1,0,11,14,29,3,320,0.625
1037,1,16,2,29,3,1,2,0,3,39,0,176,206,137,3,1,13,22,74,8,736,0.8186874304783093
1038,0,4,1,12,0,1,0,1,0,31,5,109,117,96,3,0,6,18,23,6,433,0.6620795107033639
1039,0,1,0,2,0,0,0,0,1,4,0,3,14,7,0,0,1,2,9,6,50,0.19083969465648856
1040,0,0,2,1,1,1,1,1,0,3,0,4,15,5,1,0,1,5,9,1,51,0.26424870466321243
1043,0,2,0,1,2,0,0,0,0,3,0,2,28,21,2,0,1,0,8,2,72,inf
1044,0,0,0,0,1,0,0,0,0,2,0,1,9,4,0,0,0,0,7,3,27,0.15254237288135594
1045,0,7,2,11,6,0,0,1,0,53,0,83,135,103,4,0,10,21,62,2,500,0.7961783439490446
1046,0,9,1,10,2,0,0,1,0,34,0,42,94,98,0,1,8,19,67,1,387,0.828693790149893
1048,1,14,1,8,1,1,1,2,4,33,1,75,149,84,4,0,8,23,59,9,478,0.8101694915254237
1050,1,16,1,9,1,0,0,0,1,35,0,110,222,126,1,0,17,36,84,5,665,0.8417721518987342
1051,3,23,2,12,1,0,0,1,0,34,2,73,171,92,0,1,6,24,76,6,527,0.733983286908078
1052,2,15,1,9,2,2,2,0,1,50,2,115,187,121,2,1,9,15,67,8,611,0.7743979721166033
1056,3,17,1,15,1,0,0,1,0,43,0,135,168,148,1,3,18,33,110,2,699,0.8043728423475259
1059,2,17,3,16,0,0,1,0,2,39,0,87,190,117,6,0,9,27,106,6,628,0.8638239339752407
1062,0,2,2,5,1,0,0,1,2,21,0,50,85,91,2,0,12,13,22,5,314,0.540447504302926
1063,1,9,0,11,3,0,2,3,0,27,1,85,144,112,5,1,14,16,56,12,502,0.7161198288159771
1064,0,6,0,5,3,0,0,1,0,49,0,61,98,132,3,1,12,5,37,4,417,0.6629570747217806
1068,1,21,2,8,3,1,1,1,0,48,0,124,165,120,1,0,16,11,77,6,606,0.8222523744911805
1069,5,5,4,5,1,0,0,0,0,34,0,87,114,93,2,0,7,16,37,2,412,0.6232980332829047
1070,1,2,0,8,1,2,0,1,2,52,1,90,126,99,4,0,12,19,65,2,487,0.7423780487804879
1072,0,2,1,10,1,3,0,0,5,30,1,78,113,88,3,0,10,11,23,6,385,0.6332236842105263
1073,0,4,1,12,1,3,3,2,3,32,1,128,170,110,4,0,11,33,45,1,564,0.749003984063745
1074,0,8,5,14,2,1,0,0,3,60,3,166,225,137,4,0,30,44,70,5,777,0.9151943462897526
1075,0,5,1,4,1,4,0,1,1,30,3,135,189,129,3,0,15,22,36,8,587,0.7633289986996099
1076,2,8,3,10,3,3,1,0,1,28,2,98,117,115,5,1,9,14,22,4,446,0.6716867469879518
1077,3,9,2,7,4,0,1,0,1,35,1,95,174,116,3,0,5,23,86,6,571,0.8157142857142857
1078,3,10,1,8,2,0,2,0,1,28,1,97,182,94,3,1,9,21,55,2,520,0.8176100628930818
1079,1,14,2,9,4,2,0,0,2,27,0,95,124,140,2,0,14,25,122,8,591,0.8162983425414365
1080,1,21,1,8,4,0,0,3,2,43,0,111,227,154,3,1,9,31,115,16,750,0.8455467869222097
1081,0,4,2,9,2,1,1,1,2,38,1,95,165,143,4,1,16,19,43,6,553,0.755464480874317
1082,0,8,1,3,3,0,0,2,1,35,0,76,102,115,1,2,12,11,35,4,411,0.6607717041800643
1083,1,4,2,7,2,3,1,1,2,32,3,115,102,149,4,0,10,11,25,7,481,0.6362433862433863
1084,0,18,0,19,1,1,0,4,2,31,4,91,218,114,4,0,4,27,130,6,674,0.8776041666666666
1085,1,10,1,5,3,0,0,3,1,43,1,154,155,134,6,0,28,16,44,1,606,0.7301204819277108
1087,0,6,7,6,3,0,1,0,2,40,0,156,141,122,3,0,14,20,48,2,571,0.7930555555555555
1089,0,7,1,3,2,0,0,2,1,19,0,162,252,88,4,0,22,37,39,3,642,0.7439165701042874
1090,2,7,0,11,2,1,2,1,3,57,1,136,229,152,3,0,21,39,72,10,749,0.8540478905359179
1092,3,7,0,13,0,1,0,1,0,45,0,116,168,109,3,1,8,19,50,3,547,0.7682584269662921
1094,3,2,0,7,3,1,0,2,1,29,0,134,209,113,2,0,19,17,30,2,574,0.8330914368650217
1095,4,7,1,7,4,1,1,0,3,38,1,115,153,88,2,0,9,16,54,5,509,0.8569023569023569
1096,1,10,2,5,2,0,0,1,4,44,0,104,149,70,0,1,11,10,55,3,472,0.8398576512455516
1097,0,3,0,5,2,0,0,2,1,18,0,100,146,90,1,0,14,18,34,6,440,0.7482993197278912
1099,2,40,0,21,0,0,0,2,2,36,0,102,138,213,1,0,7,10,152,1,727,0.8833535844471446
1100,3,14,5,13,2,1,0,3,0,45,1,158,157,136,1,1,12,19,76,5,652,0.826362484157161
1102,1,13,1,15,2,2,2,0,4,49,1,115,123,117,6,0,15,13,67,1,547,0.7950581395348837
1103,2,24,1,15,1,1,0,1,1,32,2,95,103,184,0,0,10,7,147,3,629,0.8287220026350461
1107,2,21,0,10,2,2,0,1,2,51,4,156,228,141,2,0,14,23,77,6,742,0.9149198520345253
1111,0,9,1,8,2,0,0,0,4,40,2,79,195,121,2,0,12,30,55,2,562,0.8659476117103235
1112,0,8,2,7,2,2,1,1,1,48,0,74,133,137,1,0,1,17,66,8,509,0.8222940226171244
1113,0,7,2,5,0,0,0,3,0,19,0,77,73,75,0,0,5,4,31,4,305,0.8243243243243243
1114,2,16,0,10,2,1,0,0,1,63,0,143,149,159,1,0,14,17,59,1,638,0.7453271028037384
1115,3,12,0,12,2,2,1,1,0,22,2,88,129,122,1,0,7,10,81,5,500,0.7668711656441718
1116,0,1,0,1,1,0,0,0,0,5,0,4,33,22,0,0,1,0,5,5,78,inf
1117,2,28,0,12,3,4,0,0,4,56,1,117,202,186,5,0,12,32,119,8,791,0.8205394190871369
1118,4,21,3,13,4,0,0,1,2,37,0,115,187,113,1,0,11,13,111,3,639,0.8623481781376519
1119,3,12,3,8,1,0,0,1,1,39,0,119,180,109,0,0,4,21,62,4,567,0.7620967741935484
1120,1,4,4,7,3,3,0,1,5,39,1,140,148,130,1,0,15,30,63,2,597,0.7713178294573644
1121,6,21,2,10,1,4,1,0,2,38,0,123,200,127,0,0,22,20,78,6,661,0.818069306930693
1123,3,1,4,10,0,1,2,0,2,28,0,102,154,97,2,1,7,17,29,1,461,0.6710334788937409
1124,2,12,3,9,3,0,0,0,3,50,2,150,207,122,0,1,12,23,62,4,665,0.8784676354029062
1125,1,7,4,7,1,1,0,0,3,36,0,108,193,108,2,1,11,20,49,6,558,0.7560975609756098
1127,2,8,1,3,0,1,1,1,1,46,1,97,132,103,2,1,10,18,51,6,485,0.7195845697329377
1128,0,13,4,6,1,0,1,1,2,41,0,131,150,138,1,2,12,23,38,5,569,0.7239185750636132
1130,1,16,2,13,2,2,0,0,6,45,1,116,196,129,1,0,11,22,71,7,641,0.8083228247162674
1132,1,4,2,10,1,1,0,0,6,54,6,119,210,121,2,0,13,35,60,5,650,0.8301404853128991
1133,1,12,4,7,2,0,0,1,1,52,1,96,148,124,2,0,10,18,49,3,531,0.7436974789915967
1135,1,6,0,13,1,0,0,0,0,36,0,77,107,103,0,0,11,30,53,4,442,0.7210440456769984
1136,0,11,2,9,1,0,0,0,1,42,1,97,154,100,2,1,19,26,44,6,516,0.7543859649122807
1137,1,10,0,8,1,0,0,0,0,32,1,110,162,89,2,1,7,34,31,3,492,0.7224669603524229
1141,3,1,2,6,2,1,0,0,1,26,0,90,115,66,1,0,13,25,30,3,385,0.711645101663586
1142,0,5,1,5,0,3,0,0,1,35,0,81,132,106,3,1,21,34,48,7,483,0.7285067873303167
1143,2,3,2,7,1,0,0,3,2,51,2,78,90,124,4,1,20,17,44,2,453,0.6731054977711739
1144,2,4,1,5,2,1,0,2,0,38,1,103,128,122,2,0,10,17,71,14,523,0.7691176470588236
1148,2,9,2,9,2,1,1,1,0,30,0,81,162,102,3,0,22,28,84,4,543,0.8140929535232384
1149,2,5,1,3,1,0,2,1,4,31,0,99,138,72,4,0,9,30,40,4,446,0.6925465838509317
1151,0,5,5,9,1,2,0,0,2,38,0,112,178,164,4,0,9,21,83,9,642,0.8629032258064516
1152,0,2,1,1,0,0,1,0,0,11,2,15,68,32,1,1,4,3,14,0,156,14.181818181818182
1154,2,5,3,15,1,2,2,2,3,36,0,187,171,173,1,1,13,22,48,8,695,0.7489224137931034
1155,0,20,3,8,2,0,0,0,1,42,0,214,168,131,7,0,11,29,51,4,691,0.7414163090128756
1156,1,3,0,10,0,2,1,0,2,40,0,95,134,114,1,1,10,15,37,6,472,0.7002967359050445
1159,2,3,4,7,2,4,1,1,2,12,0,57,51,90,2,0,8,7,8,0,261,0.6013824884792627
1161,2,2,5,4,1,0,2,0,3,33,0,145,174,96,1,0,14,20,48,4,554,0.7948350071736011
1163,1,6,3,13,3,0,0,0,2,37,2,129,162,147,5,0,18,22,39,1,590,0.6982248520710059
1164,0,9,1,8,4,0,1,1,3,45,1,125,218,123,2,2,13,18,57,6,637,0.8156209987195903
1165,1,7,2,16,0,1,1,1,1,25,0,151,164,130,4,0,10,31,81,0,626,0.770935960591133
1167,0,12,1,7,2,0,0,1,1,37,0,116,173,105,1,0,16,34,50,11,567,0.7896935933147632
1168,0,11,1,6,3,2,0,0,2,30,0,87,164,97,3,0,11,26,60,5,508,0.79375
1170,1,9,2,10,0,2,1,4,1,22,1,96,167,84,3,0,7,46,42,6,504,0.7838258164852255
1172,1,7,4,9,2,1,1,1,0,47,1,69,132,93,2,0,7,18,59,5,459,0.8167259786476868
1173,2,9,5,11,2,1,0,3,1,43,1,118,213,112,2,0,10,38,37,6,614,0.7156177156177156
1174,4,15,1,8,2,2,0,1,3,46,2,96,174,150,1,0,16,37,71,6,635,0.8099489795918368
1175,0,10,0,2,2,1,0,0,0,35,1,118,151,108,0,0,18,32,61,2,541,0.7684659090909091
1176,2,19,1,8,3,0,0,0,0,32,0,132,179,120,2,0,15,55,52,4,624,0.7455197132616488
1178,1,10,1,12,4,2,0,0,2,47,0,174,161,190,4,2,11,17,58,7,703,0.7225077081192189
1181,0,15,1,3,1,1,0,0,6,23,0,109,175,75,2,0,7,33,63,5,519,0.7711738484398217
1182,2,12,1,8,0,1,0,2,1,42,4,144,189,109,4,0,23,38,75,5,660,0.7942238267148014
1184,2,14,0,6,2,0,3,1,3,52,0,151,222,134,2,0,20,41,81,6,740,0.8305274971941639
1185,0,16,2,17,1,0,0,0,0,26,0,76,167,97,0,0,17,47,36,4,506,0.7881619937694704
1186,2,19,2,12,1,1,1,0,3,31,0,126,188,151,1,0,8,35,85,5,671,0.7912735849056604
1187,3,6,1,7,3,3,0,1,1,56,0,124,169,168,2,1,9,37,58,5,654,0.7776456599286563
1188,3,7,0,11,2,0,2,1,1,45,0,94,142,91,0,0,18,21,40,3,481,0.7332317073170732
1190,3,8,1,9,0,1,0,0,2,35,2,96,164,128,0,0,12,25,58,3,547,0.7362045760430687
1191,1,17,3,14,0,0,0,1,2,42,3,94,257,154,4,0,14,19,81,5,711,0.8681318681318682
1192,0,17,0,5,0,2,0,2,1,47,3,112,201,143,2,0,18,55,93,5,706,0.8247663551401869
1194,3,16,5,15,0,1,0,0,3,33,1,92,195,115,1,0,19,48,92,2,641,0.80125
1196,1,21,2,15,5,2,0,1,5,55,2,155,223,143,3,0,14,30,82,2,761,0.8227027027027027
1200,1,8,2,9,2,2,0,0,5,38,1,81,140,126,5,1,11,31,54,2,519,0.7013513513513514
1201,0,10,2,9,2,1,0,1,1,39,0,122,136,118,4,0,12,27,44,7,535,0.728882833787466
1203,1,11,1,7,1,0,0,1,1,29,2,124,142,103,0,0,16,59,56,3,557,0.8014388489208633
1204,2,11,1,5,4,1,0,1,2,34,1,110,173,99,2,0,16,35,56,1,554,0.7748251748251749
1205,1,21,4,12,2,1,0,2,1,53,5,125,174,141,2,0,20,37,91,6,698,0.8606658446362515
1207,0,11,1,5,1,2,0,0,0,31,0,122,125,70,1,0,9,23,67,3,471,0.7488076311605724
1209,0,5,0,5,3,2,0,0,2,30,3,119,228,90,2,0,8,30,57,10,594,0.8070652173913043
1210,0,10,3,9,2,1,0,2,2,52,3,116,148,124,2,1,6,25,77,4,587,0.7535301668806161
1211,2,5,2,4,1,3,0,0,3,53,0,122,170,156,1,0,10,16,54,6,608,0.7469287469287469
1212,0,4,3,8,0,1,0,0,3,38,0,87,235,97,2,0,13,23,52,6,572,0.7677852348993288
1213,0,7,3,9,1,1,0,1,1,42,0,100,173,136,2,0,14,17,25,4,536,0.7243243243243244
1214,1,7,0,11,1,0,0,3,2,62,0,164,140,109,3,0,14,20,55,4,596,0.8324022346368715
1215,2,9,1,6,2,0,0,2,3,60,1,118,195,148,0,1,9,17,67,5,646,0.8250319284802043
1216,3,5,1,17,3,2,1,0,2,33,0,127,201,124,3,0,13,26,69,10,640,0.7843137254901961
1218,1,12,0,8,1,1,0,1,2,50,0,118,209,93,2,0,18,46,58,9,629,0.8243774574049804
1219,4,19,3,19,2,1,0,2,3,105,2,181,203,137,1,0,16,34,107,2,841,0.8564154786150713
1220,1,18,2,16,1,1,2,2,5,83,0,171,211,127,4,3,19,26,80,12,784,0.8394004282655246
1221,0,15,3,8,1,1,0,0,3,78,0,132,201,148,1,0,8,29,78,6,712,0.8250289687137891
1222,2,11,2,13,2,0,0,1,1,65,1,116,205,168,0,0,14,34,82,3,720,0.7947019867549668
1227,1,13,1,12,1,0,0,5,2,30,2,93,133,141,0,0,8,25,38,5,510,0.7846153846153846
1229,5,24,1,18,6,2,0,2,5,42,5,72,124,150,1,1,7,14,140,8,627,0.8565573770491803
1230,3,12,4,10,1,0,0,1,1,45,0,95,181,130,2,0,14,38,67,5,609,0.7992125984251969
1232,1,13,4,3,4,0,1,1,0,25,1,92,165,100,3,0,15,35,54,5,522,0.803076923076923
1233,4,22,0,17,1,0,0,0,3,51,3,112,184,125,3,0,7,21,105,5,663,0.864406779661017
1236,3,21,3,19,2,3,0,4,1,31,1,86,150,109,0,0,16,20,71,3,543,0.8214826021180031
1237,0,9,1,9,5,3,0,1,1,37,0,98,193,127,5,0,13,32,62,3,599,0.8094594594594594
1241,2,23,3,8,1,0,2,2,3,36,1,95,151,146,0,0,18,21,86,6,604,0.8507042253521127
1242,2,28,0,13,0,0,0,1,1,37,1,95,154,166,2,0,9,32,106,6,653,0.8729946524064172
1244,2,23,1,35,2,3,1,5,1,48,24,113,179,161,1,0,10,14,150,5,778,0.8922018348623854
1245,0,9,0,9,1,0,0,3,1,40,0,100,179,124,0,0,9,25,103,6,609,0.8365384615384616
1246,2,9,5,10,3,3,1,1,2,26,3,104,145,83,1,0,13,17,56,4,488,0.8066115702479338
1247,5,11,0,4,3,0,0,4,3,42,1,128,153,107,4,0,7,19,61,4,556,0.8140556368960469
1249,0,14,2,14,4,0,0,4,7,35,0,115,181,124,0,0,24,21,75,5,625,0.8054123711340206
1251,2,15,1,9,1,1,1,1,2,42,3,109,155,125,3,0,19,29,64,6,588,0.8293370944992948
1254,1,21,1,18,3,2,0,1,2,39,0,155,191,124,2,0,11,31,77,5,684,0.8475836431226765
1255,1,14,1,8,3,1,0,1,3,44,2,153,199,91,4,0,18,39,55,6,643,0.8275418275418276
1256,2,4,0,5,0,0,2,0,2,36,0,96,166,100,1,0,16,21,33,6,490,0.799347471451876
1257,2,5,1,7,2,0,0,2,1,49,0,102,172,116,3,0,18,15,79,9,583,0.7794117647058824
1258,0,10,2,9,1,0,3,0,3,20,0,94,123,96,3,0,27,14,25,1,431,0.6819620253164557
1259,1,4,2,6,3,2,1,2,0,36,0,95,197,69,0,1,9,23,56,0,507,0.7693474962063733
1260,3,8,3,13,4,4,2,0,4,66,4,183,254,149,3,0,15,21,89,6,831,0.859358841778697
1261,0,1,2,2,0,1,1,0,2,45,0,179,259,117,2,0,14,31,68,2,726,0.7823275862068966
1263,0,5,2,6,1,1,0,1,1,45,0,104,127,112,6,0,10,28,31,4,484,0.6865248226950355
1264,1,14,0,8,0,1,0,0,0,42,2,108,233,107,0,0,22,36,73,5,652,0.8601583113456465
1265,3,19,3,13,2,4,0,4,0,47,0,132,249,162,3,0,22,43,79,14,799,0.8314255983350677
1267,4,7,4,15,3,1,1,0,1,48,1,138,237,128,4,1,19,37,61,3,713,0.8498212157330155
1268,2,7,2,16,0,1,0,0,1,51,0,116,216,117,0,2,8,29,75,3,646,0.8378728923476005
1269,0,0,0,1,0,0,0,0,1,2,0,5,18,16,1,0,2,2,4,1,53,26.5
1270,1,9,4,12,2,0,0,0,2,45,2,117,136,116,4,0,16,18,40,4,528,0.7510668563300142
1271,1,21,1,10,3,2,0,2,4,50,0,172,216,131,1,0,14,29,114,5,776,0.8134171907756813
1273,1,6,2,9,0,0,1,1,0,36,1,74,117,73,3,0,7,9,34,4,378,0.6517241379310345
1274,5,22,2,11,2,0,0,1,1,27,0,55,125,77,2,0,2,14,76,2,424,0.8907563025210085
1275,0,13,3,10,5,0,0,1,0,29,1,133,191,119,2,0,19,46,63,8,643,0.753810082063306
1276,2,17,0,6,3,1,1,2,0,39,0,100,224,99,2,0,14,54,90,5,659,0.8492268041237113
1280,0,18,2,12,0,0,0,1,5,37,1,124,203,151,3,0,15,52,88,5,717,0.8475177304964538
1283,2,4,3,5,0,2,0,0,1,28,5,95,134,119,3,1,4,15,48,8,477,0.726027397260274
1285,1,11,3,7,3,4,0,2,1,35,2,97,184,149,0,1,8,28,54,1,591,0.8174273858921162
1286,3,3,1,9,1,1,0,0,2,29,1,105,184,86,4,0,12,23,63,4,531,0.815668202764977
1287,3,5,1,10,0,0,1,0,1,44,0,97,143,98,2,1,21,22,41,3,493,0.7314540059347181
1291,0,7,3,11,2,0,0,1,2,29,0,94,147,98,1,2,7,11,42,5,462,0.7344992050874404
1292,0,4,0,5,0,1,0,1,2,34,0,86,133,91,3,1,5,12,23,5,406,0.6333853354134166
1294,1,2,5,3,1,2,1,1,2,34,1,119,141,138,2,0,21,18,29,4,525,0.6457564575645757
1296,2,7,2,8,3,1,0,2,2,49,0,90,182,99,0,0,15,29,77,11,579,0.7834912043301759
1297,1,8,1,4,1,1,1,0,3,39,0,98,137,120,5,1,8,9,78,9,524,0.7740029542097489
1304,2,10,1,11,0,3,0,2,1,33,0,81,158,107,2,2,6,14,107,1,541,0.8246951219512195
1307,4,23,5,7,5,2,2,1,2,38,2,76,181,128,2,0,6,22,141,10,657,0.8316455696202532
1309,2,27,2,25,1,0,0,2,0,37,0,57,172,135,0,0,8,21,132,9,630,0.8097686375321337
1312,2,12,1,9,2,1,0,0,3,52,2,97,165,133,0,0,7,33,79,9,607,0.8247282608695652
1314,0,27,4,17,1,0,0,0,3,51,2,200,261,144,1,1,12,43,99,10,876,0.8821752265861027
1315,2,13,3,12,1,2,1,2,0,36,4,158,204,144,5,1,23,34,52,4,701,0.7529538131041891
1316,0,2,4,6,3,1,0,1,0,37,0,130,148,106,5,1,12,18,45,1,520,0.7113543091655267
1317,1,5,3,4,3,1,0,0,2,62,1,96,211,106,0,0,12,27,66,4,604,0.9207317073170732
1318,0,19,0,10,2,0,0,0,0,36,0,99,185,116,5,1,24,18,78,6,599,0.8389355742296919
1319,1,19,1,10,0,1,1,5,0,38,0,68,119,111,1,0,11,20,80,2,488,0.8413793103448276
1320,2,15,1,9,0,0,0,1,3,27,0,81,155,101,0,0,13,37,75,3,523,0.8009188361408882
1321,3,19,3,15,1,3,0,2,0,45,1,144,233,130,2,0,14,39,67,3,724,0.7956043956043956
1323,0,14,1,3,4,1,0,1,2,39,0,122,182,127,3,0,18,26,55,3,601,0.7815344603381015
1324,2,17,4,8,1,0,0,0,0,37,1,109,232,134,1,2,26,29,78,5,686,0.8828828828828829
1326,2,11,2,15,1,0,2,1,0,26,0,92,203,102,0,0,6,24,78,6,571,0.9254457050243112
1328,6,12,3,11,2,2,1,1,1,48,2,108,211,135,3,1,8,29,62,3,649,0.7972972972972973
1329,1,6,2,4,3,0,0,1,1,24,0,65,118,63,1,0,7,21,82,6,405,0.821501014198783
1331,0,12,3,6,2,2,0,1,2,41,0,95,150,143,1,0,12,13,63,5,551,0.7146562905317769
1332,0,5,3,14,4,0,1,1,1,33,0,78,143,130,6,2,5,15,56,3,500,0.7507507507507507
1333,0,10,1,4,1,1,0,4,3,56,1,88,193,119,2,0,12,27,90,4,616,0.8268456375838926
1334,2,6,1,8,2,0,0,0,1,45,1,91,186,93,2,0,4,25,52,5,524,0.8098918083462133
1338,0,6,2,3,1,0,0,1,0,35,0,91,137,102,1,0,14,17,74,3,487,0.7597503900156006
1339,2,2,0,9,0,3,3,1,3,47,1,119,142,146,5,1,16,21,33,10,564,0.7230769230769231
1340,1,1,1,5,2,1,2,1,3,45,1,131,175,131,3,2,13,13,46,4,581,0.7094017094017094
1341,5,7,5,1,1,0,0,1,1,38,2,134,196,99,2,0,21,40,66,3,622,0.8173455978975033
1342,1,8,0,7,4,1,0,1,3,35,2,101,158,97,0,1,3,20,41,5,488,0.7338345864661654
1343,23,14,1,132,9,0,5,3,0,0,31,3,173,70,1,0,12,100,2,1,580,0.8055555555555556
1345,1,6,0,3,0,0,1,0,1,41,2,126,143,89,3,2,8,19,44,1,490,0.6990014265335235
1346,1,6,2,1,0,0,0,1,3,38,2,96,129,85,0,0,11,21,56,3,455,0.7545605306799337
1348,0,7,0,7,3,1,0,0,2,44,4,111,190,115,4,1,12,27,59,4,591,0.7490494296577946
1349,0,8,0,7,2,0,0,4,0,52,1,87,138,143,2,0,10,23,47,7,531,0.6413043478260869
1350,1,16,2,9,0,1,1,2,3,45,0,95,170,111,6,0,13,31,70,5,581,0.8125874125874126
1351,0,4,0,13,2,1,0,0,1,52,1,92,148,93,4,0,9,14,28,6,468,0.6714490674318508
1352,2,43,1,9,1,1,0,0,1,31,1,64,127,141,0,0,12,11,130,0,575,0.9170653907496013
1354,1,18,3,6,1,1,1,1,1,56,0,97,226,112,2,0,16,24,74,8,648,0.7990135635018496
1357,2,27,0,13,1,0,0,0,0,24,0,48,217,94,1,0,7,26,100,0,560,0.9302325581395349
1358,2,15,0,5,2,1,0,2,5,38,0,89,206,104,5,1,9,37,86,5,612,0.8281461434370772
1359,1,50,1,13,0,0,0,1,0,36,1,65,138,169,0,0,2,13,170,4,664,0.8725361366622865
1361,4,23,1,18,3,1,0,1,2,45,0,101,207,140,2,0,8,30,111,6,703,0.8309692671394799
1362,1,23,1,12,0,1,0,0,1,60,4,104,170,127,0,0,18,23,70,6,621,0.8472032742155525
1366,0,30,0,9,1,0,0,2,2,31,0,59,167,108,0,0,7,22,120,4,562,0.8451127819548873
1368,1,21,0,13,1,0,0,1,4,35,1,64,250,138,0,0,9,26,117,5,686,0.8406862745098039
1369,2,10,2,7,2,0,0,1,3,42,3,105,237,97,2,0,20,25,59,5,622,0.7994858611825193
1371,2,7,3,7,2,0,1,0,2,55,1,144,177,161,0,0,17,27,55,9,670,0.7928994082840237
1373,3,6,5,14,2,1,2,3,3,51,0,107,159,143,2,0,13,15,57,0,586,0.7640156453715776
1374,0,24,2,10,0,1,0,0,2,25,0,76,222,91,1,0,10,32,70,4,570,0.7808219178082192
1375,2,16,0,4,1,1,6,2,0,41,0,107,189,111,1,2,13,30,63,2,591,0.7462121212121212
1377,0,20,0,11,4,0,0,0,2,40,1,111,216,137,0,0,15,44,98,1,700,0.8009153318077803
1382,0,11,1,5,3,1,1,0,1,23,0,57,186,103,2,0,17,24,80,3,518,0.8222222222222222
1383,5,13,0,8,2,0,0,0,3,44,2,99,213,140,3,1,11,25,72,5,646,0.7745803357314148
1384,1,18,1,7,4,0,0,2,1,18,1,96,202,134,2,0,7,21,92,4,611,0.836986301369863
1387,1,8,1,5,3,1,0,1,4,24,1,94,191,92,2,2,19,21,26,7,503,0.7632776934749621
1388,0,6,2,7,2,1,0,0,1,22,2,78,118,117,2,0,9,17,40,6,430,0.7624113475177305
1391,4,19,1,4,0,3,1,2,4,77,4,156,181,153,1,1,13,50,86,4,764,0.7860082304526749
1392,1,3,3,4,3,2,0,0,1,31,0,75,183,124,2,1,10,11,24,5,483,0.6643741403026134
1394,0,7,2,7,0,0,0,0,2,27,1,86,141,77,4,1,8,16,30,2,411,0.7949709864603481
1396,0,15,1,14,2,0,0,0,2,27,0,70,126,112,0,0,5,12,105,3,494,0.8821428571428571
1398,1,0,2,6,1,1,0,0,0,30,0,75,94,85,0,4,11,7,24,4,345,0.6791338582677166
1399,1,8,4,5,2,1,0,1,0,40,1,93,215,91,4,1,17,19,59,4,566,0.7360208062418726
1400,2,5,0,5,4,0,0,2,0,25,0,76,155,93,6,0,9,15,21,7,425,0.7048092868988391
1401,0,4,2,6,0,2,0,1,1,35,0,102,131,96,4,1,18,22,52,6,483,0.7703349282296651
1403,1,25,0,4,1,0,0,0,0,37,0,80,191,113,0,0,10,34,88,3,587,0.8349928876244666
1404,0,1,3,2,2,0,1,1,1,32,1,84,126,110,5,1,6,13,37,6,432,0.6912
1406,0,9,7,6,2,0,0,1,2,31,0,161,174,110,2,0,17,19,37,4,582,0.733921815889029
1407,1,14,0,14,0,1,0,0,1,39,1,73,185,109,0,0,3,22,85,8,556,0.7606019151846786
1410,2,4,4,9,1,1,0,0,7,39,1,116,144,85,5,0,20,19,40,5,502,0.7120567375886525
1411,3,6,1,7,0,1,0,0,0,41,0,61,189,80,0,0,11,16,107,4,527,0.8947368421052632
1412,0,2,0,6,0,1,0,0,1,23,0,115,131,94,2,0,17,21,45,2,460,0.7931034482758621
1413,0,13,3,14,4,0,0,1,3,30,0,105,176,119,2,0,12,28,98,6,614,0.959375
1415,1,7,0,15,1,1,0,2,3,35,4,165,197,145,0,0,17,45,65,3,706,0.8694581280788177
1417,2,11,3,6,4,1,2,3,2,35,0,107,244,136,3,3,12,23,109,2,708,0.8242142025611175
1419,1,2,0,7,1,1,0,1,1,46,3,112,186,127,2,0,12,18,38,5,563,0.8243045387994143
1420,1,13,2,6,1,1,0,3,1,38,0,98,162,108,1,1,11,33,83,0,563,0.8218978102189781
1421,0,2,2,4,2,0,0,0,0,0,1,44,14,26,0,0,1,0,12,0,108,0.38162544169611307
1423,0,20,0,7,3,0,0,3,2,28,0,78,103,121,2,0,10,10,120,6,513,0.8592964824120602
1424,2,19,1,10,2,1,0,0,2,27,1,81,171,84,2,1,9,30,79,5,527,0.7960725075528701
1425,2,7,3,17,1,1,0,0,1,37,0,127,186,103,4,0,11,26,49,1,576,0.7669773635153129
1426,2,32,2,13,1,0,0,1,4,34,0,70,169,159,0,1,3,10,139,7,647,0.8986111111111111
1428,1,26,3,14,1,0,0,1,0,26,1,90,161,139,1,0,6,33,86,7,596,0.8220689655172414
1430,2,15,0,6,1,0,2,1,0,41,6,181,241,133,0,0,11,33,63,4,740,0.8140814081408141
1432,0,9,1,5,2,0,0,4,0,32,0,89,131,107,4,1,11,21,37,1,455,0.7142857142857143
1439,0,4,5,3,3,3,0,1,3,45,0,79,153,108,9,2,15,16,21,4,474,0.6457765667574932
1441,0,1,0,4,2,1,0,1,5,17,1,96,100,97,2,0,13,18,29,5,392,0.6522462562396006
1442,1,6,4,7,1,1,0,0,1,28,0,122,167,96,5,0,5,24,52,1,521,0.8457792207792207
1443,1,18,2,10,4,0,0,1,1,53,0,75,184,111,0,0,9,38,76,6,589,0.8214783821478382
1446,1,11,0,8,0,1,2,3,3,45,2,107,225,122,2,0,24,27,65,4,652,0.8511749347258486
1447,3,2,1,8,2,3,0,0,4,43,1,125,166,117,8,2,12,23,42,0,562,0.7751724137931034
1448,2,28,3,11,0,0,0,1,1,42,2,104,184,173,1,0,7,20,112,6,697,0.8745294855708908
1449,2,19,2,2,2,1,0,0,1,36,2,88,181,140,1,2,13,27,92,1,612,0.7917205692108668
1450,0,8,3,3,2,1,0,1,1,43,1,109,196,132,0,1,11,12,42,3,569,0.8093883357041252
1451,2,16,0,11,0,1,1,6,2,43,0,125,193,127,0,2,15,30,66,7,647,0.7871046228710462
1452,0,9,1,7,1,1,1,2,2,55,0,111,179,108,1,0,10,28,70,7,593,0.8123287671232877
1453,1,14,1,10,1,0,0,3,3,44,2,115,171,115,1,0,15,24,64,2,586,0.7484035759897829
1454,1,11,2,16,4,0,0,0,1,44,0,117,147,130,0,0,3,17,38,9,540,0.7307171853856563
1455,0,11,1,4,1,1,0,0,0,58,0,152,183,113,5,0,7,40,67,8,651,0.7900485436893204
1457,1,9,2,5,0,1,0,0,3,42,0,124,152,117,0,1,15,37,66,7,582,0.7718832891246684
1458,2,5,0,8,1,2,0,1,0,26,1,101,150,88,2,0,10,29,52,3,481,0.7924217462932455
1459,1,10,3,7,0,2,1,1,5,45,0,140,184,119,10,0,13,17,61,5,624,0.7888748419721872
1460,0,12,0,12,2,3,0,1,0,63,0,144,214,142,3,0,20,26,85,8,735,0.7928802588996764
1461,2,27,4,17,1,1,0,0,1,36,2,90,134,127,0,0,17,17,89,2,567,0.8488023952095808
1463,1,12,2,12,4,1,0,3,1,46,1,82,175,139,5,1,10,22,97,5,619,0.8242343541944075
1464,5,8,3,7,0,1,0,1,3,46,0,186,256,107,2,0,31,47,66,3,772,0.8265524625267666
1465,0,2,5,8,1,1,0,1,4,28,2,78,86,91,2,0,10,12,30,2,363,0.7333333333333333
1466,6,26,3,13,3,1,0,1,0,40,0,107,212,142,1,0,11,37,78,7,688,0.8161328588374852
1468,0,8,4,10,3,1,0,0,1,28,0,84,176,102,2,0,13,23,58,5,518,0.8119122257053292
1470,1,11,2,7,0,2,1,1,2,42,5,91,91,134,2,2,7,13,74,2,490,0.7668231611893583
1471,1,8,3,15,2,0,0,1,4,39,0,103,225,135,2,0,16,30,76,7,667,0.8443037974683544
1474,1,8,3,18,0,1,0,0,3,57,1,178,271,161,1,0,12,31,125,12,883,0.9010204081632653
1476,2,16,1,11,0,0,0,0,1,31,2,58,143,105,1,0,1,17,78,4,471,0.8820224719101124
1478,1,15,1,22,3,1,0,2,0,43,0,107,177,137,1,0,12,23,97,5,647,0.8615179760319573
1479,7,13,2,12,1,1,1,2,4,63,1,127,188,145,0,0,6,27,87,5,692,0.8418491484184915
1480,0,9,1,10,1,3,0,0,4,33,0,100,158,90,3,0,16,12,43,1,484,0.7128129602356407
1483,6,6,3,6,2,0,1,0,5,58,0,134,108,167,6,0,16,17,48,2,585,0.7810413885180241
1484,0,30,2,19,1,0,0,2,4,51,1,84,144,130,0,0,8,31,133,3,643,0.8505291005291006
1486,1,7,2,5,2,2,0,0,1,28,0,137,112,82,1,3,14,31,49,18,495,0.7511380880121397
1488,1,0,2,3,1,1,0,1,1,16,0,69,80,77,9,0,6,8,15,0,290,0.5492424242424242
1489,1,5,1,7,1,0,1,0,2,13,0,79,115,106,2,0,8,9,33,6,389,0.6683848797250859
1491,1,4,3,4,1,1,0,2,5,37,0,77,127,115,4,0,12,14,30,2,439,0.620933521923621
1492,2,3,1,10,1,1,1,0,1,31,2,148,137,141,5,1,19,27,36,2,569,0.782668500687758
1494,1,3,1,3,0,3,0,1,1,17,0,66,99,93,3,0,4,10,16,4,325,0.5985267034990792
1495,0,13,0,6,0,2,0,1,0,36,0,77,142,106,1,0,9,11,49,2,455,0.7210776545166403
1496,0,15,0,12,1,0,0,1,3,40,2,90,167,170,2,0,11,13,85,3,615,0.7658779576587795
1499,0,8,2,11,1,0,0,1,2,37,0,118,183,97,0,0,12,17,45,6,540,0.7616361071932299
1500,1,8,1,6,3,1,1,0,2,38,0,86,149,121,4,0,12,14,54,3,504,0.7455621301775148
1501,0,23,3,8,0,1,0,1,4,43,0,78,174,139,1,0,7,16,115,5,618,0.8373983739837398
1503,4,28,3,19,2,0,0,0,0,44,1,73,152,157,1,0,5,23,133,8,653,0.9019337016574586
1504,1,11,2,15,5,1,1,0,0,24,0,157,126,88,0,0,12,11,59,11,524,0.7963525835866262
1505,3,12,3,10,0,1,0,1,1,64,2,91,219,145,2,1,4,14,82,5,660,0.8549222797927462
1506,0,5,0,6,0,2,0,0,3,40,0,109,268,100,3,0,8,37,35,3,619,0.8297587131367292
1507,4,23,0,8,1,0,0,1,0,29,4,96,173,79,1,0,10,46,53,4,532,0.8147013782542113
1508,3,37,3,26,0,0,0,0,1,31,0,56,162,152,0,0,18,28,164,2,683,0.842170160295931
1512,0,8,7,9,0,2,0,0,0,37,2,189,157,154,4,0,15,39,61,7,691,0.7660753880266076
1514,2,13,1,7,2,0,0,1,5,48,0,77,214,150,3,0,10,24,33,6,596,0.7534766118836915
1515,1,11,2,2,1,2,1,0,1,45,2,136,157,108,2,1,10,12,53,5,552,0.7479674796747967
1516,1,17,2,18,3,0,0,1,1,48,2,102,228,145,3,1,15,24,73,5,689,0.8443627450980392
1517,1,13,2,8,4,0,0,3,0,55,0,97,200,146,0,1,14,28,68,7,647,0.7842424242424243
1520,0,15,3,11,5,1,0,1,1,38,0,79,193,115,1,1,5,21,59,4,553,0.8072992700729927
1521,0,12,3,6,3,0,0,0,2,25,0,72,115,59,1,0,5,20,44,0,367,0.7825159914712153
1523,0,14,2,14,1,1,0,0,1,48,3,119,183,150,2,1,16,38,68,5,666,0.808252427184466
1525,3,24,1,6,3,0,0,1,2,49,1,87,199,142,3,1,11,32,82,2,649,0.8143036386449184
1526,0,3,0,8,0,0,0,1,1,22,0,79,90,71,4,0,6,12,21,1,319,0.535234899328859
1528,0,3,1,4,1,1,1,0,2,37,2,105,133,111,2,2,15,13,31,2,466,0.6893491124260355
1529,2,17,1,20,1,0,1,2,1,71,0,99,258,150,2,0,8,35,87,6,761,0.8244853737811484
1530,1,6,1,11,2,0,0,1,0,44,2,81,167,108,5,0,9,14,70,5,527,0.7936746987951807
1531,3,4,1,12,2,0,2,3,2,41,2,104,124,136,4,0,13,8,52,3,516,0.7166666666666667
1532,1,2,0,2,0,0,0,1,0,8,0,10,42,22,0,0,3,5,11,0,107,17.833333333333332
1533,0,0,0,0,0,0,0,0,1,0,0,9,6,4,0,0,0,1,2,0,23,3.2857142857142856
1534,1,1,0,0,0,0,1,1,0,7,1,17,39,30,0,0,7,2,12,3,122,5.304347826086956
1535,0,1,0,2,0,0,0,0,0,8,0,19,28,15,0,0,3,2,7,1,86,inf
1536,1,0,1,1,0,0,0,1,0,13,0,17,37,25,2,0,2,2,8,2,112,inf
1538,0,0,0,2,0,0,0,0,1,8,0,12,55,38,1,0,1,0,19,3,140,140.0
1539,0,2,0,4,0,0,1,1,0,5,0,7,19,22,0,0,2,1,10,2,76,15.2
1540,0,3,0,0,0,0,1,0,0,10,0,16,30,17,0,1,2,4,7,0,91,inf
1541,0,3,1,2,0,0,0,0,0,9,0,10,35,33,1,0,2,6,16,1,119,11.9
1544,0,1,0,0,0,0,0,0,0,4,0,5,21,13,0,0,1,2,3,2,52,26.0
1547,1,1,0,1,1,0,0,0,0,5,0,6,37,15,0,0,2,3,8,3,83,inf
1548,0,1,1,0,0,0,0,0,0,2,0,4,7,3,0,0,0,0,5,0,23,23.0
1550,0,0,1,0,1,0,1,0,0,0,0,1,14,4,0,0,0,0,8,4,34,0.13333333333333333
1552,1,25,2,7,1,1,2,1,1,37,0,128,223,110,3,0,17,27,83,14,683,0.7969661610268378
1553,1,30,3,10,1,0,1,2,1,30,1,79,126,120,1,0,8,22,91,3,530,0.8346456692913385
1554,3,21,1,16,2,0,0,3,0,34,1,45,146,71,2,0,7,21,112,2,487,0.7944535073409462
1556,0,2,0,3,1,1,0,0,3,15,1,58,88,90,4,0,13,13,63,1,356,0.6755218216318786
1558,1,58,2,15,3,1,1,1,4,47,0,74,125,169,2,0,4,16,187,2,712,0.9139922978177151
1559,2,10,3,17,4,1,0,1,1,46,1,83,173,166,1,0,7,22,122,8,668,0.8487928843710292
1565,2,21,1,22,3,0,0,2,1,44,1,82,198,113,3,0,13,30,85,4,625,0.8202099737532809
1566,4,22,0,14,1,1,0,0,1,39,0,108,186,105,0,0,11,47,73,2,614,0.8376534788540245
1568,3,13,2,16,2,2,0,1,2,51,0,123,188,125,1,0,13,28,72,7,649,0.7972972972972973
1571,0,13,1,13,2,0,0,1,2,45,1,147,195,106,3,1,15,29,67,8,649,0.7211111111111111
1572,2,8,3,11,3,0,0,2,3,46,0,145,147,122,3,0,15,26,60,11,607,0.7862694300518135
1573,0,6,3,7,2,1,0,0,1,34,2,83,161,101,2,0,6,18,57,6,490,0.7644305772230889
1574,1,11,2,7,2,0,0,4,3,57,1,97,180,103,2,0,8,31,78,6,593,0.8068027210884354
1579,3,20,0,16,1,5,0,4,3,41,0,102,282,163,1,0,19,29,110,4,803,0.8728260869565218
1583,0,12,4,7,0,2,1,1,1,33,1,112,173,108,2,1,11,26,67,6,568,0.8056737588652483
1586,1,8,1,7,1,1,0,2,0,38,0,91,121,93,2,0,8,17,41,2,434,0.6718266253869969
1587,1,7,4,6,1,1,0,7,1,46,2,148,219,149,2,0,15,26,76,5,716,0.927461139896373
1588,0,12,1,7,6,0,0,0,2,39,0,121,180,110,2,0,10,24,77,6,597,0.8291666666666667
1590,2,20,2,14,3,3,0,2,1,48,1,94,162,150,1,1,8,23,88,6,629,0.7813664596273292
1592,0,9,1,8,1,0,1,3,2,42,0,108,206,69,2,0,12,24,60,2,550,0.8409785932721713
1593,2,15,0,8,1,0,0,1,2,38,1,121,195,131,1,0,1,22,87,7,633,0.8178294573643411
1594,1,21,2,15,0,4,0,1,5,48,1,226,276,126,3,0,10,40,111,2,892,0.9350104821802935
1595,1,17,1,11,0,1,0,1,0,21,0,124,238,126,0,0,14,58,85,5,703,0.846987951807229
1596,0,10,4,17,3,1,0,0,2,49,0,92,129,153,1,0,10,19,76,6,572,0.896551724137931
1597,0,14,0,7,0,1,0,0,2,41,0,68,155,109,0,0,10,25,54,2,488,0.8313458262350937
1599,2,2,1,5,3,0,0,0,1,33,0,117,153,120,4,0,14,18,53,4,530,0.6955380577427821
1601,1,3,2,7,1,0,0,0,2,45,1,103,143,113,5,1,7,10,25,2,471,0.7093373493975904
1605,2,14,3,12,4,2,0,2,1,35,0,86,142,131,0,0,7,19,76,7,543,0.8444790046656299
1606,5,22,3,21,0,0,0,6,0,54,1,79,159,145,0,0,9,21,102,5,632,0.8729281767955801
1608,2,19,2,26,0,1,0,0,2,40,5,83,176,152,0,0,7,22,99,10,646,0.8260869565217391
1609,0,3,0,106,1,0,5,1,2,26,0,89,104,19,5,0,14,20,0,0,395,0.6683587140439933
1610,5,12,0,11,2,1,0,2,2,59,0,110,190,119,0,1,11,27,83,7,642,0.816793893129771
1613,1,36,1,14,1,0,0,5,3,31,2,59,180,170,0,0,5,24,197,6,735,0.9051724137931034
1615,0,2,2,6,0,0,0,1,1,39,0,90,141,93,2,0,14,7,31,10,439,0.6390101892285298
1616,1,3,3,9,2,5,0,0,0,42,0,92,134,97,4,0,8,12,37,3,452,0.7007751937984497
1617,1,7,2,13,0,4,0,1,2,34,0,110,174,115,1,1,18,24,40,6,553,0.7442799461641992
1620,0,21,1,7,2,2,1,2,4,40,0,145,228,107,3,0,18,36,112,2,731,0.797164667393675
1621,0,11,1,8,3,3,0,0,1,48,0,94,141,104,2,0,10,17,46,3,492,0.7214076246334311
1622,3,37,3,13,2,1,0,0,0,40,0,127,175,94,2,1,6,9,149,7,669,0.8522292993630574
1625,3,23,0,9,2,1,0,0,1,23,1,56,160,109,2,1,8,25,131,1,556,0.8701095461658842
1630,2,19,1,4,1,0,0,1,2,30,1,129,237,114,2,1,15,57,72,3,691,0.7970011534025375
1634,2,41,0,18,5,0,0,0,0,29,0,60,168,171,0,0,3,8,186,2,693,0.9166666666666666
1635,0,22,2,8,3,0,4,1,3,23,1,82,173,133,1,0,5,25,135,1,622,0.8735955056179775
1637,0,35,1,19,3,1,0,1,2,34,1,71,176,151,1,0,4,16,154,4,674,0.8674388674388674
1638,0,4,1,10,1,2,0,3,2,31,0,115,214,100,0,1,25,36,64,1,610,0.8379120879120879
1641,0,25,4,6,3,0,0,2,3,39,1,96,198,140,2,0,7,28,117,4,675,0.8988015978695073
1643,1,20,1,14,5,1,0,0,1,40,0,119,186,119,2,0,18,32,85,4,648,0.8286445012787724
1644,3,23,2,14,6,1,0,2,3,32,1,89,183,126,2,0,9,41,92,3,632,0.8586956521739131
1645,0,21,3,7,1,0,0,0,3,47,2,132,187,114,3,0,7,29,96,2,654,0.8114143920595533
1647,1,14,0,13,1,0,0,0,2,42,1,88,196,113,1,0,14,27,71,6,590,0.8217270194986073
1649,0,1,2,3,2,0,2,0,0,29,2,84,175,99,0,0,10,10,24,2,445,0.6722054380664653
1657,4,19,1,14,1,1,0,3,1,31,0,88,163,135,0,0,12,23,108,2,606,0.8657142857142858
1658,1,10,1,16,2,0,0,0,5,30,0,164,215,163,2,1,15,38,92,9,764,0.8232758620689655
1659,1,6,1,7,1,1,0,0,3,44,0,103,111,86,1,0,9,27,45,2,448,0.7
1660,0,7,0,5,0,1,0,0,1,31,0,78,161,94,5,0,8,18,57,6,472,0.7340590979782271
1662,1,9,1,8,2,0,1,0,6,33,1,82,179,101,5,2,8,26,56,6,527,0.8009118541033434
1663,3,12,1,6,5,0,1,1,3,38,1,116,165,105,1,0,10,10,80,10,568,0.7367055771725033
1667,0,5,0,5,0,2,0,2,2,39,0,82,164,95,4,0,11,43,78,2,534,0.8030075187969925
1668,0,21,2,8,3,0,1,4,0,24,0,88,149,106,2,0,8,24,57,1,498,0.7732919254658385
1669,2,26,5,19,3,0,1,0,4,29,1,104,200,129,1,0,12,31,118,3,688,0.8400488400488401
1670,1,18,0,16,1,1,0,1,5,66,2,136,311,150,0,0,9,33,114,6,870,0.9294871794871795
1676,2,18,3,9,2,2,0,1,3,49,1,114,160,126,2,1,15,28,78,5,619,0.765142150803461
1677,0,3,0,13,4,0,0,0,0,32,0,126,178,138,2,0,14,25,35,3,573,0.7118012422360248
1679,0,5,0,2,1,0,0,0,1,19,0,85,126,111,7,0,6,12,13,3,391,0.5996932515337423
1680,2,21,2,16,2,0,1,0,4,45,2,111,174,142,1,0,14,25,87,3,652,0.8316326530612245
1682,1,8,3,5,3,0,0,0,1,53,4,123,155,131,2,0,10,23,63,9,594,0.7397260273972602
1683,0,17,5,12,2,3,0,0,0,76,0,149,244,138,4,0,13,33,120,3,819,0.861198738170347
1685,0,14,0,8,3,2,1,2,6,36,0,130,195,129,0,1,11,31,52,5,626,0.7924050632911392
1688,1,4,1,9,2,0,1,1,0,40,1,81,168,121,2,0,18,20,61,5,536,0.7282608695652174
1691,4,40,0,16,0,1,0,8,1,36,4,60,127,162,0,0,5,13,134,4,615,0.9220389805097451
1693,0,6,2,6,0,2,0,1,0,36,0,76,174,120,1,1,9,12,29,5,480,0.7239819004524887
1695,0,4,1,5,1,1,0,0,2,30,0,79,100,111,2,1,12,8,20,6,383,0.5993740219092332
1696,0,18,3,12,1,2,0,3,0,42,2,97,188,118,0,0,12,25,94,6,623,0.8701117318435754
1699,1,19,3,6,1,0,1,1,0,37,0,65,143,126,1,1,7,21,87,3,523,0.8449111470113085
1701,1,14,0,10,3,0,1,0,0,21,4,86,142,119,1,0,7,13,71,6,499,0.8061389337641357
1705,0,9,4,7,5,0,0,0,0,51,0,118,192,110,0,0,7,30,45,8,586,0.7813333333333333
1706,2,15,1,4,2,2,0,0,1,39,0,98,164,105,2,0,12,28,82,7,564,0.7570469798657719
1708,1,10,1,7,0,1,0,0,3,47,1,129,184,109,3,0,15,24,42,8,585,0.7395701643489254
1709,2,24,1,18,1,0,0,0,3,49,1,93,168,161,2,0,8,20,156,4,711,0.8597339782345829
1710,5,23,4,13,1,2,0,1,0,59,2,177,224,133,3,0,17,44,106,6,820,0.8677248677248677
1711,0,15,2,13,1,0,0,1,0,40,0,86,166,128,3,0,18,16,92,6,587,0.8373751783166904
1712,1,2,2,8,0,0,0,0,1,31,1,133,153,117,3,0,10,11,37,6,516,0.7403156384505022
1717,1,1,2,3,2,0,0,2,0,22,0,91,110,101,4,0,5,10,9,8,371,0.6052202283849919
1718,1,4,3,6,0,1,1,0,2,36,0,109,114,107,7,0,13,12,13,9,438,0.6248216833095578
1719,1,6,2,3,1,1,0,1,6,39,3,125,148,148,2,0,11,21,20,3,541,0.7684659090909091
1720,0,1,5,6,0,0,0,0,2,28,0,89,113,120,3,0,14,15,31,5,432,0.6565349544072948
1721,0,3,2,4,0,0,1,4,3,34,3,70,119,105,5,0,6,11,16,0,386,0.5830815709969789
1722,4,21,0,11,2,1,0,0,2,36,1,76,162,138,1,0,7,20,103,10,595,0.8206896551724138
1724,2,13,5,3,3,0,0,0,3,43,0,99,173,142,4,0,9,20,74,2,595,0.7901726427622842
1725,1,6,3,12,0,2,0,0,3,55,3,118,231,97,0,0,13,17,57,6,624,0.861878453038674
1727,0,1,3,4,2,1,1,0,0,40,1,87,151,130,2,0,14,6,24,1,468,0.6953937592867756
1732,2,0,0,9,2,1,0,1,1,29,1,84,153,120,2,1,6,7,26,12,457,0.7288676236044657
1733,0,4,2,3,4,1,0,0,1,29,2,78,135,139,3,0,10,14,25,2,452,0.6900763358778625
1735,1,6,2,6,3,0,0,0,0,40,7,120,251,92,2,0,12,36,52,2,632,0.8207792207792208
1739,0,11,2,9,2,2,0,1,0,30,0,103,142,108,2,0,5,25,52,5,499,0.7481259370314842
1743,0,6,0,17,1,0,0,0,2,45,2,92,217,160,1,1,6,24,93,2,669,0.851145038167939
1744,1,0,6,7,3,0,0,3,2,46,0,91,184,99,6,0,17,22,44,9,540,0.7627118644067796
1745,3,18,0,12,0,0,0,1,0,49,1,78,190,98,0,0,13,22,92,0,577,0.8931888544891641
1747,0,34,4,12,1,0,0,1,1,31,0,76,203,118,1,0,13,21,108,8,632,0.8901408450704226
1749,1,27,0,14,3,3,0,1,0,43,2,62,126,126,2,0,2,13,78,6,509,0.905693950177936
1750,0,11,1,11,4,1,1,1,3,38,1,158,189,158,3,0,19,25,55,10,689,0.8331318016928658
1751,3,13,1,13,3,1,1,2,2,38,1,89,180,120,2,1,6,17,101,5,599,0.8365921787709497
1753,2,33,0,10,3,0,0,0,2,27,1,83,184,88,3,0,13,19,106,4,578,0.8388969521044993
1754,0,21,1,22,2,0,0,2,0,26,0,80,152,131,1,1,6,14,129,6,594,0.8696925329428989
1758,0,30,0,16,3,0,0,1,4,36,0,76,145,151,2,1,6,14,163,2,650,0.847457627118644
1759,3,35,1,14,1,1,0,0,1,36,2,69,155,174,1,0,5,14,154,2,668,0.943502824858757
1760,3,15,1,11,1,0,0,1,2,30,1,106,159,122,3,1,9,17,70,7,559,0.7951635846372689
1761,1,20,0,13,0,1,1,0,0,25,0,70,180,134,0,0,6,16,86,4,557,0.8529862174578867
1762,4,9,0,9,1,0,0,0,1,35,0,63,198,81,0,0,9,24,66,5,505,0.8319604612850082
1764,0,5,1,17,1,0,0,1,0,39,1,93,160,147,4,1,16,40,55,5,586,0.8071625344352618
1765,1,27,2,15,3,0,1,3,2,27,1,65,134,133,1,0,2,10,187,3,617,0.914074074074074
1772,1,45,0,15,6,2,2,0,3,39,0,79,152,109,0,0,10,19,134,7,623,0.8874643874643875
1773,0,4,1,6,1,2,0,0,0,26,1,82,205,117,0,0,16,37,26,7,531,0.8069908814589666
1774,2,4,1,10,1,0,0,1,2,63,0,102,199,121,1,0,9,20,71,6,613,0.8385772913816689
1780,2,11,0,8,0,1,0,2,5,57,0,115,160,92,1,0,12,28,64,6,564,0.8103448275862069
1781,3,25,2,16,2,0,0,0,2,34,2,123,184,173,0,0,11,38,79,3,697,0.8307508939213349
1786,0,6,1,7,0,0,0,1,0,36,2,99,211,86,0,1,16,27,55,5,553,0.8862179487179487
1787,2,5,3,11,3,0,0,2,1,37,5,108,185,117,0,1,13,19,53,5,570,0.7133917396745932
1789,1,15,2,20,1,0,1,1,3,28,2,142,205,177,1,0,15,37,83,2,736,0.8761904761904762
1790,0,8,2,14,2,1,0,2,3,52,0,92,197,99,0,0,9,21,73,5,580,0.8516886930983847
1794,1,31,4,12,1,2,0,1,3,39,0,104,222,116,3,0,9,35,129,6,718,0.8205714285714286
1799,0,7,2,16,0,1,0,0,2,58,0,79,160,110,2,0,6,21,97,10,571,0.8110795454545454
1800,0,9,3,9,2,0,0,2,0,49,3,118,212,135,0,0,13,36,63,6,660,0.7980652962515115
1801,1,25,1,14,1,3,1,1,5,61,1,137,228,173,0,0,18,18,75,6,769,0.8669673055242391
1806,2,6,1,10,3,0,1,2,0,40,0,145,153,154,1,0,13,24,63,7,625,0.7793017456359103
1809,2,9,2,5,2,1,1,1,5,50,1,90,197,114,1,0,13,34,41,3,572,0.7688172043010753
1811,0,6,1,3,0,1,0,2,0,37,1,66,148,94,5,0,10,13,37,5,429,0.7210084033613445
1815,3,14,0,6,1,1,0,0,2,24,2,115,182,115,1,0,20,18,44,3,551,0.8199404761904762
1818,0,21,3,13,2,1,0,0,3,40,0,93,192,118,0,0,12,25,62,1,586,0.8218793828892006
1819,2,15,0,16,0,0,1,2,0,30,0,84,183,104,1,0,15,16,107,2,578,0.8328530259365994
1823,2,19,2,16,1,1,0,2,3,33,0,69,126,71,1,0,7,13,104,0,470,0.8216783216783217
1824,2,5,2,10,0,0,1,0,2,35,0,156,159,101,3,0,22,17,37,6,558,0.7982832618025751
1826,0,8,0,6,0,1,0,0,2,26,3,129,195,110,3,0,24,13,27,2,549,0.7776203966005666
1832,0,1,2,6,1,0,0,0,3,28,0,84,116,114,7,0,3,10,18,1,394,0.6365105008077544
1833,1,13,1,11,1,3,1,1,1,35,1,102,242,117,2,0,8,36,90,4,670,0.8375
1834,3,17,0,12,2,0,0,0,2,43,0,73,147,87,0,0,2,21,118,2,529,0.8201550387596899
1842,0,4,3,12,0,0,1,4,1,50,0,99,192,133,1,0,19,21,50,5,595,0.7579617834394905
1846,0,9,4,7,2,2,0,2,1,65,2,160,230,142,4,0,5,38,82,4,759,0.8304157549234136
1847,0,14,3,14,1,2,1,4,4,54,1,107,244,153,5,0,12,16,82,9,726,0.8581560283687943
1848,3,22,3,22,4,0,0,0,4,44,3,82,179,148,0,0,7,14,131,8,674,0.8821989528795812
1851,2,17,1,6,2,0,0,0,2,44,1,103,159,96,0,0,9,16,51,4,513,0.7820121951219512
1855,0,4,3,6,0,1,2,1,3,28,1,80,88,118,4,0,8,18,36,4,405,0.6
1863,0,18,1,16,2,2,0,2,1,35,0,156,193,111,0,0,20,45,62,4,668,0.7722543352601156
1872,1,5,0,11,2,1,0,2,0,31,1,98,131,101,1,0,6,14,91,0,496,0.8378378378378378
1873,2,13,1,2,2,0,0,0,0,33,0,70,154,67,3,0,9,18,71,2,447,0.8262476894639557
1882,0,8,2,14,2,0,0,0,3,27,0,97,189,98,2,0,7,29,74,12,564,0.8281938325991189
1884,1,2,2,11,1,2,0,0,1,50,0,90,205,123,1,1,10,14,53,6,573,0.7925311203319502
1887,0,26,1,11,0,4,0,2,1,40,3,115,151,126,2,0,12,19,89,4,606,0.816711590296496
1888,1,17,1,11,0,1,0,0,3,34,0,61,146,88,0,1,11,13,73,6,467,0.7955706984667802
1890,1,6,2,2,1,0,0,1,0,61,0,120,237,124,0,0,17,25,54,6,657,0.8253768844221105
1891,2,27,2,8,2,1,0,3,4,30,1,83,205,122,0,0,6,26,106,4,632,0.8404255319148937
1900,0,5,1,14,6,2,1,1,6,28,0,176,179,108,3,1,15,38,50,16,650,0.7629107981220657
1910,1,20,3,12,0,0,0,3,1,34,1,131,219,121,3,0,12,43,83,7,694,0.8371531966224367
1911,0,11,0,8,3,1,0,1,1,35,2,93,169,123,1,0,11,31,85,0,575,0.8110014104372355
1916,5,16,4,13,2,2,0,2,0,71,3,171,231,150,5,0,15,34,92,7,823,0.816468253968254
1920,1,15,0,11,0,0,0,1,4,54,3,109,180,163,0,0,13,35,110,7,706,0.8475390156062425
1921,1,22,1,16,3,0,0,4,2,41,2,96,137,116,0,0,8,20,98,4,571,0.8586466165413534
1924,2,8,3,8,2,0,0,1,2,50,2,137,274,103,6,0,19,28,69,6,720,0.8080808080808081
1928,2,16,1,7,1,1,0,4,2,26,0,71,185,103,2,2,6,17,53,3,502,0.8006379585326954
1930,0,23,5,9,2,0,1,1,1,52,2,112,207,137,1,0,9,24,109,9,704,0.7779005524861878
1931,1,14,3,12,5,0,1,0,1,50,2,82,156,103,1,0,21,21,74,4,551,0.8450920245398773
1932,3,3,1,5,0,1,0,0,0,25,0,125,219,98,0,0,13,63,43,1,600,0.8152173913043478
1934,0,6,0,8,2,1,2,0,1,26,0,56,131,105,1,0,4,14,52,5,414,0.782608695652174
1936,4,22,1,9,2,1,0,2,3,44,0,111,198,135,1,0,17,18,109,3,680,0.8302808302808303
1945,26,5,1,6,1,1,0,1,6,37,2,129,176,115,3,0,19,0,64,6,598,0.7588832487309645
1947,2,14,1,15,1,2,0,2,2,48,0,192,203,145,1,0,17,23,98,6,772,0.7766599597585513
1952,0,2,7,12,3,3,0,1,3,46,3,159,218,139,2,0,19,38,58,12,725,0.8333333333333334
1954,2,10,2,7,2,2,0,1,1,48,0,138,177,140,2,0,16,32,84,5,669,0.8544061302681992
1957,4,17,0,13,0,0,1,0,2,55,2,91,253,135,0,0,10,25,107,9,724,0.8369942196531792
1958,0,6,1,19,1,0,0,0,4,29,0,113,181,124,1,0,9,21,50,8,567,0.801980198019802
1959,3,4,3,11,1,1,0,0,2,38,1,119,205,121,4,2,8,23,64,1,611,0.8335607094133697
1961,2,24,1,14,4,1,0,1,1,34,0,128,260,166,3,1,15,32,107,7,801,0.865945945945946
1969,3,10,1,10,4,2,0,1,1,35,1,116,198,79,3,0,13,21,72,4,574,0.8282828282828283
1973,0,1,1,4,2,2,0,0,3,45,0,130,163,126,2,0,15,13,68,11,586,0.73989898989899
1975,0,9,2,10,2,0,1,2,0,17,0,84,98,71,2,1,10,19,56,1,385,0.8004158004158004
1976,1,8,1,10,0,1,1,3,1,36,0,108,160,115,1,0,9,22,64,5,546,0.7856115107913669
1979,0,6,0,9,1,0,1,0,1,20,1,63,99,79,1,1,9,10,38,2,341,0.7333333333333333
1981,3,18,1,13,0,0,1,0,5,36,1,73,232,183,0,0,8,20,115,6,715,0.873015873015873
1983,3,34,0,0,1,0,10,0,0,32,0,84,170,123,1,0,17,32,125,4,636,0.7920298879202988
1985,3,7,3,6,0,2,0,1,3,44,5,104,178,126,1,0,4,14,39,3,543,0.7367706919945726
1989,1,10,3,7,1,2,0,2,2,31,1,97,181,84,1,0,17,30,46,5,521,0.7012113055181696
1991,0,8,3,10,1,0,0,3,2,41,0,103,160,129,2,1,9,17,51,3,543,0.7469050894085282
1992,0,5,1,12,2,3,0,3,3,23,1,192,138,93,2,1,14,14,28,2,537,0.7991071428571429
1995,4,8,1,9,5,0,1,0,4,50,0,138,187,128,0,0,13,35,87,6,676,0.8513853904282116
1997,2,17,2,12,2,1,0,2,2,42,1,120,206,137,1,0,12,29,90,6,684,0.8392638036809816
2000,2,8,2,2,1,1,0,2,5,56,2,133,140,147,2,0,14,13,56,6,592,0.7551020408163265
2001,0,6,1,10,2,0,2,2,2,59,0,117,168,164,4,0,11,11,36,6,601,0.7163289630512515
2004,0,10,1,9,1,1,1,2,2,42,1,114,166,132,1,0,16,26,60,2,587,0.7496807151979565
2015,2,12,5,10,2,2,0,2,5,58,2,137,187,181,3,0,13,25,100,5,751,0.7822916666666667
2017,2,22,1,8,3,2,0,4,2,34,0,120,195,140,0,0,5,17,108,2,665,0.8070388349514563
2019,0,4,0,8,3,1,0,1,0,32,1,108,155,102,3,0,11,14,59,2,504,0.7974683544303798
2021,0,14,1,13,0,1,0,1,1,29,1,63,132,154,0,1,7,10,107,3,538,0.8367029548989113
2024,1,4,1,14,3,1,1,1,1,41,1,150,211,125,4,2,11,9,40,6,627,0.7076749435665914
2026,2,0,0,1,0,0,0,1,0,5,0,3,15,5,0,0,0,1,7,5,45,0.15517241379310345
2029,1,35,3,15,1,1,0,2,4,27,0,88,188,136,2,0,8,37,107,3,658,0.8545454545454545
2042,1,10,3,5,2,1,1,4,3,35,0,210,174,127,5,0,8,31,54,4,678,0.8659003831417624
2044,1,12,2,13,4,0,0,1,1,49,1,113,159,125,1,1,13,35,84,3,618,0.7793190416141236
2046,1,21,2,16,2,0,0,4,2,46,2,149,239,106,3,0,10,51,87,2,743,0.7904255319148936
2050,0,6,7,13,1,2,2,1,1,54,1,127,192,169,3,0,16,26,55,8,684,0.7981330221703618
2053,1,13,1,8,1,0,1,1,2,58,1,97,182,144,2,0,6,34,84,6,642,0.8045112781954887
2055,1,15,1,10,2,1,0,1,0,60,0,160,234,133,2,2,10,27,75,8,742,0.7835269271383316
2058,3,18,1,4,3,1,0,1,1,38,1,114,200,92,2,1,15,34,79,5,613,0.8443526170798898
2060,0,8,2,11,2,1,0,2,2,45,0,155,162,120,5,0,8,17,52,4,596,0.6970760233918128
2062,2,3,3,5,0,3,1,3,1,37,0,135,150,160,6,0,13,15,36,5,578,0.7243107769423559
2063,1,1,2,5,0,1,0,1,1,17,1,78,110,119,2,0,4,10,22,2,377,0.65
2064,2,2,0,8,2,2,2,0,2,39,2,108,178,142,3,1,11,14,36,5,559,0.6825396825396826
2065,1,7,1,8,0,1,1,1,0,32,1,62,99,107,3,2,7,8,28,2,371,0.687037037037037
2066,1,15,6,6,1,1,0,1,1,59,7,124,207,151,2,0,8,24,93,2,709,0.8102857142857143
2069,1,14,0,8,1,2,0,0,1,38,0,90,187,122,3,0,13,27,83,2,592,0.7956989247311828
2070,1,27,1,7,2,1,0,1,2,40,0,99,200,101,0,0,9,40,80,3,614,0.893740902474527
2072,0,12,1,10,0,1,0,1,0,45,1,78,163,115,0,0,10,14,88,3,542,0.8548895899053628
2081,0,1,0,1,0,0,0,1,1,6,0,0,24,16,1,0,1,1,3,4,60,inf
2082,0,1,0,0,0,0,0,0,1,6,0,9,20,16,0,0,1,0,7,0,61,inf
2083,0,6,0,6,2,1,0,0,3,52,0,106,149,143,0,0,10,17,53,6,554,0.8159057437407953
2089,1,15,1,6,0,0,0,0,2,42,0,72,183,130,1,0,9,16,81,5,564,0.7855153203342619
2091,2,50,2,20,1,1,1,0,3,49,0,78,170,139,0,2,3,21,92,5,639,0.8962131837307152
2092,3,22,1,8,1,1,0,1,4,38,0,116,183,104,2,0,11,39,79,1,614,0.8241610738255034
2102,0,2,0,9,1,0,1,0,1,43,1,68,110,90,1,0,17,8,44,2,398,0.6862068965517242
2103,2,25,1,7,1,0,0,1,1,44,0,94,187,128,1,0,10,10,98,10,620,0.8367071524966262
2105,1,20,1,21,3,1,0,2,4,55,1,124,249,162,1,0,12,40,74,3,774,0.8686868686868687
2107,2,22,3,16,0,4,0,2,1,40,2,158,281,117,2,0,15,37,103,2,807,0.8512658227848101
2108,0,32,1,12,3,1,0,3,4,48,1,165,329,117,0,2,11,28,107,6,870,0.8805668016194332
2117,1,5,3,6,2,0,1,0,3,32,0,146,227,95,3,0,14,24,42,6,610,0.8714285714285714
2120,0,7,7,8,0,1,0,2,4,40,0,102,209,124,3,0,10,40,57,6,620,0.8147174770039421
2124,0,15,1,8,1,1,1,3,3,25,0,68,143,113,0,0,10,12,54,0,458,0.7435064935064936
2132,0,11,1,3,3,0,1,0,1,37,1,80,212,90,1,0,12,24,58,1,536,0.833592534992224
2141,0,15,3,6,1,0,0,1,0,36,0,111,204,104,4,1,7,16,97,8,614,0.8809182209469153
2144,2,7,3,15,1,1,1,1,3,35,0,109,197,157,4,0,15,30,120,10,711,0.855595667870036
2147,0,25,0,12,1,2,0,0,1,44,1,117,236,193,0,1,17,31,113,7,801,0.9061085972850679
2158,1,21,2,10,1,0,0,1,1,34,0,281,285,105,3,1,25,45,86,5,907,0.8763285024154589
2159,0,17,1,19,1,2,1,0,2,57,1,111,184,161,3,0,11,24,71,3,669,0.8040865384615384
2172,0,7,1,10,0,1,0,0,0,41,0,86,188,143,3,0,6,17,71,2,576,0.9216
2181,2,16,1,17,1,4,0,2,0,36,0,186,240,131,5,0,14,47,75,6,783,0.8356456776947705
2183,4,18,2,14,0,3,0,5,4,34,0,79,187,123,0,0,9,19,93,7,601,0.8335644937586685
2184,1,6,2,4,1,0,1,1,2,28,0,108,108,96,1,0,12,18,60,2,451,0.7554438860971524
2186,2,8,1,15,2,1,0,0,5,43,0,141,211,166,2,0,20,40,66,5,728,0.8348623853211009
2192,1,11,1,15,5,0,0,0,3,50,2,93,176,105,1,1,12,18,87,11,592,0.8021680216802168
2193,4,9,1,16,5,0,0,0,1,48,0,122,172,141,0,0,10,25,73,10,637,0.8125
2195,3,14,2,4,0,1,0,2,1,64,1,122,154,138,0,0,10,33,96,5,650,0.80545229244114
2196,0,6,2,8,2,0,0,0,3,33,1,82,148,118,3,0,15,12,32,1,466,0.6996996996996997
2210,5,6,6,9,3,0,0,2,2,53,3,171,206,122,5,1,31,37,48,6,716,0.8044943820224719
2212,1,15,0,6,0,0,0,0,0,23,1,75,95,101,2,0,17,13,54,8,411,0.6737704918032786
2222,1,2,0,10,2,1,2,0,1,41,1,144,216,122,4,0,9,22,40,7,625,0.7318501170960188
2229,0,13,4,11,1,2,1,0,4,47,0,150,162,126,4,0,8,25,49,1,608,0.7916666666666666
2241,0,6,5,16,2,0,1,0,1,37,0,146,151,74,1,1,14,13,59,5,532,0.8024132730015083
2243,0,17,3,12,1,2,0,0,1,50,3,117,176,145,1,0,19,34,74,6,661,0.8080684596577017
