SEZIONE,Alternativa Municipale,"Beppe Sala Sindaco Noi, Milano",Fuxia People Maria Teresa Bald,Giorgia Meloni per Parisi,Io corro per Milano Lista Civ.,Italia dei Valori per B. Sala,Lega Nord Lega Lomb. Salvini,Milano Popolare Parisi Sindaco,Milano in Comune Rizzo Sindaco,Movimento 5 Stelle,Noi x Milano Mardegan Sindaco,Partito Comunista dei Lavorato,Partito Democratico Beppe Sala,Pensionati,Per Parisi Forza Italia Berl.,Radicali con Cappato Sindaco,Sinistra x Milano,TOTALE,AFFLUENZA
1,0,27,0,21,24,1,46,22,2,21,4,0,80,1,110,9,8,376,0.44761904761904764
2,0,14,0,5,7,1,37,6,2,28,4,1,46,6,60,3,1,221,0.37018425460636517
3,3,21,1,8,8,5,84,11,21,60,3,5,160,3,85,3,8,489,0.5344262295081967
4,3,19,0,12,10,3,72,26,13,104,6,0,111,1,65,4,12,461,0.5784190715181933
5,1,41,3,7,25,2,26,16,5,24,7,0,87,0,88,15,6,353,0.3235563703024748
6,0,28,1,12,2,4,83,14,21,77,4,1,161,1,81,3,13,506,0.5597345132743363
7,1,56,1,11,44,2,37,15,4,15,4,1,125,0,126,10,7,459,0.4857142857142857
8,0,34,1,13,7,1,33,7,14,38,9,1,115,3,77,7,29,389,0.5152317880794702
9,0,22,0,9,24,2,23,16,5,8,5,0,78,0,67,8,6,273,0.34556962025316457
10,0,5,0,0,1,0,3,1,0,1,2,0,11,0,11,0,0,35,inf
11,2,18,1,7,13,5,75,9,18,67,8,1,113,1,77,4,4,423,0.47262569832402235
12,1,21,1,8,3,4,39,28,9,47,2,4,75,2,87,3,3,337,0.4941348973607038
13,0,48,1,8,40,2,41,10,7,30,3,0,135,2,95,14,16,452,0.4844587352625938
14,1,15,0,6,3,3,52,21,7,56,5,0,61,2,82,9,13,336,0.44919786096256686
15,0,17,0,7,3,2,10,3,5,6,3,0,25,0,30,0,1,112,0.32463768115942027
16,1,45,2,11,26,2,52,13,5,20,1,0,113,2,76,15,15,399,0.4596774193548387
17,0,0,0,0,0,0,1,0,0,0,0,0,0,0,1,0,0,2,inf
18,3,24,2,6,4,3,52,11,24,53,5,3,158,2,76,3,31,460,0.5859872611464968
19,3,26,1,6,6,1,64,21,10,53,13,1,145,3,82,3,38,476,0.5567251461988304
20,2,14,1,8,6,8,66,0,4,75,7,4,121,1,70,8,25,420,0.5398457583547558
21,0,0,0,0,0,0,1,1,0,1,0,0,8,0,5,1,1,18,0.28125
22,0,36,1,7,41,1,18,26,10,18,6,0,116,1,93,17,9,400,0.4728132387706856
23,1,31,1,15,23,3,110,27,19,109,10,3,172,4,96,11,17,652,0.5669565217391305
24,0,48,0,10,26,14,21,15,6,16,9,1,165,1,93,12,9,446,0.5114678899082569
25,2,41,0,5,7,4,59,25,25,61,1,3,89,2,69,6,9,408,0.5513513513513514
26,0,38,1,10,25,5,20,11,16,12,4,1,128,0,86,5,15,377,0.494750656167979
27,2,49,0,14,27,0,34,11,8,20,19,1,120,1,90,12,25,433,0.47530186608122943
28,0,29,0,16,20,2,27,12,16,12,4,0,127,1,82,7,10,365,0.4715762273901809
29,2,9,3,13,23,2,90,12,11,100,19,1,119,3,105,13,9,534,0.5868131868131868
30,0,21,0,12,17,2,44,16,9,49,22,0,89,2,83,3,22,391,0.5305291723202171
31,0,20,0,4,4,1,40,9,6,4,10,0,131,2,46,2,29,308,0.40903054448871184
32,0,34,0,20,15,2,89,18,11,84,6,3,187,1,94,8,17,589,0.560952380952381
33,1,31,0,8,7,2,39,8,15,33,3,1,89,0,63,3,7,310,0.4217687074829932
34,0,1,0,0,1,0,2,0,0,2,0,0,3,2,9,0,0,20,inf
35,0,24,0,8,7,0,25,9,8,24,4,0,116,0,38,3,11,277,0.5236294896030246
36,0,81,1,13,42,4,30,8,16,11,3,3,124,1,69,12,24,442,0.48253275109170307
37,2,41,0,11,10,3,103,22,12,95,2,6,110,1,94,4,9,525,0.5885650224215246
38,0,37,0,4,11,6,72,20,20,49,3,1,173,6,98,11,17,528,0.59392575928009
39,2,53,0,14,19,3,25,16,12,35,4,2,132,0,88,8,14,427,0.46564885496183206
40,1,62,1,5,7,2,30,10,4,39,4,1,124,1,55,2,8,356,0.5297619047619048
41,1,57,1,7,22,2,24,13,13,19,0,0,103,0,77,14,8,361,0.4700520833333333
42,0,50,0,7,28,4,33,12,13,25,6,1,138,2,72,7,16,414,0.553475935828877
43,0,34,0,10,40,1,12,11,3,17,0,0,103,1,75,8,5,320,0.487062404870624
44,0,54,2,11,27,4,25,17,8,13,1,2,105,0,94,7,23,393,0.49558638083228246
45,1,3,0,1,1,0,7,1,3,4,0,0,11,0,11,1,0,44,0.9166666666666666
46,0,80,2,16,45,1,31,18,5,10,2,0,112,1,97,11,15,446,0.4816414686825054
47,0,57,1,5,38,2,18,11,8,10,1,1,98,0,68,11,15,344,0.4605087014725569
48,2,57,0,9,39,4,23,10,3,11,3,0,94,1,77,10,4,347,0.43429286608260326
49,0,0,0,2,1,0,5,0,0,3,0,0,8,0,6,0,0,25,inf
50,0,2,0,0,0,0,0,1,1,1,0,0,3,0,3,0,0,11,inf
54,0,2,0,0,0,0,2,0,0,1,0,0,8,0,2,0,1,16,inf
55,2,49,0,13,20,2,65,22,11,35,1,1,158,2,97,12,19,509,0.5526601520086862
56,3,46,1,11,28,0,31,8,7,15,4,1,111,3,88,17,12,386,0.3621013133208255
57,1,51,0,5,41,3,40,14,13,33,4,0,141,0,107,13,18,484,0.5238095238095238
58,0,36,0,18,47,3,25,9,8,9,1,0,101,0,77,9,7,350,0.4122497055359246
59,1,23,1,8,13,4,74,13,14,59,9,2,123,0,73,10,27,454,0.5437125748502994
61,3,55,1,20,28,4,58,12,5,21,4,1,149,2,159,12,16,550,0.538160469667319
64,6,18,1,12,4,3,34,9,13,42,0,1,83,2,64,4,5,301,0.4375
65,2,43,0,11,31,2,23,13,16,15,4,1,112,2,75,9,8,367,0.41990846681922195
66,0,16,2,12,8,4,45,2,18,70,4,1,117,3,65,2,4,373,0.5246132208157525
69,0,53,0,8,32,1,18,19,7,9,5,1,88,1,100,12,13,367,0.4213547646383467
72,4,17,2,3,7,1,55,7,8,55,17,2,121,4,49,4,17,373,0.5231416549789621
73,0,45,0,4,16,5,21,16,5,12,5,1,81,0,68,9,7,295,0.40355677154582764
74,1,8,0,6,7,3,38,4,6,39,2,1,98,3,78,4,46,344,0.5096296296296297
78,0,26,0,15,21,1,42,6,3,6,5,0,80,0,87,12,15,319,0.37485311398354876
79,0,28,1,12,20,3,29,12,5,8,3,0,56,1,98,9,3,288,0.4186046511627907
80,6,28,1,9,21,3,38,13,12,53,0,0,89,0,96,8,8,385,0.45081967213114754
82,4,60,0,15,28,1,21,7,1,10,3,0,86,0,102,8,7,353,0.42839805825242716
83,0,65,1,10,22,2,15,15,3,18,1,1,105,0,86,5,11,360,0.4265402843601896
84,1,29,0,10,2,3,56,20,23,76,5,3,129,1,93,6,11,468,0.582089552238806
86,1,13,0,15,29,4,48,9,15,48,1,1,92,5,93,7,11,392,0.5104166666666666
87,1,37,0,12,33,1,51,17,6,15,12,0,84,2,144,9,8,432,0.4206426484907498
88,1,35,0,18,11,0,83,25,11,46,9,0,169,3,87,3,15,516,0.542016806722689
91,1,18,0,19,27,3,50,11,16,33,4,2,112,3,107,11,18,435,0.4988532110091743
92,2,37,0,13,9,6,62,13,27,48,7,3,122,3,81,1,28,462,0.5390898483080513
93,2,57,1,16,40,5,40,21,6,18,4,0,130,0,148,11,12,511,0.5024582104228122
94,0,34,2,15,21,1,36,7,10,22,8,3,96,0,77,11,26,369,0.45781637717121587
97,0,17,0,11,8,5,67,7,15,76,7,1,121,8,95,6,18,462,0.5506555423122765
99,2,48,4,9,27,2,27,14,16,15,5,2,114,1,120,9,18,433,0.5229468599033816
100,4,40,0,6,7,4,59,16,14,53,4,3,150,3,75,10,15,463,0.573019801980198
104,2,36,0,22,17,7,45,29,15,31,3,1,132,2,115,12,23,492,0.4934804413239719
105,0,23,1,10,14,2,30,15,21,42,3,3,106,5,87,2,32,396,0.5553997194950911
106,4,51,0,10,11,4,52,22,20,38,1,0,114,0,77,9,18,431,0.48700564971751414
109,0,46,3,13,35,4,43,19,11,31,6,0,121,1,92,9,21,455,0.4491609081934847
110,4,34,3,3,34,4,42,11,17,26,2,0,124,0,77,12,13,406,0.5043478260869565
111,2,44,0,7,17,0,35,13,11,13,4,3,113,1,104,18,16,401,0.4848851269649335
112,0,30,1,11,14,4,46,4,11,27,5,1,142,0,81,11,22,410,0.4945717732207479
113,0,98,1,11,18,5,62,23,22,43,6,3,161,5,94,6,30,588,0.5217391304347826
114,1,40,0,17,20,1,48,14,18,30,7,0,141,1,94,11,20,463,0.5225733634311512
116,1,42,1,9,11,1,30,16,12,24,7,1,121,1,80,8,13,378,0.49282920469361147
117,1,27,0,5,12,5,83,8,28,64,2,2,135,0,134,8,15,529,0.5851769911504425
119,6,16,0,8,4,1,37,11,13,50,1,5,76,1,84,1,6,320,0.4630969609261939
120,0,22,3,11,3,1,76,16,10,74,8,5,131,0,106,0,11,477,0.5611764705882353
122,0,36,0,6,13,2,26,15,16,27,2,0,121,1,81,9,25,380,0.4561824729891957
123,0,18,0,12,32,5,63,12,16,41,3,0,136,0,74,17,21,450,0.4972375690607735
125,0,20,6,7,12,4,80,18,11,63,8,1,132,3,116,6,10,497,0.5270413573700954
126,2,34,0,10,15,2,26,17,23,37,9,1,184,2,92,14,23,491,0.5425414364640884
128,4,31,0,10,18,1,52,7,12,38,3,2,160,2,77,16,15,448,0.4520686175580222
129,1,33,0,14,14,5,37,26,10,31,4,0,140,1,103,11,26,456,0.4759916492693111
130,0,52,0,12,11,1,40,14,12,19,1,1,159,1,95,9,13,440,0.4971751412429379
131,0,48,1,10,26,2,35,11,15,33,7,0,129,1,79,17,9,423,0.4953161592505855
135,1,26,2,17,13,3,41,19,19,45,4,3,111,1,110,9,9,433,0.502903600464576
138,0,15,0,25,15,0,49,12,22,48,6,3,83,3,94,9,15,399,0.504424778761062
139,4,19,1,11,14,2,54,14,10,30,0,0,97,5,81,3,9,354,0.4348894348894349
140,1,32,2,13,18,3,65,16,28,35,5,2,105,2,95,10,25,457,0.5175537938844847
141,0,48,2,14,15,5,47,11,28,35,6,0,155,3,83,12,23,487,0.5137130801687764
142,2,48,2,12,11,2,31,11,14,38,4,1,149,1,70,8,16,420,0.45652173913043476
144,0,16,1,12,4,0,32,11,17,64,1,2,102,1,74,3,7,347,0.4689189189189189
146,0,53,0,9,16,3,35,15,15,20,7,2,138,0,104,17,38,472,0.5279642058165548
147,1,30,0,18,15,3,39,11,10,29,2,2,131,0,84,10,22,407,0.509386733416771
149,1,50,0,12,10,3,40,8,33,40,3,1,153,1,113,14,16,498,0.5407166123778502
151,0,26,1,1,7,2,23,12,12,40,1,2,106,2,86,5,11,337,0.424968474148802
152,2,24,1,11,17,2,39,13,22,23,0,0,125,0,61,5,28,373,0.4668335419274093
153,0,26,0,5,4,4,32,4,18,23,2,0,90,2,63,7,7,287,0.4519685039370079
157,0,28,2,12,26,5,41,9,16,24,3,0,130,1,81,10,17,405,0.4623287671232877
158,2,40,2,5,8,0,35,15,12,33,7,1,157,2,68,10,18,415,0.472127417519909
160,0,25,0,15,9,3,19,1,11,26,3,3,76,1,41,2,11,246,0.26885245901639343
161,1,6,0,7,3,0,21,3,1,21,2,1,27,0,25,1,0,119,0.31733333333333336
162,0,3,0,0,1,0,2,1,0,3,0,0,7,0,6,1,0,24,12.0
164,1,42,0,8,39,5,23,26,11,15,2,1,85,0,75,8,6,347,0.4880450070323488
167,1,44,0,12,26,2,21,10,6,20,9,0,93,0,71,13,21,349,0.41646778042959426
168,0,31,5,7,17,2,22,9,12,30,3,0,82,1,82,9,11,323,0.3992583436341162
169,1,34,1,7,10,5,37,10,27,30,5,3,130,2,75,5,25,407,0.47380675203725264
172,4,25,2,10,2,1,59,5,9,56,6,1,103,2,72,2,13,372,0.5027027027027027
173,1,17,0,4,11,1,18,0,8,13,3,0,82,0,46,6,11,221,0.22345803842264914
175,3,47,0,12,16,3,27,22,18,33,5,2,131,5,111,17,19,471,0.49736008447729674
177,0,30,0,5,7,5,41,6,13,55,3,1,112,1,65,1,46,391,0.5724743777452416
179,3,33,1,8,34,2,29,11,8,11,5,2,147,0,92,10,27,423,0.4935822637106184
181,0,35,0,14,13,5,68,44,20,66,4,1,186,0,112,11,14,593,0.5830875122910522
182,0,40,3,9,14,1,32,24,12,18,2,1,127,0,107,13,12,415,0.49700598802395207
184,0,23,0,8,20,3,39,17,21,37,2,1,156,3,95,21,15,461,0.49042553191489363
185,1,37,0,8,26,0,34,14,12,35,2,1,121,2,74,12,16,395,0.4962311557788945
186,0,35,0,12,17,3,51,7,16,43,3,2,136,0,77,2,22,426,0.5101796407185629
187,0,29,0,10,11,0,36,14,13,38,4,1,107,0,88,12,20,383,0.519674355495251
188,2,22,1,16,16,5,23,9,29,45,0,0,142,2,116,7,33,468,0.5010706638115632
189,1,32,1,8,23,7,37,11,18,48,4,2,121,2,93,11,17,436,0.5141509433962265
190,1,23,0,14,11,3,40,10,10,38,3,0,132,0,68,12,21,386,0.4910941475826972
191,1,30,1,2,14,4,35,17,11,32,13,2,137,3,88,13,16,419,0.5128518971848225
193,0,47,0,18,27,2,41,8,33,45,6,2,147,2,79,14,36,507,0.513677811550152
195,4,29,0,5,15,2,46,8,8,38,6,0,152,2,70,6,23,414,0.5260482846251588
196,0,22,0,12,12,0,46,9,17,38,2,2,93,1,54,9,12,329,0.44161073825503355
197,0,24,0,3,7,2,55,12,16,62,3,2,135,1,88,5,3,418,0.5135135135135135
198,3,26,1,6,11,2,27,11,7,32,2,1,153,4,69,7,22,384,0.4549763033175355
199,3,19,0,4,6,0,46,20,16,47,6,3,107,4,61,7,19,368,0.5661538461538461
200,1,27,1,11,7,2,47,10,21,27,1,1,124,0,50,11,18,359,0.45907928388746805
201,1,42,3,5,11,1,35,8,12,49,1,3,151,3,51,10,23,409,0.477803738317757
204,2,26,2,8,4,3,70,10,14,73,7,5,174,3,118,12,14,545,0.5455455455455456
205,0,15,3,6,6,1,65,7,9,53,2,1,97,3,96,6,9,379,0.4858974358974359
206,0,37,0,13,20,0,55,16,12,23,1,1,120,1,79,8,19,405,0.5185659411011524
207,1,24,1,7,13,1,29,10,27,23,2,1,107,0,59,7,27,339,0.37293729372937295
208,3,24,2,5,13,2,45,15,7,45,1,0,151,1,56,8,26,404,0.4454244762954796
212,0,34,0,17,16,2,30,22,8,21,9,1,128,0,79,12,18,397,0.5176010430247718
213,2,22,3,11,13,7,27,11,19,29,2,2,119,1,59,7,15,349,0.46720214190093706
214,8,18,1,11,8,4,65,10,20,65,5,4,93,4,67,2,16,401,0.5448369565217391
215,3,38,3,11,22,0,25,12,35,52,6,1,207,2,56,9,48,530,0.5110896817743491
217,1,33,1,15,15,4,23,22,22,29,2,2,147,2,76,12,19,425,0.5120481927710844
220,0,52,2,6,21,4,21,14,8,22,12,3,137,2,72,10,22,408,0.5257731958762887
221,1,12,3,19,7,3,30,7,18,53,3,1,122,2,86,6,5,378,0.5156889495225102
223,2,60,0,17,34,4,28,33,10,17,9,0,183,0,85,17,27,526,0.49250936329588013
224,0,41,0,8,22,4,27,18,9,16,2,0,125,0,78,14,17,381,0.5059760956175299
226,0,46,0,17,17,3,45,9,9,14,1,1,135,0,87,14,18,416,0.5219573400250941
229,0,36,0,9,17,1,43,12,7,17,5,0,84,1,63,9,11,315,0.4430379746835443
230,0,43,0,9,17,4,36,13,22,31,0,0,191,0,70,7,36,479,0.5322222222222223
232,0,29,0,12,9,2,62,18,15,42,7,0,125,3,112,8,12,456,0.6289655172413793
234,0,30,0,16,11,3,37,11,14,21,0,0,100,1,69,6,12,331,0.4227330779054917
235,0,28,1,6,19,2,40,9,9,19,2,1,98,1,71,7,15,328,0.5141065830721003
236,0,31,0,7,11,0,34,5,9,24,4,2,136,1,54,8,22,348,0.4627659574468085
237,2,35,1,4,7,2,34,9,18,26,1,0,140,1,56,14,31,381,0.46577017114914426
238,0,41,1,4,15,0,41,16,15,44,3,3,117,0,69,6,11,386,0.4115138592750533
240,1,32,0,12,11,4,33,6,14,48,8,3,141,1,63,10,13,400,0.44493882091212456
242,0,39,1,19,23,2,39,12,20,50,6,5,150,1,79,15,18,479,0.4583732057416268
243,0,37,1,11,11,3,46,9,9,38,1,2,100,1,59,4,19,351,0.4618421052631579
246,0,30,1,8,9,2,27,8,24,20,1,1,100,1,61,13,33,339,0.43350383631713557
250,0,42,0,12,23,3,16,7,11,21,3,2,105,1,68,9,20,343,0.4245049504950495
251,0,8,2,2,0,4,4,3,3,1,1,2,8,4,10,1,2,55,0.29411764705882354
252,2,12,0,8,20,1,20,15,11,37,3,0,131,3,89,4,38,394,0.43777777777777777
257,2,44,2,10,10,2,39,20,20,20,1,1,131,2,73,10,24,411,0.48696682464454977
259,2,35,0,1,7,1,49,10,15,58,3,3,150,2,94,5,13,448,0.6070460704607046
262,0,31,0,24,12,5,48,9,5,35,2,0,160,2,96,7,5,441,0.5772251308900523
263,4,38,1,10,17,2,36,11,23,26,2,0,153,0,67,22,31,443,0.4916759156492786
264,1,57,0,9,12,6,30,13,27,28,3,1,159,1,69,17,34,467,0.4587426326129666
265,0,44,0,4,11,3,36,19,21,33,3,3,148,2,70,20,23,440,0.44534412955465585
269,2,53,0,11,23,2,29,8,18,36,4,2,191,0,73,15,28,495,0.526595744680851
271,1,46,1,12,11,5,25,7,20,21,5,2,147,0,48,9,16,376,0.5164835164835165
272,0,48,1,9,11,1,35,12,14,20,0,2,93,1,65,11,14,337,0.4869942196531792
274,1,22,0,9,12,2,39,5,11,25,6,1,102,2,49,4,4,294,0.47572815533980584
277,2,24,1,8,16,3,33,7,15,38,1,3,155,1,96,7,8,418,0.4733861834654587
279,1,42,0,7,17,4,33,11,24,41,8,0,142,1,84,8,31,454,0.44422700587084146
280,0,31,2,10,10,1,28,15,31,30,6,0,161,0,101,14,39,479,0.49128205128205127
281,3,35,0,10,9,2,25,5,35,45,6,1,156,0,69,11,37,449,0.4517102615694165
282,0,21,0,4,6,2,46,8,3,38,1,1,82,3,72,2,4,293,0.45709828393135726
284,0,15,0,12,7,1,29,4,20,41,10,1,99,0,70,5,26,340,0.4131227217496962
286,1,27,0,5,9,1,37,17,18,38,4,4,94,2,67,9,14,347,0.3679745493107105
288,4,18,1,4,4,1,34,3,19,42,8,2,76,1,64,9,27,317,0.41601049868766404
291,2,31,2,4,16,2,36,8,27,44,5,2,96,1,76,7,12,371,0.4726114649681529
292,2,15,0,5,2,2,23,9,13,38,7,2,120,0,56,9,20,323,0.45365168539325845
294,2,46,0,8,7,2,61,15,4,35,3,1,150,0,80,8,22,444,0.48737650933040616
295,2,34,2,7,10,2,64,13,11,51,3,4,112,1,95,3,14,428,0.5323383084577115
297,1,20,1,11,3,1,34,22,10,48,3,1,90,2,96,6,5,354,0.5086206896551724
299,0,41,0,3,10,3,18,13,14,34,2,0,96,0,42,8,42,326,0.4116161616161616
300,3,41,3,7,7,0,32,13,18,39,1,3,135,2,59,10,47,420,0.41749502982107356
301,0,45,2,12,9,1,38,17,16,40,3,2,141,1,83,10,20,440,0.4263565891472868
303,0,23,0,2,3,1,27,12,17,26,0,2,142,0,62,11,32,360,0.44171779141104295
305,0,47,0,8,19,5,36,17,10,39,2,4,180,3,123,4,8,505,0.520618556701031
306,2,53,1,2,12,1,28,15,26,22,5,2,148,0,74,14,29,434,0.4854586129753915
309,0,40,0,4,19,1,21,13,17,29,11,0,136,1,60,7,27,386,0.48553459119496856
311,4,49,4,5,11,4,49,16,17,50,3,1,168,1,111,16,22,531,0.5042735042735043
313,0,35,0,12,7,1,40,9,8,44,1,1,129,0,92,8,20,407,0.45121951219512196
315,0,38,0,10,20,0,22,6,20,38,1,1,114,0,58,3,28,359,0.4544303797468354
316,1,34,0,3,15,1,31,4,7,45,1,0,80,2,72,3,21,320,0.39800995024875624
317,0,33,3,8,10,2,21,9,10,18,1,1,103,1,64,13,19,316,0.41415465268676277
319,0,52,1,7,13,0,50,9,30,35,4,1,147,1,67,25,20,462,0.47384615384615386
320,0,20,0,4,10,2,24,10,9,25,7,1,81,0,54,3,17,267,0.39322533136966126
321,0,45,0,6,4,6,57,23,19,89,8,2,199,0,94,13,22,587,0.5953346855983773
322,2,45,0,14,21,3,51,22,12,31,2,0,112,4,73,10,17,419,0.5909732016925247
323,0,45,0,16,14,1,41,16,18,16,1,2,123,2,74,5,11,385,0.49805950840879687
324,0,47,0,3,21,3,25,9,16,19,8,0,140,1,67,13,22,394,0.5163826998689384
325,0,43,0,16,24,1,51,19,9,36,4,0,118,1,78,14,18,432,0.5339925834363412
326,0,27,1,4,8,4,43,12,19,35,1,3,84,3,72,9,13,338,0.5029761904761905
327,0,29,1,9,19,5,30,10,7,33,0,1,112,0,72,7,9,344,0.47579529737206083
329,0,34,1,12,9,2,57,11,22,68,8,3,134,2,78,8,18,467,0.5087145969498911
331,3,68,1,9,29,4,35,21,22,41,2,0,134,3,112,4,18,506,0.5211122554067971
333,2,60,1,18,30,3,27,24,7,12,3,0,125,1,97,13,13,436,0.49321266968325794
334,3,75,0,20,38,2,26,15,10,25,11,0,125,0,107,10,18,485,0.49897119341563784
335,1,36,0,4,6,2,45,11,15,40,4,1,168,4,91,5,16,449,0.5495716034271726
336,0,70,0,7,33,4,36,21,8,16,0,1,118,1,98,4,13,430,0.4746136865342163
337,0,40,0,13,27,3,25,15,5,7,2,0,105,0,94,7,6,349,0.43844221105527637
338,0,69,1,25,23,3,47,24,3,13,2,1,122,0,116,8,9,466,0.5087336244541485
340,1,21,1,12,8,3,75,13,10,74,3,2,123,3,95,5,5,454,0.4860813704496788
342,1,76,2,12,27,4,30,13,11,18,7,0,130,0,92,16,10,449,0.480728051391863
343,0,23,1,7,2,1,85,11,16,73,14,0,158,1,97,3,14,506,0.525987525987526
345,0,64,0,10,27,1,38,12,1,3,6,1,107,0,84,9,8,371,0.43089430894308944
346,5,55,4,11,35,1,36,12,7,25,5,0,136,1,104,14,17,468,0.5176991150442478
348,2,22,0,12,4,2,45,2,14,45,6,1,147,1,66,18,12,399,0.4877750611246944
350,1,63,0,17,58,3,42,17,1,25,4,1,143,0,102,9,16,502,0.48549323017408125
351,0,56,1,19,33,3,22,17,6,27,5,1,128,0,87,12,21,438,0.5
353,2,70,0,14,32,4,25,19,10,24,2,0,130,0,79,9,16,436,0.49942726231386025
354,1,37,2,12,13,2,39,14,11,27,4,1,102,0,86,8,13,372,0.49865951742627346
357,0,38,1,7,10,2,10,12,6,14,4,0,92,0,53,6,18,273,0.42194744976816073
362,0,46,0,8,11,3,39,24,13,38,5,2,176,1,84,17,26,493,0.5278372591006424
363,0,55,0,16,9,1,52,7,16,43,2,3,156,2,74,10,22,468,0.5171270718232044
364,0,50,0,6,11,4,67,4,16,52,2,1,193,1,87,9,14,517,0.6154761904761905
365,0,48,0,17,18,2,53,9,16,34,1,1,146,0,104,9,24,482,0.5233441910966341
366,3,46,0,5,4,5,64,10,15,66,9,1,114,1,79,6,13,441,0.610803324099723
367,0,62,0,8,18,8,25,15,8,23,8,1,134,0,99,10,11,430,0.5205811138014528
368,1,43,1,11,15,1,29,11,14,34,4,0,130,1,65,14,16,390,0.5193075898801598
370,1,31,0,1,8,4,43,9,29,50,3,4,156,1,53,4,45,442,0.6461988304093568
371,1,23,0,7,5,1,22,3,4,27,0,3,74,0,63,1,15,249,0.4322916666666667
372,0,95,0,22,22,5,31,14,12,22,5,1,147,3,83,17,30,509,0.5079840319361277
373,0,43,0,10,33,2,26,23,12,22,7,0,118,1,86,7,10,400,0.4778972520908005
375,1,58,1,12,14,5,48,16,10,42,2,0,126,2,72,14,34,457,0.4755463059313215
377,2,19,1,9,5,5,75,14,14,47,3,0,121,1,96,6,12,430,0.6116642958748222
378,0,55,0,9,19,3,35,15,12,26,0,0,110,0,80,7,17,388,0.49238578680203043
379,5,63,0,7,38,4,37,15,11,27,4,1,125,1,104,14,17,473,0.5130151843817787
381,0,43,0,9,23,1,44,18,5,23,2,1,112,1,97,10,12,401,0.48902439024390243
383,0,24,3,20,10,4,50,8,26,95,4,5,141,3,95,6,10,504,0.4980237154150198
384,3,52,2,11,18,3,41,10,14,32,9,0,139,0,75,15,21,445,0.5216881594372802
385,0,33,0,7,15,1,36,22,9,28,1,0,95,1,64,6,12,330,0.46218487394957986
386,0,53,5,21,10,2,51,15,7,38,1,1,169,3,96,15,21,508,0.5269709543568465
387,1,56,2,16,11,5,31,14,16,33,4,0,133,0,64,8,21,415,0.5168119551681195
388,7,54,1,12,17,5,42,18,8,33,7,3,154,2,75,11,26,475,0.5129589632829373
389,5,72,0,11,19,2,36,13,18,32,7,0,166,1,89,13,13,497,0.5509977827050998
391,3,62,0,11,26,3,49,20,7,32,6,0,128,2,138,6,17,510,0.5182926829268293
393,0,43,1,10,16,4,40,16,10,41,4,0,99,3,131,12,9,439,0.4787350054525627
394,0,24,1,7,13,2,30,1,9,32,2,5,91,1,47,2,8,275,0.4590984974958264
396,2,17,0,5,3,3,40,16,17,59,4,1,112,4,80,4,16,383,0.5182679296346414
397,0,64,1,12,27,2,28,17,12,18,4,1,166,0,68,6,4,430,0.47200878155872666
399,1,55,3,6,33,2,41,15,11,24,4,0,136,0,104,2,24,461,0.5032751091703057
400,0,46,1,16,26,3,51,13,4,15,5,1,150,1,114,7,14,467,0.4503375120540019
401,1,45,3,13,21,0,38,9,20,17,2,0,117,0,79,10,10,385,0.44508670520231214
402,1,25,0,2,8,1,13,4,3,5,2,0,26,0,15,2,6,113,0.14543114543114544
403,1,54,1,8,13,5,42,16,17,38,5,1,119,2,61,9,16,408,0.4981684981684982
406,2,66,1,18,22,1,51,23,7,20,3,1,169,2,104,9,15,514,0.498545101842871
407,0,54,0,10,12,4,34,9,4,34,1,2,122,0,97,7,17,407,0.4903614457831325
409,0,52,1,9,12,0,33,15,10,31,8,2,132,0,98,7,19,429,0.4880546075085324
411,0,25,2,3,16,2,41,15,8,38,3,0,97,0,80,7,10,347,0.4596026490066225
414,0,45,2,7,10,3,39,14,26,30,10,2,115,1,90,11,13,418,0.48604651162790696
415,3,54,0,14,34,1,34,6,7,21,6,2,116,1,82,5,11,397,0.4829683698296837
416,0,33,0,6,8,5,24,5,8,35,9,3,94,1,42,13,19,305,0.3900255754475703
417,7,35,1,18,12,1,38,9,16,30,4,1,126,1,67,10,18,394,0.46904761904761905
418,0,52,0,16,37,2,42,8,13,20,6,1,140,0,76,20,25,458,0.475103734439834
422,0,30,1,6,21,2,17,9,5,20,3,1,85,0,62,4,8,274,0.3959537572254335
423,1,62,0,15,41,5,49,10,7,25,15,2,166,2,136,5,23,564,0.5540275049115914
424,1,47,0,5,26,1,23,9,8,9,2,0,104,2,69,6,9,321,0.4856278366111952
425,0,45,0,17,52,6,53,13,7,37,15,0,168,1,147,10,15,586,0.5293586269196026
426,1,22,0,1,10,0,17,6,9,17,1,0,67,0,40,6,6,203,0.3548951048951049
427,1,43,4,12,36,2,37,17,5,23,4,2,127,1,127,7,17,465,0.5326460481099656
428,2,35,0,4,8,2,32,6,19,42,3,2,91,2,62,9,13,332,0.4579310344827586
430,3,31,2,11,17,1,38,12,22,42,8,1,116,0,75,7,24,410,0.5256410256410257
431,0,39,0,9,19,2,40,11,12,33,7,0,129,0,77,5,16,399,0.512853470437018
433,1,63,0,5,23,4,54,11,14,37,6,0,131,2,111,14,17,493,0.5423542354235423
435,0,30,0,9,26,9,36,20,16,42,0,1,147,1,78,4,10,429,0.4525316455696203
436,0,40,0,8,23,2,38,6,9,16,2,0,92,0,73,11,16,336,0.467966573816156
437,2,49,1,7,27,1,42,9,8,23,5,0,128,0,111,7,10,430,0.5149700598802395
438,1,54,1,17,14,5,52,17,15,51,6,3,128,1,96,11,13,485,0.5192719486081371
439,1,28,0,9,8,1,72,22,12,58,3,1,137,4,101,3,19,479,0.5635294117647058
440,0,30,0,7,4,2,10,3,4,20,2,0,98,0,30,7,20,237,0.37205651491365777
441,2,43,4,15,20,2,57,16,11,30,17,0,153,1,107,13,28,519,0.5148809523809523
444,2,29,1,8,14,4,40,8,24,33,27,3,158,3,73,13,14,454,0.5989445910290238
446,0,35,0,11,13,2,33,10,16,33,32,0,133,0,75,9,11,413,0.5149625935162094
447,0,20,1,6,8,1,23,9,7,31,3,3,75,1,36,1,4,229,0.3338192419825073
449,3,43,0,17,11,4,23,10,6,11,16,1,110,1,105,11,9,381,0.5114093959731544
450,0,44,4,7,16,1,56,14,15,35,18,1,169,2,102,11,22,517,0.5541264737406216
451,0,23,0,4,10,2,16,6,4,7,24,0,62,0,50,4,2,214,0.26097560975609757
452,0,40,0,7,7,1,45,10,10,38,17,0,136,1,54,6,19,391,0.48692403486924035
453,1,41,0,2,5,6,50,28,21,54,0,4,139,1,95,4,10,461,0.6557610241820768
454,0,23,1,12,16,2,38,12,19,32,7,1,134,3,73,8,25,406,0.5321100917431193
457,0,52,2,9,33,2,36,27,11,41,9,0,151,4,98,16,13,504,0.4850818094321463
458,1,39,0,11,18,2,24,17,15,36,9,2,140,2,88,4,15,423,0.520935960591133
460,1,14,0,6,7,2,45,9,5,6,0,0,93,1,100,0,9,298,0.4167832167832168
461,4,67,0,14,29,1,38,9,13,30,7,2,165,4,81,9,22,495,0.5232558139534884
462,3,50,0,13,22,2,54,23,20,28,8,0,169,0,73,8,30,503,0.5317124735729387
465,7,12,0,15,7,2,65,8,15,71,0,4,106,2,86,11,3,414,0.5454545454545454
467,1,34,0,10,13,5,39,11,23,43,15,1,138,2,61,17,24,437,0.5214797136038186
468,3,40,1,5,20,3,26,13,26,54,10,3,129,3,51,17,33,437,0.49715585893060293
469,1,38,2,9,17,3,37,7,14,30,1,0,148,0,85,14,26,432,0.5307125307125307
474,0,23,2,5,15,0,33,9,25,30,15,2,113,1,53,13,37,376,0.456865127582017
477,0,60,2,9,13,2,40,7,15,37,18,0,157,1,115,10,21,507,0.5303347280334728
479,1,49,0,12,21,4,53,16,18,51,4,2,166,2,117,10,20,546,0.527536231884058
480,1,45,0,9,21,2,34,15,19,49,8,0,126,3,85,11,14,442,0.52
482,3,30,4,8,19,4,96,22,26,84,6,1,115,1,151,2,24,596,0.6300211416490487
483,0,44,0,15,14,5,52,17,10,34,7,0,135,3,88,3,12,439,0.4761388286334056
484,1,51,1,5,20,2,38,12,19,29,7,2,160,1,82,10,30,470,0.5389908256880734
485,3,41,2,12,25,4,67,10,17,36,1,4,100,0,82,10,8,422,0.4845005740528129
487,0,35,1,18,15,3,70,11,26,82,21,1,121,1,91,13,16,525,0.4785779398359161
488,0,41,0,4,11,4,44,6,19,51,8,2,134,0,52,11,23,410,0.5157232704402516
489,0,36,0,10,23,2,60,23,23,56,9,0,121,4,100,8,25,500,0.5213764337851929
490,1,30,0,12,14,3,33,20,9,27,14,3,127,1,76,6,7,383,0.5046113306982872
493,0,33,0,7,13,7,54,10,7,57,11,3,115,2,66,3,17,405,0.45866364665911663
495,2,35,1,5,14,0,38,8,18,29,2,0,107,0,69,17,20,365,0.4596977329974811
498,1,45,0,9,10,3,40,5,23,47,2,0,130,1,54,14,31,415,0.47266514806378135
499,4,54,0,7,20,1,26,14,22,32,6,2,141,1,67,6,19,422,0.5197044334975369
501,0,58,0,5,28,3,29,5,16,12,4,0,121,3,71,7,6,368,0.45714285714285713
502,0,45,0,8,22,2,53,13,5,33,2,0,126,2,135,8,12,466,0.4957446808510638
504,2,29,0,11,16,4,48,11,36,72,5,1,176,3,76,21,11,522,0.5618945102260495
505,4,43,0,8,27,3,33,27,25,21,9,3,110,0,67,13,19,412,0.46924829157175396
506,4,44,0,3,14,2,17,9,10,16,2,1,39,3,53,4,15,236,0.3282336578581363
508,0,31,0,18,14,1,47,14,17,42,4,1,134,0,97,14,26,460,0.5032822757111597
510,2,26,0,8,7,2,67,9,18,50,1,3,166,2,88,3,5,457,0.5240825688073395
511,0,33,0,21,10,1,84,17,38,79,5,0,187,3,114,3,13,608,0.5502262443438914
512,0,59,0,14,33,2,24,11,10,14,3,0,120,0,81,6,18,395,0.47023809523809523
514,0,50,2,8,39,1,26,21,14,31,14,2,83,1,105,12,9,418,0.4659977703455964
515,0,52,1,13,32,1,32,11,3,18,1,0,145,2,83,17,9,420,0.48331415420023016
518,4,20,0,6,5,2,38,9,6,36,4,2,104,3,109,0,3,351,0.4612352168199737
519,1,23,0,6,22,4,24,13,15,21,1,3,83,0,57,11,9,293,0.43928035982008995
521,1,36,2,19,6,0,40,15,5,23,6,0,106,1,63,8,10,341,0.4383033419023136
523,2,53,2,14,29,0,32,20,21,17,6,0,121,3,67,11,14,412,0.48699763593380613
525,0,41,1,10,14,3,34,17,14,29,4,1,100,1,103,15,16,403,0.48263473053892214
526,0,37,2,7,5,1,27,9,22,38,0,1,127,3,63,13,20,375,0.4807692307692308
530,0,4,1,1,0,1,3,2,2,1,0,1,12,0,6,1,0,35,35.0
532,3,33,0,11,6,8,48,13,11,64,3,0,109,1,111,10,11,442,0.5212264150943396
534,1,48,1,12,28,4,31,16,4,24,7,0,107,0,124,6,9,422,0.45278969957081544
535,1,16,0,16,29,5,22,8,2,19,3,0,54,0,71,9,7,262,0.4388609715242881
537,0,5,0,0,0,0,3,1,0,4,1,0,24,0,11,2,0,51,0.0794392523364486
538,3,27,0,9,2,5,78,23,19,68,1,3,144,0,116,4,7,509,0.5790671217292378
539,1,25,2,7,6,0,25,10,2,27,4,1,89,3,67,4,15,288,0.4939965694682676
540,0,56,1,8,28,3,33,33,11,20,3,0,132,1,90,8,27,454,0.4690082644628099
541,1,12,0,2,2,1,23,6,8,28,10,2,58,2,103,7,0,265,0.42673107890499196
542,0,23,1,5,13,0,32,24,10,30,4,2,112,1,62,12,11,342,0.42857142857142855
543,1,21,2,6,5,5,83,13,32,78,3,3,145,0,81,10,32,520,0.6139315230224321
547,2,44,1,6,17,5,54,14,18,46,6,1,141,1,86,8,34,484,0.491869918699187
548,2,16,0,13,15,0,34,15,2,2,4,0,101,0,53,3,11,271,0.363758389261745
549,1,27,1,2,6,5,53,5,6,38,1,0,80,5,50,0,3,283,0.4528
550,2,41,1,6,9,1,41,11,18,50,0,0,167,4,81,13,26,471,0.4865702479338843
551,1,22,0,11,15,6,39,7,21,55,6,2,127,1,46,6,38,403,0.5724431818181818
552,3,18,0,12,9,4,58,6,8,42,4,4,110,2,84,10,6,380,0.48717948717948717
555,3,49,0,7,11,2,29,6,21,42,0,3,106,2,62,5,28,376,0.4814340588988476
556,5,34,2,17,16,1,49,22,17,39,3,1,136,2,71,10,30,455,0.4478346456692913
558,3,40,1,13,5,2,33,12,25,48,0,2,100,3,63,5,35,390,0.46099290780141844
561,1,24,1,3,12,1,31,9,17,37,8,1,87,1,45,9,22,309,0.4081902245706737
562,0,34,1,6,9,5,44,3,24,48,2,3,138,6,86,11,36,456,0.4676923076923077
564,2,28,0,22,8,2,40,14,11,37,9,1,135,0,80,3,11,403,0.5900439238653001
566,1,14,1,13,16,1,38,13,1,26,2,0,67,0,72,5,6,276,0.3988439306358382
567,1,37,2,13,18,3,51,13,14,47,4,1,176,2,146,6,24,558,0.5929861849096706
568,0,18,0,8,7,0,13,4,11,23,6,0,44,1,43,3,4,185,0.3008130081300813
569,1,25,0,7,10,3,18,13,4,26,4,0,71,1,69,4,11,267,0.38808139534883723
570,1,27,1,16,14,2,48,15,13,36,2,3,144,0,101,3,5,431,0.5871934604904632
571,4,17,0,10,12,3,29,9,10,34,4,1,81,2,74,8,18,316,0.4431977559607293
573,2,27,0,6,16,3,35,5,10,28,4,2,108,1,74,5,16,342,0.4956521739130435
574,0,18,2,18,7,1,48,12,7,27,4,2,122,0,92,4,18,382,0.5113788487282463
575,1,55,0,11,22,5,60,17,5,27,9,2,122,2,108,1,19,466,0.5424912689173458
580,0,34,0,5,13,0,30,12,12,30,6,0,130,3,59,10,33,377,0.46948941469489414
582,1,31,0,6,11,1,42,10,7,19,5,0,112,1,70,9,12,337,0.5282131661442007
583,0,17,3,2,4,2,56,6,8,46,3,2,128,2,79,1,3,362,0.530791788856305
585,2,34,0,16,15,1,43,15,9,27,6,0,104,1,92,2,13,380,0.46798029556650245
586,0,27,0,9,18,2,38,16,4,17,10,0,111,1,103,15,23,394,0.4925
589,0,37,0,9,21,4,41,15,9,38,11,0,106,2,104,14,21,432,0.4007421150278293
590,2,32,0,7,11,4,44,8,12,32,3,3,122,0,62,10,20,372,0.4361078546307151
592,0,21,0,5,13,0,38,8,10,46,1,1,70,0,75,9,13,310,0.4732824427480916
594,0,43,0,13,17,2,50,13,16,29,2,2,132,2,81,9,22,433,0.4926052332195677
596,2,40,0,16,12,4,28,10,8,26,5,1,107,1,58,9,21,348,0.5170876671619614
600,2,18,0,10,7,2,52,15,7,59,2,2,128,1,100,2,5,412,0.5364583333333334
601,1,37,2,10,22,4,50,21,16,41,3,1,120,0,85,18,23,454,0.47789473684210526
603,1,52,0,22,17,1,62,21,16,29,9,1,170,0,95,17,25,538,0.5223300970873787
604,1,54,0,12,16,3,37,11,14,43,5,2,160,1,63,6,33,461,0.5099557522123894
608,1,30,3,12,10,3,52,26,17,54,10,0,106,1,98,13,15,451,0.451
610,2,32,1,17,16,2,50,5,12,28,4,3,99,0,65,6,11,353,0.4508301404853129
613,0,48,1,15,7,4,53,13,21,34,2,1,149,2,100,7,15,472,0.545664739884393
614,0,35,1,11,14,4,51,9,13,28,5,0,151,5,63,10,26,426,0.4890929965556831
615,2,27,0,14,5,1,69,17,13,60,7,2,119,3,111,7,8,465,0.5201342281879194
616,2,45,2,11,13,6,33,28,22,33,0,0,166,1,79,16,22,479,0.48432760364004046
617,2,34,1,19,16,3,70,8,30,52,6,1,149,5,105,6,20,527,0.5410677618069816
621,2,49,6,12,27,13,41,20,14,28,4,1,128,0,104,13,18,480,0.5015673981191222
622,0,18,0,10,3,4,61,4,11,35,4,3,59,2,82,4,6,306,0.42323651452282157
624,0,36,2,16,24,4,67,9,9,18,1,0,158,4,98,6,18,470,0.5119825708061002
625,0,52,2,15,18,4,27,11,13,38,14,2,185,1,89,18,32,521,0.5398963730569948
627,1,18,2,10,3,2,58,11,5,74,4,0,124,4,95,12,14,437,0.4960272417707151
631,3,42,1,17,15,2,61,21,25,36,4,1,146,0,97,12,19,502,0.4897560975609756
633,2,32,0,11,9,3,54,8,17,60,2,3,165,2,98,3,13,482,0.5446327683615819
634,3,40,2,12,13,4,50,9,16,48,1,1,149,0,66,17,28,459,0.48986125933831376
635,0,33,1,12,6,2,58,14,27,53,4,2,153,1,76,5,8,455,0.5893782383419689
636,3,45,1,16,22,6,36,14,20,29,9,1,130,0,76,15,24,447,0.5050847457627119
638,0,30,1,12,10,6,39,6,15,31,2,1,146,0,60,10,22,391,0.5032175032175032
641,0,46,0,9,15,4,41,15,11,24,3,2,171,1,83,3,24,452,0.522543352601156
642,1,46,2,11,11,6,44,10,20,41,4,2,159,1,88,18,28,492,0.5290322580645161
644,0,25,0,8,8,8,55,4,11,44,2,4,91,2,65,8,5,340,0.4409857328145266
646,4,29,0,10,8,3,73,13,23,107,11,2,160,0,88,5,19,555,0.5138888888888888
648,2,36,0,17,16,1,52,11,8,18,3,1,108,1,110,2,12,398,0.5527777777777778
649,3,46,0,16,34,2,31,24,18,26,7,1,149,2,94,8,29,490,0.5671296296296297
651,2,27,0,5,5,3,25,10,19,39,3,3,113,0,66,11,22,353,0.49232914923291493
652,2,39,5,11,12,1,38,9,13,32,1,2,146,0,108,18,20,457,0.4972796517954298
655,2,27,1,12,15,6,37,15,24,35,1,1,147,1,83,11,38,456,0.5016501650165016
657,0,19,0,11,4,3,54,9,21,51,4,5,130,1,43,7,13,375,0.5403458213256485
659,1,55,0,16,21,4,27,9,12,38,0,1,127,1,93,13,20,438,0.5171192443919717
662,0,46,1,12,17,8,55,15,7,29,5,2,184,1,98,12,42,534,0.5674814027630181
663,2,38,0,8,14,1,36,15,15,38,4,2,140,1,86,8,29,437,0.5040369088811996
665,2,44,3,9,22,3,33,17,21,32,6,2,162,0,87,13,33,489,0.5620689655172414
666,1,12,0,4,2,2,9,1,4,7,1,0,37,0,21,4,5,110,0.35714285714285715
667,14,31,1,14,12,4,58,30,12,63,6,3,161,1,85,3,6,504,0.5813148788927336
668,0,44,0,22,25,3,46,9,13,34,5,0,164,2,96,13,22,498,0.5209205020920502
669,0,38,0,26,17,3,57,10,15,52,8,5,204,2,120,10,25,592,0.5362318840579711
671,2,47,1,11,32,21,44,19,18,20,6,2,159,0,69,20,15,486,0.5436241610738255
673,2,49,1,11,19,4,41,19,29,40,6,1,170,1,76,12,39,520,0.5531914893617021
674,0,31,1,11,15,7,47,14,20,34,3,0,144,0,82,12,31,452,0.49077090119435396
675,1,36,0,7,20,1,31,9,22,43,5,0,125,1,75,14,42,432,0.5274725274725275
676,3,35,1,8,25,0,35,11,10,33,10,0,133,0,74,12,23,413,0.4975903614457831
678,3,34,0,19,27,0,36,14,19,18,10,1,132,0,57,8,26,404,0.5146496815286624
679,6,51,1,11,4,6,67,11,17,50,9,0,171,2,95,8,15,524,0.6121495327102804
680,0,28,0,11,23,4,48,8,15,34,1,4,142,1,97,18,17,451,0.5096045197740113
684,1,47,2,12,12,2,34,10,14,36,8,0,128,1,113,9,19,448,0.5005586592178771
686,1,43,0,16,8,2,33,5,8,23,4,1,93,0,85,6,20,348,0.5072886297376094
687,1,47,0,11,13,2,51,9,12,42,1,0,114,2,71,16,25,417,0.49524940617577196
690,0,33,0,11,13,2,50,12,17,38,8,1,101,1,103,11,21,422,0.5417201540436457
692,3,57,0,19,12,4,44,16,16,46,3,2,160,3,109,10,28,532,0.5507246376811594
693,1,37,1,21,9,2,43,9,22,36,3,1,121,0,80,10,24,420,0.5048076923076923
696,0,28,0,13,4,4,41,5,13,29,2,1,102,2,71,5,14,334,0.4730878186968839
698,0,28,1,15,5,1,50,8,25,29,6,3,129,1,82,10,20,413,0.4922526817640048
699,4,34,0,6,10,6,50,5,10,47,2,9,132,5,75,7,16,418,0.5205479452054794
700,1,49,1,14,10,3,57,11,17,37,7,0,125,1,65,13,27,438,0.453416149068323
701,2,31,1,7,25,3,39,6,8,24,2,1,113,1,119,10,8,400,0.45146726862302483
702,0,29,1,6,10,7,57,3,15,39,5,4,118,4,75,2,21,396,0.5089974293059126
703,2,24,0,10,15,2,56,10,22,44,3,0,114,2,66,11,20,401,0.49142156862745096
704,2,26,0,16,10,2,54,9,24,31,6,1,94,1,84,10,38,408,0.5224071702944942
705,2,25,0,13,8,1,43,6,27,61,3,2,109,2,70,12,23,407,0.4635535307517084
706,2,25,0,15,4,2,45,1,24,28,3,1,74,0,72,1,9,306,0.4722222222222222
707,1,37,2,11,6,2,56,3,20,36,2,2,108,1,82,9,19,397,0.5025316455696203
709,0,32,0,7,12,3,47,14,21,27,3,1,151,0,71,16,25,430,0.4799107142857143
711,5,36,4,15,19,5,65,24,21,92,3,3,169,0,69,5,22,557,0.48519163763066203
712,2,47,2,9,15,3,54,18,20,44,5,1,125,1,97,8,21,472,0.4816326530612245
713,0,36,0,6,7,2,42,6,26,31,3,0,146,2,60,9,21,397,0.4777376654632972
715,1,28,0,4,8,3,39,6,17,26,8,0,108,1,56,9,23,337,0.4835007173601148
716,1,16,1,11,3,3,50,9,17,55,9,2,151,3,102,5,11,449,0.5468940316686967
717,1,25,0,24,8,5,29,9,9,66,2,1,99,2,62,2,9,353,0.5316265060240963
718,0,29,4,15,14,3,43,4,35,39,4,1,74,1,72,10,25,373,0.4863102998696219
719,0,36,1,6,10,5,19,0,16,49,2,2,92,1,70,9,21,339,0.48567335243553006
721,0,28,0,17,20,4,42,7,18,33,1,3,93,1,64,11,32,374,0.4560975609756098
724,0,33,0,8,11,2,33,8,18,21,2,2,99,0,39,6,18,300,0.5128205128205128
725,0,19,3,13,12,2,40,8,23,25,11,3,126,3,71,8,31,398,0.5223097112860893
726,2,27,1,7,36,4,47,13,13,81,4,1,130,4,85,0,11,466,0.5628019323671497
727,0,41,0,12,21,4,42,18,27,29,13,1,135,2,81,13,38,477,0.5831295843520783
728,6,36,0,15,17,1,43,16,16,24,4,0,132,2,77,14,27,430,0.5180722891566265
729,0,17,0,14,14,3,51,9,5,45,4,0,115,4,100,15,8,404,0.5012406947890818
731,0,36,1,11,23,2,40,19,28,35,8,1,128,1,60,5,29,427,0.5011737089201878
734,3,35,0,12,14,3,35,17,25,40,12,1,118,3,78,14,22,432,0.4859392575928009
736,2,36,2,11,17,3,53,13,17,39,2,0,141,1,75,11,22,445,0.4900881057268722
738,1,24,0,9,2,1,30,10,12,41,1,1,72,2,117,3,13,339,0.5120845921450151
739,0,27,1,6,7,2,24,2,19,36,3,1,124,1,56,7,33,349,0.4908579465541491
740,1,30,2,23,14,1,59,27,10,40,4,3,149,1,84,6,22,476,0.5483870967741935
741,0,30,1,12,7,0,45,5,24,36,6,0,101,0,78,9,17,371,0.47870967741935483
743,1,16,0,9,7,2,66,4,29,47,0,0,83,2,75,3,25,369,0.44781553398058255
746,1,21,2,11,11,8,53,10,18,48,8,4,106,0,82,11,18,412,0.4676503972758229
747,3,30,3,12,21,2,93,19,17,55,3,0,142,1,134,10,30,575,0.5698711595639246
748,1,15,1,8,15,1,35,8,18,42,1,0,83,4,65,7,29,333,0.451831750339213
749,1,21,0,6,5,2,34,6,13,34,1,2,72,1,69,10,25,302,0.3842239185750636
751,1,18,3,10,4,3,62,9,18,39,1,2,93,1,68,9,20,361,0.4604591836734694
752,4,33,2,11,8,4,42,10,33,41,0,0,132,3,89,5,18,435,0.5160142348754448
753,0,24,3,10,2,1,58,9,21,51,7,1,102,1,88,8,27,413,0.5067484662576687
755,2,35,2,10,3,3,47,21,18,73,4,5,145,1,127,12,8,516,0.5645514223194749
756,2,17,0,8,8,1,45,11,28,35,1,2,76,2,60,4,24,324,0.4550561797752809
760,0,33,1,9,7,0,58,14,25,59,2,9,134,1,74,14,32,472,0.5227021040974529
762,3,26,0,11,7,4,54,4,23,46,0,4,75,3,46,10,26,342,0.45660881174899864
765,1,16,0,10,4,1,32,9,23,29,1,2,60,0,66,3,23,280,0.44871794871794873
766,8,24,0,11,12,5,64,11,12,68,1,1,143,1,99,10,5,475,0.5349099099099099
767,0,27,5,31,5,2,73,3,12,46,7,0,107,0,93,8,19,438,0.509895227008149
770,2,28,1,5,5,2,49,6,18,26,2,1,108,0,68,4,18,343,0.42345679012345677
771,0,19,3,7,6,3,17,20,17,41,11,2,92,1,66,12,16,333,0.46901408450704224
772,0,24,3,13,4,0,55,10,24,36,3,0,142,0,48,8,30,400,0.5095541401273885
775,0,32,2,14,8,0,61,10,8,42,12,0,103,3,108,3,13,419,0.503001200480192
776,0,29,1,3,0,1,100,9,17,55,6,0,95,3,121,10,26,476,0.5074626865671642
778,1,30,1,7,9,6,48,10,10,38,7,2,127,0,81,10,20,407,0.49755501222493886
780,0,51,2,12,10,2,55,17,12,51,6,2,158,5,78,11,18,490,0.506198347107438
781,1,29,2,13,14,7,78,19,24,65,6,2,123,1,130,11,14,539,0.5143129770992366
783,2,27,1,9,5,2,51,3,11,45,1,1,108,2,73,6,23,370,0.5425219941348973
784,0,30,0,9,3,4,45,3,8,59,3,3,123,0,78,6,17,391,0.48451053283767037
785,0,28,4,12,15,3,76,7,18,74,5,1,144,1,90,8,12,498,0.4960159362549801
786,3,26,1,9,4,5,59,7,14,65,4,0,155,3,64,3,25,447,0.5566625155666252
788,0,20,5,7,3,2,68,3,14,88,4,3,101,1,81,9,20,429,0.47091108671789245
789,3,23,0,6,11,1,63,15,13,57,2,2,118,0,109,5,9,437,0.5296969696969697
790,2,50,2,12,12,4,79,15,13,66,12,3,194,4,120,9,12,609,0.554140127388535
791,0,27,0,6,8,2,73,11,21,63,2,4,112,5,116,7,14,471,0.5053648068669528
792,1,24,2,7,25,3,83,16,20,86,4,3,159,3,165,7,18,626,0.5604297224709042
793,0,46,1,6,15,2,72,15,17,62,3,7,127,0,144,4,24,545,0.5065055762081785
794,1,31,1,17,13,0,103,8,3,70,9,4,113,1,173,6,15,568,0.4960698689956332
796,1,20,6,10,12,2,52,8,9,38,2,1,105,7,103,2,11,389,0.48625
797,1,13,1,1,4,1,40,6,18,26,1,2,95,4,84,4,14,315,0.46255506607929514
799,1,42,1,17,8,5,83,27,10,40,7,1,157,2,148,7,14,570,0.5751765893037336
800,2,23,1,14,5,5,52,13,9,63,4,2,120,6,109,7,10,445,0.4900881057268722
801,1,22,1,12,2,1,43,8,11,50,4,3,74,1,73,11,9,326,0.43351063829787234
802,0,22,0,7,4,2,48,10,12,59,2,1,54,2,90,3,13,329,0.4470108695652174
803,0,26,2,15,11,2,53,3,15,50,3,4,76,0,105,4,13,382,0.4515366430260047
805,0,14,0,8,7,5,67,15,11,64,1,2,118,2,94,2,18,428,0.4682713347921225
806,0,19,2,9,3,4,62,6,7,33,5,1,93,2,93,5,12,356,0.47277556440903057
807,0,30,0,9,5,1,57,3,15,58,10,2,80,1,88,5,11,375,0.4921259842519685
808,0,36,0,7,5,6,55,11,31,69,7,5,137,1,74,6,12,462,0.5647921760391198
812,0,22,1,10,8,0,58,12,24,55,8,4,189,2,100,3,20,516,0.5645514223194749
813,0,32,5,8,8,0,38,7,22,32,1,4,154,3,70,7,29,420,0.46357615894039733
816,0,40,1,11,16,4,45,14,15,33,4,2,167,1,91,6,26,476,0.5593419506462984
817,0,33,2,8,14,0,38,17,18,40,4,2,119,2,86,10,45,438,0.48451327433628316
818,0,37,5,10,8,1,32,12,23,59,7,3,135,2,91,6,17,448,0.5016797312430011
820,0,29,4,4,10,4,50,65,20,64,4,2,125,3,76,9,15,484,0.606516290726817
821,2,43,3,16,5,2,39,33,20,54,7,1,117,2,82,13,15,454,0.5341176470588235
822,0,62,1,13,13,9,63,27,21,43,14,3,180,1,84,10,29,573,0.5451950523311132
823,1,38,1,6,15,3,53,4,26,53,5,2,124,2,55,5,24,417,0.49761336515513127
824,0,63,2,14,14,4,75,23,24,56,4,1,156,2,77,14,18,547,0.5285024154589372
825,2,25,2,7,13,3,28,6,13,23,13,1,100,2,64,11,19,332,0.4984984984984985
827,1,22,0,6,8,0,59,5,11,52,2,3,65,2,59,4,5,304,0.46200607902735563
828,1,39,5,4,14,3,42,8,22,34,6,1,122,2,59,8,25,395,0.5149934810951761
832,0,44,1,13,10,7,38,19,11,20,7,3,146,2,77,8,34,440,0.5626598465473146
834,1,32,1,13,9,1,68,15,17,61,4,2,135,3,102,7,4,475,0.5842558425584256
835,0,24,1,14,7,2,54,8,25,67,8,6,102,0,79,8,18,423,0.47368421052631576
836,1,25,0,13,11,4,62,14,31,77,3,0,111,1,83,19,22,477,0.47087857847976305
837,1,25,0,15,5,5,73,8,20,90,2,4,145,3,79,9,34,518,0.5024248302618817
838,0,29,1,6,26,3,38,7,29,54,4,4,113,2,56,19,34,425,0.49707602339181284
839,2,33,1,3,10,0,66,5,7,46,3,4,88,2,80,9,19,378,0.504
840,2,29,1,8,7,2,50,6,9,40,5,1,83,1,83,7,10,344,0.45866666666666667
841,1,31,3,5,12,0,48,16,17,65,2,5,129,2,74,3,24,437,0.5631443298969072
844,0,11,0,14,9,5,38,4,9,32,4,3,46,2,49,13,12,251,0.36911764705882355
847,1,29,0,11,12,1,34,7,20,45,2,1,119,3,69,4,22,380,0.5128205128205128
848,0,20,2,8,11,2,33,4,10,36,4,2,82,2,54,7,24,301,0.4800637958532695
852,0,21,2,9,9,4,37,20,4,39,1,1,103,5,73,6,5,339,0.4454664914586071
853,2,45,0,9,22,5,41,11,20,38,4,1,150,0,75,10,45,478,0.5112299465240642
855,3,34,1,10,16,5,40,8,16,40,2,2,112,2,56,10,27,384,0.4740740740740741
856,1,28,1,8,19,4,45,3,21,36,5,0,132,1,75,5,18,402,0.543978349120433
857,0,58,2,11,29,2,54,9,16,25,2,0,149,3,81,9,15,465,0.5115511551155115
859,1,39,2,16,16,4,51,13,19,53,8,1,147,0,75,11,32,488,0.4855721393034826
861,2,45,1,15,13,0,74,12,7,31,2,0,149,0,113,9,24,497,0.5372972972972972
862,2,49,0,8,11,2,31,14,13,30,2,0,116,1,86,3,32,400,0.5347593582887701
863,1,36,0,6,10,1,36,12,22,32,7,1,138,1,69,7,28,407,0.5158428390367554
865,0,27,0,9,10,3,48,16,5,31,5,0,112,1,61,5,23,356,0.5258493353028065
866,0,13,1,7,6,4,27,6,11,27,6,0,120,5,81,2,2,318,0.4291497975708502
868,0,31,2,13,5,3,45,12,24,40,1,7,129,0,95,3,24,434,0.5191387559808612
869,0,32,1,12,3,2,50,11,13,52,0,2,107,3,84,13,26,411,0.5429326287978864
871,0,36,0,6,6,0,29,11,14,38,1,0,146,0,76,6,13,382,0.49869451697127937
874,0,36,1,23,32,5,76,10,22,44,6,0,202,1,128,15,19,620,0.5688073394495413
875,0,40,1,9,17,1,61,13,18,43,2,2,130,3,87,15,22,464,0.5016216216216216
877,1,36,1,11,16,1,59,16,6,54,9,2,116,1,74,4,14,421,0.5178351783517835
878,0,25,0,8,17,0,55,13,20,47,1,0,132,0,91,8,12,429,0.5113230035756854
879,0,22,0,8,13,4,32,7,9,17,8,2,83,2,84,8,11,310,0.46686746987951805
881,2,35,2,11,5,3,85,29,8,53,4,2,147,0,109,11,13,519,0.5798882681564246
883,2,25,0,11,24,2,51,18,21,35,7,1,150,5,112,9,21,494,0.5035677879714577
884,0,25,1,5,9,4,46,7,28,37,8,2,92,0,78,6,20,368,0.4628930817610063
886,0,20,1,9,14,5,41,12,15,43,5,2,119,1,78,10,20,395,0.49375
889,2,28,0,11,23,7,37,11,14,28,5,2,111,8,116,8,11,422,0.5403329065300896
890,0,15,1,5,8,3,37,7,16,35,2,2,117,2,80,8,15,353,0.47446236559139787
891,1,25,3,11,6,1,34,8,18,35,12,4,73,1,111,6,11,360,0.46511627906976744
895,0,22,0,11,9,5,48,10,34,34,6,2,65,2,79,5,16,348,0.4098939929328622
898,0,6,0,17,7,4,29,6,14,22,2,2,65,4,86,4,6,274,0.4221879815100154
899,1,15,1,11,15,1,71,5,7,49,4,2,82,0,95,6,3,368,0.42990654205607476
900,0,29,2,11,12,2,77,48,8,30,3,1,148,1,112,6,10,500,0.5707762557077626
901,0,3,0,8,10,2,20,4,15,24,18,0,45,2,61,3,0,215,0.3952205882352941
902,1,20,0,6,10,1,45,12,19,41,2,4,61,0,68,10,20,320,0.41939711664482304
903,0,12,2,19,13,3,68,16,18,51,2,1,78,1,84,3,5,376,0.5081081081081081
904,0,18,0,8,11,1,65,9,15,23,3,2,73,3,84,1,4,320,0.4413793103448276
905,1,26,2,10,17,4,37,14,12,41,7,1,142,1,87,7,22,431,0.5879945429740792
906,4,30,0,10,15,5,70,15,21,72,3,3,197,1,102,12,16,576,0.5501432664756447
907,0,46,0,20,19,4,33,11,16,55,6,2,216,0,113,9,21,571,0.5832482124616956
908,1,34,1,19,10,1,50,14,22,67,5,3,176,3,94,13,32,545,0.5200381679389313
909,0,22,2,9,5,0,59,8,18,72,3,2,102,4,66,5,6,383,0.45704057279236276
910,2,18,4,4,53,3,68,12,13,39,3,0,105,4,91,6,7,432,0.5076380728554641
912,4,17,0,1,6,1,55,12,20,59,3,2,76,1,86,2,4,349,0.45860709592641263
913,0,19,1,11,7,4,79,27,16,55,1,1,126,0,85,8,5,445,0.5114942528735632
914,1,44,2,3,3,0,47,12,7,61,4,1,47,0,58,5,5,300,0.4076086956521739
915,0,43,1,8,7,1,55,5,8,72,6,1,80,4,83,5,7,386,0.45093457943925236
916,0,16,2,4,0,0,22,1,7,24,0,1,36,1,32,1,1,148,0.2005420054200542
917,2,32,0,10,7,5,61,6,23,62,2,3,249,2,92,13,12,581,0.5597302504816956
920,2,37,0,18,12,6,58,14,18,80,14,0,142,0,82,4,32,519,0.4744058500914077
921,0,30,2,15,24,5,73,17,11,73,5,2,115,1,104,6,11,494,0.49252243270189433
922,0,18,2,7,16,2,64,13,4,52,4,1,92,1,88,6,5,375,0.5208333333333334
924,1,29,0,5,12,2,53,12,15,36,11,1,144,2,104,14,14,455,0.5575980392156863
925,1,34,1,11,7,1,45,26,13,62,1,1,138,3,84,8,19,455,0.452286282306163
927,0,22,0,4,11,3,34,16,12,26,6,1,108,1,68,6,7,325,0.45518207282913165
928,1,44,1,8,18,4,54,9,15,45,3,3,176,1,95,9,18,504,0.5316455696202531
929,0,2,0,2,0,3,2,1,0,5,0,1,4,0,4,0,1,25,0.1865671641791045
930,2,31,2,13,16,4,42,11,14,53,3,1,173,3,125,7,19,519,0.5389408099688473
931,1,29,1,12,8,1,42,8,17,57,3,0,99,2,78,9,14,381,0.49674054758800523
933,0,24,3,11,6,3,58,17,7,49,1,1,110,2,66,10,10,378,0.5178082191780822
934,0,20,1,8,7,2,44,23,13,40,1,2,96,1,81,7,17,363,0.5148936170212766
936,1,15,0,8,5,1,41,14,14,40,4,3,77,0,76,7,12,318,0.4595375722543353
938,1,22,1,8,18,2,52,27,17,45,7,1,97,1,71,10,10,390,0.5320600272851296
940,0,11,0,6,8,2,34,8,10,38,0,0,57,1,50,1,4,230,0.452755905511811
941,0,13,0,12,7,3,50,6,6,46,2,4,51,4,106,6,3,319,0.4084507042253521
942,0,12,0,4,9,6,50,19,15,23,2,0,44,2,67,4,7,264,0.4320785597381342
945,0,21,1,8,10,2,100,7,11,47,4,1,89,2,89,1,8,401,0.49506172839506174
946,0,10,4,7,5,0,58,7,7,30,0,1,51,4,63,2,1,250,0.3875968992248062
947,1,10,0,6,12,1,44,10,8,33,3,1,56,2,92,6,1,286,0.4576
948,0,13,1,11,11,1,97,30,10,71,4,3,75,4,111,8,11,461,0.526255707762557
951,1,27,3,5,78,1,72,18,17,41,0,1,146,3,42,9,27,491,0.5742690058479533
952,0,23,2,10,14,2,60,53,2,34,6,2,139,3,94,5,8,457,0.5958279009126467
953,0,20,1,17,9,3,67,27,15,68,5,0,146,0,61,9,6,454,0.4758909853249476
954,1,19,1,6,8,4,50,15,16,57,4,4,147,2,84,3,6,427,0.4646354733405876
955,1,32,2,7,8,4,68,15,30,83,13,1,154,2,109,10,6,545,0.5694879832810867
956,1,13,0,2,10,1,41,6,4,41,1,0,76,2,64,7,4,273,0.43890675241157556
957,0,3,1,0,0,1,3,1,1,3,2,2,18,1,7,3,1,47,0.3700787401574803
959,0,22,4,12,11,0,50,18,15,67,4,3,106,1,76,4,13,406,0.4314558979808714
960,0,27,2,17,14,2,84,30,15,42,8,2,158,2,141,6,15,565,0.5879292403746098
961,0,24,2,10,13,3,68,14,16,47,4,0,128,1,99,11,4,444,0.5556946182728411
962,1,17,2,14,5,1,82,31,7,39,0,3,134,0,92,7,12,447,0.5651074589127687
963,0,25,1,16,12,2,62,14,8,46,2,0,112,0,66,5,11,382,0.4980443285528031
964,2,52,0,16,15,2,43,24,6,49,4,1,136,1,82,5,6,444,0.44668008048289737
965,1,26,1,20,19,2,55,13,11,47,4,0,139,4,122,0,10,474,0.5107758620689655
968,1,13,2,4,13,1,49,6,19,57,5,1,143,2,99,4,16,435,0.4682454251883746
969,1,37,2,20,19,2,58,11,9,61,4,1,155,3,109,6,14,512,0.5176946410515673
970,1,43,2,17,15,3,84,17,18,77,5,2,174,4,94,11,19,586,0.5559772296015181
971,2,17,0,12,10,5,60,11,11,65,1,1,218,4,106,5,12,540,0.5432595573440644
973,0,30,2,4,16,3,42,3,13,51,3,2,112,1,77,9,32,400,0.43057050592034446
974,0,31,0,6,6,4,39,12,12,35,3,3,158,0,67,11,18,405,0.49031476997578693
976,0,25,1,7,10,1,26,8,23,32,3,1,79,2,52,8,17,295,0.39703903095558546
978,3,21,0,20,6,3,49,16,8,54,1,0,112,2,67,5,15,382,0.49226804123711343
979,2,34,0,11,7,1,47,8,14,49,4,2,106,3,57,12,16,373,0.4733502538071066
981,0,21,0,11,9,4,39,8,21,49,1,2,122,0,67,6,20,380,0.4323094425483504
982,0,19,3,39,6,4,55,7,11,51,3,4,83,1,48,2,10,346,0.4713896457765668
983,0,30,0,9,9,10,48,9,3,32,3,0,143,3,116,8,7,430,0.5850340136054422
984,1,17,0,6,10,1,44,5,9,29,2,2,77,0,55,15,14,287,0.4484375
985,2,22,0,7,18,1,64,17,23,48,2,1,102,4,64,14,23,412,0.48989298454221164
986,1,24,0,10,20,1,39,8,9,58,5,4,111,2,70,10,19,391,0.49493670886075947
988,2,30,2,9,9,2,53,17,17,63,3,1,137,1,90,9,19,464,0.5471698113207547
989,2,26,0,13,34,3,40,6,19,54,8,2,141,0,82,4,27,461,0.5122222222222222
990,0,27,3,16,7,4,60,40,33,44,3,0,156,5,90,6,16,510,0.5815279361459521
994,1,15,1,5,7,2,41,5,5,41,1,0,104,5,60,6,18,317,0.45545977011494254
995,2,7,0,4,15,4,41,18,7,25,1,1,57,6,63,5,7,263,0.36426592797783935
1001,0,16,1,10,21,4,65,13,14,47,4,1,155,3,97,5,13,469,0.47325933400605447
1003,2,27,0,10,10,3,39,8,18,44,2,0,102,1,60,5,17,348,0.44274809160305345
1004,0,33,1,17,5,5,53,16,17,43,2,4,109,4,56,7,11,383,0.5275482093663911
1005,0,19,0,12,4,4,50,11,12,40,5,0,109,1,89,7,14,377,0.46948941469489414
1006,1,19,0,8,4,1,44,13,9,41,3,0,148,2,92,4,11,400,0.5602240896358543
1007,0,22,1,7,10,2,52,18,15,37,0,0,115,1,94,6,17,397,0.5864106351550961
1008,3,24,0,6,4,2,41,11,7,44,5,1,86,2,56,10,10,312,0.37410071942446044
1010,0,21,0,11,3,3,36,10,14,53,4,1,115,5,39,8,25,348,0.48
1012,0,5,0,0,0,2,7,1,1,8,1,5,18,4,10,1,1,64,0.2807017543859649
1013,0,44,0,7,0,5,53,23,11,65,2,1,133,4,102,5,6,461,0.5776942355889725
1015,0,29,2,8,9,5,61,15,32,54,6,1,124,1,64,3,10,424,0.5463917525773195
1016,2,31,0,12,7,3,39,7,19,45,5,0,146,3,75,4,14,412,0.5067650676506765
1017,4,46,2,11,10,0,60,17,16,57,1,3,164,4,88,14,27,524,0.5234765234765235
1019,2,54,2,6,25,4,57,20,37,56,10,2,148,3,87,9,24,546,0.5443668993020937
1020,5,33,0,8,10,2,56,6,5,30,2,2,84,1,97,6,17,364,0.4672657252888318
1021,1,27,0,15,11,3,68,6,15,59,2,2,126,0,83,7,20,445,0.4842219804134929
1022,0,29,0,3,8,2,45,6,18,41,7,2,102,5,85,8,6,367,0.5445103857566765
1023,1,38,0,12,21,1,41,6,8,21,4,2,123,3,112,6,11,410,0.5662983425414365
1024,3,23,0,16,9,5,38,9,19,48,2,2,104,1,61,10,24,374,0.4538834951456311
1025,1,13,7,7,5,2,63,8,6,26,5,5,68,2,68,10,8,304,0.43304843304843305
1027,1,21,0,9,13,2,47,10,12,42,6,1,95,2,56,9,10,336,0.45776566757493187
1028,0,39,2,15,20,0,69,13,16,62,11,2,121,1,101,12,17,501,0.529039070749736
1029,2,25,3,5,8,1,46,8,15,48,7,0,69,3,72,5,6,323,0.39438339438339437
1030,2,10,0,10,1,3,38,10,8,40,0,2,47,2,54,4,3,234,0.3811074918566775
1032,2,21,1,10,2,1,37,6,12,32,7,1,51,2,65,4,5,259,0.39361702127659576
1033,1,41,0,7,8,3,48,14,8,49,6,3,119,2,92,3,13,417,0.5193026151930261
1034,1,29,1,6,8,1,43,12,12,55,4,0,103,7,102,4,11,399,0.48014440433212996
1035,0,17,2,2,6,3,32,7,12,21,10,1,40,1,46,3,3,206,0.389413988657845
1037,0,51,0,25,9,3,96,17,11,77,7,2,116,1,105,6,6,532,0.530938123752495
1038,2,21,0,5,11,1,48,10,14,43,4,1,56,3,69,4,1,293,0.4308823529411765
1039,0,5,0,5,0,3,2,5,4,1,1,0,9,1,16,1,0,53,0.18661971830985916
1040,1,0,0,2,0,0,0,0,3,1,2,1,3,1,5,0,0,19,0.12101910828025478
1043,0,8,0,0,0,0,5,2,1,1,1,0,10,2,12,0,0,42,inf
1044,0,4,0,1,0,0,1,1,1,0,1,0,1,0,4,1,1,16,0.06808510638297872
1045,0,22,0,8,5,2,53,16,10,31,7,1,115,4,77,2,11,364,0.5313868613138686
1046,0,23,0,8,12,2,44,10,13,23,3,1,59,0,48,0,5,251,0.5112016293279023
1048,0,24,0,10,8,3,34,11,12,41,1,2,106,1,68,5,13,339,0.5014792899408284
1050,4,37,0,9,8,3,52,6,15,44,2,4,149,3,83,9,31,459,0.5215909090909091
1051,0,31,3,13,7,3,49,8,15,37,1,1,137,0,53,6,6,370,0.43580683156654887
1052,2,35,1,7,10,3,57,6,26,46,3,1,152,1,98,7,12,467,0.5337142857142857
1056,0,50,1,8,14,5,73,9,33,53,15,0,108,3,95,6,16,489,0.5169133192389006
1059,2,31,1,8,11,3,43,10,21,40,2,0,123,0,105,7,14,421,0.5329113924050632
1062,0,15,4,6,4,2,36,5,6,24,5,0,43,2,62,5,2,221,0.36833333333333335
1063,0,22,0,3,11,2,44,12,14,32,5,0,105,2,69,4,9,334,0.4222503160556258
1064,0,22,1,7,7,3,35,10,6,15,2,4,59,2,87,4,4,268,0.39067055393586003
1068,5,28,0,12,9,3,58,9,9,49,7,3,93,6,76,8,16,391,0.4924433249370277
1069,3,17,1,5,12,1,47,17,10,44,3,2,59,4,76,4,8,313,0.4446022727272727
1070,1,21,2,10,7,3,58,4,11,30,4,1,83,2,60,5,2,304,0.4418604651162791
1072,1,14,0,6,6,3,44,11,8,19,4,3,63,6,69,4,3,264,0.4118564742589704
1073,1,23,1,6,1,1,70,8,8,54,5,12,108,2,76,6,16,398,0.5109114249037228
1074,3,37,0,8,4,10,88,7,26,80,2,13,141,2,112,13,12,558,0.5923566878980892
1075,4,14,0,8,4,1,72,10,15,60,3,10,109,4,84,4,8,410,0.4834905660377358
1076,0,16,1,10,2,2,53,7,8,32,4,7,61,0,83,6,6,298,0.432510885341074
1077,1,30,2,12,9,2,51,6,19,43,2,1,127,1,86,8,10,410,0.5488621151271754
1078,1,27,1,8,9,3,55,9,13,58,1,1,108,0,58,4,17,373,0.5231416549789621
1079,0,39,1,11,16,3,59,11,11,42,9,0,120,2,104,7,9,444,0.5362318840579711
1080,0,42,1,13,19,4,68,25,23,59,5,5,153,2,98,8,21,546,0.5465465465465466
1081,2,14,1,9,7,2,51,38,8,48,2,0,81,10,117,7,7,404,0.5081761006289308
1082,1,14,1,7,5,0,49,8,4,29,4,1,58,3,103,5,8,300,0.4411764705882353
1083,2,18,1,3,2,2,54,8,9,49,5,5,66,6,127,6,0,363,0.4432234432234432
1084,9,53,2,4,16,3,53,14,11,40,3,7,166,2,96,2,12,493,0.6264294790343075
1085,3,16,0,12,15,3,57,10,16,64,2,16,89,4,91,8,10,416,0.443024494142705
1087,1,22,0,15,3,3,65,26,12,67,8,4,88,4,77,4,3,402,0.5043914680050188
1089,2,32,1,10,3,3,58,20,32,79,6,9,144,1,69,6,13,488,0.5025746652935118
1090,2,31,2,12,2,8,90,12,27,51,6,6,159,3,108,5,1,525,0.5543822597676874
1092,0,18,0,5,2,5,78,6,9,45,1,4,119,1,75,7,17,392,0.5084306095979247
1094,12,27,1,15,7,4,44,6,11,68,4,3,96,2,83,1,10,394,0.5588652482269504
1095,0,15,1,4,0,2,50,4,12,57,1,0,110,2,72,1,3,334,0.5369774919614148
1096,1,37,0,9,4,8,63,9,9,70,9,1,125,1,70,5,3,424,0.5549738219895288
1097,3,17,2,9,3,3,30,11,10,42,1,1,80,0,90,5,4,311,0.4762633996937213
1099,2,59,0,17,14,2,62,34,10,41,2,0,133,2,142,4,8,532,0.5190243902439025
1100,1,20,2,12,8,5,62,18,15,64,9,2,113,3,111,12,6,463,0.5267349260523322
1102,1,30,0,11,15,1,57,13,14,44,3,2,72,0,97,11,8,379,0.47022332506203474
1103,1,26,1,11,25,0,48,17,2,2,3,0,118,4,142,2,5,407,0.4371643394199785
1107,3,22,0,8,9,0,77,12,26,81,5,1,169,0,100,7,31,551,0.6095132743362832
1111,0,19,1,15,9,5,51,12,12,30,9,1,175,1,83,4,12,439,0.6244665718349929
1112,1,19,0,6,3,2,58,33,6,31,0,1,100,1,75,3,4,343,0.5523349436392915
1113,1,13,0,6,10,0,53,2,5,39,4,4,59,0,51,0,5,252,0.4970414201183432
1114,3,17,5,13,12,5,97,19,4,62,8,2,108,3,96,9,11,474,0.5010570824524313
1115,0,21,0,8,6,6,50,22,6,53,6,0,77,2,73,8,20,358,0.4986072423398329
1116,0,2,1,0,0,0,2,0,0,0,1,0,5,1,4,0,0,16,inf
1117,1,60,2,15,22,5,82,19,30,48,24,1,156,0,106,10,13,594,0.5556594948550047
1118,2,26,1,2,15,5,72,17,18,44,10,2,149,3,72,3,14,455,0.5535279805352799
1119,9,25,2,4,13,4,68,10,16,39,6,2,125,1,66,7,13,410,0.4921968787515006
1120,0,19,0,11,6,6,64,15,12,58,12,4,108,2,89,12,11,429,0.48148148148148145
1121,9,33,1,7,20,3,66,10,28,60,7,2,130,2,104,5,9,496,0.5316184351554126
1123,0,28,1,10,2,4,43,11,9,40,2,3,84,2,78,3,6,326,0.4565826330532213
1124,0,46,0,13,18,0,71,7,19,53,4,2,147,0,84,8,9,481,0.5880195599022005
1125,1,36,0,15,8,6,60,8,19,41,2,5,120,2,70,7,8,408,0.5305591677503251
1127,1,25,3,8,12,5,72,6,14,28,4,0,86,4,66,10,10,354,0.46578947368421053
1128,3,23,0,15,10,1,64,9,21,51,4,1,86,6,97,10,4,405,0.49571603427172584
1130,1,35,1,7,18,3,57,16,23,47,9,4,124,1,82,16,20,464,0.5266742338251986
1132,1,30,0,6,7,1,62,9,14,44,2,4,147,0,92,1,20,440,0.5219454329774614
1133,4,30,1,7,16,3,57,12,7,35,9,1,105,1,81,8,11,388,0.4868255959849435
1135,1,19,3,7,9,2,52,6,24,41,13,0,63,2,88,8,19,357,0.5560747663551402
1136,3,27,1,5,6,0,40,6,29,46,2,1,80,5,82,10,16,359,0.4871099050203528
1137,0,21,1,9,4,4,39,2,23,41,13,1,83,0,59,10,15,325,0.45518207282913165
1141,3,17,0,6,5,0,54,6,15,28,3,2,82,1,46,4,8,280,0.4612850082372323
1142,2,22,1,3,15,3,46,6,21,38,10,0,89,5,67,6,12,346,0.46318607764390896
1143,4,18,0,12,9,4,63,6,16,34,6,2,47,3,86,8,10,328,0.45746164574616455
1144,1,28,1,12,25,5,58,10,20,35,3,0,87,4,69,6,16,380,0.5198358413132695
1148,1,21,0,8,11,5,55,6,22,48,7,1,103,4,87,11,14,404,0.5587828492392808
1149,1,20,0,8,8,3,44,4,26,46,5,4,85,3,52,4,16,329,0.4563106796116505
1151,1,29,0,4,6,0,44,10,11,51,2,0,147,3,90,13,7,418,0.5251256281407035
1152,0,4,0,0,0,0,5,0,1,5,0,0,13,0,10,0,1,39,5.571428571428571
1154,2,22,0,13,8,4,67,20,16,85,1,5,123,0,97,3,8,474,0.4463276836158192
1155,1,18,0,7,17,2,71,8,11,77,4,5,118,2,69,7,9,426,0.42011834319526625
1156,0,17,1,3,1,5,51,10,14,46,1,1,83,2,102,4,7,348,0.5058139534883721
1159,0,3,0,8,6,0,25,18,1,12,1,0,22,5,52,2,3,158,0.3518930957683742
1161,1,17,1,7,11,2,37,5,14,87,6,3,122,4,67,5,3,392,0.5058064516129033
1163,1,20,1,6,24,2,54,16,16,57,7,5,93,6,71,3,3,385,0.4258849557522124
1164,0,28,2,6,13,9,62,9,8,58,3,5,137,5,77,3,2,427,0.5182038834951457
1165,1,34,1,8,6,8,58,7,15,59,3,2,110,2,94,13,28,449,0.46384297520661155
1167,0,25,0,10,7,4,52,8,10,55,3,5,96,3,69,9,15,371,0.4666666666666667
1168,0,23,0,4,11,2,47,5,22,49,3,2,113,1,65,9,22,378,0.5101214574898786
1170,1,33,0,7,6,3,33,1,10,39,2,0,111,1,43,8,24,322,0.48493975903614456
1172,0,19,0,8,6,3,36,13,7,34,1,0,77,3,68,8,13,296,0.47665056360708535
1173,1,10,1,6,10,2,55,16,18,55,8,2,153,2,76,9,20,444,0.47639484978540775
1174,0,21,3,9,14,3,58,18,23,50,6,0,132,3,86,7,26,459,0.5523465703971119
1175,0,29,1,10,6,5,65,6,22,55,7,2,92,1,68,5,21,395,0.5025445292620865
1176,1,28,1,17,13,4,79,17,37,93,7,9,126,5,90,9,46,582,0.48218724109362054
1178,1,21,1,17,7,4,81,11,14,81,12,4,100,3,115,8,5,485,0.4801980198019802
1181,0,33,1,9,7,3,45,7,8,60,3,0,120,2,68,4,21,391,0.5385674931129476
1182,0,33,0,10,9,2,62,7,15,57,7,3,141,4,102,7,19,478,0.509594882729211
1184,0,32,0,15,8,0,79,31,22,67,1,1,108,1,88,11,36,500,0.5122950819672131
1185,1,16,0,12,10,1,34,20,15,41,4,2,92,1,57,7,33,346,0.4759284731774415
1186,0,31,0,9,11,1,62,34,11,56,3,2,136,3,86,11,27,483,0.5026014568158168
1187,1,29,0,11,7,0,90,26,18,44,1,4,101,3,105,11,31,482,0.5361512791991101
1188,0,25,3,7,22,1,42,12,21,52,4,3,75,2,70,7,18,364,0.5141242937853108
1190,4,25,2,9,3,1,54,28,21,45,4,2,78,0,78,9,14,377,0.45041816009557945
1191,2,42,2,9,8,5,45,17,17,55,3,0,171,4,119,3,14,516,0.5937859608745685
1192,0,48,1,5,4,2,51,17,25,32,2,4,143,1,98,20,62,515,0.5223123732251521
1194,6,35,0,6,15,1,48,36,29,48,13,4,137,7,84,8,30,507,0.5528898582333697
1196,1,55,0,15,8,0,69,27,22,53,8,2,135,2,109,11,29,546,0.5311284046692607
1200,0,30,0,10,16,1,49,12,19,50,9,2,80,3,81,4,10,376,0.456865127582017
1201,2,25,0,6,5,2,50,5,19,50,5,3,102,4,97,6,10,391,0.4727932285368803
1203,2,27,0,5,5,1,38,12,27,45,4,1,95,2,88,4,26,382,0.4860050890585242
1204,2,27,1,13,8,2,42,14,24,38,2,2,110,1,75,13,19,393,0.4918648310387985
1205,0,42,2,9,14,3,78,33,14,63,9,2,126,1,97,10,24,527,0.5666666666666667
1207,0,28,2,7,8,0,32,9,17,42,2,1,107,6,77,7,17,362,0.45534591194968554
1209,0,40,0,4,0,5,60,8,13,56,2,5,158,2,84,1,10,448,0.5456760048721072
1210,2,17,0,2,3,5,64,4,10,51,3,0,111,0,89,8,7,376,0.4519230769230769
1211,0,7,0,20,4,2,78,10,11,74,1,3,155,0,101,17,8,491,0.4593077642656688
1212,2,22,3,6,9,2,51,8,14,58,4,0,157,2,73,5,9,425,0.5305867665418227
1213,0,25,0,5,3,4,59,4,8,39,4,1,111,1,87,3,7,361,0.4610472541507024
1214,1,25,1,7,8,2,72,10,17,70,12,1,119,5,65,5,9,429,0.556420233463035
1215,3,25,0,17,6,4,58,10,15,65,4,1,139,1,130,5,12,495,0.5921052631578947
1216,3,22,2,26,6,0,59,8,17,54,11,2,172,4,93,6,21,506,0.557883131201764
1218,1,31,1,10,6,0,65,9,30,59,5,1,141,1,75,2,24,461,0.5475059382422803
1219,3,35,2,9,14,2,135,14,23,64,11,2,163,3,110,10,20,620,0.5677655677655677
1220,4,32,1,15,11,3,103,14,16,68,12,4,145,7,101,12,23,571,0.5609037328094303
1221,3,36,1,18,8,3,120,10,18,75,8,3,161,2,114,4,14,598,0.5679012345679012
1222,0,32,0,16,5,6,102,15,19,67,10,3,156,2,127,11,21,592,0.5211267605633803
1227,1,18,1,7,8,1,51,5,15,44,4,0,70,1,89,6,20,341,0.4782608695652174
1229,1,39,1,12,22,3,68,27,13,33,9,1,114,2,97,4,10,456,0.5277777777777778
1230,0,36,3,9,14,5,75,16,21,44,3,3,108,3,88,4,24,456,0.5567765567765568
1232,3,29,0,8,5,3,36,4,17,44,7,1,119,3,68,11,9,367,0.5190947666195191
1233,3,35,0,21,10,2,63,10,7,43,6,2,152,2,105,12,25,498,0.5533333333333333
1236,2,41,1,16,16,0,41,7,13,34,9,1,114,1,74,6,18,394,0.5051282051282051
1237,4,20,1,12,6,0,56,8,25,48,8,4,126,2,96,5,19,440,0.5352798053527981
1241,0,34,0,12,7,4,46,11,18,36,4,0,111,1,74,15,13,386,0.5006485084306096
1242,3,35,3,17,15,3,54,5,16,40,9,2,133,1,87,15,21,459,0.5186440677966102
1244,0,59,2,26,17,4,71,30,8,49,5,1,164,0,177,11,16,640,0.6101048617731173
1245,3,49,0,9,1,2,60,8,11,56,3,3,129,3,107,7,16,467,0.5572792362768496
1246,0,31,2,13,4,2,59,4,11,52,1,1,78,3,89,3,9,362,0.5411061285500748
1247,2,20,0,6,7,0,66,5,10,56,8,0,99,2,78,8,19,386,0.5012987012987012
1249,1,39,0,9,11,8,48,11,19,57,2,3,129,3,73,8,14,435,0.5123674911660777
1251,1,26,0,5,9,3,55,13,11,45,3,2,106,0,90,17,11,397,0.4883148831488315
1254,2,31,0,20,8,1,54,11,10,97,4,1,118,5,97,2,14,475,0.511302475780409
1255,3,29,0,8,10,4,65,13,24,9,11,0,105,0,51,7,26,365,0.4152445961319681
1256,0,20,3,2,4,2,42,10,8,58,0,1,114,3,67,9,9,352,0.476319350473613
1257,0,25,2,6,8,2,68,20,21,46,2,3,105,0,69,6,13,396,0.49070631970260226
1258,0,10,1,6,3,2,47,8,7,45,4,2,82,2,67,5,3,294,0.45652173913043476
1259,0,32,2,8,6,5,41,7,5,46,1,1,116,0,58,7,17,352,0.4861878453038674
1260,4,45,0,17,14,2,69,30,12,92,17,1,196,2,103,11,20,635,0.5725879170423805
1261,7,27,1,12,2,1,55,16,22,79,11,1,168,2,85,1,15,505,0.5121703853955375
1263,0,13,1,11,4,1,65,11,21,45,4,1,75,1,73,3,6,335,0.4484605087014726
1264,0,48,2,3,9,2,62,22,27,63,5,2,146,2,70,6,16,485,0.5773809523809523
1265,3,31,2,7,7,1,80,27,34,94,10,5,153,2,120,8,12,596,0.5559701492537313
1267,0,28,2,12,8,3,64,6,21,54,6,3,148,5,94,6,7,467,0.5259009009009009
1268,5,31,2,15,4,5,54,13,18,63,5,0,145,6,95,7,25,493,0.5890083632019116
1270,0,29,0,13,5,6,67,7,8,46,0,0,86,4,82,7,21,381,0.49224806201550386
1271,1,40,0,8,24,3,64,18,9,88,3,3,181,1,91,9,22,565,0.5406698564593302
1273,1,17,0,11,2,6,32,8,8,41,3,2,57,1,52,10,2,253,0.4074074074074074
1274,0,27,1,9,4,3,33,3,4,24,2,2,90,0,49,6,14,271,0.32689987937273823
1275,2,47,1,12,4,1,43,13,20,68,13,1,114,3,72,10,30,454,0.46659815005138744
1276,1,38,4,9,12,7,57,6,29,47,3,2,148,1,52,11,26,453,0.5177142857142857
1280,0,32,0,6,18,7,68,20,24,45,4,4,150,3,89,9,34,513,0.5388655462184874
1283,0,18,0,6,12,2,52,20,11,46,3,2,92,0,70,3,7,344,0.4942528735632184
1285,0,30,2,7,11,2,35,41,11,52,3,0,124,3,88,9,8,426,0.5433673469387755
1286,1,28,0,6,7,3,34,12,7,42,0,0,113,1,61,12,14,341,0.4823196605374823
1287,2,23,3,7,14,3,49,15,14,49,10,2,96,0,58,7,11,363,0.4509316770186335
1291,3,26,0,6,3,1,51,7,5,35,1,9,125,2,78,6,2,360,0.5006954102920723
1292,1,20,1,8,0,3,43,14,8,45,6,3,56,1,53,3,5,270,0.423861852433281
1294,0,13,0,5,6,0,46,4,6,40,2,0,102,1,78,3,5,311,0.3697978596908442
1296,0,34,0,16,5,8,60,11,10,44,4,1,129,3,76,5,20,426,0.5278810408921933
1297,1,31,0,8,10,3,46,7,8,54,10,3,124,1,78,8,7,399,0.5291777188328912
1304,2,28,1,6,19,1,29,16,16,25,3,0,106,0,70,15,15,352,0.4607329842931937
1307,1,56,3,7,12,4,57,13,14,40,6,0,141,2,100,10,16,482,0.5397536394176932
1309,7,50,1,28,15,1,66,21,9,39,35,1,143,1,118,14,10,559,0.5354406130268199
1312,1,38,1,8,10,1,72,9,27,43,12,0,130,0,79,8,13,452,0.5419664268585132
1314,1,32,1,12,19,1,68,20,31,66,4,1,169,0,155,5,14,599,0.5656279508970727
1315,4,29,2,8,12,0,68,7,33,67,4,4,124,2,105,9,17,495,0.47459252157238735
1316,0,21,0,9,3,2,51,2,11,56,3,2,85,0,92,10,9,356,0.454661558109834
1317,0,45,0,4,6,1,52,13,16,59,4,1,168,0,78,4,10,461,0.6447552447552447
1318,1,43,1,12,14,6,49,9,19,46,5,2,113,4,72,9,17,422,0.5268414481897628
1319,2,48,0,13,14,0,54,6,10,35,6,2,118,0,103,7,18,436,0.4977168949771689
1320,0,35,1,6,6,0,33,12,34,39,1,1,96,2,72,8,15,361,0.5356083086053413
1321,1,25,0,8,17,5,54,8,22,51,4,3,134,1,118,11,23,485,0.5099894847528917
1323,1,26,3,7,13,5,61,27,20,56,6,4,109,1,80,6,10,435,0.5028901734104047
1324,3,20,1,9,14,3,53,12,24,58,3,2,166,5,90,5,13,481,0.5923645320197044
1326,1,43,2,6,8,1,44,15,11,53,4,2,140,2,77,7,8,424,0.5816186556927297
1328,1,65,1,18,8,2,74,12,9,48,1,2,129,0,85,4,7,466,0.5374855824682814
1329,2,25,0,7,4,2,37,2,12,21,2,2,87,2,38,5,3,251,0.4780952380952381
1331,0,23,0,10,9,1,52,15,11,42,3,3,94,3,76,8,3,353,0.4304878048780488
1332,1,29,1,5,11,3,57,5,15,31,4,1,109,3,85,3,9,372,0.5173852573018081
1333,2,41,0,14,8,3,53,15,20,50,2,1,118,1,93,5,21,447,0.5353293413173653
1334,5,22,1,7,5,4,63,7,23,31,1,0,116,2,77,7,25,396,0.5673352435530086
1338,1,23,4,12,5,2,62,9,15,45,4,1,91,4,77,4,7,366,0.5228571428571429
1339,1,13,0,6,6,2,64,6,11,53,5,1,73,3,82,3,9,338,0.42355889724310775
1340,4,26,0,6,12,9,77,6,9,61,6,5,148,2,108,7,5,491,0.5130616509926855
1341,5,30,4,3,4,2,76,5,29,74,5,1,150,1,67,5,16,477,0.5788834951456311
1342,1,19,0,7,13,1,42,14,12,42,5,0,88,4,80,10,13,351,0.47885402455661663
1343,2,31,1,5,7,1,42,13,12,44,1,3,123,1,97,10,12,405,0.5113636363636364
1345,0,16,1,5,23,2,57,12,14,51,8,1,76,1,53,3,7,330,0.4583333333333333
1346,0,21,1,4,6,3,39,10,15,51,3,1,76,2,77,5,9,323,0.4908814589665654
1348,0,35,2,12,7,4,49,15,24,73,8,0,125,2,78,1,16,451,0.47126436781609193
1349,1,20,1,5,14,1,49,16,9,40,3,0,77,1,96,9,7,349,0.43954659949622166
1350,1,25,1,9,4,4,51,10,6,40,4,2,102,5,80,5,29,378,0.4621026894865526
1351,3,22,1,1,6,4,36,2,18,36,2,1,66,6,50,9,6,269,0.3475452196382429
1352,0,38,1,13,23,3,37,10,7,8,1,0,113,0,104,10,8,376,0.47534766118836913
1354,5,26,0,12,5,21,53,5,13,50,2,1,136,2,79,4,29,443,0.5211764705882352
1357,0,56,2,3,7,2,27,7,20,24,7,0,145,0,70,16,27,413,0.5680880330123796
1358,0,48,2,14,7,2,38,15,20,22,2,0,124,1,78,3,21,397,0.49874371859296485
1359,1,61,1,6,35,3,47,7,3,21,3,0,129,0,98,13,13,441,0.4819672131147541
1361,0,46,0,18,13,2,43,2,14,42,18,4,143,3,76,5,25,454,0.4623217922606925
1362,2,37,3,11,14,1,58,15,14,59,3,3,126,1,87,5,11,450,0.535077288941736
1366,0,31,0,11,13,4,39,11,18,24,3,2,132,1,91,5,18,403,0.5295663600525624
1368,2,38,1,9,21,0,41,12,19,37,4,0,200,0,93,7,18,502,0.5553097345132744
1369,0,30,1,8,5,5,45,10,19,50,0,2,173,2,76,5,17,448,0.5417170495767836
1371,4,27,2,9,14,3,71,27,21,78,3,2,101,0,121,4,16,503,0.5245046923879041
1373,0,27,2,11,9,2,54,6,15,43,6,4,122,2,104,2,5,414,0.5168539325842697
1374,1,34,0,8,11,5,40,8,22,44,5,2,145,2,54,10,21,412,0.5156445556946183
1375,2,33,1,9,10,1,58,8,20,44,4,1,134,4,75,5,19,428,0.4988344988344988
1377,1,34,3,15,8,6,41,28,12,43,6,2,131,0,77,9,18,434,0.44881075491209926
1382,0,24,0,5,11,3,33,14,22,29,6,3,129,1,69,8,26,383,0.5510791366906475
1383,0,37,2,20,10,4,45,14,7,49,3,0,118,1,96,6,24,436,0.4733984799131379
1384,1,42,0,5,8,6,35,9,11,44,6,1,115,1,80,13,13,390,0.49056603773584906
1387,5,18,0,11,7,2,34,10,4,61,4,2,90,2,124,5,7,386,0.556998556998557
1388,0,23,0,3,5,3,26,9,9,33,3,3,74,3,94,4,2,294,0.47495961227786754
1391,2,32,4,10,9,4,100,15,23,55,5,3,162,1,101,7,22,555,0.5172413793103449
1392,0,21,1,2,5,2,43,20,6,35,3,3,103,1,78,5,3,331,0.42764857881136953
1394,4,11,0,6,3,2,33,10,10,34,4,1,77,1,52,7,23,278,0.4752136752136752
1396,1,36,1,10,12,6,45,19,8,18,4,2,98,1,70,3,9,343,0.516566265060241
1398,2,13,0,2,5,3,31,7,7,35,2,2,56,0,46,0,5,216,0.39344262295081966
1399,0,29,1,11,6,6,43,17,21,50,4,2,131,4,72,6,9,412,0.5036674816625917
1400,0,25,1,9,2,4,32,9,12,41,1,3,84,2,52,3,0,280,0.4713804713804714
1401,2,27,1,11,12,0,36,9,21,55,11,1,81,3,57,8,8,343,0.48652482269503544
1403,0,27,0,12,11,3,40,8,14,36,6,2,141,1,70,14,29,414,0.5287356321839081
1404,0,19,1,8,4,1,36,5,10,50,3,2,64,1,71,0,8,283,0.4155653450807636
1406,0,14,1,10,7,0,58,12,12,72,6,0,95,2,76,3,13,381,0.450887573964497
1407,2,28,2,15,5,1,38,9,10,32,3,1,143,0,82,2,14,387,0.5180722891566265
1410,0,20,0,11,5,6,55,6,16,40,3,0,86,0,62,5,10,325,0.4287598944591029
1411,2,33,1,7,12,0,44,13,8,28,3,3,119,0,58,8,11,350,0.4369538077403246
1412,0,22,1,4,5,3,32,7,26,42,3,3,99,0,46,4,8,305,0.4699537750385208
1413,3,27,1,6,10,5,39,9,12,22,2,1,119,3,86,6,11,362,0.4993103448275862
1415,3,27,2,7,18,1,60,18,13,83,3,0,173,2,90,8,20,528,0.5575501583949314
1417,2,27,1,8,11,4,51,21,18,37,6,2,174,2,89,10,70,533,0.5664187035069076
1419,0,30,1,4,8,4,66,10,11,48,1,2,124,2,78,4,14,407,0.5320261437908497
1420,0,17,2,5,17,1,50,24,14,48,7,3,138,5,70,6,15,422,0.5417201540436457
1421,0,0,0,2,0,0,5,5,0,10,0,0,1,0,3,0,0,26,0.042692939244663386
1423,0,40,0,9,14,3,35,18,3,18,6,1,93,2,71,9,11,333,0.471671388101983
1424,0,33,0,6,12,4,31,9,12,35,5,2,109,4,50,11,8,331,0.4597222222222222
1425,0,22,3,5,8,1,44,9,15,66,3,2,114,2,69,3,7,373,0.4703656998738966
1426,0,65,1,10,23,4,33,14,6,24,8,1,145,2,98,16,22,472,0.5005302226935313
1428,1,45,0,15,17,1,40,15,12,27,6,2,127,0,86,10,21,425,0.49189814814814814
1430,2,46,0,23,12,2,71,6,27,80,3,4,169,5,98,7,26,581,0.5651750972762646
1432,2,21,0,9,5,3,38,7,1,39,3,5,74,2,74,7,10,300,0.43923865300146414
1439,1,15,2,3,9,3,62,10,9,52,1,3,76,4,62,7,5,324,0.43902439024390244
1441,0,6,1,2,9,1,33,10,10,28,5,0,60,3,83,1,5,257,0.3645390070921986
1442,3,24,1,9,5,3,48,13,6,60,2,3,94,2,89,7,9,378,0.5135869565217391
1443,0,51,1,10,9,3,53,10,14,32,7,2,142,1,80,13,28,456,0.5454545454545454
1446,0,27,0,18,3,1,37,21,17,45,8,3,156,4,105,9,4,458,0.5739348370927319
1447,0,13,0,5,1,2,66,14,15,58,0,11,90,0,103,2,13,393,0.5177865612648221
1448,1,43,1,13,28,3,66,16,11,39,7,1,147,0,112,11,14,513,0.54
1449,0,23,0,9,14,0,46,22,14,33,4,1,117,0,96,5,48,432,0.5179856115107914
1450,1,18,1,7,17,2,65,13,19,59,6,0,117,4,80,2,17,428,0.576043068640646
1451,1,20,2,25,15,4,40,12,21,64,13,2,137,3,100,4,10,473,0.48662551440329216
1452,3,24,0,12,11,7,66,24,8,49,6,2,114,4,86,5,14,435,0.5311355311355311
1453,5,19,2,4,6,4,56,6,19,41,11,1,117,0,81,7,17,396,0.4823386114494519
1454,0,21,2,11,7,2,56,8,6,49,1,3,87,1,78,4,15,351,0.4086146682188591
1455,0,31,1,10,7,4,87,11,24,56,1,7,127,4,75,8,16,469,0.5329545454545455
1457,0,27,1,7,7,4,65,22,24,57,2,2,104,3,79,11,22,437,0.49715585893060293
1458,1,14,1,2,10,1,38,18,13,61,2,0,81,0,76,7,21,346,0.5195195195195195
1459,0,20,0,7,5,3,86,12,15,71,3,4,156,5,103,5,11,506,0.5270833333333333
1460,0,27,1,14,12,1,91,17,23,100,19,3,169,1,89,3,23,593,0.5894632206759444
1461,0,35,1,16,14,1,44,22,12,36,3,2,110,2,85,14,9,406,0.5165394402035624
1463,0,29,3,12,10,3,54,22,6,46,0,2,150,2,114,3,13,469,0.5447154471544715
1464,4,35,4,10,6,1,57,27,31,104,1,1,179,5,92,9,15,581,0.5533333333333333
1465,1,12,2,5,4,4,43,5,6,27,12,3,42,0,58,7,3,234,0.44571428571428573
1466,1,30,1,16,14,2,48,14,27,48,3,1,139,1,100,13,36,494,0.5375408052230686
1468,0,23,0,10,14,3,37,13,9,38,3,1,97,0,68,4,10,330,0.4888888888888889
1470,1,21,0,5,7,2,51,14,7,46,2,0,88,3,81,0,3,331,0.47017045454545453
1471,0,34,0,11,7,3,65,4,27,47,6,2,168,1,128,7,21,531,0.6047835990888383
1474,1,22,0,18,13,3,89,13,12,85,11,2,209,2,144,4,11,639,0.5905730129390019
1476,0,37,2,5,15,2,43,10,14,20,8,4,96,1,74,7,11,349,0.589527027027027
1478,0,35,0,8,11,2,67,9,16,45,10,0,143,0,117,4,11,478,0.5532407407407407
1479,0,36,2,10,8,5,68,16,20,59,4,2,154,1,141,10,9,545,0.549949545913219
1480,3,19,0,7,6,7,43,14,9,56,3,2,98,4,83,3,9,366,0.5062240663900415
1483,3,18,0,7,10,0,69,12,10,41,7,1,77,4,121,5,2,387,0.4713763702801462
1484,2,44,1,16,18,3,40,16,10,26,2,2,115,1,76,13,15,400,0.4550625711035267
1486,2,23,0,21,10,0,57,11,9,62,5,1,63,2,87,6,18,377,0.4896103896103896
1488,0,8,0,5,0,0,21,4,1,49,5,6,34,1,56,6,6,202,0.36200716845878134
1489,3,19,0,5,2,0,40,5,10,38,1,0,63,4,49,5,3,247,0.39456869009584666
1491,4,19,0,10,12,5,46,3,11,36,1,1,72,2,71,5,8,306,0.43342776203966005
1492,2,20,0,10,6,2,42,12,21,62,1,0,91,1,141,6,6,423,0.5416133162612036
1494,0,5,0,3,8,2,31,6,10,40,0,3,46,4,46,3,2,209,0.34891485809682804
1495,1,26,0,6,5,2,49,5,6,33,2,1,75,2,72,12,14,311,0.4829192546583851
1496,1,23,1,7,13,0,60,22,12,53,2,1,108,2,103,4,9,421,0.49182242990654207
1499,0,23,3,5,15,3,42,6,21,35,2,1,106,1,112,6,10,391,0.5356164383561643
1500,1,16,1,11,8,3,42,14,10,39,2,1,80,4,81,7,10,330,0.44594594594594594
1501,0,46,3,7,18,4,46,11,12,31,3,1,124,2,111,7,9,435,0.5311355311355311
1503,1,56,0,18,22,9,53,11,9,28,7,2,128,0,96,8,19,467,0.5500588928150766
1504,0,13,1,7,9,2,65,8,6,77,4,1,80,2,65,3,4,347,0.45657894736842103
1505,1,32,2,9,13,4,63,7,12,45,3,2,164,2,121,3,16,499,0.6130221130221131
1506,0,24,3,6,3,6,49,12,23,48,2,3,184,7,72,6,8,456,0.6055776892430279
1507,1,41,0,9,13,2,30,8,15,35,4,2,116,3,60,14,26,379,0.4973753280839895
1508,4,43,0,12,29,3,26,19,12,25,35,0,151,1,122,21,28,531,0.5474226804123712
1512,7,32,1,4,1,6,48,8,29,72,6,32,93,4,58,13,17,431,0.4250493096646943
1514,3,19,0,3,7,2,46,13,25,36,1,4,135,4,119,5,6,428,0.5232273838630807
1515,1,23,1,6,2,2,63,13,17,54,5,1,102,0,78,4,6,378,0.45652173913043476
1516,0,36,2,7,12,5,63,25,11,52,2,2,137,1,98,9,15,477,0.5276548672566371
1517,1,38,0,11,26,4,66,19,14,69,8,2,154,1,103,5,19,540,0.5079962370649106
1520,4,29,0,14,9,4,41,9,16,40,2,1,117,4,79,7,14,390,0.5051813471502591
1521,0,18,3,15,8,2,19,7,16,20,6,0,79,0,27,6,12,238,0.4033898305084746
1523,2,43,2,15,8,3,71,9,24,66,1,0,111,6,90,8,30,489,0.5563139931740614
1525,3,35,0,15,5,3,52,32,20,34,8,4,141,1,89,19,31,492,0.5509518477043673
1526,0,8,0,4,8,1,26,7,6,34,4,8,30,1,54,4,3,198,0.33221476510067116
1528,0,12,2,7,4,4,47,4,8,63,1,5,77,3,79,3,5,324,0.43142476697736354
1529,2,36,2,7,16,7,73,7,13,59,5,5,201,1,140,4,19,597,0.6073245167853509
1530,7,24,3,10,8,1,54,16,5,53,0,4,103,5,69,10,10,382,0.5426136363636364
1531,1,35,0,7,4,2,49,9,12,38,3,2,86,4,86,6,2,346,0.46442953020134226
1532,0,2,1,1,1,0,0,0,1,2,0,1,9,1,12,0,1,32,16.0
1534,0,7,0,0,1,1,6,3,1,3,0,1,14,0,9,0,0,46,2.3
1535,0,3,0,0,0,0,3,0,0,1,0,0,3,0,3,0,2,15,inf
1536,0,0,0,0,1,1,2,1,1,2,0,0,10,0,3,0,1,22,inf
1538,0,0,0,1,0,0,2,0,0,0,0,0,1,0,5,0,6,15,15.0
1539,0,1,0,2,0,1,3,1,1,1,0,0,5,0,1,0,1,17,4.25
1540,0,3,0,0,0,0,3,1,0,1,2,0,8,0,4,1,0,23,inf
1541,0,11,1,0,1,1,5,0,3,5,2,0,14,1,13,0,0,57,4.75
1544,0,1,0,0,0,1,0,1,1,4,0,0,3,0,7,0,0,18,inf
1547,0,5,0,1,0,1,5,1,0,0,1,1,17,1,16,0,0,49,inf
1550,1,7,0,1,0,1,1,2,0,2,1,1,4,0,4,1,0,26,0.10569105691056911
1552,2,31,0,4,7,2,58,13,10,53,3,7,143,4,79,4,20,440,0.489432703003337
1553,0,44,1,3,17,2,43,16,10,23,6,1,88,1,82,11,9,357,0.5056657223796034
1554,0,29,3,17,11,2,32,8,15,34,0,1,118,3,49,9,12,343,0.48583569405099153
1556,1,23,0,2,22,2,31,6,6,32,1,0,71,2,63,2,7,271,0.4680483592400691
1558,3,48,0,12,36,3,64,12,14,25,11,2,130,0,117,11,27,515,0.540398740818468
1559,0,41,1,6,22,2,67,16,13,32,5,0,152,2,96,4,12,471,0.5407577497129736
1565,0,31,1,14,16,0,41,13,24,52,2,2,137,1,90,5,18,447,0.5366146458583433
1566,0,32,2,13,4,6,51,10,21,45,4,0,137,0,74,7,32,438,0.5315533980582524
1568,1,36,0,5,5,3,55,5,16,48,7,2,125,0,89,5,7,409,0.46583143507972663
1571,1,30,0,8,6,0,42,9,13,53,4,2,120,5,94,8,10,405,0.4387865655471289
1572,0,18,0,14,14,6,57,8,12,68,13,4,92,3,104,7,10,430,0.530209617755857
1573,1,11,5,12,5,4,43,6,7,42,2,2,89,4,75,6,12,326,0.4801178203240059
1574,2,33,0,12,11,2,56,14,12,43,0,2,109,2,82,10,7,397,0.5012626262626263
1579,0,43,4,9,11,3,53,14,11,51,6,2,203,3,112,7,37,569,0.5605911330049261
1583,0,26,0,12,10,2,45,19,15,52,8,2,141,1,66,14,18,431,0.5401002506265664
1586,0,26,0,6,4,1,50,11,6,36,5,0,72,2,63,3,8,293,0.4240231548480463
1587,0,44,0,12,13,3,75,26,18,72,7,3,133,2,112,3,9,532,0.5833333333333334
1588,0,32,0,10,7,2,63,7,18,61,10,0,114,1,84,8,6,423,0.5500650195058517
1590,2,46,1,12,16,4,50,12,4,45,2,0,131,1,95,9,14,444,0.4966442953020134
1592,1,51,1,8,1,4,44,14,11,49,3,2,128,0,42,8,22,389,0.5328767123287671
1593,2,31,0,5,12,4,57,11,10,40,1,0,135,0,77,7,12,404,0.4665127020785219
1594,2,35,0,17,21,5,63,67,14,102,11,0,172,1,89,3,22,624,0.6111655239960823
1595,7,29,3,11,11,0,46,21,20,47,6,0,145,2,68,12,61,489,0.5297941495124594
1596,2,11,2,16,10,5,60,12,12,49,6,2,105,2,96,5,18,413,0.5744089012517385
1597,0,24,0,14,5,0,50,7,12,23,6,1,88,0,73,7,20,330,0.5296950240770465
1599,2,21,0,1,4,3,57,7,13,45,1,0,104,1,88,7,7,361,0.4440344403444034
1601,0,5,1,5,2,0,49,5,10,59,0,0,91,1,78,3,2,311,0.44365192582025675
1605,0,36,1,17,8,2,47,6,15,36,3,0,98,2,92,11,15,389,0.5263870094722598
1606,0,34,1,20,12,2,70,15,13,39,6,1,150,4,102,9,11,489,0.6082089552238806
1608,0,45,1,17,15,5,44,16,8,32,5,2,142,0,104,6,23,465,0.5178173719376392
1609,1,5,0,2,6,1,31,6,12,54,1,6,36,2,60,4,7,234,0.3577981651376147
1610,0,33,0,11,6,3,47,22,20,54,9,5,139,2,90,8,9,458,0.4836325237592397
1613,0,54,0,14,22,4,41,27,12,25,9,1,167,0,118,9,19,522,0.5631067961165048
1615,2,17,0,4,7,5,60,13,4,41,2,1,84,0,53,7,1,301,0.4174757281553398
1616,0,22,0,8,6,3,40,11,14,37,0,0,73,4,79,5,6,308,0.4295676429567643
1617,0,20,2,14,10,1,56,19,31,57,4,1,96,3,75,2,9,400,0.49504950495049505
1620,3,48,0,7,12,2,63,11,24,59,6,4,163,3,85,13,20,523,0.5117416829745597
1621,1,36,0,6,4,8,43,11,11,64,3,3,97,1,80,5,9,382,0.49163449163449163
1622,0,53,0,18,34,2,69,40,8,56,9,0,190,2,57,13,24,575,0.515695067264574
1625,1,36,2,11,21,3,18,13,30,22,5,1,142,0,54,6,17,382,0.5032938076416338
1630,0,55,0,7,11,6,30,9,23,56,0,0,158,3,74,9,38,479,0.4780439121756487
1634,0,76,0,10,28,2,44,20,1,14,3,0,128,0,119,7,19,471,0.5370581527936146
1635,0,46,1,10,22,1,27,26,20,39,7,3,126,0,79,13,8,428,0.5101311084624554
1637,0,47,0,13,24,8,35,16,11,27,0,1,133,2,110,11,14,452,0.47780126849894294
1638,2,36,1,9,9,3,30,12,17,80,3,0,142,2,76,4,26,452,0.5478787878787879
1641,7,33,2,8,5,1,40,29,6,35,22,3,133,0,81,11,26,442,0.53125
1643,1,36,1,26,16,2,58,15,28,49,3,3,118,1,85,9,21,472,0.5375854214123007
1644,1,40,1,15,22,1,40,7,31,36,34,3,139,4,76,4,18,472,0.5812807881773399
1645,0,37,3,11,25,0,41,16,19,50,8,1,112,2,84,9,19,437,0.5028768699654775
1647,1,34,0,10,8,1,67,13,17,30,11,1,138,3,69,5,24,432,0.5654450261780105
1649,0,18,0,0,5,1,35,9,11,42,1,4,95,1,76,3,3,304,0.4287729196050776
1657,0,34,0,12,17,6,37,10,7,46,3,2,117,2,105,13,17,428,0.5290482076637825
1658,0,32,3,5,6,5,45,3,9,71,18,2,163,0,70,6,19,457,0.45024630541871924
1659,2,16,1,11,5,0,46,6,11,49,1,2,66,2,83,8,9,318,0.4746268656716418
1660,0,25,0,5,5,5,39,7,13,36,3,1,106,2,76,4,7,334,0.48830409356725146
1662,1,19,1,10,7,5,28,11,18,45,3,4,100,2,72,10,9,345,0.4886685552407932
1663,2,34,0,13,4,5,65,11,10,43,3,1,94,0,91,3,9,388,0.4720194647201946
1667,0,34,1,3,19,4,44,10,22,29,1,1,100,2,59,5,25,359,0.49654218533886585
1668,1,34,0,5,6,1,39,14,16,43,6,0,100,2,96,9,12,384,0.5267489711934157
1669,1,40,0,15,17,6,55,23,27,43,3,3,158,1,95,7,17,511,0.5413135593220338
1670,3,41,0,9,14,3,70,22,19,83,6,0,227,1,109,7,22,636,0.6253687315634219
1676,0,35,1,6,13,5,68,17,12,56,2,3,112,1,68,5,29,433,0.48164627363737483
1677,4,19,2,6,5,4,40,8,16,57,1,4,98,3,87,7,15,376,0.44976076555023925
1679,2,16,1,3,4,4,30,9,8,37,1,1,52,1,60,4,4,237,0.3500738552437223
1680,1,33,0,19,12,0,65,26,8,56,4,0,135,1,102,10,12,484,0.5413870246085011
1682,0,25,0,9,7,3,68,29,8,51,5,1,119,5,92,8,14,444,0.5186915887850467
1683,3,29,2,14,8,5,106,12,16,75,8,2,163,0,93,11,23,570,0.5438931297709924
1685,1,27,1,11,27,9,52,18,18,51,7,3,113,3,89,11,24,465,0.5502958579881657
1688,1,5,2,0,16,4,44,11,12,35,11,3,88,4,99,7,13,355,0.4604409857328145
1691,0,54,0,11,9,3,44,9,14,24,15,0,119,1,97,7,9,416,0.5042424242424243
1693,1,13,1,4,0,1,50,9,9,48,4,2,99,3,74,5,2,325,0.45327754532775455
1695,1,6,0,12,8,2,23,7,9,31,5,0,59,2,96,4,0,265,0.4089506172839506
1696,4,34,0,24,6,4,43,11,21,48,1,3,118,0,96,13,25,451,0.5388291517323776
1699,0,40,1,11,15,5,41,13,9,38,7,0,101,0,89,7,9,386,0.5553956834532374
1701,0,34,1,6,9,2,45,13,8,34,4,1,91,4,84,4,11,351,0.54
1705,2,26,1,7,6,8,50,10,15,63,3,3,116,2,77,5,14,408,0.504950495049505
1706,0,20,0,15,6,0,60,13,9,40,6,0,121,3,74,5,14,386,0.47890818858560796
1708,1,32,1,7,8,2,64,14,18,48,6,2,102,3,75,10,10,403,0.4626865671641791
1709,3,40,0,12,14,3,60,22,9,40,9,2,147,1,142,6,15,525,0.554968287526427
1710,0,45,0,15,22,7,91,24,33,74,3,1,162,3,98,12,18,608,0.5608856088560885
1711,5,31,2,9,11,3,42,17,19,39,4,4,128,2,83,6,14,419,0.5310519645120405
1712,1,22,2,11,2,3,60,7,16,52,0,0,76,0,96,10,3,361,0.4839142091152815
1717,0,25,1,8,3,2,56,6,10,57,4,3,96,2,69,3,7,352,0.43403205918618987
1718,1,5,2,6,1,3,52,6,4,42,0,1,73,2,72,5,4,279,0.36856010568031705
1719,3,18,0,11,4,1,55,16,8,49,6,2,86,1,107,11,4,382,0.5357643758765779
1720,0,8,0,7,3,1,36,3,10,36,3,2,49,2,60,2,1,223,0.35852090032154343
1721,3,17,2,6,0,1,49,8,12,24,4,2,64,1,70,4,0,267,0.375
1722,2,32,1,7,18,3,44,10,10,41,0,1,135,2,107,5,12,430,0.5375
1724,0,24,0,9,29,3,74,7,15,38,3,1,103,4,76,11,10,407,0.49393203883495146
1725,0,31,1,9,10,1,41,9,21,51,2,4,157,0,81,5,16,439,0.5564005069708492
1727,1,7,1,4,2,3,56,5,8,30,2,0,96,1,91,2,2,311,0.4442857142857143
1732,0,17,0,9,6,4,48,25,11,42,0,1,80,3,66,0,2,314,0.4750378214826021
1733,3,13,0,13,5,6,26,15,8,55,1,3,88,3,86,1,2,328,0.4837758112094395
1735,2,36,0,10,5,4,46,11,25,70,4,2,147,0,68,5,14,449,0.5449029126213593
1739,0,35,0,5,7,3,55,6,5,38,3,3,100,4,72,6,7,349,0.4640957446808511
1743,1,30,0,16,7,1,42,11,14,49,18,4,128,6,100,7,37,471,0.5674698795180723
1744,5,20,0,8,2,7,68,12,15,49,5,2,109,1,73,1,19,396,0.5447042640990372
1745,5,38,0,7,6,3,46,9,9,20,8,1,165,1,76,6,11,411,0.6362229102167183
1747,5,26,0,6,25,2,37,49,17,25,4,1,122,0,85,0,75,479,0.6196636481241915
1749,5,37,1,3,20,3,34,15,8,34,2,0,108,1,79,9,15,374,0.5807453416149069
1750,1,28,2,12,6,1,64,17,9,72,3,1,126,0,107,14,8,471,0.5352272727272728
1751,1,42,1,13,16,3,43,15,8,39,7,0,126,0,78,10,15,417,0.52125
1753,1,44,0,10,16,3,30,16,17,30,1,1,121,1,67,8,20,386,0.5019505851755527
1754,2,49,0,10,7,2,45,14,10,31,11,1,149,0,89,16,13,449,0.5801033591731266
1758,0,51,0,19,27,2,48,13,6,22,5,1,110,1,83,5,12,405,0.4815695600475624
1759,1,55,1,14,55,4,38,38,10,29,4,1,156,0,120,15,12,553,0.5212064090480678
1760,0,24,3,9,7,2,61,15,10,60,2,1,101,2,95,14,9,415,0.5193992490613266
1761,1,29,0,10,23,0,32,13,12,31,5,0,110,1,87,6,18,378,0.5242718446601942
1762,2,19,2,12,7,1,36,4,10,34,3,4,162,1,62,6,13,378,0.6116504854368932
1764,0,24,1,12,11,0,56,14,29,40,1,1,115,1,79,2,13,399,0.5168393782383419
1765,0,48,0,16,50,4,36,11,2,15,9,0,111,2,107,15,6,432,0.48868778280542985
1772,2,58,0,10,8,1,43,11,17,28,30,1,122,0,70,8,18,427,0.5258620689655172
1773,0,19,1,4,3,2,35,7,22,49,5,1,139,2,101,9,17,416,0.6072992700729927
1774,3,25,0,13,6,2,72,11,17,61,13,1,168,4,93,5,16,510,0.5821917808219178
1780,5,20,0,5,9,10,52,11,16,50,10,2,103,3,72,2,14,384,0.49612403100775193
1781,1,30,0,18,9,3,50,13,11,50,8,4,157,3,111,13,29,510,0.5156723963599595
1786,0,23,0,7,1,0,39,13,17,38,3,3,136,2,61,5,15,363,0.5689655172413793
1787,4,21,2,6,9,4,76,12,13,53,3,0,108,4,92,5,5,417,0.49174528301886794
1789,1,34,2,11,25,2,57,31,32,81,5,2,157,2,130,9,20,601,0.6208677685950413
1790,3,18,1,2,11,2,58,9,9,27,1,2,160,4,76,10,14,407,0.5660639777468707
1794,1,50,1,8,14,2,46,14,15,31,1,1,170,1,86,10,31,482,0.49690721649484537
1799,3,25,1,11,14,3,56,9,13,30,14,1,113,2,82,5,28,410,0.5488621151271754
1800,3,39,0,14,10,1,75,9,16,46,7,0,150,3,82,7,20,482,0.5403587443946188
1801,3,27,2,14,9,0,73,21,18,60,3,3,141,1,133,5,23,536,0.5726495726495726
1806,3,24,0,9,15,2,69,18,7,69,4,1,109,2,133,6,14,485,0.5376940133037694
1809,1,25,1,11,3,4,54,20,26,43,5,3,108,1,101,8,18,432,0.5489199491740788
1811,2,21,1,12,0,1,56,6,6,24,1,5,76,0,73,8,13,305,0.4572713643178411
1815,1,25,0,4,9,3,38,8,18,51,0,1,120,0,103,3,12,396,0.5673352435530086
1818,1,25,2,27,4,2,48,17,13,45,4,1,125,3,104,10,15,446,0.5540372670807453
1819,0,27,1,20,5,2,47,24,17,31,1,0,92,0,76,3,3,349,0.48675034867503486
1823,0,26,0,18,13,1,48,8,14,33,2,2,97,0,33,10,11,316,0.46607669616519176
1824,1,14,1,7,11,3,72,5,18,77,5,4,84,4,75,7,11,399,0.5377358490566038
1826,2,21,2,8,5,5,53,6,19,69,1,2,102,4,70,2,4,375,0.5006675567423231
1832,0,24,1,7,2,3,43,6,4,37,1,1,89,5,70,4,2,299,0.40791268758526605
1833,0,33,0,15,16,3,41,10,18,40,4,1,153,2,90,12,34,472,0.532130777903044
1834,0,36,1,9,15,1,47,21,17,24,1,0,112,0,63,5,15,367,0.48289473684210527
1842,2,15,0,15,4,5,75,18,28,49,1,0,84,3,83,1,1,384,0.44547563805104406
1846,1,20,2,8,7,5,92,19,12,80,6,7,140,4,107,11,25,546,0.5368731563421829
1847,0,41,2,13,19,3,74,36,15,45,5,6,152,2,93,6,18,530,0.5767138193688792
1848,0,30,2,11,20,1,80,16,9,50,4,1,126,0,133,3,12,498,0.6058394160583942
1851,0,16,1,10,10,4,50,8,8,42,2,1,110,2,84,6,14,368,0.5205091937765205
1855,0,12,1,8,10,4,48,13,8,28,9,2,47,5,68,2,4,269,0.37727910238429174
1863,1,31,0,3,6,2,35,13,16,60,5,5,113,2,69,18,21,400,0.4140786749482402
1872,0,33,1,1,12,0,33,11,10,35,3,3,88,0,53,3,10,296,0.434654919236417
1873,1,22,1,5,6,1,29,7,24,33,3,2,117,1,61,8,6,327,0.5532994923857868
1882,1,40,0,13,3,3,52,15,3,6,2,0,116,2,57,1,15,329,0.43983957219251335
1884,8,20,2,7,6,6,44,11,11,35,1,10,124,1,88,5,14,393,0.5212201591511937
1887,0,36,2,19,9,2,60,14,23,48,8,2,129,4,88,6,11,461,0.5197294250281849
1888,0,31,0,12,7,2,53,13,17,38,4,1,84,2,57,13,11,345,0.5180180180180181
1890,1,30,1,0,0,1,67,0,20,38,4,2,160,1,84,5,13,427,0.5047281323877069
1891,3,38,0,10,17,2,45,32,29,42,13,1,128,2,81,5,59,507,0.5909090909090909
1900,0,36,1,11,12,6,48,9,17,77,9,3,126,3,81,9,6,454,0.4562814070351759
1910,2,42,0,7,8,2,29,8,33,58,12,1,175,1,82,9,30,499,0.5394594594594595
1911,5,45,0,9,6,3,40,18,14,35,9,0,115,2,91,6,21,419,0.5371794871794872
1916,1,41,1,11,21,4,118,30,20,82,15,3,143,2,75,7,18,592,0.5179352580927384
1920,0,40,2,11,6,3,79,32,17,47,3,2,139,8,105,19,22,535,0.5859802847754655
1921,0,36,0,9,13,3,47,11,8,35,5,3,103,3,65,2,18,361,0.5048951048951049
1924,1,37,2,6,9,2,72,9,22,64,3,4,189,2,79,4,14,519,0.5509554140127388
1928,0,23,1,5,11,0,50,9,9,29,4,5,106,1,83,2,14,352,0.5161290322580645
1930,2,40,0,14,9,6,77,14,18,51,10,0,130,2,96,14,15,498,0.498
1931,1,34,2,13,6,0,52,22,11,50,5,0,111,1,82,4,9,403,0.5612813370473537
1932,0,37,1,4,3,2,51,9,30,67,6,9,156,4,68,4,21,472,0.5481997677119629
1934,2,18,0,11,10,3,32,8,8,30,3,2,93,0,57,8,11,296,0.4805194805194805
1936,2,43,2,7,13,0,33,19,12,42,25,1,132,1,95,7,14,448,0.5114155251141552
1945,0,20,0,15,6,3,56,15,7,62,3,5,120,2,70,4,10,398,0.4492099322799097
1947,0,39,1,12,19,4,61,14,15,68,4,2,130,1,100,7,28,505,0.44809228039041704
1952,0,16,3,8,6,5,46,14,22,111,8,4,129,3,167,11,10,563,0.5840248962655602
1954,1,26,1,9,14,3,67,38,29,60,5,1,136,3,96,11,15,515,0.544973544973545
1957,3,64,0,26,16,3,83,19,24,100,7,4,235,1,140,12,16,753,0.5869056897895557
1958,0,26,1,15,12,4,42,14,8,38,1,3,116,2,86,8,13,389,0.4993581514762516
1959,2,52,2,12,9,4,69,15,20,73,6,4,184,3,103,5,23,586,0.5672797676669894
1961,1,52,3,18,12,9,89,13,14,44,4,0,194,1,110,7,12,583,0.5795228628230616
1969,1,28,0,9,3,1,40,26,18,44,1,2,121,4,64,5,13,380,0.5285118219749653
1973,0,15,0,6,7,4,71,7,6,72,0,3,105,2,107,4,4,413,0.48702830188679247
1975,1,14,1,12,11,2,39,7,7,44,4,0,71,1,49,6,8,277,0.506398537477148
1976,0,29,0,11,13,3,52,10,20,48,6,2,96,4,83,9,14,400,0.5181347150259067
1979,1,13,0,5,6,0,39,10,9,31,2,4,54,2,45,5,2,228,0.4359464627151052
1981,0,44,0,19,8,1,54,28,12,37,0,4,182,2,132,4,19,546,0.6059933407325194
1983,4,42,3,5,20,2,40,5,25,25,3,2,150,1,73,12,23,435,0.4769736842105263
1985,0,16,0,9,6,1,45,4,10,58,6,0,109,3,89,2,7,365,0.4539800995024876
1989,1,27,0,7,3,1,56,9,14,57,2,2,106,3,75,10,14,387,0.4948849104859335
1991,2,14,1,7,3,1,64,6,13,44,5,1,81,0,118,1,6,367,0.4735483870967742
1992,1,26,0,6,3,1,48,14,7,78,0,6,87,2,87,2,5,373,0.5246132208157525
1995,1,35,5,10,19,7,74,10,16,69,7,1,140,4,91,15,23,527,0.5961538461538461
1997,1,63,0,13,17,3,60,15,17,48,6,0,132,2,83,7,26,493,0.5465631929046563
2000,0,29,0,4,3,2,79,13,0,0,0,0,106,1,136,0,12,385,0.4415137614678899
2001,1,15,0,14,5,3,78,8,13,62,11,4,114,5,112,5,6,456,0.5083612040133779
2004,1,25,0,9,12,2,54,8,10,47,4,3,118,3,91,3,17,407,0.48279952550415184
2015,0,52,0,11,6,4,63,21,12,59,4,4,142,3,121,7,33,542,0.4990791896869245
2017,6,35,0,6,12,0,74,19,18,37,9,0,146,0,100,10,16,488,0.5434298440979956
2019,4,11,0,5,9,3,53,7,2,64,3,12,86,3,63,2,8,335,0.5022488755622189
2021,2,40,1,10,6,1,55,12,14,20,7,0,106,1,100,9,13,397,0.5357624831309041
2024,2,21,0,9,4,3,58,11,8,48,7,1,116,7,84,3,2,384,0.4187568157033806
2026,0,5,0,1,0,1,0,0,0,0,1,0,10,0,4,0,1,23,0.08487084870848709
2029,1,50,3,9,13,3,50,22,15,33,3,1,148,0,109,13,15,488,0.5495495495495496
2042,2,21,1,12,3,12,43,9,14,77,2,3,145,1,107,5,4,461,0.5379229871645275
2044,2,26,1,14,10,1,65,13,8,39,0,4,85,0,103,11,16,398,0.4461883408071749
2046,0,37,4,11,16,2,50,16,23,59,3,3,168,1,73,20,35,521,0.48782771535580527
2050,0,26,0,11,5,1,74,7,18,53,3,4,110,2,141,7,17,479,0.5206521739130435
2053,1,33,0,10,9,8,74,15,6,40,3,3,146,1,85,2,16,452,0.5213379469434832
2055,0,47,1,5,14,1,81,16,31,63,4,0,167,2,122,9,9,572,0.5463228271251194
2058,1,32,1,9,10,2,46,23,16,43,4,1,133,2,67,9,9,408,0.5224071702944942
2060,0,12,0,9,3,6,40,6,13,49,8,1,117,3,81,8,8,364,0.417910447761194
2062,2,16,4,5,12,3,88,16,13,39,4,1,105,4,89,3,5,409,0.4939613526570048
2063,0,18,0,6,8,8,42,4,11,29,3,1,54,4,61,4,5,258,0.4050235478806907
2064,4,2,1,7,25,9,49,12,14,52,1,2,117,2,106,9,3,415,0.49760191846522783
2065,0,28,1,9,6,3,41,8,9,38,7,0,91,5,63,2,10,321,0.43087248322147653
2066,0,31,0,10,13,3,59,17,11,47,3,7,149,2,114,15,11,492,0.5472747497219133
2069,2,27,0,9,7,3,46,16,10,41,2,2,145,1,73,11,11,406,0.5178571428571429
2070,0,27,1,7,5,1,44,45,22,54,11,2,137,2,68,15,32,473,0.5617577197149644
2072,1,17,1,8,13,4,63,11,14,32,4,0,96,3,84,7,10,368,0.5356622998544396
2082,0,1,0,0,0,0,1,2,0,2,0,0,4,1,5,0,1,17,inf
2083,1,26,0,6,9,5,55,18,9,48,7,3,123,0,74,9,6,399,0.5757575757575758
2089,1,37,5,12,14,3,54,3,6,33,6,0,114,0,86,9,12,395,0.48525798525798525
2091,1,47,0,12,23,2,38,15,10,30,14,1,136,1,70,14,27,441,0.5127906976744186
2092,2,32,0,5,4,6,27,17,16,43,2,5,125,2,81,19,11,397,0.45790080738177624
2102,0,15,0,8,5,1,43,14,10,22,4,0,82,1,57,3,11,276,0.4709897610921502
2103,1,45,1,14,16,4,41,18,7,53,5,1,124,2,76,13,14,435,0.5444305381727159
2105,1,21,0,21,12,6,67,12,19,57,10,4,174,1,102,9,16,532,0.5373737373737374
2107,0,37,2,17,6,2,69,13,22,77,8,3,208,1,113,11,19,608,0.5457809694793537
2108,0,65,0,12,18,3,85,17,14,69,7,4,228,4,99,8,25,658,0.6058931860036832
2117,5,28,0,2,0,3,44,14,9,89,7,4,143,1,82,4,7,442,0.5538847117794486
2120,0,31,0,15,6,2,67,21,18,52,8,3,136,0,86,2,29,476,0.5905707196029777
2124,2,24,1,6,10,2,47,10,9,32,5,3,101,0,75,3,4,334,0.4948148148148148
2132,1,23,1,8,3,2,55,3,13,43,2,0,155,0,56,6,13,384,0.5680473372781065
2141,0,26,0,5,11,6,65,14,9,56,1,1,164,7,96,2,5,468,0.6265060240963856
2144,1,45,1,7,16,2,55,13,19,61,6,0,131,2,103,12,17,491,0.5455555555555556
2147,2,41,0,10,19,2,52,14,21,44,6,1,173,4,153,11,21,574,0.5809716599190283
2158,0,25,1,7,7,8,63,9,23,106,4,3,164,1,123,5,35,584,0.5714285714285714
2159,1,20,0,11,10,5,70,22,10,59,2,1,103,3,110,8,16,451,0.5119182746878547
2172,1,30,0,10,7,2,60,13,9,42,1,2,146,2,101,13,4,443,0.5636132315521628
2181,2,29,1,16,12,4,64,19,15,72,10,5,203,8,95,10,21,586,0.5195035460992907
2183,0,34,2,9,12,4,53,65,11,51,11,2,120,0,93,3,15,485,0.5987654320987654
2184,3,24,1,12,6,3,42,12,9,41,8,0,89,7,59,3,7,326,0.4738372093023256
2186,1,18,2,11,12,4,48,19,30,88,1,0,154,4,114,10,20,536,0.5525773195876289
2192,0,27,1,10,15,4,57,11,8,37,4,2,149,2,83,9,14,433,0.54125
2193,4,27,0,5,18,2,47,15,11,50,7,1,116,4,119,7,13,446,0.5073947667804323
2195,2,24,0,16,9,4,61,14,15,53,3,1,115,4,89,13,18,441,0.4856828193832599
2196,0,16,1,4,2,2,59,12,15,34,2,5,76,4,72,5,3,312,0.45949926362297494
2210,0,19,1,7,7,4,64,9,44,84,12,7,100,5,89,13,15,480,0.4933196300102775
2212,1,26,1,8,5,0,32,9,9,41,5,1,72,2,83,0,8,303,0.45770392749244715
2222,0,23,0,11,8,3,93,24,5,63,3,0,141,2,76,6,8,466,0.5183537263626251
2229,0,34,1,11,11,3,66,24,14,52,0,1,104,4,82,6,16,429,0.5119331742243437
2241,0,28,1,12,9,4,60,6,7,53,1,0,88,2,67,10,14,362,0.5149359886201992
2243,1,25,0,12,18,3,58,25,18,51,2,3,113,3,95,8,18,453,0.5022172949002217
