SEZIONE,AN,Altern. Sociale,Comunisti It.,DC - Nuovo PSI,Forza Italia,Italia Valori,L'Ulivo,Lega Nord,M.S.Fiamma Tr.,No Euro,Pensionati,Rif. Comunista,Rosa nel pugno,UDC,UDEUR,Verdi,TOTALE,AFFLUENZA
1,67,3,5,3,312,12,118,38,2,0,1,18,32,50,5,7,673,0.8961384820239681
2,47,6,22,2,146,4,116,22,5,2,9,31,13,3,3,10,441,0.7101449275362319
3,89,6,26,1,186,24,279,45,5,2,18,79,19,41,1,29,850,0.8629441624365483
4,109,6,11,4,179,22,233,35,1,2,6,67,21,40,4,33,773,0.96625
5,82,4,8,1,267,13,163,29,0,3,4,17,39,52,5,8,695,0.8119158878504673
6,83,0,18,3,159,20,278,32,2,2,8,73,21,47,4,16,766,0.8794489092996556
7,93,3,6,2,322,8,148,25,1,0,4,13,47,66,2,7,747,0.9222222222222223
8,1,0,1,0,4,0,1,0,0,0,1,0,3,0,0,3,14,0.56
9,92,7,9,1,212,12,140,23,3,0,1,18,29,45,2,8,602,0.9121212121212121
10,5,0,1,0,20,3,6,1,0,0,1,4,1,4,0,2,48,0.7868852459016393
11,51,6,25,7,164,25,223,30,4,1,21,68,16,22,3,21,687,0.7878440366972477
12,55,5,16,3,164,17,199,25,7,1,14,47,15,21,2,15,606,0.8156123822341858
13,103,5,9,1,220,10,192,17,4,1,1,27,51,51,3,13,708,0.9030612244897959
14,95,3,8,0,113,11,106,18,1,2,2,22,14,18,1,16,430,0.9534368070953437
15,42,4,4,0,94,4,58,9,1,0,4,5,5,11,1,4,246,0.7987012987012987
16,108,3,6,4,248,9,182,28,2,1,3,30,45,29,2,5,705,0.8901515151515151
17,5,0,0,0,16,0,7,2,0,0,0,3,1,7,0,2,43,1.0
18,46,5,16,4,192,16,290,34,2,1,9,43,14,19,1,13,705,0.8901515151515151
19,72,3,16,6,173,19,221,42,1,1,7,44,14,50,7,13,689,0.8732572877059569
20,87,6,16,3,167,17,240,30,3,0,16,50,14,28,2,17,696,0.8581997533908755
21,5,1,0,0,11,4,27,1,0,0,0,5,1,2,0,5,62,1.0508474576271187
22,91,4,8,1,260,13,148,24,2,0,3,21,53,48,0,7,683,0.9433701657458563
23,126,10,18,4,245,24,262,49,3,0,5,65,32,40,2,20,905,0.9206510681586979
24,68,5,7,1,212,11,214,13,5,0,1,18,44,61,10,5,675,0.9414225941422594
25,69,6,12,3,189,24,210,58,4,2,18,38,16,27,4,16,696,0.8603213844252163
26,70,3,5,5,226,1,152,19,2,0,0,18,44,40,5,13,603,0.963258785942492
27,94,3,8,2,201,18,236,33,2,0,3,35,57,37,2,13,744,0.9219330855018587
28,90,3,13,4,165,7,180,21,3,0,1,30,42,34,2,14,609,0.8903508771929824
29,110,5,18,6,171,18,183,44,6,1,4,65,24,46,3,27,731,0.9183417085427136
30,107,2,17,4,187,15,164,39,4,3,9,47,13,36,1,20,668,0.8754914809960681
31,48,2,10,3,156,23,268,38,3,0,10,37,14,27,2,18,659,0.8648293963254593
33,52,7,9,5,165,19,166,31,1,1,11,41,14,24,1,12,559,0.766803840877915
36,86,2,5,2,201,15,218,30,2,0,1,30,64,46,3,16,721,0.9499341238471674
38,76,4,22,5,201,39,249,52,2,1,11,42,35,47,1,28,815,0.9576968272620446
39,128,6,15,2,221,15,205,30,4,0,2,40,43,46,1,16,774,1.0038910505836576
41,84,5,12,1,202,8,212,29,0,1,7,40,55,53,1,23,733,0.8917274939172749
42,80,1,8,3,183,16,172,31,1,0,10,41,27,48,1,15,637,0.8934081346423562
43,70,5,6,0,212,6,146,13,0,0,2,17,30,58,3,3,571,0.9299674267100977
44,77,4,10,2,213,12,192,13,4,1,2,32,40,43,3,16,664,0.9665211062590975
45,15,1,9,1,49,2,38,8,1,1,2,11,6,7,0,4,155,2.421875
46,101,6,12,5,264,15,185,30,1,0,4,20,39,83,0,9,774,0.9347826086956522
47,74,4,6,2,225,8,128,23,2,1,1,17,46,45,2,17,601,0.9361370716510904
48,105,2,3,1,244,7,152,15,3,1,1,24,26,42,2,5,633,0.9322533136966127
49,13,1,3,1,27,1,35,7,0,1,0,7,1,3,0,2,102,inf
50,13,0,0,1,23,4,27,4,0,0,3,5,2,4,0,1,87,inf
54,5,0,2,1,15,2,18,0,0,0,1,4,3,6,0,0,57,inf
55,85,8,6,0,224,14,212,37,4,2,4,29,23,35,1,30,714,0.9049429657794676
56,71,4,7,4,229,8,194,17,1,1,0,32,42,54,0,17,681,0.9354395604395604
57,111,8,11,2,240,5,216,21,2,0,10,29,31,51,1,23,761,0.9124700239808153
58,90,3,5,1,237,6,168,32,3,0,4,18,37,43,1,7,655,0.9225352112676056
59,95,4,17,3,178,18,236,45,3,1,15,54,26,32,2,26,755,0.9196102314250914
61,103,3,5,1,283,15,185,31,3,3,1,20,33,83,5,4,778,0.9015063731170336
64,68,7,16,1,144,33,180,24,3,2,11,64,21,21,2,25,622,0.8603042876901799
65,93,4,14,4,206,16,214,25,4,1,4,27,40,28,3,10,693,0.9364864864864865
66,50,9,17,3,121,22,216,29,7,5,17,67,7,32,2,23,627,0.8744769874476988
69,85,2,4,0,255,10,151,14,1,0,1,18,64,36,1,10,652,0.9222065063649222
72,66,0,15,5,162,17,178,38,2,0,16,42,14,30,3,20,608,0.8294679399727148
73,73,2,6,0,286,7,145,15,3,1,2,12,36,56,3,12,659,0.9178272980501393
74,88,2,15,0,160,21,199,30,3,1,11,42,18,22,3,18,633,0.8828451882845189
78,89,3,2,0,297,9,150,26,5,0,3,18,26,45,3,0,676,0.9098250336473755
79,79,1,3,1,278,6,110,17,3,0,3,7,21,53,1,12,595,0.9414556962025317
80,117,7,9,5,260,12,168,34,8,0,15,49,30,34,1,20,769,0.9242788461538461
82,88,1,0,2,297,6,104,17,1,0,3,11,45,45,1,4,625,0.9615384615384616
83,99,3,3,2,279,9,155,12,4,0,3,4,38,59,2,8,680,0.9631728045325779
84,68,4,15,0,169,20,262,18,4,1,12,69,20,18,0,21,701,0.9537414965986395
86,55,4,3,1,176,18,198,32,3,2,8,64,19,35,1,9,628,0.80306905370844
87,97,1,4,3,377,5,131,15,3,0,3,19,50,66,5,15,794,0.9243306169965075
88,113,6,3,4,219,18,189,54,4,0,9,33,16,52,1,20,741,0.9512195121951219
90,38,1,1,0,102,3,54,5,1,0,0,4,17,19,0,4,249,0.9054545454545454
91,113,4,10,2,239,9,184,31,3,0,6,40,36,50,3,17,747,0.9267990074441688
92,74,6,15,1,190,25,274,48,4,0,20,50,20,27,1,17,772,0.871331828442438
93,110,5,2,1,296,14,183,19,2,1,1,19,44,73,3,8,781,0.9455205811138014
94,95,4,11,7,208,9,163,23,1,2,3,29,41,32,1,3,632,0.8657534246575342
97,63,2,12,8,198,20,275,50,2,3,22,58,12,35,1,18,779,0.8458197611292074
99,83,8,8,4,302,13,178,17,2,2,2,19,28,52,2,9,729,0.9169811320754717
100,78,11,21,3,173,22,225,26,6,0,15,63,29,35,0,19,726,0.9877551020408163
104,98,3,14,4,272,17,217,30,1,0,5,41,42,68,4,21,837,0.9167579408543264
105,72,9,10,10,165,12,231,23,3,2,8,38,17,38,2,15,655,0.8698539176626826
106,91,3,6,5,219,10,219,29,3,2,2,43,42,32,2,12,720,0.9171974522292994
109,84,3,4,3,230,3,125,29,2,0,2,12,21,34,2,8,562,0.9946902654867257
110,89,5,10,0,222,7,164,30,0,0,1,26,43,36,2,12,647,0.9269340974212035
111,66,1,9,2,219,14,193,19,0,1,4,23,32,42,0,14,639,0.8949579831932774
112,126,6,15,1,180,14,186,24,1,0,2,54,34,41,2,10,696,0.9292389853137517
113,81,3,18,1,215,8,233,27,3,2,8,64,42,35,0,26,766,0.9307411907654921
114,96,4,15,3,204,20,218,38,5,1,10,35,50,44,1,13,757,0.8802325581395349
116,86,2,10,1,181,8,197,20,4,1,5,29,47,40,0,13,644,0.9032258064516129
117,49,6,13,3,159,17,260,52,5,0,7,52,19,37,6,25,710,0.9281045751633987
119,55,2,8,3,207,15,175,19,2,4,14,55,6,22,0,20,607,0.8525280898876404
120,74,3,14,3,210,18,219,73,4,0,22,56,28,16,1,32,773,0.8988372093023256
122,88,2,13,7,200,18,186,17,1,0,2,38,42,33,3,14,664,0.8853333333333333
123,86,14,11,3,206,10,187,24,1,0,8,31,34,33,1,11,660,0.889487870619946
125,70,7,15,0,151,14,210,52,7,0,15,31,18,36,1,16,643,0.9318840579710145
126,77,3,13,1,219,12,241,27,4,0,5,45,40,30,2,25,744,0.8899521531100478
128,116,5,13,4,218,12,236,23,0,3,5,40,34,37,2,20,768,0.8951048951048951
129,100,5,10,0,245,4,192,16,5,0,5,42,43,22,0,9,698,0.8703241895261845
130,103,4,5,3,238,7,220,23,3,0,8,32,37,44,3,15,745,0.9152334152334153
131,84,9,9,1,175,12,226,31,2,0,0,36,40,40,3,9,677,0.9111709286675639
135,81,6,9,1,195,17,167,20,6,1,9,38,20,72,3,25,670,0.8281829419035847
138,86,5,14,7,177,13,181,47,6,3,16,51,30,23,2,12,673,0.8843626806833115
139,71,14,12,6,219,10,176,37,3,0,11,30,18,27,2,26,662,0.8873994638069705
140,125,1,8,3,192,29,204,41,3,2,9,41,31,49,4,22,764,0.8904428904428905
141,90,7,17,7,226,17,226,35,0,1,4,53,53,50,3,24,813,0.9690107270560191
142,85,3,12,1,184,11,184,31,1,0,11,37,39,28,2,13,642,0.8710990502035278
144,46,9,16,2,185,15,228,30,5,1,18,46,9,28,0,12,650,0.8312020460358056
146,93,5,12,4,222,13,225,18,2,1,1,30,38,40,2,11,717,0.9323797139141743
147,98,5,10,1,217,13,201,19,1,1,2,23,29,40,1,20,681,0.9728571428571429
149,107,7,12,4,207,17,193,27,3,0,3,33,33,36,2,19,703,0.9225721784776902
151,89,8,12,2,169,20,211,21,4,1,7,39,47,20,0,17,667,0.9013513513513514
152,54,4,5,2,156,16,232,30,1,0,3,40,22,31,0,20,616,0.8914616497829233
153,62,2,20,4,188,11,229,28,1,0,4,42,25,33,5,13,667,0.9013513513513514
157,96,5,6,11,253,8,211,30,4,0,3,40,43,54,1,14,779,0.9121779859484778
158,84,9,11,2,183,11,216,26,4,2,9,43,47,41,2,17,707,0.8548972188633616
160,78,6,7,0,140,10,113,11,2,0,2,23,20,30,7,11,460,0.9072978303747534
161,27,6,10,3,79,8,90,10,2,2,15,38,7,8,0,13,318,0.7662650602409639
162,10,2,1,0,21,2,34,3,1,0,0,5,5,5,1,3,93,46.5
164,80,0,7,5,216,13,151,19,3,0,3,21,19,43,2,12,594,0.9195046439628483
167,85,3,5,4,185,8,152,13,0,0,4,20,30,53,3,12,577,0.9187898089171974
168,93,8,9,1,198,12,155,24,2,1,1,17,41,41,2,13,618,0.9435114503816794
169,69,5,18,7,178,7,246,26,4,1,7,55,44,47,1,17,732,0.8872727272727273
172,54,4,16,6,190,18,227,33,3,2,24,50,22,25,2,18,694,0.8203309692671394
173,64,4,3,0,119,3,91,7,1,0,0,14,16,24,0,2,348,0.8992248062015504
175,96,5,13,3,226,17,242,34,3,0,3,42,55,57,3,15,814,0.8925438596491229
177,47,2,14,5,137,21,216,34,4,0,9,59,15,19,0,23,605,0.8949704142011834
179,74,5,11,5,227,4,175,20,1,2,2,22,41,51,2,11,653,0.8982118294360385
181,99,7,12,0,249,22,249,40,3,0,11,62,15,42,2,14,827,0.9963855421686747
182,90,3,9,1,240,8,147,26,2,0,1,26,21,34,5,10,623,0.9719188767550702
184,90,9,6,4,203,14,271,26,3,0,12,63,39,30,4,10,784,0.8740245261984393
185,93,5,4,1,169,12,181,24,2,0,5,39,38,34,0,15,622,0.9269746646795827
186,76,7,12,3,221,12,218,21,3,0,8,47,30,35,4,20,717,0.8929016189290162
187,95,9,4,2,165,7,174,29,2,0,9,38,21,35,3,18,611,0.9187969924812031
188,104,5,19,1,223,18,208,18,2,0,6,41,37,33,3,15,733,0.8664302600472813
189,95,6,6,3,248,11,199,44,3,1,8,39,30,34,1,16,744,0.9335006273525721
190,89,3,11,3,150,22,209,24,2,0,11,39,26,26,1,11,627,0.8589041095890411
191,100,4,19,2,218,17,213,19,3,2,6,37,33,37,3,12,725,0.9051186017478152
193,105,3,12,2,216,11,244,39,3,1,6,52,31,30,7,16,778,0.925089179548157
195,88,7,9,2,168,18,192,43,4,2,8,25,40,36,3,19,664,0.9158620689655173
196,71,1,8,2,149,17,178,25,2,3,5,42,13,34,1,16,567,0.9043062200956937
197,67,2,15,4,203,20,235,47,8,4,13,55,23,20,3,16,735,0.839041095890411
198,72,2,13,1,145,10,226,29,2,0,9,50,26,25,0,13,623,0.8373655913978495
199,55,8,16,1,144,15,187,42,3,0,13,40,12,19,2,17,574,0.8503703703703703
200,83,9,9,3,173,7,208,37,1,1,4,45,21,38,2,7,648,0.8697986577181208
201,82,3,7,3,160,16,239,33,5,0,8,54,46,19,2,28,705,0.8924050632911392
204,76,3,13,3,161,19,249,56,3,2,13,64,20,23,2,19,726,0.8918918918918919
205,80,6,16,2,186,30,245,37,3,6,20,63,21,23,2,22,762,0.8758620689655172
206,88,1,16,4,215,16,198,24,2,0,5,33,18,35,1,14,670,0.9115646258503401
207,68,3,13,1,135,14,161,26,2,1,3,40,24,26,1,20,538,0.838006230529595
208,78,4,15,2,140,27,217,29,2,1,10,39,29,25,1,12,631,0.8643835616438356
212,86,3,9,1,196,14,198,23,1,3,2,34,20,61,3,9,663,0.9390934844192634
213,63,7,13,5,128,6,167,15,3,1,9,50,29,20,2,18,536,0.8673139158576052
214,63,4,12,3,203,15,226,46,4,0,18,59,8,23,2,23,709,0.8583535108958837
215,96,2,11,3,180,9,263,32,7,2,6,66,36,43,2,37,795,0.916955017301038
217,95,5,10,0,195,9,218,17,3,2,3,46,33,37,2,17,692,0.9364005412719891
220,82,6,0,0,163,8,179,10,0,0,4,22,43,102,7,16,642,0.9358600583090378
221,62,3,21,3,184,18,215,28,2,3,17,47,14,25,4,22,668,0.8608247422680413
223,82,0,6,3,249,5,148,27,2,3,2,12,53,51,1,10,654,0.9356223175965666
224,78,3,6,4,196,9,161,17,1,0,1,27,30,55,1,11,600,0.9389671361502347
226,86,4,7,0,238,11,172,12,2,0,2,20,36,49,1,10,650,0.9180790960451978
229,84,5,8,0,227,12,145,18,0,2,1,25,33,46,2,16,624,0.9030390738060782
230,108,6,13,1,202,11,264,34,4,1,3,44,35,44,0,13,783,0.9052023121387284
232,122,7,7,1,226,12,161,45,3,0,9,26,21,51,0,3,694,0.9652294853963839
234,89,3,11,2,197,7,173,21,3,1,7,35,26,26,1,17,619,0.8805120910384068
235,94,3,7,0,184,13,180,23,1,0,5,25,41,41,1,14,632,0.9054441260744985
236,73,3,13,1,159,11,183,34,1,1,11,56,22,45,7,16,636,0.8970380818053597
237,71,4,14,2,160,17,207,20,3,0,6,41,37,31,3,21,637,0.8884239888423989
238,53,11,15,0,227,8,194,33,4,2,7,26,24,50,1,20,675,0.8777633289986996
240,85,2,17,3,179,16,187,51,5,0,8,47,39,39,2,15,695,0.8910256410256411
242,93,2,9,3,196,13,201,29,5,0,2,53,35,50,1,18,710,0.9137709137709138
243,73,1,11,1,180,12,176,34,8,1,9,48,24,39,2,17,636,0.9008498583569405
246,59,2,12,0,172,11,201,28,2,1,2,35,54,21,2,12,614,0.8721590909090909
250,94,7,19,4,211,11,240,31,1,1,4,41,40,45,3,16,768,0.8827586206896552
251,2,1,2,4,13,0,14,3,2,0,3,3,1,9,1,1,59,0.4609375
252,74,4,14,3,175,6,260,25,3,0,9,48,61,40,2,20,744,0.8701754385964913
257,65,3,4,2,178,18,201,23,6,0,3,32,41,40,3,22,641,0.8721088435374149
259,74,4,11,3,162,24,243,53,2,1,8,51,21,32,5,11,705,0.9239842726081258
262,96,8,5,2,265,18,180,23,2,1,8,32,13,48,4,26,731,0.9103362391033624
263,99,4,14,2,214,11,257,34,3,0,5,31,38,49,2,10,773,0.9030373831775701
264,86,3,18,3,162,16,298,31,2,0,3,71,52,40,0,33,818,0.8702127659574468
265,86,11,19,3,174,20,229,32,2,2,2,60,44,39,0,25,748,0.8677494199535963
269,84,5,12,2,191,11,278,24,1,0,5,50,64,50,2,16,795,0.9034090909090909
271,127,8,13,4,188,15,246,12,4,0,4,49,34,43,0,19,766,1.0880681818181819
272,86,7,5,0,149,20,196,13,8,2,1,26,29,30,1,17,590,0.8689248895434463
274,62,1,14,4,176,11,158,30,2,2,7,29,15,44,0,12,567,0.8696319018404908
275,74,10,19,3,172,22,191,43,1,1,13,67,38,26,3,15,698,0.8869123252858958
277,85,6,12,5,218,19,214,38,7,1,7,24,30,43,4,18,731,0.8849878934624698
279,100,1,8,0,214,11,223,21,3,3,3,82,40,55,2,15,781,0.9264531435349941
280,65,5,11,3,163,13,224,34,1,2,3,73,46,43,3,17,706,0.8802992518703242
281,57,3,16,1,152,10,189,20,0,1,5,50,27,19,0,20,570,0.8715596330275229
282,53,8,11,2,177,12,174,30,3,1,17,41,14,26,1,18,588,0.8
284,96,5,15,2,181,5,228,30,3,0,5,54,28,25,1,21,699,0.9221635883905013
286,30,3,15,2,132,12,103,21,1,1,12,47,19,15,0,18,431,0.7243697478991596
288,46,8,13,3,115,23,116,23,7,3,15,68,14,21,3,11,489,0.6955903271692745
291,89,7,9,2,175,15,178,43,5,3,7,37,23,42,2,14,651,0.8611111111111112
292,67,6,10,1,165,9,196,34,1,0,2,70,32,36,1,21,651,0.8738255033557047
294,65,2,6,5,179,9,155,32,1,1,6,25,14,43,1,17,561,0.8697674418604651
295,88,5,13,5,178,22,197,53,1,1,6,49,24,25,3,20,690,0.8646616541353384
297,69,8,11,2,194,16,188,26,5,0,15,53,7,45,1,11,651,0.8421733505821475
299,60,1,18,0,112,12,176,21,4,2,7,53,35,19,1,22,543,0.8214826021180031
300,57,2,18,3,134,8,222,33,4,2,5,61,34,19,2,19,623,0.8273572377158035
301,80,4,11,1,208,20,219,24,5,1,5,51,43,38,2,25,737,0.8318284424379232
303,61,2,15,1,117,11,218,31,1,0,5,41,39,31,4,29,606,0.8547249647390691
305,85,8,9,3,242,11,225,24,2,1,3,26,34,42,3,9,727,0.8654761904761905
306,83,1,16,1,151,10,251,19,4,1,8,46,34,18,2,22,667,0.8573264781491002
309,70,4,15,1,161,11,257,20,1,2,7,53,42,44,3,17,708,0.8838951310861424
311,85,3,9,3,245,20,223,52,2,2,4,37,32,34,0,21,772,0.8997668997668997
313,78,3,13,3,215,10,203,41,2,1,5,62,29,41,4,23,733,0.8715814506539834
315,58,2,13,1,157,18,195,26,2,0,13,57,32,38,4,18,634,0.8732782369146006
316,59,2,19,2,158,17,179,23,2,2,7,55,31,26,2,26,610,0.7741116751269036
317,80,1,4,1,131,7,155,22,2,0,2,19,42,31,1,7,505,0.9283088235294118
319,91,5,10,2,189,17,200,39,4,3,9,68,41,29,6,17,730,0.8558030480656507
320,56,4,6,3,139,14,166,23,2,0,7,43,20,23,1,30,537,0.8979933110367893
321,114,8,16,1,175,24,308,34,3,1,7,74,29,47,1,31,873,0.9297124600638977
322,89,4,5,1,216,17,158,34,5,1,7,24,20,31,2,13,627,0.9288888888888889
323,103,0,10,2,187,7,170,25,5,1,4,45,31,36,2,8,636,0.9164265129682997
324,95,8,9,2,179,11,167,15,2,0,0,36,36,42,2,11,615,0.9375
325,108,2,10,6,209,12,176,17,7,0,8,30,22,53,1,11,672,0.9105691056910569
326,62,7,15,2,162,14,194,34,3,2,14,46,12,35,4,12,618,0.8982558139534884
327,66,3,2,1,178,13,171,24,1,0,2,21,27,39,1,20,569,0.8821705426356589
329,81,9,24,3,188,19,268,35,0,5,9,78,32,21,1,32,805,0.9044943820224719
331,101,9,10,4,273,11,205,32,1,2,9,28,52,56,5,14,812,0.9144144144144144
332,6,0,1,0,24,0,24,1,0,0,0,3,2,9,0,0,70,0.958904109589041
333,79,4,2,1,252,8,199,15,3,1,3,22,42,60,3,13,707,0.9502688172043011
334,96,3,5,2,253,8,183,19,1,0,2,20,45,76,8,10,731,0.9276649746192893
335,79,6,15,5,196,20,285,45,3,1,9,44,18,58,5,22,811,0.9031180400890868
336,111,4,11,4,239,7,166,17,0,0,3,22,43,62,13,8,710,0.922077922077922
337,98,2,3,3,213,12,161,13,1,0,4,9,33,71,0,6,629,0.9169096209912536
338,99,4,8,5,275,10,136,17,1,0,2,6,40,78,3,9,693,0.9314516129032258
340,62,11,15,1,198,19,219,39,6,4,23,54,22,28,0,15,716,0.8164196123147093
342,88,2,5,3,212,13,209,25,3,0,0,30,44,75,1,10,720,0.9218950064020487
343,84,7,12,5,184,20,224,57,4,3,16,73,23,42,2,21,777,0.8710762331838565
345,78,3,0,3,222,8,123,10,2,1,0,20,28,43,0,11,552,0.9403747870528109
346,96,4,7,4,265,9,175,26,2,0,1,28,39,54,1,7,718,0.9447368421052632
348,81,8,16,1,183,12,205,31,2,1,6,31,36,22,1,16,652,0.8624338624338624
350,127,4,3,3,253,9,219,29,8,1,4,13,61,86,3,7,830,0.9730363423212193
351,104,4,6,2,262,7,162,18,0,0,0,23,54,55,3,9,709,0.9516778523489933
353,95,3,7,5,223,14,203,16,4,0,5,22,48,45,1,13,704,0.9324503311258279
354,84,2,6,6,180,15,158,21,5,1,5,48,33,49,2,15,630,0.9064748201438849
357,44,2,5,0,125,5,151,8,0,0,3,12,20,30,3,3,411,0.899343544857768
362,85,2,12,1,200,10,188,26,1,0,4,32,27,52,0,13,653,0.921015514809591
363,96,3,12,0,231,12,226,34,7,0,4,45,27,34,4,19,754,0.8933649289099526
364,97,2,15,5,183,13,279,47,1,1,11,54,25,54,2,16,805,0.9382284382284383
365,93,6,10,0,251,19,191,44,2,0,3,35,33,41,2,12,742,0.8983050847457628
366,83,8,7,3,164,21,240,59,2,0,19,43,16,41,1,16,723,0.9221938775510204
367,77,3,8,2,251,12,191,30,2,2,1,22,38,37,1,15,692,0.9214380825565912
368,71,1,8,2,209,17,192,18,4,1,5,32,30,53,1,20,664,0.9391796322489392
370,60,1,20,1,137,16,256,36,2,0,4,56,25,30,4,20,668,0.925207756232687
371,59,3,4,1,144,11,105,21,0,0,2,16,23,30,0,4,423,0.8545454545454545
372,115,5,9,0,241,11,265,23,3,0,5,34,41,62,3,17,834,0.954233409610984
373,78,2,11,2,189,8,184,20,1,2,3,28,42,67,2,12,651,0.8905608755129959
375,99,8,7,1,221,15,217,25,4,3,7,31,35,55,2,15,745,0.8911483253588517
377,89,5,7,3,169,20,205,49,2,2,9,37,17,32,2,32,680,0.9078771695594126
378,95,4,6,1,218,10,182,29,3,0,1,34,33,41,3,5,665,0.9527220630372493
379,98,6,4,2,233,6,199,24,3,1,3,32,35,59,0,18,723,0.9140328697850821
381,82,5,5,0,254,8,148,22,1,1,2,29,38,35,1,12,643,0.8980446927374302
383,69,4,13,4,202,31,222,32,2,0,14,61,11,27,3,21,716,0.8413631022326674
384,96,1,8,2,200,13,223,35,3,3,3,33,30,36,1,20,707,0.8904282115869018
385,77,2,6,0,147,8,131,33,3,0,9,32,25,22,1,13,509,0.8867595818815331
386,113,8,11,2,199,22,247,37,2,2,5,40,57,42,0,14,801,0.9238754325259516
387,78,11,16,3,177,10,211,25,2,2,7,26,40,41,0,27,676,0.9135135135135135
388,98,6,13,5,206,3,221,35,1,0,5,31,36,55,1,12,728,0.9021065675340768
389,100,0,13,1,260,11,197,32,3,0,2,24,34,61,2,18,758,0.9143546441495778
391,86,5,4,3,312,13,179,29,3,0,2,12,33,56,2,16,755,0.9096385542168675
393,99,5,11,2,251,8,164,29,3,0,6,40,37,40,0,18,713,0.89125
394,68,3,13,0,137,20,171,30,1,0,2,29,21,28,3,15,541,0.9016666666666666
396,69,4,9,1,152,14,216,40,4,2,11,50,24,35,0,29,660,0.8753315649867374
397,92,7,7,2,215,6,208,28,0,0,4,19,51,62,1,8,710,0.9149484536082474
399,108,4,4,2,251,16,198,28,1,0,4,20,41,69,3,9,758,0.9805950840879689
400,134,3,9,1,278,9,189,20,3,0,1,20,37,61,1,15,781,0.95593635250918
401,93,0,8,3,196,10,207,31,2,0,5,36,46,44,2,15,698,0.9136125654450262
402,28,1,2,0,50,2,54,9,2,0,1,10,14,19,0,1,193,0.8894009216589862
403,90,2,14,6,206,14,210,26,3,0,3,35,42,44,2,15,712,0.9012658227848102
404,21,3,2,1,68,3,33,1,1,0,0,4,8,14,0,2,161,0.8895027624309392
406,97,5,8,3,257,10,222,37,1,0,11,30,44,53,2,13,793,0.9351415094339622
407,100,2,9,2,197,17,191,30,2,1,4,37,35,42,1,12,682,0.8961892247043364
409,76,1,1,2,254,21,197,34,1,2,4,43,27,52,0,25,740,0.893719806763285
411,86,4,8,3,197,11,148,32,3,0,4,30,30,31,0,11,598,0.860431654676259
414,83,6,11,1,237,12,195,32,4,2,4,35,42,44,3,18,729,0.9227848101265823
415,77,4,5,1,221,5,163,21,1,2,1,33,38,54,1,19,646,0.918918918918919
416,56,5,14,3,133,12,183,23,6,1,7,25,40,34,1,8,551,0.7871428571428571
417,73,8,13,5,192,11,207,36,2,0,7,37,32,34,1,10,668,0.8824306472919419
418,124,2,7,3,241,9,222,30,1,1,2,27,57,65,0,21,812,0.9666666666666667
422,76,3,0,1,153,7,102,13,5,0,1,9,25,22,1,8,426,0.8729508196721312
423,141,5,7,3,282,27,194,21,4,0,4,33,42,77,3,15,858,0.9761092150170648
424,67,1,1,1,189,8,114,9,1,0,1,16,34,23,0,8,473,0.9202334630350194
425,110,2,11,2,268,11,174,37,1,1,0,31,47,68,2,8,773,0.9347037484885127
426,42,5,2,3,117,8,106,11,4,1,3,11,15,17,1,8,354,0.9242819843342036
427,110,4,7,2,285,17,118,19,1,1,2,25,38,43,1,16,689,0.9609483960948396
428,73,5,4,3,151,17,153,33,2,1,4,45,28,29,3,19,570,0.8715596330275229
430,63,3,10,6,157,16,177,26,3,0,7,48,26,29,1,20,592,0.8604651162790697
431,79,7,9,1,175,9,165,23,4,1,3,23,38,37,1,14,589,0.8817365269461078
433,68,5,10,3,216,13,164,24,1,0,5,36,41,41,5,9,641,0.8915159944367177
435,81,3,4,3,180,11,209,21,3,0,3,33,27,47,5,18,648,0.8415584415584415
436,72,2,0,0,179,11,133,24,2,0,2,17,29,42,5,6,524,0.8618421052631579
437,92,3,1,3,252,4,188,15,1,0,5,18,37,46,1,11,677,0.9026666666666666
438,83,0,12,3,246,22,251,40,5,1,6,47,24,45,0,15,800,0.8733624454148472
439,88,5,18,5,195,8,174,35,2,0,7,27,29,54,2,18,667,0.9124487004103967
440,82,1,11,1,156,13,135,22,1,0,3,27,20,19,1,9,501,0.9364485981308411
441,115,3,12,0,225,11,250,23,2,1,5,31,27,56,1,19,781,0.9209905660377359
444,112,4,10,2,166,21,193,34,4,0,3,23,31,43,3,21,670,0.9103260869565217
446,77,2,5,1,205,8,192,29,0,1,5,28,29,51,4,14,651,0.9234042553191489
447,54,5,4,2,130,7,86,25,1,0,1,12,19,25,1,13,385,0.8830275229357798
449,93,0,1,1,280,5,160,26,3,1,3,19,30,49,0,6,677,0.9273972602739726
450,93,0,10,5,199,17,208,35,3,0,2,38,46,46,2,14,718,0.8692493946731235
451,39,0,0,1,61,2,51,5,2,0,0,4,10,16,0,4,195,0.9420289855072463
452,84,2,10,7,160,14,210,27,2,3,6,40,16,27,2,11,621,0.84375
453,49,1,14,4,179,18,237,32,4,3,5,59,22,60,2,16,705,1.011477761836442
454,78,4,16,1,167,14,193,21,0,1,3,30,35,25,0,12,600,0.8875739644970414
457,115,3,5,2,311,9,213,22,3,1,3,36,50,37,0,15,825,0.9439359267734554
458,78,5,9,0,226,6,214,30,3,0,5,52,25,30,1,20,704,0.8778054862842892
460,59,8,21,6,219,16,173,40,4,1,15,52,18,29,1,13,675,0.8353960396039604
461,87,8,16,3,215,8,221,38,0,0,7,53,43,56,3,14,772,0.8987194412107101
462,105,3,10,3,214,11,213,29,5,0,3,30,37,42,0,23,728,0.9088639200998752
465,74,7,19,3,153,21,220,51,0,0,10,58,22,13,2,16,669,0.867704280155642
467,78,1,16,1,154,17,216,25,1,1,10,48,37,40,3,13,661,0.9155124653739612
468,83,3,13,5,169,17,240,27,0,0,11,58,35,30,2,23,716,0.8828606658446363
469,68,2,5,0,148,14,179,26,2,0,3,37,26,38,0,17,565,0.8732612055641422
474,65,6,7,2,156,21,218,44,2,2,9,41,36,31,3,24,667,0.8651102464332037
477,114,2,10,0,225,16,169,32,3,1,3,28,20,42,2,13,680,0.9444444444444444
479,81,5,8,2,210,22,178,35,1,2,5,46,41,38,1,22,697,0.8756281407035176
480,111,2,17,2,208,19,198,21,2,0,7,44,36,43,5,17,732,0.9104477611940298
482,104,3,18,3,199,27,258,37,3,0,7,72,24,40,3,24,822,0.9681978798586572
483,100,10,2,2,232,13,174,45,3,1,13,53,29,43,2,14,736,0.9075215782983971
484,79,4,6,2,230,22,234,40,4,1,11,41,34,46,2,14,770,0.9447852760736196
485,96,4,10,5,270,15,180,33,1,1,9,46,23,41,2,21,757,0.8884976525821596
487,103,5,18,2,201,24,249,33,3,1,6,57,26,51,5,26,810,0.8644610458911419
488,86,4,16,1,204,32,256,59,3,0,10,54,34,36,3,21,819,0.9110122358175751
489,124,3,15,2,210,14,239,57,4,0,6,43,29,44,5,14,809,0.9069506726457399
490,96,5,12,3,175,12,177,36,2,1,2,44,23,33,0,13,634,0.8661202185792349
493,121,8,8,3,213,22,188,41,7,1,8,36,31,46,2,19,754,0.8716763005780347
495,88,11,12,3,154,10,178,31,2,2,10,51,40,40,3,27,662,0.881491344873502
498,62,4,22,5,142,9,236,36,3,1,14,66,42,24,5,28,699,0.8814627994955864
499,79,4,16,1,176,15,210,24,3,1,7,60,39,37,1,29,702,0.8954081632653061
501,89,1,7,1,246,9,190,19,2,1,3,27,50,49,1,12,707,0.9464524765729585
502,107,2,3,1,297,11,179,27,2,2,6,30,32,47,3,8,757,0.8969194312796208
504,108,10,18,3,191,25,275,44,2,0,15,82,28,44,4,33,882,0.9887892376681614
505,71,5,17,3,208,3,185,19,2,4,2,45,46,34,1,13,658,0.863517060367454
506,67,1,7,2,153,11,205,20,1,0,6,33,34,39,3,13,595,0.8610709117221418
508,106,3,11,1,240,23,196,37,1,2,4,32,31,56,2,12,757,0.9288343558282208
510,95,8,16,2,214,15,246,41,4,4,21,74,19,39,3,13,814,0.919774011299435
511,84,10,14,3,176,27,241,48,2,1,9,58,21,31,3,22,750,0.9191176470588235
512,78,5,11,1,286,14,171,14,3,0,3,32,37,46,4,9,714,0.9015151515151515
514,99,4,6,3,248,12,199,21,1,1,3,35,50,43,1,15,741,0.9216417910447762
515,70,4,7,1,240,9,185,37,1,0,2,15,45,57,1,9,683,0.9446749654218534
518,73,11,18,2,221,17,184,33,5,4,18,33,15,31,2,21,688,0.863237139272271
519,76,1,8,0,157,16,147,19,2,1,5,39,35,36,3,5,550,0.8957654723127035
521,71,3,12,0,177,10,136,28,1,1,6,40,38,46,1,12,582,0.8738738738738738
523,76,5,13,6,215,8,233,19,1,0,4,36,47,35,3,23,724,0.9464052287581699
525,83,6,12,3,227,12,192,26,3,1,1,51,48,42,1,13,721,0.9080604534005038
526,82,3,13,2,164,10,223,25,2,0,9,42,45,31,1,20,672,0.8995983935742972
530,5,0,4,0,28,5,17,6,0,0,4,6,0,4,1,1,81,inf
532,84,7,12,0,170,15,213,41,6,1,9,51,21,26,1,27,684,0.9
534,105,1,4,2,278,18,183,30,1,0,1,17,45,45,2,10,742,0.9115479115479116
535,67,2,2,4,193,4,108,17,2,1,1,12,12,28,0,6,459,0.8878143133462283
537,12,1,0,0,37,0,23,2,1,0,0,8,3,7,1,4,99,0.8461538461538461
538,120,13,23,0,202,19,225,37,4,3,10,71,23,48,3,26,827,0.9419134396355353
539,66,3,6,0,129,13,147,29,0,0,7,33,13,40,2,13,501,0.9399624765478424
540,100,8,15,1,249,14,222,26,1,2,5,38,53,38,3,20,795,0.9265734265734266
541,56,7,22,1,197,10,150,33,1,2,6,43,10,14,0,21,573,0.7225725094577553
542,94,3,12,3,156,23,213,16,3,1,8,37,43,28,0,25,665,0.8385876418663304
543,82,6,39,7,172,17,269,49,4,1,9,97,27,28,4,24,835,0.9800469483568075
547,107,7,10,4,215,18,235,35,3,1,12,77,36,46,2,21,829,0.9099890230515917
548,82,4,4,0,208,12,156,21,2,0,5,40,19,34,1,11,599,0.8389355742296919
549,74,6,16,6,173,16,179,28,2,2,15,30,7,25,0,10,589,0.8402282453637661
550,71,5,27,6,209,19,255,41,4,1,8,65,37,36,4,21,809,0.88998899889989
551,62,5,11,2,115,14,242,30,1,0,11,53,13,27,4,18,608,0.9020771513353115
552,78,4,18,3,199,16,169,32,3,0,10,37,28,29,1,11,638,0.8232258064516129
555,93,9,19,0,182,13,227,34,4,0,10,75,43,27,2,24,762,0.8718535469107551
556,84,12,14,3,204,14,207,27,0,2,10,87,44,28,3,23,762,0.8410596026490066
558,59,4,23,4,166,18,195,38,2,0,7,67,35,34,0,20,672,0.8538754764930114
561,43,5,15,3,131,12,127,25,1,0,8,52,30,12,2,19,485,0.8262350936967632
562,67,4,15,3,165,14,188,19,2,2,9,72,23,30,0,14,627,0.8624484181568088
564,73,2,11,1,175,6,219,23,2,0,2,28,16,46,3,14,621,0.9026162790697675
566,83,3,4,4,193,11,109,23,1,0,1,20,22,38,1,9,522,0.8862478777589134
567,89,5,20,7,274,23,232,41,2,2,5,48,26,39,3,24,840,0.9375
568,45,2,8,1,123,9,58,8,2,1,5,25,13,27,0,10,337,0.8915343915343915
569,69,6,13,0,155,12,122,12,2,4,7,37,33,28,2,9,511,0.8460264900662252
570,92,1,12,2,222,16,195,35,5,0,5,27,27,39,1,12,691,0.945280437756498
571,80,3,8,4,167,17,145,22,5,0,5,27,28,53,2,9,575,0.8394160583941606
573,106,3,11,1,200,15,154,35,3,0,8,38,26,52,2,17,671,0.9371508379888268
574,100,3,7,2,201,7,170,37,2,1,3,39,24,32,4,8,640,0.8791208791208791
575,89,3,9,3,242,8,169,44,3,1,5,27,27,39,1,14,684,0.9280868385345997
580,67,5,11,2,163,5,193,38,3,0,6,57,31,25,1,17,624,0.8432432432432433
582,67,7,10,3,172,8,135,16,5,0,7,31,21,20,0,12,514,0.889273356401384
583,55,10,13,5,158,18,223,40,5,2,16,30,24,24,2,18,643,0.8539176626826029
585,97,3,2,4,268,9,132,29,2,0,0,10,35,39,0,4,634,0.9392592592592592
586,76,2,4,1,238,8,151,21,2,0,4,12,36,38,0,9,602,0.9162861491628614
589,117,8,5,3,257,17,178,34,4,1,4,37,40,40,1,26,772,0.8832951945080092
590,75,5,17,3,181,16,172,36,3,1,4,51,43,35,2,18,662,0.8779840848806366
592,57,4,8,1,163,9,134,34,2,2,4,35,25,23,0,12,513,0.8493377483443708
594,63,3,9,4,187,13,194,24,3,4,10,42,43,31,2,17,649,0.855072463768116
596,79,6,5,1,159,14,174,18,3,0,4,29,31,38,0,15,576,0.8767123287671232
600,76,2,19,1,164,28,276,38,11,5,17,53,20,48,3,22,783,0.9388489208633094
601,86,8,13,1,217,17,220,30,4,0,10,56,35,33,2,26,758,0.8917647058823529
603,98,4,8,3,200,13,231,30,5,0,2,34,49,41,4,21,743,0.904993909866017
604,98,4,13,4,204,20,204,38,5,0,4,42,31,30,1,18,716,0.8564593301435407
608,91,5,5,3,256,18,218,36,3,1,6,44,45,46,0,10,787,0.9391408114558473
610,109,3,14,3,223,17,206,36,3,1,9,41,40,33,1,16,755,0.8768873403019745
613,99,9,10,0,276,12,188,24,3,2,2,35,43,35,1,17,756,0.9197080291970803
614,80,7,13,3,186,12,202,29,4,1,12,51,39,45,3,19,706,0.8993630573248408
615,112,8,7,0,237,20,208,52,4,0,5,49,14,54,2,16,788,0.8985176738882554
616,92,4,15,0,210,21,252,36,5,0,11,46,37,37,4,19,789,0.8699007717750827
617,98,5,16,4,201,9,188,44,3,1,7,70,22,58,0,28,754,0.8933649289099526
621,117,5,7,0,265,10,209,25,2,1,2,39,31,36,1,17,767,0.8991793669402111
622,74,6,17,7,193,13,178,47,4,3,13,51,23,22,3,10,664,0.8228004956629492
624,89,6,7,0,274,14,185,35,3,3,3,28,30,39,0,12,728,0.8888888888888888
625,117,4,16,2,217,13,211,26,3,0,6,29,40,57,2,13,756,0.9333333333333333
627,67,7,22,8,175,22,224,40,5,3,23,64,20,19,0,30,729,0.8647686832740213
631,121,7,8,2,252,11,201,39,2,3,2,43,45,41,2,14,793,0.8830734966592427
633,99,1,13,1,191,19,236,46,5,4,8,50,26,37,9,23,768,0.9264173703256936
634,103,6,16,5,187,7,195,29,4,1,9,70,43,40,3,21,739,0.9023199023199023
635,76,4,6,2,180,11,232,43,1,2,8,60,15,48,2,25,715,0.8959899749373433
636,103,4,8,3,192,18,202,33,1,0,3,29,48,46,3,20,713,0.9106002554278416
638,77,4,4,1,137,9,249,20,4,0,6,55,43,26,0,12,647,0.8743243243243243
641,90,7,8,5,228,14,209,34,6,0,7,45,35,36,0,14,738,0.9365482233502538
642,97,6,13,1,196,12,223,37,0,1,6,47,31,30,1,17,718,0.8941469489414695
644,50,8,14,4,159,21,238,39,3,7,21,71,17,13,1,22,688,0.8797953964194374
646,47,6,8,2,165,13,206,19,3,2,11,41,13,19,0,17,572,0.7988826815642458
648,97,0,3,2,247,13,121,44,2,0,3,27,24,36,1,13,633,0.9267935578330894
649,82,3,8,1,235,9,186,25,1,0,1,21,34,47,2,17,672,0.900804289544236
651,55,5,8,3,174,13,206,21,1,2,9,42,23,25,3,16,606,0.8757225433526011
652,84,6,8,0,235,6,235,31,1,1,4,35,32,46,2,16,742,0.9298245614035088
655,92,1,17,3,251,21,238,22,7,1,1,49,48,50,3,18,822,0.9426605504587156
657,79,1,12,3,153,21,223,53,2,0,9,39,16,31,4,15,661,0.886058981233244
659,84,6,9,5,221,11,204,28,1,1,3,28,40,38,7,10,696,0.9098039215686274
662,106,2,5,4,250,6,252,23,4,0,2,35,50,52,1,21,813,0.9377162629757786
663,81,2,9,3,214,12,196,26,4,1,10,46,47,45,3,14,713,0.8846153846153846
665,104,3,12,2,234,17,210,31,5,1,5,33,26,40,5,20,748,0.9044740024183797
666,31,1,9,0,65,3,63,5,0,0,3,10,10,13,0,2,215,0.8847736625514403
667,60,2,11,3,207,14,128,37,2,2,9,45,16,32,2,13,583,0.8624260355029586
668,90,8,7,0,226,28,251,23,2,1,7,36,42,58,3,16,798,0.9311551925320887
669,108,7,12,0,238,14,260,32,4,3,3,39,42,50,3,13,828,0.9261744966442953
671,82,4,13,0,206,13,260,28,6,0,4,37,40,47,0,18,758,0.9404466501240695
673,98,2,6,0,208,23,264,35,1,0,4,37,37,42,1,18,776,0.9227110582639715
674,104,2,5,2,235,13,204,31,6,0,6,34,46,43,5,16,752,0.8952380952380953
675,96,4,13,3,227,10,244,25,3,1,2,48,41,27,5,23,772,0.9039812646370023
676,81,4,6,0,243,8,189,37,2,0,4,29,46,40,2,16,707,0.9290407358738502
678,70,1,6,2,191,11,231,32,2,0,3,32,39,63,1,11,695,0.9242021276595744
679,77,5,8,0,190,29,249,33,1,1,5,54,29,51,2,19,753,0.9483627204030227
680,110,10,14,3,261,16,224,29,2,3,1,25,48,38,2,22,808,0.9129943502824859
684,108,7,13,4,249,15,203,29,4,0,5,39,31,33,2,21,763,0.9159663865546218
686,74,3,0,0,203,16,152,21,1,0,2,30,21,27,4,7,561,0.821376281112738
687,94,3,8,1,195,12,185,38,0,1,3,29,24,38,1,11,643,0.8930555555555556
690,83,15,4,3,238,9,123,32,3,0,4,27,46,33,1,14,635,0.8956276445698167
692,109,4,9,2,258,25,234,36,3,0,12,44,28,47,6,15,832,0.9265033407572383
693,94,5,11,2,180,21,189,31,2,0,5,51,18,27,4,15,655,0.8768406961178046
696,55,2,12,1,155,14,152,30,0,0,5,56,30,29,5,16,562,0.8646153846153846
698,78,5,23,0,207,14,182,33,3,1,4,45,35,31,4,18,683,0.8558897243107769
699,77,2,13,1,139,19,250,41,6,0,16,65,14,33,2,19,697,0.8970398970398971
700,94,3,8,3,215,13,192,30,1,0,9,47,40,38,0,17,710,0.8975979772439949
701,106,3,10,3,275,17,218,33,3,0,6,42,27,59,3,15,820,0.9414466130884042
702,70,6,14,4,216,21,157,54,2,0,11,35,21,22,1,11,645,0.8775510204081632
703,70,5,12,2,175,22,175,37,2,4,5,49,29,23,2,18,630,0.8848314606741573
704,79,7,14,5,175,12,157,43,4,0,5,63,22,48,7,8,649,0.8664886515353805
705,43,17,17,1,174,17,180,35,4,0,16,62,22,23,0,19,630,0.8422459893048129
706,63,6,13,2,125,5,135,34,2,0,12,54,15,19,3,18,506,0.7869362363919129
707,79,1,12,0,177,13,169,24,2,0,10,38,20,41,0,24,610,0.8507670850767085
709,89,6,12,4,225,14,235,23,1,0,6,40,26,30,3,15,729,0.9067164179104478
711,94,4,18,3,194,21,239,38,2,5,10,58,24,44,3,27,784,0.8596491228070176
712,101,8,8,2,266,10,189,51,2,2,8,50,36,29,0,22,784,0.9148191365227538
713,87,1,13,2,199,18,191,27,1,0,6,37,39,35,2,22,680,0.9239130434782609
715,53,6,11,3,160,16,157,24,2,0,4,44,42,23,3,19,567,0.8845553822152886
716,88,6,17,3,201,15,253,33,3,3,9,76,20,34,0,26,787,0.9108796296296297
717,62,1,17,2,147,17,221,37,3,2,16,43,6,13,3,16,606,0.8499298737727911
718,62,6,16,1,170,17,142,33,5,2,4,62,25,22,1,29,597,0.8456090651558074
719,68,4,13,1,164,12,172,24,3,1,5,44,19,29,1,13,573,0.8426470588235294
721,65,1,12,1,193,5,155,32,4,2,6,37,33,34,7,24,611,0.8545454545454545
724,60,0,14,3,134,10,161,21,4,0,3,25,17,29,1,11,493,0.8355932203389831
725,89,4,8,2,165,11,199,36,5,1,7,49,24,44,3,18,665,0.8926174496644296
726,56,9,9,2,157,25,227,32,2,1,9,54,17,28,4,13,645,0.8799454297407913
727,111,5,10,1,201,6,193,39,4,1,6,42,27,51,2,14,713,0.9036755386565273
728,99,5,6,5,215,13,208,44,1,0,2,27,21,48,6,15,715,0.9432717678100264
729,57,5,12,1,129,7,134,43,2,2,14,61,14,17,0,15,513,0.8078740157480315
731,100,1,12,0,176,17,253,33,3,0,6,38,37,42,1,23,742,0.9404309252217997
734,87,6,15,3,217,10,184,22,4,1,6,49,38,58,2,16,718,0.8476977567886659
736,86,5,7,1,230,18,235,40,2,0,6,52,39,46,3,18,788,0.9099307159353349
738,90,5,11,3,177,9,167,23,3,2,15,31,8,28,3,14,589,0.8764880952380952
739,51,5,9,1,144,11,182,21,5,0,5,25,28,24,0,17,528,0.8669950738916257
740,88,2,12,5,192,13,192,29,3,0,3,29,26,51,4,15,664,0.9431818181818182
741,105,3,14,1,181,13,176,35,7,3,15,37,22,27,0,19,658,0.8796791443850267
743,83,8,14,4,178,13,182,62,2,1,9,54,25,16,0,20,671,0.8304455445544554
746,70,0,8,0,215,11,161,36,2,2,8,53,25,24,2,19,636,0.8932584269662921
747,107,4,9,5,258,21,202,26,5,0,6,58,37,42,2,20,802,0.9336437718277066
748,87,5,4,0,167,18,144,42,2,2,9,52,29,23,0,18,602,0.8712011577424024
749,62,8,9,3,172,10,159,32,3,1,7,46,25,16,1,18,572,0.7878787878787878
751,74,3,11,2,198,13,140,38,2,0,12,55,22,37,4,18,629,0.8947368421052632
752,92,5,10,6,204,15,181,35,1,2,4,50,28,30,8,14,685,0.900131406044678
753,87,6,19,5,172,18,169,50,3,0,11,42,25,29,0,24,660,0.8859060402684564
755,55,7,19,1,163,16,229,29,3,0,6,49,19,25,0,12,633,0.8451268357810414
756,64,3,15,3,169,16,144,33,2,1,12,69,13,24,0,17,585,0.8565153733528551
760,76,6,14,1,204,8,208,34,2,0,20,54,44,25,3,14,713,0.8538922155688623
762,55,7,16,2,128,17,152,36,1,3,13,65,19,28,0,18,560,0.8223201174743024
765,58,6,12,2,134,27,133,25,3,1,16,58,15,17,0,13,520,0.8240887480190174
766,85,7,8,2,149,17,264,45,4,1,18,61,24,36,2,12,735,0.8781362007168458
767,68,5,9,2,160,19,212,40,8,0,10,47,21,36,0,16,653,0.8872282608695652
770,95,7,12,4,177,15,194,27,4,2,11,60,22,22,1,21,674,0.8618925831202046
771,77,6,23,4,170,19,138,37,5,2,9,38,16,21,0,28,593,0.8746312684365781
772,82,2,10,3,152,14,216,30,4,1,2,57,20,38,2,19,652,0.8858695652173914
775,101,8,13,2,185,12,160,29,1,0,11,37,16,35,5,14,629,0.8477088948787062
776,82,2,13,3,228,17,208,65,4,0,9,62,23,36,2,20,774,0.9192399049881235
778,76,11,10,4,213,12,206,21,2,1,5,35,23,43,3,9,674,0.8393524283935243
780,69,6,16,2,156,14,235,31,3,0,4,45,26,26,2,18,653,0.8614775725593667
781,102,11,23,6,209,13,193,33,7,2,11,64,15,24,4,24,741,0.8790035587188612
783,64,5,11,2,160,10,221,28,4,1,11,50,21,30,1,16,635,0.9463487332339792
784,70,2,10,2,184,21,224,36,3,1,8,44,22,34,2,13,676,0.895364238410596
785,91,4,15,2,217,9,210,69,2,0,17,53,24,32,0,19,764,0.8791714614499425
786,71,6,12,5,150,17,233,39,3,1,14,33,13,35,4,17,653,0.9355300859598854
788,146,6,23,3,161,37,194,20,1,2,6,63,17,26,3,14,722,0.8957816377171216
789,79,6,16,4,179,16,175,45,3,2,9,51,16,27,1,25,654,0.8673740053050398
790,110,7,10,7,227,13,211,44,3,0,2,40,25,48,11,22,780,0.9187279151943463
791,94,6,12,4,238,10,191,57,5,0,16,66,22,30,2,23,776,0.899188876013905
792,95,8,14,4,176,13,253,44,3,0,4,80,20,47,6,21,788,0.9016018306636155
793,72,1,14,3,218,22,227,46,6,2,14,49,11,36,4,13,738,0.8934624697336562
794,97,8,12,1,193,18,187,39,6,0,18,35,12,29,9,19,683,0.8634639696586599
796,90,5,10,2,188,15,223,41,2,3,18,60,27,25,1,16,726,0.8541176470588235
797,54,1,17,6,142,17,202,37,2,0,10,46,27,28,1,18,608,0.8205128205128205
799,95,5,4,3,264,12,195,54,1,0,9,43,20,46,4,21,776,0.9118683901292597
800,64,5,14,1,192,6,170,39,2,0,11,30,18,31,1,15,599,0.8900445765230312
801,63,11,19,2,180,24,206,38,4,2,13,53,15,26,0,18,674,0.814993954050786
802,67,4,18,3,181,5,152,35,5,2,11,43,8,26,2,17,579,0.8247863247863247
803,90,9,15,1,191,9,192,36,4,1,13,45,20,21,1,25,673,0.8423028785982478
805,76,10,12,3,192,34,199,39,7,1,10,60,24,30,3,20,720,0.8633093525179856
806,80,4,7,3,209,17,212,50,3,2,14,36,13,22,0,14,686,0.8386308068459658
807,66,8,18,2,180,24,212,31,3,2,16,46,14,23,1,25,671,0.8558673469387755
808,75,8,35,1,160,25,198,45,6,1,13,46,24,28,5,12,682,0.8777348777348777
812,76,4,23,1,209,21,226,50,4,3,11,66,19,37,0,20,770,0.8779931584948689
813,88,2,22,2,201,17,270,17,1,1,4,43,29,37,4,25,763,0.8670454545454546
816,103,6,7,2,216,19,236,42,1,1,5,43,30,53,3,31,798,0.9246813441483198
817,100,3,16,4,209,16,265,38,4,1,7,43,34,48,3,18,809,0.9049217002237137
818,98,4,11,2,178,23,199,27,3,2,6,62,29,52,3,19,718,0.8842364532019704
820,70,3,8,6,236,19,198,28,3,0,7,43,26,36,0,16,699,0.9161205766710354
821,85,1,21,2,236,20,223,27,3,1,4,59,21,49,3,17,772,0.9256594724220624
822,68,9,10,2,210,22,263,35,3,0,10,48,22,51,3,30,786,0.8723640399556049
823,64,5,15,9,186,18,259,45,4,4,16,61,26,35,1,29,777,0.8710762331838565
824,146,2,19,2,238,28,302,50,4,0,4,61,49,59,0,37,1001,0.9320297951582868
825,67,4,6,3,148,11,175,29,2,1,1,28,31,60,2,14,582,0.9252782193958664
827,60,6,15,4,156,25,157,26,3,0,9,42,12,20,0,19,554,0.7694444444444445
828,79,3,17,2,171,13,183,35,1,2,11,55,23,25,2,25,647,0.9087078651685393
832,98,1,9,0,238,11,205,27,6,3,6,41,27,28,1,11,712,0.8978562421185372
834,85,5,22,3,212,21,249,34,6,0,10,53,15,33,1,24,773,0.904093567251462
835,83,5,24,5,171,10,210,43,7,0,6,61,25,24,2,22,698,0.8692403486924035
836,64,5,12,3,161,31,177,32,2,0,14,59,12,26,3,19,620,0.7740324594257179
837,71,8,24,9,162,11,240,19,5,2,11,56,19,21,1,16,675,0.9060402684563759
838,88,3,22,2,172,13,184,32,1,2,9,46,13,23,1,26,637,0.8326797385620915
839,86,3,6,1,184,12,157,34,1,2,8,34,26,32,2,12,600,0.8784773060029283
840,69,5,13,1,170,13,193,23,2,0,4,51,19,33,1,16,613,0.8055190538764783
841,71,5,8,1,185,13,219,35,3,0,9,39,24,34,1,20,667,0.892904953145917
844,61,4,24,6,154,12,146,15,5,1,15,44,23,18,3,17,548,0.7365591397849462
847,69,2,17,3,196,22,197,28,4,0,14,42,21,28,0,19,662,0.8530927835051546
848,40,7,8,1,169,19,146,34,0,3,7,46,20,18,4,15,537,0.8351477449455676
852,63,6,12,1,225,13,191,34,1,1,14,52,8,15,4,22,662,0.7788235294117647
853,79,5,16,4,224,20,259,33,3,0,9,51,35,39,1,19,797,0.9267441860465117
855,63,4,14,3,200,13,203,37,3,1,8,49,25,27,1,16,667,0.8124238733252132
856,75,3,13,2,192,18,176,28,7,0,6,45,22,44,3,14,648,0.8937931034482759
857,91,1,6,3,219,13,239,37,3,0,1,26,27,44,2,9,721,0.9412532637075718
859,94,7,7,1,215,15,252,30,1,1,7,44,27,61,4,22,788,0.8804469273743016
861,116,8,10,6,308,15,216,39,6,0,4,35,29,51,2,9,854,0.8951781970649895
862,71,3,12,2,196,12,166,27,1,0,3,24,28,40,0,14,599,0.8967065868263473
863,62,4,17,1,146,20,224,27,3,0,8,43,30,49,3,18,655,0.907202216066482
865,80,8,5,6,134,15,167,35,2,0,5,26,36,34,2,17,572,0.8627450980392157
866,47,4,6,4,155,32,175,29,2,3,13,35,21,26,1,13,566,0.7861111111111111
868,86,4,20,4,201,11,183,45,3,1,6,59,29,41,1,28,722,0.8804878048780488
869,76,4,9,7,200,17,184,25,4,1,5,21,26,36,1,21,637,0.9340175953079178
871,79,4,8,4,167,8,158,30,2,0,1,41,27,26,3,12,570,0.892018779342723
874,107,3,9,4,235,14,196,35,2,0,1,20,29,37,0,12,704,0.9226736566186108
875,104,2,15,2,227,12,195,33,4,2,6,37,30,31,5,28,733,0.8593200468933178
877,73,3,8,8,171,11,145,22,1,3,7,18,10,27,1,17,525,0.8823529411764706
878,78,3,11,3,164,9,209,40,2,1,9,55,23,37,1,12,657,0.9
879,89,7,16,3,187,14,162,30,4,1,11,39,18,21,1,9,612,0.8973607038123167
881,101,0,15,0,205,17,234,55,2,1,8,43,32,57,4,16,790,0.9132947976878613
883,84,6,20,4,262,9,199,36,2,2,8,37,21,41,0,19,750,0.8465011286681715
884,62,9,14,4,205,13,171,38,7,3,11,41,33,29,2,13,655,0.8238993710691824
886,71,6,12,3,182,6,237,23,2,0,3,42,34,31,2,20,674,0.8520859671302149
889,107,3,4,2,237,15,165,26,3,1,8,40,23,37,3,14,688,0.8865979381443299
890,52,5,10,2,196,16,201,37,2,1,6,46,12,24,3,14,627,0.8132295719844358
891,57,10,10,2,202,19,174,47,7,4,8,60,17,28,0,11,656,0.7654609101516919
895,91,1,12,1,180,16,175,34,0,1,10,61,23,32,1,9,647,0.8200253485424588
898,52,6,11,3,153,14,171,24,3,1,8,47,16,17,1,10,537,0.6911196911196911
899,92,6,10,2,199,16,139,34,4,1,12,46,22,32,1,17,633,0.7644927536231884
900,102,1,6,3,289,9,197,54,1,0,10,30,18,45,0,18,783,0.925531914893617
901,44,5,14,5,139,12,144,24,2,4,19,39,15,18,2,11,497,0.6734417344173442
902,56,5,13,4,167,16,130,30,2,2,14,38,15,19,1,21,533,0.8137404580152672
903,53,11,16,2,166,9,186,32,5,2,14,60,17,22,2,16,613,0.7672090112640801
904,57,4,10,1,219,9,186,43,2,1,17,59,13,35,6,12,674,0.7556053811659192
905,89,5,7,0,241,16,198,29,1,0,5,27,24,38,2,19,701,0.9235836627140975
906,109,6,17,7,227,19,288,47,0,0,14,62,20,51,3,22,892,0.8955823293172691
907,82,9,8,2,254,15,269,46,8,1,3,35,36,67,2,27,864,0.930032292787944
908,77,4,13,3,208,16,252,29,3,1,3,41,50,32,2,20,754,0.896551724137931
909,81,2,9,4,159,13,191,38,7,1,9,57,23,21,6,14,635,0.8557951482479784
910,44,5,20,6,222,13,175,37,10,1,13,50,19,19,0,18,652,0.7817745803357314
912,58,7,15,1,179,13,177,33,5,0,13,59,17,17,0,15,609,0.810918774966711
913,96,5,14,2,179,19,194,45,6,1,7,58,9,27,1,9,672,0.8560509554140128
914,46,7,26,5,144,10,179,34,5,1,20,55,12,19,3,15,581,0.8632986627043091
915,37,11,23,2,160,24,176,39,3,4,15,22,10,24,0,20,570,0.7808219178082192
916,34,2,13,5,90,6,83,23,4,1,4,23,15,18,2,16,339,0.7920560747663551
917,51,3,23,3,130,13,319,29,2,1,21,49,19,25,0,21,709,0.851140456182473
920,68,12,20,3,151,22,246,47,8,3,12,71,27,37,6,20,753,0.8615560640732265
921,114,6,13,2,234,18,189,55,5,2,7,35,28,30,0,22,760,0.8745684695051784
922,109,5,7,4,214,11,139,51,2,0,18,41,13,50,4,6,674,0.9170068027210885
924,88,3,8,1,229,17,184,46,2,0,7,34,24,65,3,11,722,0.8991282689912827
925,75,10,9,2,145,8,174,35,7,2,2,47,22,32,0,24,594,0.8696925329428989
927,64,7,12,2,194,15,201,38,4,1,5,41,27,30,1,17,659,0.860313315926893
928,90,5,15,2,200,22,244,39,3,2,4,68,35,30,4,8,771,0.8965116279069767
929,2,4,1,0,19,0,14,2,1,1,1,8,2,1,0,1,57,0.5327102803738317
930,89,0,13,2,182,9,231,39,3,0,3,38,34,41,2,19,705,0.9132124352331606
931,74,3,7,3,158,12,174,45,5,1,7,50,11,26,2,12,590,0.8727810650887574
933,82,7,10,2,171,16,183,38,4,1,9,45,26,48,1,15,658,0.8534370946822308
934,72,5,11,2,191,18,187,38,7,2,8,47,24,38,1,21,672,0.9118046132971506
936,88,8,17,2,186,13,174,32,1,4,10,37,22,17,3,13,627,0.8589041095890411
938,59,3,9,4,162,23,169,25,4,3,11,57,21,39,2,21,612,0.8281461434370772
940,57,15,14,4,164,9,140,29,4,2,13,53,20,24,3,14,565,0.7902097902097902
941,33,4,16,2,163,9,139,31,5,2,16,38,6,21,0,10,495,0.7041251778093883
942,50,5,5,4,136,15,110,44,6,2,25,39,13,26,2,13,495,0.7568807339449541
945,70,5,14,1,183,17,187,74,1,1,13,37,17,32,3,19,674,0.8446115288220551
946,43,3,10,3,137,21,158,23,4,3,39,38,11,5,7,15,520,0.8024691358024691
947,51,10,22,1,183,18,139,42,6,1,15,42,15,20,5,16,586,0.833570412517781
948,144,15,12,6,221,30,158,44,9,2,12,54,16,21,2,23,769,0.9057714958775029
951,90,8,20,9,149,19,265,50,5,3,14,50,34,21,5,27,769,0.9004683840749415
952,110,7,5,6,243,18,166,27,5,0,3,25,29,34,0,8,686,0.9621318373071529
953,93,6,8,2,175,19,157,36,7,1,3,31,13,32,0,9,592,0.7978436657681941
954,84,2,18,2,177,23,210,41,3,2,13,63,18,29,0,19,704,0.8822055137844611
955,68,12,16,6,197,14,202,54,4,3,9,52,26,44,4,13,724,0.9246487867177522
956,38,5,13,4,134,11,170,35,4,2,18,70,12,8,2,10,536,0.8
957,2,2,4,3,16,2,13,0,0,0,6,4,1,3,2,0,58,0.6904761904761905
959,83,12,17,1,201,19,215,42,5,4,13,57,18,18,1,24,730,0.8381171067738232
960,109,7,6,4,267,20,183,24,3,2,5,24,31,55,5,9,754,0.9716494845360825
961,100,5,10,2,217,17,173,34,5,1,9,48,34,40,0,13,708,0.9111969111969112
962,106,6,14,3,240,15,183,38,8,1,8,34,14,40,0,19,729,0.894478527607362
963,54,3,9,3,146,12,141,26,3,2,14,29,15,19,0,12,488,0.8442906574394463
964,142,9,12,0,230,19,250,31,1,5,7,41,35,73,3,27,885,0.9123711340206185
965,116,8,7,7,296,18,180,44,1,1,8,38,31,44,4,17,820,0.8779443254817987
968,78,10,12,3,183,21,209,47,2,0,10,47,14,30,2,20,688,0.8786717752234994
969,62,10,7,8,177,12,118,31,3,2,15,38,10,21,0,11,525,0.7731958762886598
970,103,7,8,5,245,14,203,45,5,1,13,52,38,34,6,29,808,0.8977777777777778
971,92,4,14,1,234,26,232,47,1,0,4,39,20,60,4,20,798,0.9140893470790378
973,108,4,11,3,205,19,197,37,5,0,8,60,31,36,4,18,746,0.8977135980746089
974,81,5,13,6,206,19,221,27,3,1,1,52,33,45,0,19,732,0.8948655256723717
976,65,4,21,4,143,11,177,23,2,4,18,58,23,19,2,22,596,0.8130968622100955
978,76,8,8,3,141,16,175,29,2,0,3,65,21,35,2,22,606,0.8924889543446245
979,57,3,15,4,136,13,212,43,3,1,8,47,24,29,6,19,620,0.8104575163398693
981,63,3,19,1,152,16,211,23,2,0,8,71,27,23,5,38,662,0.8132678132678133
982,49,2,17,2,132,26,188,30,5,0,11,64,12,26,2,13,579,0.8177966101694916
983,103,2,4,2,260,12,172,28,2,0,4,20,28,43,3,12,695,0.9242021276595744
984,47,4,13,4,158,9,155,24,1,2,9,47,18,28,0,18,537,0.8633440514469454
985,70,4,9,2,199,13,178,38,1,0,6,56,23,38,2,16,655,0.8291139240506329
986,111,3,12,3,188,18,183,31,5,0,12,47,23,31,2,20,689,0.828125
988,89,3,17,6,193,34,231,27,6,1,6,77,20,34,3,22,769,0.8650168728908887
989,91,6,14,4,200,13,216,51,6,1,7,54,17,33,1,7,721,0.8978829389788294
990,103,9,14,3,228,22,223,25,7,2,11,64,27,42,2,20,802,0.9457547169811321
994,53,6,18,6,179,20,151,21,4,3,21,43,20,33,2,18,598,0.7746113989637305
995,34,3,14,1,149,11,106,18,4,0,16,34,15,17,0,10,432,0.6990291262135923
1001,74,4,18,5,228,12,183,45,3,1,23,53,11,30,5,22,717,0.809255079006772
1003,63,3,9,2,178,9,165,29,3,1,8,58,16,23,2,22,591,0.8277310924369747
1004,68,3,14,2,132,18,247,22,2,1,29,67,20,13,1,25,664,0.907103825136612
1005,96,3,10,3,198,15,158,39,1,3,7,46,16,25,0,21,641,0.8662162162162163
1006,67,4,23,1,180,10,194,31,5,0,7,32,19,34,3,20,630,0.8873239436619719
1007,105,3,2,0,226,15,138,48,1,0,8,27,17,46,3,12,651,0.9407514450867052
1008,61,6,19,5,167,10,182,21,4,0,15,40,19,16,2,18,585,0.8309659090909091
1010,66,4,9,1,125,14,190,29,2,0,5,57,23,16,2,22,565,0.8382789317507419
1012,7,0,5,1,22,0,15,1,4,3,4,5,2,5,1,1,76,0.4810126582278481
1013,69,4,24,4,192,24,271,17,0,3,23,57,25,44,0,28,785,0.9268004722550177
1015,59,1,11,2,138,16,179,41,1,1,12,71,15,31,0,18,596,0.8790560471976401
1016,86,3,17,2,182,10,218,35,2,1,16,45,15,38,2,19,691,0.8791348600508906
1017,101,7,19,4,181,12,247,40,1,1,7,63,40,26,1,19,769,0.8962703962703963
1019,118,5,12,1,270,27,218,42,3,1,7,53,34,42,4,19,856,0.8716904276985743
1020,87,11,12,3,200,16,164,37,3,1,7,50,27,40,1,20,679,0.8682864450127877
1021,122,9,12,1,199,22,256,50,7,4,7,63,30,37,3,28,850,0.8900523560209425
1022,73,1,9,1,202,14,182,26,5,0,16,31,17,33,3,15,628,0.8795518207282913
1023,91,4,4,1,238,4,146,36,1,0,4,23,20,35,3,9,619,0.9225037257824144
1024,79,7,11,0,222,10,185,28,4,1,11,40,17,49,0,20,684,0.8636363636363636
1025,50,15,14,5,162,7,134,24,5,1,10,32,20,25,2,16,522,0.762043795620438
1027,85,9,11,2,186,22,195,42,4,0,10,41,17,22,3,21,670,0.8792650918635171
1028,93,9,16,2,204,13,215,38,2,1,13,42,26,36,2,21,733,0.8523255813953489
1029,61,6,16,5,165,21,167,42,4,3,16,53,19,32,3,20,633,0.8073979591836735
1030,38,4,22,2,141,9,119,22,3,1,24,48,10,13,5,12,473,0.6240105540897097
1032,52,5,6,3,165,28,137,26,1,2,17,45,14,11,1,22,535,0.7058047493403694
1033,82,3,9,4,214,14,234,33,6,0,5,40,25,36,5,20,730,0.8690476190476191
1034,58,6,10,1,174,11,177,36,2,4,24,47,10,36,1,20,617,0.7674129353233831
1035,38,7,12,2,125,11,135,32,2,1,13,40,14,23,1,16,472,0.7140695915279879
1037,153,8,13,5,220,20,265,62,3,1,4,49,32,49,3,35,922,0.9238476953907816
1038,73,5,26,5,158,11,137,33,4,1,20,62,9,30,4,19,597,0.7307221542227662
1039,7,1,0,1,35,0,17,1,3,1,5,2,0,26,0,0,99,0.2964071856287425
1040,2,2,0,1,10,0,12,3,0,0,3,5,1,2,0,1,42,0.19534883720930232
1043,6,1,2,0,7,3,16,4,0,0,0,1,0,8,0,1,49,inf
1044,2,0,1,0,10,2,15,4,2,0,2,3,3,13,1,1,59,0.3010204081632653
1045,82,4,8,1,182,14,172,39,4,1,5,26,14,41,3,18,614,0.8684582743988685
1046,71,1,15,0,164,7,156,33,1,0,5,22,16,27,2,19,539,0.9074074074074074
1048,114,2,17,0,186,29,239,33,3,0,8,47,21,41,4,21,765,0.9053254437869822
1050,96,3,15,5,197,19,229,42,1,1,12,50,33,54,0,30,787,0.8922902494331065
1051,100,3,9,6,180,8,245,38,3,3,11,50,34,32,4,21,747,0.8716452742123687
1052,87,3,17,4,195,24,226,44,0,0,4,60,23,31,4,16,738,0.8692579505300353
1056,80,4,9,3,196,32,187,50,2,2,8,59,43,42,0,16,733,0.8396334478808706
1059,83,5,12,2,199,11,195,44,3,1,8,51,37,44,2,18,715,0.9322033898305084
1062,34,3,13,5,175,17,107,22,3,0,13,33,8,22,1,10,466,0.6743849493487699
1063,65,8,14,1,175,5,167,41,5,2,16,51,24,29,0,8,611,0.7753807106598984
1064,51,3,8,6,206,9,123,50,2,1,10,36,14,26,0,12,557,0.7416777629826897
1068,79,5,10,0,231,12,192,30,3,2,11,55,25,39,1,13,708,0.9053708439897699
1069,49,8,16,2,178,14,162,62,4,2,15,51,17,17,3,15,615,0.7044673539518901
1070,63,3,15,5,180,12,178,31,2,1,10,29,14,25,0,15,583,0.7671052631578947
1072,45,12,12,1,140,13,161,23,7,2,16,47,12,14,1,10,516,0.7554904831625183
1073,78,5,21,1,200,15,202,36,7,2,14,55,16,32,0,19,703,0.8594132029339854
1074,104,4,14,9,185,26,268,53,1,2,13,89,17,37,5,26,853,0.9363336992316136
1075,65,4,17,0,161,13,220,46,6,3,19,62,18,28,2,23,687,0.8460591133004927
1076,80,9,24,3,195,16,187,29,3,6,18,44,20,7,2,15,658,0.8556566970091027
1077,82,2,11,3,194,13,211,32,4,1,11,38,24,36,2,12,676,0.8894736842105263
1078,68,3,18,4,163,14,214,40,3,0,11,36,21,20,2,18,635,0.8604336043360433
1079,87,3,16,1,260,12,151,29,3,0,11,29,23,45,0,12,682,0.8857142857142857
1080,71,1,11,4,182,9,183,45,2,0,11,35,27,60,0,20,661,0.9104683195592287
1081,83,5,10,4,199,23,198,28,3,1,17,43,14,33,3,21,685,0.8467243510506799
1082,72,3,14,2,166,8,152,27,3,0,12,63,13,20,1,18,574,0.7788331071913162
1083,61,4,28,2,208,17,169,32,4,4,12,46,25,14,4,14,644,0.7549824150058617
1084,93,4,19,0,213,22,269,50,4,0,3,50,29,68,4,23,851,0.9838150289017341
1085,60,7,13,5,157,19,208,35,2,3,6,66,10,31,6,12,640,0.863697705802969
1087,97,15,17,4,215,19,192,57,2,1,18,78,29,28,2,23,797,0.8560687432867884
1089,48,3,25,0,96,20,272,21,4,0,14,71,14,18,4,17,627,0.869625520110957
1090,59,3,9,3,209,19,252,39,2,6,17,68,20,40,2,15,763,0.9270959902794653
1092,75,6,15,4,167,17,217,51,2,2,17,54,19,30,0,17,693,0.9289544235924933
1094,68,10,0,3,138,23,227,35,1,3,19,58,26,26,1,22,660,0.8776595744680851
1095,52,6,7,6,104,11,208,28,2,2,4,49,18,28,0,12,537,0.8920265780730897
1096,72,3,8,4,97,23,187,57,2,0,10,39,15,32,0,18,567,0.9219512195121952
1097,72,3,26,7,164,21,256,31,1,5,15,55,21,18,2,12,709,0.8292397660818713
1099,119,3,7,0,287,12,215,29,1,1,0,40,34,57,5,16,826,0.9260089686098655
1100,111,11,7,2,193,10,194,43,2,3,8,44,26,26,3,20,703,0.903598971722365
1102,59,11,23,1,213,14,158,49,3,1,15,44,20,34,1,20,666,0.835633626097867
1103,90,8,7,4,274,13,131,32,7,2,5,26,24,44,3,15,685,0.8815958815958816
1107,102,5,26,4,185,30,285,45,1,1,7,83,19,35,4,36,868,1.0211764705882354
1111,52,4,8,4,156,17,258,54,3,1,12,43,14,17,0,22,665,0.8998646820027063
1112,76,5,11,2,174,12,160,34,2,0,4,33,10,49,2,7,581,0.8870229007633588
1113,45,7,8,3,107,10,109,25,2,0,2,26,11,20,0,8,383,0.888631090487239
1114,94,4,6,1,234,22,182,37,4,0,14,40,18,39,4,17,716,0.8453364817001181
1115,73,18,9,3,195,9,149,32,0,1,9,29,18,19,3,9,576,0.8275862068965517
1116,3,0,4,2,28,2,33,4,1,0,3,1,1,7,1,0,90,inf
1117,101,3,11,3,218,17,187,44,3,1,14,47,26,28,3,25,731,0.8610129564193169
1118,92,5,11,1,213,16,201,53,2,1,9,39,36,48,3,20,750,0.8823529411764706
1119,112,4,13,5,196,20,218,32,2,2,5,58,17,31,6,10,731,0.8519813519813519
1120,82,9,16,4,197,22,161,47,6,2,16,61,22,40,2,23,710,0.8722358722358723
1121,97,3,25,2,224,21,263,55,5,1,18,71,17,39,2,23,866,0.9212765957446809
1123,75,5,22,2,200,14,192,30,4,0,18,47,15,16,1,19,660,0.825
1124,115,1,15,0,219,24,242,35,3,1,3,52,19,52,3,17,801,0.9196326061997704
1125,63,5,14,3,206,22,211,47,4,4,9,61,18,28,8,19,722,0.8585017835909632
1127,58,4,9,2,171,2,157,57,1,2,9,36,18,33,5,15,579,0.8236130867709816
1128,55,11,17,2,170,12,133,27,4,2,12,42,13,19,3,10,532,0.7940298507462686
1130,68,7,18,1,219,14,196,53,1,1,11,49,23,33,2,15,711,0.8723926380368098
1132,63,2,12,1,188,16,248,38,4,2,3,63,20,34,2,31,727,0.895320197044335
1133,74,3,22,6,200,16,164,51,3,1,5,40,28,24,3,11,651,0.8611111111111112
1135,82,7,18,2,153,17,160,55,6,1,6,36,17,30,0,11,601,0.8232876712328767
1136,79,5,20,0,140,18,182,40,2,3,8,61,14,23,5,14,614,0.8365122615803815
1137,58,6,18,2,138,15,182,24,5,6,7,47,21,20,0,18,567,0.7529880478087649
1141,59,6,8,5,142,13,178,34,2,2,15,55,20,12,2,13,566,0.8498498498498499
1142,61,6,14,4,184,16,180,41,4,5,13,64,17,27,1,24,661,0.8200992555831266
1143,49,3,12,2,176,10,130,55,3,3,8,69,20,27,1,15,583,0.7601043024771839
1144,62,5,14,3,208,16,189,40,0,0,8,37,29,38,4,18,671,0.8536895674300254
1148,83,3,9,4,182,18,197,50,6,1,11,57,16,54,7,10,708,0.8973384030418251
1149,60,5,16,7,141,14,172,38,6,3,9,72,27,27,0,12,609,0.8263229308005428
1151,72,6,13,3,244,13,231,33,1,1,9,44,36,44,4,10,764,0.9041420118343195
1152,21,1,4,4,53,5,77,10,1,1,5,16,5,10,2,2,217,31.0
1154,108,10,27,1,181,21,194,46,4,0,4,74,16,43,8,16,753,0.8265642151481888
1155,91,1,22,4,232,34,246,54,4,1,16,93,23,33,6,24,884,0.8599221789883269
1156,77,2,12,5,178,11,159,31,4,2,29,66,20,27,4,10,637,0.8283485045513654
1159,49,7,9,2,150,5,74,18,3,3,12,22,9,4,2,15,384,0.8118393234672304
1161,49,8,21,8,166,25,227,33,5,2,15,66,12,25,4,23,689,0.8699494949494949
1163,60,9,15,3,161,13,197,33,8,4,15,38,10,17,5,16,604,0.8388888888888889
1164,84,6,19,3,165,17,259,31,2,4,20,58,11,29,5,29,742,0.866822429906542
1165,61,2,9,1,158,14,129,33,3,0,8,42,17,14,1,21,513,0.8078740157480315
1167,71,1,16,7,167,20,196,40,2,1,9,62,14,28,5,27,666,0.8774703557312253
1168,80,5,15,2,132,11,203,31,8,2,10,49,19,21,6,14,608,0.8227334235453315
1170,76,5,19,2,122,18,200,25,2,1,7,52,19,21,2,24,595,0.8548850574712644
1172,53,1,9,4,169,17,157,42,3,1,8,44,18,42,2,21,591,0.8847305389221557
1173,48,7,13,6,143,9,214,40,0,1,12,50,14,16,3,21,597,0.8303198887343533
1174,59,4,16,2,216,12,213,34,1,0,7,59,22,34,2,19,700,0.8883248730964467
1175,67,4,16,0,167,9,188,38,1,2,4,50,30,29,2,15,622,0.8785310734463276
1176,74,3,23,4,180,15,174,36,2,4,14,77,29,17,6,18,676,0.8233861144945189
1178,76,9,19,3,270,32,156,49,5,2,14,65,10,18,0,33,761,0.8298800436205016
1181,70,7,21,0,142,12,235,43,7,1,12,70,28,42,0,19,709,0.9195849546044098
1182,86,5,14,3,183,17,202,41,2,1,10,64,27,29,6,23,713,0.8759213759213759
1184,78,5,21,2,196,19,240,51,3,2,11,54,27,28,0,27,764,0.8822170900692841
1185,98,7,16,1,239,24,228,35,2,1,9,72,35,34,3,30,834,0.9075081610446137
1186,74,2,8,1,200,14,190,45,3,0,8,44,29,25,1,18,662,0.8733509234828496
1187,69,12,14,1,253,13,200,58,1,4,16,51,26,57,2,12,789,0.8594771241830066
1188,62,6,11,3,147,15,159,48,5,3,8,54,18,16,4,17,576,0.8700906344410876
1190,79,7,13,1,199,12,199,50,5,0,14,61,14,26,3,18,701,0.8654320987654321
1191,64,5,4,6,214,15,284,56,1,0,11,37,25,52,1,16,791,0.9262295081967213
1192,72,5,15,2,233,15,211,45,0,0,5,75,31,44,1,22,776,0.8899082568807339
1194,74,3,12,3,173,18,185,54,4,0,7,50,26,45,4,12,670,0.864516129032258
1196,95,10,19,5,189,19,192,50,5,0,7,58,34,43,3,18,747,0.8819362455726092
1200,80,8,15,3,178,20,168,35,2,2,12,53,27,27,1,14,645,0.8290488431876607
1201,69,3,10,1,154,14,195,30,5,2,8,62,19,25,2,20,619,0.8657342657342657
1203,86,2,11,3,170,19,170,40,5,1,9,51,25,40,0,22,654,0.8802153432032301
1204,68,5,12,2,167,17,226,43,0,2,13,59,22,30,2,24,692,0.8511685116851169
1205,93,11,9,2,232,10,187,65,4,0,11,61,28,47,1,27,788,0.9325443786982248
1207,72,7,11,1,145,18,166,42,1,1,3,46,23,30,0,14,580,0.8393632416787264
1209,57,5,13,2,144,20,272,37,3,1,8,69,14,48,2,21,716,0.8828606658446363
1210,96,7,15,2,188,19,212,49,0,1,15,55,15,44,3,23,744,0.8581314878892734
1211,74,8,10,3,178,12,162,56,2,0,1,61,23,34,5,16,645,0.885989010989011
1212,61,11,11,1,134,25,246,44,6,0,24,60,30,36,5,26,720,0.8933002481389578
1213,57,11,22,3,162,17,188,55,3,4,14,59,18,27,3,20,663,0.8318695106649937
1214,91,3,16,1,199,6,155,79,3,1,14,56,22,35,4,15,700,0.9043927648578811
1215,77,4,17,4,235,13,237,78,4,3,7,50,28,40,0,15,812,0.8992248062015504
1216,107,7,9,8,224,11,216,47,0,1,4,46,21,56,8,22,787,0.9035591274397244
1218,80,11,21,5,173,20,213,75,4,1,16,56,28,34,1,22,760,0.870561282932417
1219,108,5,16,1,248,15,190,91,6,1,14,42,25,34,0,18,814,0.9125560538116592
1220,90,6,11,2,225,17,227,84,3,1,13,80,23,43,2,13,840,0.8974358974358975
1221,90,13,10,3,236,29,215,78,6,0,11,46,17,49,3,24,830,0.9171270718232044
1222,55,2,16,2,212,23,213,69,3,4,9,80,27,39,0,20,774,0.8815489749430524
1227,81,2,14,3,231,10,131,39,4,4,3,41,29,21,1,8,622,0.8735955056179775
1229,84,2,5,1,209,6,172,40,5,2,2,24,27,72,4,9,664,0.9046321525885559
1230,94,8,4,2,208,18,205,24,1,0,13,31,25,38,6,19,696,0.8900255754475703
1232,77,1,9,0,164,5,186,35,2,3,6,53,19,26,4,19,609,0.8650568181818182
1233,106,3,10,1,208,18,202,35,3,1,5,36,32,46,5,22,733,0.9173967459324155
1236,76,3,11,1,175,13,189,43,3,0,10,61,29,39,2,14,669,0.902834008097166
1237,89,4,14,2,188,13,190,46,4,0,3,49,29,38,0,13,682,0.8754813863928113
1241,98,2,14,0,216,8,177,33,1,1,7,44,31,45,3,20,700,0.8939974457215837
1242,83,10,6,6,245,18,161,36,1,0,1,44,26,52,0,16,705,0.9215686274509803
1244,119,4,9,3,284,14,178,45,4,0,3,28,32,71,4,6,804,0.9003359462486002
1245,78,2,9,4,182,11,187,35,3,0,4,53,28,37,2,6,641,0.9223021582733812
1246,78,3,9,2,147,12,186,24,7,0,9,36,21,38,1,15,588,0.8647058823529412
1247,65,5,12,4,168,12,168,43,2,0,6,37,14,51,1,19,607,0.8861313868613139
1249,74,4,12,2,196,19,189,27,3,1,3,49,22,37,1,16,655,0.8839406207827261
1251,93,5,7,4,172,25,184,31,4,1,11,52,14,36,1,21,661,0.8754966887417218
1254,81,9,17,1,173,19,178,58,5,1,5,43,26,43,0,30,689,0.8901808785529716
1255,81,3,13,1,110,12,207,47,1,0,8,58,14,16,2,9,582,0.8350071736011477
1256,55,5,9,4,167,17,198,38,5,1,14,33,27,20,1,19,613,0.9014705882352941
1257,72,4,13,4,207,13,196,45,6,0,7,51,25,50,4,9,706,0.8424821002386634
1258,56,6,17,1,145,12,170,37,9,3,16,41,15,22,3,12,565,0.8224163027656477
1259,62,3,11,2,144,18,246,36,5,1,9,52,16,46,1,15,667,0.8464467005076142
1260,120,8,16,2,228,34,294,79,4,3,16,75,22,62,4,38,1005,0.9194876486733761
1261,50,1,14,3,148,23,299,46,5,2,8,56,27,34,4,16,736,0.8932038834951457
1263,58,10,21,1,189,18,190,32,2,4,11,49,26,29,0,13,653,0.7858002406738869
1264,65,4,12,5,163,19,245,44,3,0,9,69,25,40,4,20,727,0.9272959183673469
1265,73,12,22,2,192,20,231,56,4,2,14,75,24,39,1,18,785,0.9022988505747126
1267,76,5,16,4,167,17,264,51,4,1,21,80,13,36,3,23,781,0.8997695852534562
1268,96,4,23,4,191,13,251,52,5,0,8,48,28,37,2,11,773,0.940389294403893
1269,6,0,3,0,21,1,15,4,0,0,0,2,0,2,0,2,56,inf
1270,77,13,8,8,197,17,190,55,4,1,6,36,14,22,2,17,667,0.8584298584298584
1271,104,7,22,1,196,19,219,39,5,1,3,55,22,39,0,23,755,0.9118357487922706
1273,55,1,19,5,166,14,185,20,0,4,12,46,16,10,1,15,569,0.8163558106169297
1274,81,7,3,2,136,10,106,20,1,0,0,18,30,30,0,15,459,0.9017681728880157
1275,95,6,13,4,184,27,199,32,4,1,13,65,32,37,1,22,735,0.8457997698504027
1276,80,3,13,1,170,22,246,44,4,0,12,64,32,41,2,18,752,0.912621359223301
1280,111,8,17,5,203,22,209,31,2,0,8,61,31,34,7,14,763,0.9051008303677343
1283,62,10,7,3,197,16,145,35,4,2,7,40,10,27,0,19,584,0.8225352112676056
1285,82,9,15,0,210,12,208,44,2,1,11,42,21,31,0,6,694,0.871859296482412
1286,71,4,4,4,170,14,162,31,2,1,4,55,36,34,5,18,615,0.8401639344262295
1287,66,9,15,6,174,19,175,26,3,2,6,51,18,33,1,14,618,0.8535911602209945
1291,68,6,16,3,151,15,203,34,2,1,9,54,7,32,2,16,619,0.8331090174966352
1292,58,6,15,1,129,14,205,35,4,3,14,39,11,15,4,18,571,0.7747625508819539
1294,78,6,22,4,192,15,196,34,2,4,19,56,18,19,2,14,681,0.7634529147982063
1296,102,5,14,2,150,20,244,41,6,0,10,52,12,50,1,23,732,0.8851269649334945
1297,64,7,10,6,173,11,183,43,2,4,14,36,12,42,1,13,621,0.8214285714285714
1304,91,8,6,2,177,16,135,33,1,3,4,40,39,35,0,12,602,0.8826979472140762
1307,100,3,7,3,247,16,208,33,2,2,3,42,33,63,5,14,781,0.911318553092182
1309,98,6,10,4,228,13,166,33,3,1,4,20,29,57,4,15,691,0.8836317135549873
1312,104,5,13,1,186,12,195,56,1,2,2,40,23,45,3,23,711,0.8702570379436965
1314,92,1,15,4,227,23,256,38,1,1,8,71,21,35,0,15,808,0.9330254041570438
1315,98,8,14,8,207,14,253,56,4,2,16,86,18,34,4,26,848,0.8609137055837564
1316,60,8,18,3,190,21,191,36,2,2,23,75,24,30,1,20,704,0.8638036809815951
1317,89,1,13,1,170,22,245,42,2,0,10,47,13,55,1,15,726,0.9552631578947368
1318,95,4,7,4,186,19,201,51,0,0,11,38,23,42,2,27,710,0.8942065491183879
1319,90,4,14,1,191,11,142,20,1,0,4,20,16,31,3,8,556,0.8996763754045307
1320,63,6,8,0,176,9,173,35,4,2,8,41,31,33,1,15,605,0.8793604651162791
1321,107,8,15,1,255,16,233,42,5,1,7,58,27,32,1,23,831,0.8983783783783784
1323,58,3,14,2,157,22,194,40,6,2,14,57,10,47,2,22,650,0.834403080872914
1324,75,5,21,6,183,17,265,41,1,3,9,62,22,38,0,19,767,0.9721166032953105
1326,67,7,19,3,153,16,195,22,3,0,11,41,19,53,5,8,622,0.9395770392749244
1328,52,3,10,6,148,23,177,33,1,0,8,38,12,29,1,11,552,0.847926267281106
1329,65,4,10,2,116,15,140,26,2,1,5,36,21,34,2,14,493,0.8931159420289855
1331,62,7,15,3,225,18,170,45,2,7,6,54,17,34,0,10,675,0.7867132867132867
1332,78,6,9,5,188,12,194,32,2,2,5,27,23,47,0,7,637,0.8459495351925631
1333,73,4,15,3,213,19,210,45,4,1,8,42,26,43,3,17,726,0.8768115942028986
1334,90,4,13,0,177,10,211,40,4,2,6,41,25,21,2,12,658,0.9075862068965517
1338,54,4,14,6,154,22,198,60,11,1,9,45,17,20,2,16,633,0.8285340314136126
1339,101,6,23,9,211,13,187,47,5,2,12,55,13,25,4,12,725,0.8333333333333334
1340,75,6,14,3,171,25,235,41,6,3,21,55,10,23,1,18,707,0.8643031784841075
1341,61,10,21,2,208,17,239,48,2,2,10,77,12,21,2,32,764,0.8873403019744484
1342,54,10,17,0,191,18,175,36,1,0,8,48,11,28,0,16,613,0.8794835007173601
1343,77,3,11,4,202,15,190,56,4,1,9,50,24,33,4,13,696,0.8678304239401496
1345,57,8,23,9,168,9,209,54,7,3,14,62,21,19,1,23,687,0.8598247809762203
1346,64,4,11,5,151,13,145,44,0,1,8,53,20,34,2,13,568,0.8875
1348,94,6,22,6,205,18,231,32,4,1,15,57,28,39,1,19,778,0.8502732240437159
1349,56,9,14,2,190,11,143,49,3,0,11,40,27,38,2,18,613,0.8055190538764783
1350,75,3,16,5,199,9,200,43,1,1,7,51,23,35,2,14,684,0.8735632183908046
1351,66,4,16,2,191,21,185,53,3,2,16,53,16,16,1,11,656,0.7865707434052758
1352,79,3,5,2,228,4,158,25,1,2,2,16,48,48,3,8,632,0.9266862170087976
1354,76,3,22,1,210,19,260,53,3,0,20,47,26,43,2,17,802,0.8881506090808416
1357,106,5,12,3,178,28,246,28,0,0,3,37,48,41,0,19,754,1.0093708165997322
1358,89,2,24,3,178,5,249,40,2,2,6,51,25,40,2,14,732,0.8872727272727273
1359,111,6,3,4,293,9,155,42,1,0,6,17,32,49,2,8,738,0.8902291917973462
1361,117,6,6,3,214,24,222,44,8,2,8,41,36,55,2,15,803,0.8882743362831859
1362,108,4,21,0,196,13,195,38,2,1,9,45,24,36,4,14,710,0.8897243107769424
1366,94,2,7,3,205,15,174,29,1,1,5,29,33,38,1,14,651,0.8645418326693227
1368,104,2,8,1,229,21,270,37,0,0,6,44,25,42,1,15,805,0.9065315315315315
1369,84,8,19,4,170,16,328,45,4,0,12,56,14,32,3,18,813,0.9312714776632303
1371,95,5,14,3,210,7,183,38,4,2,7,63,24,57,1,25,738,0.8891566265060241
1373,75,10,11,1,193,17,194,41,2,0,13,36,18,27,1,25,664,0.8383838383838383
1374,84,3,8,3,162,7,223,32,1,1,9,57,37,40,0,18,685,0.8573216520650814
1375,76,4,11,2,211,10,235,39,6,2,5,49,26,28,2,18,724,0.863961813842482
1377,101,5,12,2,196,15,236,35,1,1,10,44,25,36,1,14,734,0.8940316686967114
1382,66,2,7,3,157,10,222,31,5,2,5,37,21,45,7,15,635,0.9176300578034682
1383,98,5,19,4,192,9,192,31,1,0,11,37,38,42,1,19,699,0.8524390243902439
1384,85,7,7,3,216,25,214,27,4,0,4,50,36,36,1,16,731,0.8849878934624698
1387,55,1,17,2,147,15,214,25,2,1,6,74,20,32,0,29,640,0.8707482993197279
1388,81,6,16,7,163,19,186,20,2,3,19,40,13,19,0,8,602,0.844319775596073
1391,92,7,20,7,268,24,182,73,3,6,10,64,16,40,1,15,828,0.8836712913553896
1392,40,7,17,5,173,17,218,33,3,3,25,42,27,26,0,14,650,0.8104738154613467
1394,69,2,17,6,165,7,211,17,2,2,13,39,17,39,1,20,627,0.8484438430311232
1396,86,2,7,4,211,8,147,32,0,0,2,25,26,34,0,9,593,0.9280125195618153
1398,47,3,9,5,132,14,132,23,3,0,9,37,24,25,0,12,475,0.7903494176372712
1399,46,4,12,2,167,19,289,48,1,2,6,55,16,44,1,25,737,0.8375
1400,39,4,13,3,126,10,206,26,3,0,23,65,19,28,0,7,572,0.8289855072463768
1401,67,8,10,0,165,13,147,26,1,0,14,45,20,43,0,24,583,0.8662704309063893
1403,65,5,17,3,177,11,222,27,1,1,5,51,25,41,0,21,672,0.8948069241011984
1404,51,4,18,2,157,10,163,24,3,3,18,42,8,21,0,12,536,0.794074074074074
1406,68,5,26,4,181,16,235,40,3,0,18,86,32,26,5,27,772,0.8654708520179372
1407,82,5,14,1,204,8,208,38,2,0,9,40,25,41,2,19,698,0.8692403486924035
1410,86,8,18,3,160,20,164,25,3,0,19,59,19,36,1,28,649,0.8143036386449184
1411,74,7,4,2,138,19,207,26,2,1,7,33,21,40,1,9,591,0.9471153846153846
1412,52,5,18,1,134,15,159,29,5,0,10,49,14,25,6,18,540,0.8385093167701864
1413,101,7,4,1,183,14,189,31,5,0,8,27,24,37,3,24,658,0.9577874818049491
1415,106,18,24,13,193,30,193,38,8,2,8,98,34,23,3,11,802,0.9072398190045249
1417,80,6,16,3,225,16,301,37,2,2,6,46,25,37,4,19,825,0.9085903083700441
1419,77,4,15,2,178,16,208,39,4,2,16,62,17,17,0,23,680,0.918918918918919
1420,80,3,18,3,196,25,183,36,1,1,12,52,17,36,2,24,689,0.8788265306122449
1421,57,5,1,2,23,4,22,3,2,0,0,2,2,6,0,3,132,0.4489795918367347
1423,108,3,5,3,213,17,154,32,1,1,7,19,34,49,2,9,657,0.926657263751763
1424,74,4,12,2,159,12,185,31,4,0,7,44,23,36,2,12,607,0.8939617083946981
1425,100,11,20,3,164,28,223,35,3,4,12,86,21,36,0,26,772,0.8792710706150342
1426,77,1,6,5,289,9,185,32,1,0,1,8,31,56,0,10,711,0.9011406844106464
1428,84,2,14,1,192,19,169,19,2,3,5,34,36,42,0,10,632,0.8851540616246498
1430,86,1,13,2,191,21,242,59,2,0,10,53,30,31,2,21,764,0.9106078665077473
1432,63,5,11,2,189,19,171,35,6,1,11,50,10,21,1,9,604,0.8064085447263017
1439,80,7,27,4,168,18,214,35,2,2,25,48,20,26,2,15,693,0.8133802816901409
1441,53,5,23,5,177,11,143,20,3,1,16,51,17,24,1,19,569,0.7678812415654521
1442,76,7,13,0,146,20,170,35,3,2,1,68,17,18,4,21,601,0.8799414348462665
1443,86,6,10,5,200,16,207,41,2,1,7,37,23,33,0,18,692,0.858560794044665
1446,75,8,22,5,165,28,267,39,4,2,11,49,20,38,0,30,763,0.9549436795994993
1447,65,2,25,3,180,11,206,32,5,1,15,53,16,33,1,18,666,0.8242574257425742
1448,78,2,12,3,251,18,210,31,3,1,10,30,28,53,7,14,751,0.9804177545691906
1449,81,4,12,1,251,26,214,48,3,2,8,49,20,49,0,11,779,0.8954022988505748
1450,52,6,14,1,157,9,198,52,2,3,4,36,16,21,0,14,585,0.8628318584070797
1451,113,16,19,8,164,21,219,34,4,2,6,60,31,39,3,20,759,0.8644646924829157
1452,116,6,9,4,174,23,198,52,3,0,11,61,24,26,5,12,724,0.8765133171912833
1453,95,4,11,1,205,11,211,41,3,1,5,55,23,29,0,22,717,0.8607442977190877
1454,66,7,14,3,171,13,159,57,9,0,11,34,18,28,2,13,605,0.7726692209450831
1455,98,3,21,1,193,16,217,71,0,2,11,47,22,40,1,21,764,0.87115165336374
1457,79,3,15,3,193,15,167,35,4,1,5,61,24,30,1,16,652,0.8534031413612565
1458,37,0,19,1,168,10,159,31,2,0,5,58,21,22,0,17,550,0.859375
1459,91,4,18,1,155,15,230,73,5,0,15,54,16,19,3,26,725,0.8906633906633906
1460,76,6,10,1,226,22,197,79,6,2,8,42,24,34,2,12,747,0.8527397260273972
1461,96,6,9,2,204,16,152,39,2,2,6,27,30,39,1,8,639,0.8801652892561983
1463,74,4,13,4,207,16,217,52,3,0,8,50,17,49,0,14,728,0.8856447688564477
1464,61,1,10,1,154,17,239,26,2,1,14,57,24,30,0,22,659,0.8405612244897959
1465,59,2,10,2,156,9,131,17,2,2,6,35,10,14,0,12,467,0.79421768707483
1466,91,4,11,1,201,14,246,42,3,0,7,44,45,57,3,33,802,0.8813186813186813
1468,89,2,13,2,167,14,179,34,1,3,9,34,24,32,3,17,623,0.8811881188118812
1470,70,5,10,2,230,8,116,45,7,2,14,24,19,25,3,18,598,0.8363636363636363
1471,88,7,15,2,203,13,243,39,2,0,6,56,20,29,6,24,753,0.8755813953488372
1474,104,6,13,4,193,18,240,59,0,1,8,45,29,53,2,19,794,0.9887920298879203
1476,95,6,8,0,241,8,197,42,1,0,9,28,29,36,1,17,718,0.9123252858958069
1478,105,3,10,4,231,23,204,36,2,0,3,36,19,54,1,9,740,0.9013398294762485
1479,91,5,6,3,215,19,239,53,2,0,10,56,28,52,0,21,800,0.8918617614269788
1480,64,4,14,7,143,17,205,19,3,0,9,62,10,25,0,19,601,0.8358831710709318
1483,107,11,19,3,232,8,152,56,4,2,22,48,19,31,4,20,738,0.9111111111111111
1484,115,1,12,1,221,9,181,24,3,1,1,25,26,49,2,18,689,0.8971354166666666
1486,52,6,21,4,142,12,164,31,1,2,3,60,18,32,0,15,563,0.8159420289855073
1488,38,2,8,3,133,17,88,24,5,1,14,43,13,11,0,16,416,0.6753246753246753
1489,55,7,13,5,151,17,145,18,3,3,13,34,13,19,0,13,509,0.7608370702541106
1491,52,6,11,6,168,9,128,41,7,0,19,62,17,15,2,22,565,0.7009925558312655
1492,78,4,24,10,188,17,193,30,1,3,10,66,21,22,1,12,680,0.8684546615581098
1494,35,4,20,3,135,11,116,41,2,1,17,30,13,13,0,10,451,0.6822995461422088
1495,60,5,10,3,176,7,170,43,4,3,17,44,13,30,1,12,598,0.8180574555403557
1496,87,7,9,2,266,12,190,43,3,0,6,45,21,46,4,14,755,0.8445190156599552
1499,103,8,16,2,181,9,214,35,4,1,9,53,19,34,0,21,709,0.8688725490196079
1500,69,6,14,1,190,22,196,49,2,1,18,44,22,29,6,17,686,0.8672566371681416
1501,106,4,7,1,243,23,202,41,5,0,4,30,24,55,1,19,765,0.9295261239368166
1503,98,6,6,2,263,15,149,22,5,0,3,20,35,40,2,16,682,0.9592123769338959
1504,114,7,6,4,158,34,149,26,7,1,2,60,16,31,6,17,638,0.8885793871866295
1505,89,4,6,2,238,8,243,45,2,1,10,32,22,46,3,12,763,0.9105011933174224
1506,84,5,22,1,159,15,294,58,4,0,18,96,15,23,3,19,816,1.0074074074074073
1507,72,7,12,2,150,9,169,30,3,1,7,50,31,26,3,16,588,0.8571428571428571
1508,111,8,6,1,259,11,213,24,1,0,2,24,44,43,5,10,762,0.9136690647482014
1512,84,7,20,4,197,18,186,46,5,6,11,72,18,31,6,21,732,0.8337129840546698
1514,53,6,13,2,189,18,190,49,4,1,15,61,14,63,7,11,696,0.8305489260143198
1515,60,4,15,2,170,12,178,66,4,1,11,57,30,51,4,6,671,0.8419071518193224
1516,97,8,14,3,205,35,257,48,7,1,6,51,37,45,4,19,837,0.9511363636363637
1517,90,4,5,0,223,9,218,39,2,4,10,46,31,45,2,18,746,0.8664343786295006
1520,71,2,8,4,173,14,195,34,3,1,5,48,27,48,1,20,654,0.8616600790513834
1521,51,5,9,1,110,4,128,14,0,0,4,34,31,20,0,9,420,0.8588957055214724
1523,83,2,20,0,197,25,187,30,0,2,6,62,24,36,0,12,686,0.88745148771022
1525,60,4,11,2,212,10,165,33,8,0,7,46,21,42,0,12,633,0.8928067700987306
1526,26,4,24,1,160,13,143,30,5,2,13,48,14,15,1,4,503,0.7195994277539342
1528,68,9,21,7,128,9,178,44,5,2,18,62,19,22,2,11,605,0.8231292517006803
1529,105,7,14,6,249,19,246,58,6,0,2,54,22,46,3,20,857,0.9284940411700975
1530,94,1,11,4,197,9,186,49,2,1,8,35,24,42,1,15,679,0.8875816993464052
1531,63,4,17,3,169,27,181,41,9,1,17,38,15,28,0,17,630,0.7944514501891551
1532,19,0,1,0,47,4,58,10,2,3,6,11,3,7,2,2,175,25.0
1533,23,2,0,0,10,0,4,0,0,0,0,5,1,1,0,0,46,7.666666666666667
1534,16,1,10,2,51,3,73,5,3,1,2,13,2,16,0,3,201,4.902439024390244
1535,13,3,3,0,29,2,38,10,1,0,1,9,1,4,0,2,116,inf
1536,11,1,2,0,35,1,64,6,1,1,6,6,3,4,0,1,142,inf
1538,14,0,4,1,63,4,64,9,0,2,3,10,3,13,0,2,192,192.0
1539,16,1,5,0,31,3,44,7,0,1,1,5,6,9,0,3,132,22.0
1540,12,0,3,0,32,6,34,5,0,0,5,10,1,4,1,1,114,inf
1541,27,2,2,1,46,5,41,10,3,1,1,7,4,16,0,2,168,21.0
1544,13,0,4,2,49,3,21,3,3,0,1,5,1,7,0,1,113,12.555555555555555
1547,8,0,2,2,31,0,17,3,2,1,0,9,3,4,1,1,84,inf
1548,5,0,1,0,8,3,6,0,0,1,1,2,0,1,0,0,28,inf
1550,3,3,2,1,16,1,30,3,1,0,2,3,2,3,2,0,72,0.1978021978021978
1552,91,7,10,3,196,14,276,36,7,3,16,60,22,27,7,23,798,0.8936170212765957
1553,86,7,5,1,198,14,135,29,1,1,6,28,24,33,0,14,582,0.8967642526964561
1554,78,3,14,1,163,9,154,28,3,0,3,41,27,42,0,16,582,0.8521229868228404
1556,77,6,12,1,197,24,181,33,2,0,7,51,24,25,0,21,661,0.7944711538461539
1558,95,4,8,9,251,7,168,29,6,0,1,28,42,69,5,12,734,0.9434447300771208
1559,87,6,8,0,258,13,173,41,3,1,6,43,28,55,6,19,747,0.8892857142857142
1565,103,8,8,1,197,9,223,42,2,1,3,47,27,43,1,15,730,0.9102244389027432
1566,98,5,6,2,192,15,203,44,3,0,6,45,32,38,2,20,711,0.9221789883268483
1568,80,2,9,4,178,11,240,59,2,2,13,52,18,32,5,9,716,0.8796068796068796
1571,83,3,15,4,192,12,156,37,1,1,11,53,21,37,1,14,641,0.8165605095541402
1572,71,8,14,2,193,18,182,47,9,3,18,47,22,19,2,19,674,0.8341584158415841
1573,77,6,7,3,138,19,186,32,4,1,15,58,25,30,6,14,621,0.8518518518518519
1574,75,7,8,5,197,16,198,42,2,0,10,49,29,46,2,29,715,0.9027777777777778
1579,99,9,13,0,249,24,271,36,3,1,4,45,39,44,0,18,855,0.8823529411764706
1582,25,0,2,0,38,1,37,23,0,0,3,12,2,4,0,5,152,0.8306010928961749
1583,56,5,14,1,173,20,219,23,3,0,11,41,16,35,2,18,637,0.8619756427604871
1586,78,1,15,4,141,7,169,31,2,1,21,41,16,26,1,12,566,0.8051209103840683
1587,94,4,20,0,177,14,218,38,3,1,7,55,19,36,1,19,706,0.9751381215469613
1588,87,4,6,3,220,16,219,38,4,3,11,63,23,33,2,26,758,0.8763005780346821
1590,109,2,9,2,238,19,180,33,3,2,7,29,37,32,2,21,725,0.9039900249376559
1592,77,3,12,5,131,15,193,43,4,2,15,52,30,27,2,26,637,0.9152298850574713
1593,85,4,5,3,199,16,201,27,3,0,11,42,25,31,4,21,677,0.8919631093544137
1594,103,4,16,2,175,17,319,52,4,2,7,47,34,46,1,21,850,0.9659090909090909
1595,75,3,15,2,215,17,256,29,2,1,6,56,40,36,2,24,779,0.8822197055492639
1596,90,4,9,6,210,15,148,41,1,1,16,41,16,34,2,19,653,0.9382183908045977
1597,58,1,16,1,186,11,169,32,5,0,12,48,14,27,0,13,593,0.8850746268656716
1599,76,8,5,4,202,16,219,32,6,0,8,50,21,59,3,17,726,0.826879271070615
1601,61,8,15,4,200,17,189,46,3,2,18,44,13,16,2,6,644,0.7749699157641395
1605,89,4,14,2,209,7,149,35,2,0,6,30,26,26,1,14,614,0.882183908045977
1606,103,2,7,2,250,14,173,33,1,5,8,23,29,62,0,16,728,0.9180327868852459
1608,118,1,5,5,250,19,165,43,2,1,8,31,24,51,2,17,742,0.9171817058096415
1609,44,3,14,4,163,8,170,37,2,1,10,53,16,15,1,10,551,0.7674094707520891
1610,78,5,9,3,224,23,249,52,4,2,13,52,29,44,3,16,806,0.8741865509761388
1613,91,1,4,7,270,12,249,21,2,0,0,26,40,62,2,11,798,0.9649334945586457
1615,57,2,15,5,156,11,190,43,5,2,15,46,14,14,3,14,592,0.7619047619047619
1616,58,4,23,2,193,10,178,38,1,3,10,56,9,21,2,20,628,0.7929292929292929
1617,59,6,14,4,197,16,216,27,2,4,13,71,19,27,3,19,697,0.8317422434367542
1620,102,5,17,2,187,19,230,49,4,1,7,41,25,55,2,17,763,0.8393839383938394
1621,70,3,11,1,188,11,167,46,5,0,15,55,20,29,0,25,646,0.8260869565217391
1622,115,8,12,0,207,25,230,41,4,0,0,39,39,54,3,24,801,0.960431654676259
1625,87,2,6,0,200,16,192,22,3,1,0,30,34,32,2,12,639,0.9494799405646359
1630,62,2,24,2,177,17,232,43,5,1,7,65,37,31,6,26,737,0.8442153493699885
1634,112,0,8,0,271,6,172,23,3,0,3,21,49,65,3,10,746,0.9325
1635,87,7,10,1,251,13,184,32,2,1,5,29,48,37,2,18,727,0.9478487614080835
1637,128,7,6,2,286,15,202,27,4,1,5,24,49,48,3,6,813,0.9609929078014184
1638,54,6,14,4,149,27,235,35,5,1,21,56,15,29,1,23,675,0.9012016021361816
1641,83,6,11,3,189,17,189,26,4,2,9,26,44,56,0,16,681,0.9458333333333333
1643,115,6,12,4,198,18,208,34,0,0,5,42,22,47,3,15,729,0.8804347826086957
1644,112,7,11,6,187,11,199,34,1,2,6,58,31,34,3,18,720,0.8955223880597015
1645,99,4,6,1,220,14,208,38,2,1,9,60,26,25,1,18,732,0.8621908127208481
1647,81,3,12,0,206,15,198,45,1,0,7,54,26,35,1,10,694,0.8707653701380176
1649,49,6,13,3,175,12,200,24,2,2,11,40,16,25,2,16,596,0.8142076502732241
1657,94,1,6,2,234,9,201,28,3,1,9,31,25,38,1,11,694,0.8989637305699482
1658,92,8,14,2,221,17,231,44,2,1,13,58,19,38,5,24,789,0.864184008762322
1659,73,5,9,1,165,10,147,39,5,2,8,64,21,23,0,21,593,0.8201936376210235
1660,71,6,6,1,162,16,212,21,3,0,14,40,24,32,5,8,621,0.8391891891891892
1662,71,8,12,2,175,20,210,26,0,0,13,47,21,34,3,21,663,0.8678010471204188
1663,74,2,10,1,141,26,208,55,1,0,9,62,19,50,1,19,678,0.846441947565543
1667,68,3,9,0,158,22,205,16,3,0,8,44,21,33,0,19,609,0.8565400843881856
1668,72,1,6,3,178,8,163,25,2,0,4,33,15,29,0,18,557,0.8622291021671826
1669,77,6,6,2,154,15,179,32,1,0,10,46,26,35,1,9,599,0.8581661891117478
1670,82,5,9,4,202,13,234,38,1,3,7,41,12,43,2,19,715,0.9862068965517241
1676,87,0,9,1,160,7,156,46,4,0,5,42,19,30,1,21,588,0.8270042194092827
1677,62,5,28,6,210,19,211,19,6,6,22,75,18,11,2,25,725,0.8620689655172413
1679,48,7,11,5,151,14,141,30,9,3,10,49,12,12,0,15,517,0.7291960507757405
1680,107,1,9,3,209,13,177,54,9,0,4,59,24,52,3,21,745,0.9096459096459096
1682,61,10,15,0,212,15,184,49,1,1,21,47,24,33,5,15,693,0.868421052631579
1683,80,5,11,2,204,19,233,78,3,1,22,58,27,43,1,25,812,0.8923076923076924
1685,78,2,11,1,206,20,181,46,5,0,13,57,28,30,3,20,701,0.8375149342891278
1688,65,2,12,3,217,12,177,38,4,1,16,62,18,30,0,13,670,0.8375
1691,91,5,1,1,277,8,156,27,1,1,1,9,25,54,1,10,668,0.9488636363636364
1693,50,4,19,5,184,8,201,32,5,1,12,47,14,18,2,8,610,0.7911802853437094
1695,52,22,13,3,168,6,159,1,9,4,13,54,28,22,0,10,564,0.7480106100795756
1696,70,4,16,4,166,20,205,44,2,0,9,44,25,43,3,21,676,0.897742363877822
1699,84,4,11,4,197,20,138,33,2,2,6,39,20,37,3,10,610,0.8970588235294118
1701,75,2,8,0,168,9,174,35,4,0,8,34,30,38,1,7,593,0.8984848484848484
1705,83,7,5,4,192,17,223,40,4,1,15,56,27,29,1,20,724,0.8712394705174489
1706,85,4,11,2,181,20,212,50,0,2,10,41,21,44,0,20,703,0.8459687123947052
1708,65,7,12,3,167,18,166,51,6,2,15,51,10,23,2,16,614,0.7496947496947497
1709,113,3,18,3,284,14,179,43,4,0,7,34,41,43,5,18,809,0.9018952062430323
1710,96,4,14,4,178,20,222,44,1,2,5,70,18,45,3,23,749,0.9578005115089514
1711,71,1,7,4,214,20,173,35,2,1,10,38,34,33,4,10,657,0.8701986754966887
1712,80,10,14,6,190,9,186,39,3,1,22,69,16,21,1,10,677,0.8306748466257668
1717,56,7,18,6,144,18,151,26,5,2,13,44,15,10,0,8,523,0.7503586800573888
1718,47,8,8,3,158,14,180,40,4,4,17,67,10,16,3,21,600,0.7343941248470012
1719,69,10,17,1,199,22,234,43,7,1,17,48,21,22,1,13,725,0.8895705521472392
1720,63,7,17,3,168,12,191,22,2,2,6,39,13,13,2,18,578,0.7994467496542186
1721,60,6,13,2,191,17,152,22,4,0,23,44,12,10,1,18,575,0.7506527415143603
1722,98,4,10,2,242,11,183,34,2,0,3,41,16,45,1,17,709,0.8986058301647655
1724,76,8,12,3,231,16,232,49,2,3,11,33,23,28,0,8,735,0.861664712778429
1725,67,1,8,3,194,23,258,39,0,0,6,44,20,35,1,15,714,0.9037974683544304
1727,56,3,21,4,183,11,211,27,3,2,15,61,10,21,0,7,635,0.782983970406905
1732,48,4,17,3,178,14,198,27,0,2,15,35,7,34,0,13,595,0.8173076923076923
1733,56,6,16,7,180,11,206,34,3,1,13,49,22,17,0,16,637,0.853887399463807
1735,66,7,30,6,144,19,302,34,2,1,10,59,28,29,2,16,755,0.8708189158016147
1739,73,6,16,1,171,10,173,35,5,2,4,50,18,19,3,15,601,0.8255494505494505
1743,60,6,11,2,189,15,195,29,1,0,5,35,18,46,0,17,629,0.9129172714078374
1744,72,6,15,3,172,24,208,46,2,1,12,55,16,31,0,19,682,0.8687898089171975
1745,98,3,10,9,196,15,261,30,3,0,4,37,28,57,0,20,771,0.9747155499367889
1747,66,3,19,4,215,17,223,32,3,0,5,27,17,40,3,13,687,0.8807692307692307
1749,86,5,5,1,203,6,157,25,2,1,1,25,39,33,2,9,600,0.9375
1750,68,1,13,4,170,17,220,33,3,2,19,63,23,16,6,19,677,0.8246041412911084
1751,71,7,5,0,224,18,199,34,1,2,7,45,23,39,1,14,690,0.8868894601542416
1753,81,4,6,2,156,6,194,18,4,2,5,34,32,36,2,16,598,0.888558692421991
1754,96,7,14,4,213,4,191,26,0,0,6,31,37,53,2,17,701,0.9235836627140975
1758,113,3,5,4,265,12,157,25,2,1,3,26,34,50,4,17,721,0.9149746192893401
1759,110,2,6,2,272,12,185,32,0,1,1,14,45,61,7,18,768,0.9540372670807453
1760,80,6,11,3,252,13,177,30,2,0,9,50,30,34,1,11,709,0.9008894536213469
1761,108,4,6,1,274,17,183,32,3,1,3,26,33,42,1,12,746,0.9075425790754258
1762,69,2,9,6,143,17,202,36,3,0,5,29,17,42,4,6,590,0.9276729559748428
1764,85,7,5,4,188,15,195,41,4,2,10,54,25,39,0,31,705,0.88125
1765,122,6,2,2,239,11,174,8,0,2,1,13,43,73,1,6,703,0.8842767295597485
1772,101,8,3,5,210,19,190,37,3,2,5,39,26,41,1,10,700,0.9090909090909091
1773,63,3,19,1,162,16,243,27,1,1,25,59,28,22,0,21,691,0.9544198895027625
1774,66,10,10,4,177,28,212,77,1,1,12,43,32,32,3,24,732,0.8872727272727273
1780,74,6,13,2,141,19,177,49,4,1,5,39,29,26,0,16,601,0.8760932944606414
1781,117,10,15,0,246,15,197,44,2,1,16,37,35,52,2,12,801,0.9154285714285715
1786,62,3,12,3,121,17,262,35,2,0,6,49,22,36,0,25,655,0.9534206695778749
1787,67,2,15,0,177,7,205,34,9,1,8,53,28,28,1,18,653,0.8193224592220828
1789,104,2,23,7,227,20,178,21,3,1,11,81,40,41,1,21,781,0.930870083432658
1790,89,1,8,2,208,17,220,60,3,0,6,36,12,40,3,8,713,0.9283854166666666
1794,80,11,9,4,196,13,185,29,3,0,8,47,35,39,2,17,678,0.9211956521739131
1799,97,5,10,2,157,15,201,49,1,2,2,38,14,34,3,14,644,0.8586666666666667
1800,92,2,15,3,194,11,271,54,1,0,16,64,24,34,3,19,803,0.8882743362831859
1801,81,5,12,1,200,12,182,48,4,0,8,38,14,30,3,15,653,0.9019337016574586
1806,86,3,22,7,255,16,189,31,4,1,10,30,15,25,0,20,714,0.8880597014925373
1809,73,5,11,3,183,24,229,38,2,0,7,48,22,32,4,15,696,0.862453531598513
1811,43,7,11,2,162,19,180,37,4,1,8,38,20,25,3,16,576,0.8359941944847605
1815,70,10,12,7,196,18,228,32,5,2,9,52,9,33,2,14,699,0.932
1818,79,9,16,2,230,19,211,26,4,1,4,54,34,41,2,19,751,0.9226044226044227
1819,75,5,4,3,204,12,203,27,1,0,4,46,17,40,3,19,663,0.8599221789883269
1823,74,5,10,3,193,21,163,29,1,0,3,26,41,44,0,9,622,0.9554531490015361
1824,66,5,23,6,148,20,243,43,4,1,8,59,15,28,0,19,688,0.8888888888888888
1826,94,6,12,4,238,10,191,57,5,0,16,66,22,30,2,23,776,0.9556650246305419
1832,43,10,22,2,189,14,166,16,3,4,12,43,10,24,0,6,564,0.8103448275862069
1833,89,7,21,6,172,14,230,38,5,0,5,37,38,29,5,19,715,0.9039190897597977
1834,84,7,4,0,207,7,192,24,1,2,1,30,25,42,2,15,643,0.9238505747126436
1842,69,5,17,1,175,18,224,52,3,1,26,58,12,42,0,12,715,0.8532219570405728
1846,70,4,20,3,183,10,233,56,5,2,14,54,29,21,0,17,721,0.9184713375796179
1847,113,7,13,7,248,23,262,49,2,0,8,36,28,52,1,14,863,0.9180851063829787
1848,124,4,6,5,241,21,208,39,1,1,3,34,26,58,2,8,781,0.9677819083023544
1851,71,5,15,1,170,10,177,42,1,0,9,38,25,41,4,17,626,0.884180790960452
1855,60,2,12,4,177,9,125,45,6,4,27,38,21,21,1,9,561,0.7155612244897959
1863,89,6,15,3,197,14,226,33,3,2,16,76,48,25,2,24,779,0.8733183856502242
1872,66,6,15,3,166,8,141,30,0,0,7,40,25,31,1,10,549,0.8686708860759493
1873,48,1,9,3,117,17,190,46,5,0,4,33,28,28,0,13,542,0.8973509933774835
1882,92,7,10,2,182,25,225,40,4,1,7,65,29,43,1,30,763,0.9248484848484848
1884,70,2,13,5,171,11,264,56,3,4,14,35,13,39,3,12,715,0.8656174334140436
1887,96,5,17,1,243,19,171,35,2,2,11,46,29,31,2,16,726,0.9143576826196473
1888,73,1,9,1,175,10,169,28,3,1,6,26,14,38,3,19,576,0.9042386185243328
1890,75,3,26,3,195,10,248,62,6,0,7,76,24,49,2,11,797,0.9224537037037037
1891,75,9,7,5,198,7,216,41,3,0,7,38,31,50,2,19,708,0.9007633587786259
1900,78,5,27,8,164,21,248,30,2,7,11,80,23,30,5,31,770,0.8632286995515696
1910,81,4,17,6,191,21,231,22,1,0,19,68,36,34,0,25,756,0.8852459016393442
1911,74,4,7,0,211,18,164,59,2,1,8,40,19,44,0,16,667,0.9087193460490464
1916,96,7,15,1,181,13,207,65,3,2,10,60,23,26,0,22,731,0.8860606060606061
1920,92,1,13,3,275,10,207,60,3,2,15,54,34,48,0,19,836,0.9278579356270811
1921,93,10,1,2,237,12,157,31,3,2,4,34,29,48,2,18,683,0.926729986431479
1924,67,7,18,8,127,6,304,48,1,0,19,42,21,37,1,19,725,0.847953216374269
1928,68,3,13,4,149,12,202,32,2,1,9,43,25,31,1,15,610,0.8918128654970761
1930,86,2,17,3,193,12,198,45,3,1,10,60,22,23,3,9,687,0.8408812729498164
1931,83,3,15,2,206,13,204,42,5,1,6,30,19,30,2,13,674,0.9296551724137931
1932,55,1,32,2,148,17,252,32,0,0,11,65,10,28,1,28,682,0.9166666666666666
1934,59,3,7,1,183,8,128,32,4,0,5,19,20,30,2,9,510,0.8947368421052632
1936,108,5,10,2,241,10,214,39,1,0,6,42,36,59,1,15,789,0.9121387283236995
1945,101,9,10,5,186,16,234,42,6,0,5,37,16,33,5,10,715,0.8392018779342723
1947,111,8,12,2,220,20,202,35,2,3,14,50,33,45,7,31,795,0.8669574700109052
1952,70,8,18,1,183,13,272,37,4,1,15,55,19,26,5,15,742,0.8791469194312796
1954,70,3,10,3,210,17,230,56,2,2,5,66,15,48,2,28,767,0.9141835518474374
1957,98,3,19,3,208,30,293,63,2,0,3,53,33,61,7,18,894,0.9351464435146444
1958,88,5,4,2,219,17,181,35,3,1,14,41,27,43,2,17,699,0.8836915297092288
1959,68,7,18,2,196,18,266,31,2,1,4,41,23,20,0,21,718,0.9065656565656566
1961,112,4,8,4,195,21,220,72,0,1,12,51,26,46,6,26,804,0.9230769230769231
1969,81,3,15,0,138,21,212,41,1,1,17,62,22,36,2,16,668,0.9201101928374655
1973,56,5,12,2,183,24,178,54,3,0,15,30,19,30,1,11,623,0.8616874135546335
1975,66,6,10,3,163,15,187,38,3,0,11,59,23,34,2,12,632,0.8901408450704226
1976,97,1,11,2,197,12,179,23,3,0,7,41,33,32,1,13,652,0.8931506849315068
1979,64,6,10,2,182,13,213,31,7,3,15,53,18,33,3,19,672,0.8948069241011984
1981,85,3,4,0,281,10,271,34,3,0,6,20,26,44,3,25,815,0.9565727699530516
1983,75,3,13,0,216,13,189,27,1,1,2,49,32,51,4,19,695,0.8633540372670807
1985,71,6,13,1,212,9,194,44,6,2,19,56,15,28,3,19,698,0.8173302107728337
1989,75,13,16,1,177,15,228,34,2,1,11,59,23,23,0,29,707,0.8192352259559675
1991,65,13,14,3,202,20,183,41,1,3,13,41,17,36,1,17,670,0.8200734394124847
1992,65,5,13,2,157,25,181,23,4,3,23,75,21,21,2,23,643,0.8918169209431346
1995,90,13,14,3,194,11,233,63,4,1,8,48,26,50,5,22,785,0.8930602957906713
1997,71,6,10,1,156,16,160,38,5,0,10,33,25,30,0,17,578,0.8770864946889226
2000,67,6,28,0,208,23,192,65,5,2,9,62,33,36,0,16,752,0.8478015783540023
2001,56,3,17,3,179,14,173,42,4,2,12,62,9,25,3,10,614,0.7861715749039693
2003,44,5,11,2,183,18,166,33,4,1,13,42,9,22,1,16,570,0.811965811965812
2004,91,7,22,1,205,14,208,38,3,1,10,57,21,33,1,21,733,0.8654073199527745
2015,111,9,17,1,261,12,182,33,4,2,13,52,21,47,1,31,797,0.8644251626898047
2017,106,10,13,1,250,26,221,50,2,4,4,45,15,43,3,14,807,0.8771739130434782
2019,91,3,13,6,221,16,221,59,5,3,19,54,22,41,1,13,788,0.8775055679287305
2021,106,5,7,0,233,12,167,19,2,0,1,23,28,32,3,12,650,0.8928571428571429
2024,69,5,24,6,188,11,177,27,1,3,16,40,17,18,2,16,620,0.7769423558897243
2026,5,1,0,2,24,1,26,0,1,0,4,2,1,10,0,0,77,0.22
2029,108,5,11,0,220,10,207,27,4,0,4,38,23,54,4,15,730,0.8827085852478839
2042,70,3,17,4,170,21,216,33,5,1,14,70,17,26,2,16,685,0.9487534626038782
2044,115,4,12,1,236,22,194,46,2,0,8,47,23,51,2,18,781,0.8716517857142857
2046,66,6,9,4,175,16,183,35,3,1,3,44,28,31,3,24,631,0.839095744680851
2050,78,9,11,6,206,19,182,38,2,1,10,38,15,26,0,23,664,0.8612191958495461
2053,103,3,9,4,233,15,221,35,4,0,9,39,24,40,1,18,758,0.9077844311377246
2055,89,4,16,0,188,13,191,46,2,0,14,52,17,40,6,34,712,0.8833746898263027
2058,104,5,13,1,171,13,210,40,2,1,6,65,25,35,2,15,708,0.8805970149253731
2060,94,6,29,4,198,15,210,28,3,2,16,72,23,25,2,19,746,0.7754677754677755
2062,83,7,18,4,182,6,227,34,4,0,18,59,12,26,2,19,701,0.8048220436280138
2063,45,1,21,2,185,7,167,24,8,3,17,49,10,15,0,8,562,0.7730398899587345
2064,77,3,30,4,191,31,204,38,5,2,19,49,13,35,1,18,720,0.8391608391608392
2065,43,3,16,1,144,7,112,31,1,2,12,42,10,14,1,12,451,0.754180602006689
2066,106,6,17,2,208,23,209,56,3,3,9,43,32,34,4,20,775,0.9117647058823529
2069,90,7,10,4,224,19,225,34,6,3,13,46,30,33,1,21,766,0.9352869352869353
2070,70,7,16,6,172,16,211,26,0,1,5,52,32,41,2,17,674,0.903485254691689
2072,85,0,10,3,203,14,161,32,1,0,2,24,20,55,3,15,628,0.9127906976744186
2081,5,1,6,2,36,6,39,2,2,0,2,6,2,10,0,2,121,inf
2082,7,0,0,0,36,2,25,6,1,0,3,0,1,8,0,2,91,inf
2083,82,0,15,5,210,12,174,55,5,1,9,45,8,46,3,17,687,0.9271255060728745
2089,99,6,11,3,209,16,181,27,4,0,11,37,32,46,3,10,695,0.8709273182957393
2091,85,2,8,3,198,8,165,28,1,0,0,33,22,50,1,10,614,0.9056047197640118
2092,68,3,14,6,174,20,183,21,2,0,9,49,34,36,2,15,636,0.8446215139442231
2102,92,9,14,9,213,20,168,49,1,2,15,42,19,30,2,15,700,0.8413461538461539
2103,91,6,13,3,237,14,208,39,4,0,10,39,22,44,4,18,752,0.9016786570743405
2105,94,6,10,3,227,23,250,61,1,0,8,39,31,46,0,35,834,0.8948497854077253
2107,67,11,21,2,176,16,257,52,4,3,16,60,29,29,3,16,762,0.8964705882352941
2108,82,2,15,2,152,18,270,46,0,1,5,57,27,33,1,17,728,0.9134253450439147
2117,80,4,12,4,138,18,224,28,5,2,9,64,18,32,2,28,668,0.939521800281294
2120,65,6,10,3,184,21,227,56,4,1,18,62,23,37,2,24,743,0.9060975609756098
2124,77,6,6,1,196,15,162,34,2,0,12,49,20,24,1,20,625,0.8468834688346883
2132,62,1,18,0,132,16,268,34,4,1,7,49,13,24,0,16,645,0.9033613445378151
2141,85,8,5,2,205,18,215,44,1,3,11,39,22,53,1,26,738,0.9225
2144,134,6,11,3,227,21,238,25,5,1,3,48,22,52,3,22,821,0.9318955732122588
2147,111,6,14,2,293,14,272,53,2,0,5,51,32,45,3,22,925,0.9545923632610939
2158,71,3,7,2,183,14,194,41,1,0,15,51,17,30,0,22,651,0.8942307692307693
2159,90,6,8,7,199,26,206,45,1,0,11,44,14,37,0,17,711,0.8525179856115108
2172,80,2,7,0,188,35,184,42,1,1,10,28,22,38,5,6,649,0.9153737658674189
2181,78,5,10,5,176,15,176,46,3,1,16,52,17,19,9,14,642,0.8782489740082079
2183,83,7,13,2,257,6,185,26,2,0,7,36,16,54,1,11,706,0.9121447028423773
2184,76,4,11,3,154,16,132,24,5,3,8,33,23,28,5,24,549,0.8578125
2186,90,10,9,4,196,16,228,35,3,3,8,60,17,37,0,26,742,0.8791469194312796
2192,91,7,8,8,199,24,202,43,1,1,10,49,25,44,4,19,735,0.8996328029375765
2193,87,7,7,2,207,26,212,43,4,1,10,37,22,46,4,29,744,0.8815165876777251
2195,67,6,10,4,200,23,163,50,5,2,3,51,31,59,2,22,698,0.8574938574938575
2196,53,8,17,0,168,13,187,35,4,2,17,51,16,17,2,11,601,0.7845953002610966
2210,68,8,29,7,164,25,246,47,5,3,14,88,18,40,6,25,793,0.8695175438596491
2212,62,4,11,6,155,12,132,28,2,0,20,44,21,40,3,11,551,0.7717086834733894
2222,87,6,10,0,164,17,248,52,4,1,11,59,19,40,4,15,737,0.829954954954955
2229,82,6,8,3,191,19,168,52,2,1,10,55,22,41,0,15,675,0.8576874205844981
2241,60,6,6,3,148,18,208,35,1,2,16,43,19,25,0,16,606,0.8938053097345132
2243,91,5,12,3,222,13,204,45,6,0,16,47,32,44,1,15,756,0.8729792147806005
