SEZIONE,All. Lombarda,Bene comune,Destra F.T.,Forza Nuova,Fronte Nord,Italia Valori,Lega Nord,Lista del Grillo,Part. Comunista Lav.,Part. Democratico,Part. Liberale It.,Part. Socialista,Popolo Libert√†,Sin. Arcobaleno,Sin. Critica,UDC Casini,Un. Consumatori,TOTALE,AFFLUENZA
1,0,0,10,0,0,25,81,3,0,115,1,3,348,9,0,24,0,619,0.8264352469959947
2,3,0,14,0,1,14,42,0,1,97,0,1,187,7,3,13,2,385,0.6405990016638935
3,3,1,9,1,1,45,73,5,2,227,1,4,234,51,6,17,2,682,0.7527593818984547
4,4,2,13,0,0,51,70,12,3,215,0,5,264,33,3,29,1,705,0.8362989323843416
5,0,0,9,4,0,21,63,0,1,179,0,2,258,11,2,22,0,572,0.715
6,2,3,9,1,1,39,79,6,2,265,0,4,205,37,6,24,2,685,0.8106508875739645
7,1,2,5,0,2,13,61,2,0,161,3,4,373,10,0,20,3,660,0.8270676691729323
8,3,2,11,1,0,23,58,2,0,169,0,4,219,34,1,18,0,545,0.8014705882352942
9,3,0,4,0,0,20,50,3,0,143,2,6,221,16,0,27,0,495,0.7770800627943485
11,0,1,10,1,0,39,68,6,8,192,1,8,200,33,0,16,2,585,0.693950177935943
12,4,0,3,2,1,17,46,1,3,198,2,4,201,30,4,18,2,536,0.7624466571834992
13,2,2,12,1,0,17,57,3,2,193,1,2,254,27,1,22,1,597,0.7981283422459893
14,0,5,10,1,0,22,41,4,0,105,0,1,156,5,2,10,0,362,0.8457943925233645
15,0,1,2,0,1,10,29,1,1,52,0,3,97,7,1,5,0,210,0.6976744186046512
16,0,2,8,4,0,13,58,4,0,195,1,2,274,26,1,12,0,600,0.7936507936507936
18,2,2,6,0,0,26,84,2,0,277,2,10,208,35,2,11,0,667,0.8347934918648311
19,1,2,9,1,0,33,75,3,0,218,0,5,190,36,2,30,1,606,0.7651515151515151
20,8,1,13,4,0,38,76,1,5,227,1,7,197,33,2,17,0,630,0.802547770700637
21,0,0,1,0,0,3,2,0,0,27,1,0,11,4,0,2,0,51,0.8793103448275862
22,0,0,4,0,0,10,54,4,0,168,1,1,279,10,0,16,0,547,0.8008784773060029
23,2,0,13,4,0,41,91,1,0,242,2,6,249,36,5,23,3,718,0.8629807692307693
24,1,1,7,0,0,18,54,4,2,203,0,2,229,20,0,72,1,614,0.8480662983425414
25,2,1,13,3,0,25,79,4,0,198,0,2,204,32,0,27,1,591,0.76953125
26,0,0,10,1,1,16,63,1,0,179,2,2,218,13,0,29,0,535,0.9006734006734006
27,0,1,10,2,0,21,62,0,1,252,3,5,251,30,0,17,1,656,0.8220551378446115
28,1,0,2,1,0,25,47,2,3,202,2,2,213,26,0,16,0,542,0.8249619482496194
29,4,3,13,5,0,35,84,1,4,210,2,4,254,22,0,28,0,669,0.8228782287822878
30,1,2,12,0,0,30,73,1,4,174,3,5,232,17,2,21,2,579,0.7856173677069199
31,1,1,9,1,0,22,66,4,1,260,1,2,181,39,1,12,1,602,0.7973509933774835
32,1,1,13,3,2,51,82,2,3,269,1,3,297,28,1,19,2,778,0.8568281938325991
33,2,0,6,1,0,20,55,0,1,172,0,7,182,17,3,12,0,478,0.6937590711175616
36,1,0,2,2,0,24,61,0,0,241,3,2,243,27,3,24,1,634,0.8464619492656876
38,2,2,6,0,0,42,84,2,6,277,1,2,240,30,5,16,1,716,0.8585131894484412
39,1,0,5,3,0,22,66,2,0,203,2,1,230,35,2,9,1,582,0.7907608695652174
41,0,1,6,1,1,22,62,0,1,240,5,3,259,29,1,23,0,654,0.8825910931174089
42,1,1,3,0,0,26,62,1,1,201,1,4,226,21,1,23,3,575,0.817923186344239
43,0,0,9,1,0,11,44,0,1,154,0,0,227,9,0,22,0,478,0.8184931506849316
44,0,0,5,0,0,19,50,2,0,177,2,3,266,27,0,22,1,574,0.8554396423248882
45,3,1,1,0,0,6,11,1,0,47,0,4,46,10,0,6,1,137,1.9855072463768115
46,0,0,6,0,0,12,74,1,1,212,1,4,312,12,1,34,1,671,0.83875
47,0,0,5,1,0,14,57,1,0,146,1,1,264,14,1,17,2,524,0.8604269293924466
48,1,0,8,4,0,13,65,2,0,158,1,1,285,6,1,12,2,559,0.8380809595202399
49,0,1,2,0,0,5,4,0,0,36,0,2,37,3,0,3,0,93,inf
50,0,1,0,0,0,3,15,2,1,29,2,0,36,3,0,6,0,98,inf
54,1,0,1,1,0,1,8,1,0,13,0,0,28,0,0,1,0,55,inf
55,2,6,7,1,1,30,73,1,4,212,1,3,258,20,1,21,0,641,0.8303108808290155
56,0,0,4,2,0,9,55,2,1,208,2,0,252,16,1,26,2,580,0.7945205479452054
57,3,2,7,3,0,17,67,0,1,248,1,1,297,24,0,29,0,700,0.8433734939759037
58,0,2,6,0,0,15,58,1,1,155,0,1,286,14,1,21,0,561,0.8385650224215246
59,1,2,10,2,0,39,80,2,1,216,1,5,238,41,2,17,1,658,0.8225
61,2,2,12,0,0,31,82,2,2,204,3,3,362,12,0,25,0,742,0.849942726231386
64,1,1,17,3,0,34,49,4,2,167,0,7,178,25,5,16,0,509,0.7261055634807418
65,1,0,8,1,0,24,52,1,0,215,3,0,230,21,1,7,0,564,0.7943661971830986
66,2,4,13,0,1,35,39,4,2,230,0,3,167,30,7,22,0,559,0.8281481481481482
69,0,0,5,0,0,11,50,1,1,183,2,1,262,12,0,15,0,543,0.7903930131004366
72,5,0,8,3,0,34,51,2,0,200,1,2,197,20,5,29,2,559,0.7862165963431786
73,2,0,11,0,1,13,55,0,2,157,2,4,271,8,0,24,1,551,0.8348484848484848
74,1,0,10,1,0,34,51,4,0,188,2,3,204,24,2,9,5,538,0.7831149927219796
78,1,0,5,1,0,13,62,0,0,150,0,1,335,4,0,14,0,586,0.8347578347578347
79,1,0,8,0,0,5,59,0,0,122,0,4,288,6,0,14,0,507,0.824390243902439
80,1,1,14,3,0,18,61,1,2,198,0,2,312,29,4,13,1,660,0.8291457286432161
82,2,0,7,1,0,6,53,1,0,130,1,0,290,7,1,13,0,512,0.839344262295082
83,1,0,5,2,0,15,51,2,0,180,1,0,308,4,2,9,0,580,0.8529411764705882
84,4,0,8,2,0,35,50,2,0,241,0,3,190,35,2,14,0,586,0.8323863636363636
86,2,0,11,1,0,27,65,2,0,191,2,8,204,40,4,15,0,572,0.7596281540504648
87,1,1,10,1,0,11,60,0,0,152,2,2,396,13,0,18,0,667,0.8174019607843137
88,3,4,12,2,0,34,90,2,1,175,0,3,236,31,1,25,2,621,0.8268974700399467
91,4,2,10,2,0,33,66,0,4,188,3,4,291,25,2,22,5,661,0.8356510745891277
92,7,3,10,1,0,48,70,5,1,242,1,2,223,44,2,20,2,681,0.7992957746478874
93,1,2,8,0,0,20,58,2,1,189,1,0,335,14,1,33,0,665,0.83125
94,2,2,12,1,1,16,53,0,0,167,2,3,256,19,2,23,3,562,0.790436005625879
97,4,2,10,1,0,39,85,5,5,261,1,7,241,38,2,24,3,728,0.8134078212290503
99,0,1,11,0,0,21,42,1,0,181,3,7,337,15,0,23,1,643,0.8405228758169935
100,3,0,12,2,0,35,79,3,1,222,1,5,204,38,2,22,2,631,0.8691460055096418
104,3,1,12,0,0,24,82,1,0,234,1,2,313,35,1,29,0,738,0.821826280623608
105,2,1,8,1,0,42,49,1,1,225,0,6,206,26,1,14,2,585,0.8136300417246175
106,1,3,9,0,0,17,71,5,4,244,1,4,256,30,0,12,3,660,0.8270676691729323
109,1,0,5,0,1,25,72,1,0,194,3,2,374,14,0,15,0,707,0.8538647342995169
110,4,1,6,0,0,18,66,0,2,188,2,1,257,25,0,15,0,585,0.8369098712446352
111,2,1,3,0,0,19,53,1,0,211,2,2,256,13,1,12,0,576,0.8205128205128205
112,1,2,1,1,0,30,58,3,1,210,0,4,241,28,2,10,0,592,0.8176795580110497
113,1,0,7,1,0,36,65,2,1,253,2,6,255,49,1,16,1,696,0.8345323741007195
114,2,4,11,3,0,29,70,4,1,215,2,10,248,24,2,20,0,645,0.7914110429447853
116,2,0,3,0,0,15,62,1,0,212,0,3,205,28,1,14,2,548,0.8011695906432749
117,2,0,10,1,0,35,77,2,3,253,0,1,202,28,3,22,2,641,0.8239074550128535
119,1,1,9,0,1,21,50,1,3,180,0,2,226,16,3,16,0,530,0.7593123209169055
120,8,0,15,0,0,28,110,3,3,218,0,3,222,25,4,18,3,660,0.7951807228915663
122,2,1,6,2,0,21,56,2,0,209,3,1,231,31,0,22,1,588,0.8032786885245902
123,1,1,17,0,0,21,72,2,1,205,2,3,244,19,0,15,1,604,0.8074866310160428
125,0,4,13,1,1,35,101,2,1,176,2,0,170,17,3,20,3,549,0.8318181818181818
126,2,0,4,0,0,33,53,5,3,252,1,3,243,36,1,12,1,649,0.8132832080200502
128,1,1,10,0,0,32,80,1,2,232,3,1,266,33,4,8,1,675,0.8083832335329342
129,0,2,11,0,0,18,47,1,0,231,1,5,312,33,3,17,0,681,0.8254545454545454
130,1,2,7,2,0,18,52,5,1,232,2,2,284,30,2,20,1,661,0.8388324873096447
131,1,4,15,0,1,24,58,4,1,222,1,3,205,18,3,12,0,572,0.8159771754636234
135,3,2,14,1,0,13,48,3,3,181,0,2,244,31,3,46,1,595,0.7589285714285714
138,1,0,10,2,0,24,61,3,1,158,0,4,218,25,5,15,0,527,0.7258953168044077
139,3,1,25,0,0,16,56,2,5,181,0,1,260,19,2,17,1,589,0.8013605442176871
140,1,3,15,3,0,32,81,6,2,176,2,2,272,33,3,21,1,653,0.7982885085574573
141,1,2,13,2,0,25,71,3,0,281,1,1,247,30,1,16,1,695,0.8559113300492611
142,0,1,11,0,0,20,65,2,0,203,0,1,221,31,2,16,1,574,0.8130311614730878
144,1,2,11,1,4,26,51,3,3,213,1,1,212,29,2,26,2,588,0.7747035573122529
146,1,0,7,0,0,17,45,1,1,241,2,3,279,24,0,18,0,639,0.848605577689243
147,2,0,12,1,0,27,56,1,0,201,0,3,253,19,0,12,0,587,0.8683431952662722
149,0,1,25,0,0,34,57,3,0,196,1,5,255,29,0,12,0,618,0.8207171314741036
151,2,1,16,0,0,37,53,2,1,214,2,6,211,24,2,10,2,583,0.786774628879892
152,1,1,5,1,0,23,55,5,1,219,0,1,189,39,1,12,1,554,0.7982708933717579
153,1,1,8,2,0,24,52,2,1,202,0,4,195,33,0,15,1,541,0.7795389048991355
157,0,0,7,1,0,19,73,2,2,225,0,1,294,35,0,23,0,682,0.8187274909963985
158,2,2,14,1,0,31,66,1,2,235,1,4,229,26,2,30,1,647,0.80875
160,0,0,7,1,0,18,47,0,2,119,2,1,150,24,0,23,0,394,0.8294736842105264
161,3,0,3,2,0,19,18,1,0,79,0,1,119,14,4,3,0,266,0.6838046272493573
162,1,0,4,0,0,3,8,1,0,19,0,0,31,3,0,5,0,75,37.5
164,3,0,9,0,0,22,43,1,1,154,5,4,241,18,1,20,1,523,0.8301587301587302
167,0,0,4,0,1,24,43,0,0,173,6,0,221,20,2,21,0,515,0.865546218487395
168,0,1,13,0,0,17,49,3,1,159,0,4,241,21,1,11,1,522,0.8118195956454122
169,0,1,5,4,0,35,49,1,4,237,0,1,215,46,4,13,2,617,0.7951030927835051
172,4,1,7,1,1,24,64,3,3,236,0,6,247,34,3,16,4,654,0.7927272727272727
173,1,0,10,1,0,16,32,0,1,97,0,2,159,8,0,6,0,333,0.919889502762431
175,1,2,8,1,0,35,69,1,1,239,0,6,264,42,1,27,2,699,0.7862767154105736
177,3,0,9,0,0,34,56,1,2,222,2,7,160,25,1,26,0,548,0.8191330343796711
179,2,0,5,3,0,23,47,1,2,194,2,3,260,28,0,22,0,592,0.8098495212038304
181,2,2,10,2,0,42,85,5,1,248,0,3,259,33,1,16,2,711,0.8681318681318682
182,0,1,9,0,0,14,44,1,1,148,0,2,279,20,0,16,1,536,0.8401253918495298
184,2,1,5,0,0,35,60,1,0,261,0,11,243,39,6,12,0,676,0.771689497716895
185,0,0,8,0,0,13,58,1,1,195,2,2,222,26,2,18,1,549,0.8157503714710252
186,1,2,13,0,0,30,65,0,1,231,1,5,264,30,2,7,1,653,0.8339719029374202
187,0,0,9,1,1,23,79,0,3,191,1,4,202,22,1,8,1,546,0.8387096774193549
188,3,2,13,2,0,20,62,3,0,239,1,5,261,53,2,14,0,680,0.8163265306122449
189,2,1,15,2,1,19,77,2,0,216,4,5,281,21,0,16,0,662,0.8285356695869838
190,1,0,13,1,0,27,48,0,1,210,1,0,222,36,4,13,1,578,0.7779273216689099
191,0,1,8,2,0,27,55,2,0,234,0,3,268,29,2,15,2,648,0.8202531645569621
193,1,1,5,0,0,33,73,1,1,250,2,3,271,40,5,18,3,707,0.8307873090481787
195,1,0,13,2,0,28,89,2,0,182,2,0,195,26,0,16,1,557,0.7856135401974612
196,2,1,8,1,1,25,66,0,0,166,1,2,197,31,4,13,3,521,0.8166144200626959
197,2,2,19,0,1,42,70,7,7,215,0,6,224,26,3,14,1,639,0.7698795180722892
198,1,2,12,4,0,26,58,2,1,248,1,2,185,37,5,20,1,605,0.7929226736566186
199,0,1,10,1,0,24,65,1,1,198,0,3,162,31,2,11,1,511,0.7777777777777778
200,2,1,7,2,0,29,70,1,1,215,1,6,203,31,4,8,2,583,0.8085991678224688
201,0,3,10,1,0,31,64,3,2,258,3,3,205,45,2,11,2,643,0.8149556400506971
204,6,4,18,4,1,18,69,3,3,248,3,4,198,36,3,20,2,640,0.8040201005025126
205,1,5,8,0,0,40,70,1,2,213,0,2,228,28,3,18,1,620,0.7506053268765133
206,3,1,3,2,1,27,57,1,2,197,1,2,244,24,4,21,1,591,0.8106995884773662
207,2,1,6,2,0,19,52,1,0,165,1,0,175,35,1,18,1,479,0.7891268533772653
208,1,0,7,4,0,32,54,2,3,239,1,1,199,26,4,12,0,585,0.7677165354330708
212,1,1,8,0,0,26,46,1,0,182,1,2,237,19,4,22,2,552,0.8275862068965517
213,3,0,3,3,1,11,35,3,0,185,1,3,166,31,3,8,2,458,0.7545304777594728
214,5,7,3,2,0,26,64,3,6,203,0,3,235,29,3,16,1,606,0.7641866330390921
215,1,0,17,1,0,22,59,7,2,309,3,3,208,44,3,18,0,697,0.8002296211251435
217,0,1,3,1,0,13,58,1,2,238,1,2,214,42,2,21,1,600,0.8021390374331551
220,1,0,5,1,0,16,47,0,1,227,1,2,218,14,1,34,0,568,0.8685015290519877
221,1,2,20,0,1,34,44,2,3,203,1,7,206,36,5,18,0,583,0.7610966057441253
223,0,2,3,0,1,18,70,2,0,214,1,7,344,11,0,14,0,687,0.8830334190231363
224,0,2,9,2,0,24,47,1,1,165,0,1,248,15,4,14,0,533,0.8367346938775511
226,0,1,6,1,0,21,58,0,1,173,1,1,271,21,1,26,0,582,0.8533724340175953
229,2,0,6,1,1,11,45,2,0,150,2,3,256,20,1,21,1,522,0.786144578313253
230,1,0,6,2,0,20,66,1,0,273,1,4,277,35,2,19,1,708,0.8271028037383178
232,1,1,11,0,0,19,90,0,0,156,0,2,270,20,0,26,2,598,0.8691860465116279
234,0,0,4,1,0,14,48,2,0,169,1,5,226,32,2,10,0,514,0.763744427934621
235,2,1,3,0,0,22,62,1,0,204,1,2,213,10,0,21,1,543,0.8264840182648402
236,0,1,11,0,0,32,63,4,2,186,1,1,206,17,3,21,0,548,0.8082595870206489
237,0,1,8,0,0,18,49,0,1,236,2,2,176,37,3,13,0,546,0.7766714082503556
238,1,4,7,6,0,19,68,1,0,184,0,0,249,25,2,29,0,595,0.7839262187088274
240,0,3,10,1,1,40,57,2,0,186,1,5,235,27,3,19,1,591,0.8062755798090041
242,1,2,13,1,0,23,70,1,1,207,2,4,241,37,1,13,1,618,0.8207171314741036
243,3,0,10,2,0,21,64,3,2,190,2,4,198,31,0,23,0,553,0.7911301859799714
246,3,1,6,0,0,24,44,0,2,227,3,9,193,29,1,15,0,557,0.7968526466380543
250,2,1,5,1,0,25,57,5,0,239,1,5,243,41,2,18,2,647,0.767497034400949
251,5,1,0,0,3,4,8,0,6,22,6,9,25,2,4,5,1,101,0.45089285714285715
252,1,3,6,0,0,25,42,3,3,253,2,4,210,36,6,19,1,614,0.7515299877600979
257,2,2,9,1,0,14,56,0,0,217,2,5,203,20,0,19,1,551,0.776056338028169
259,3,0,4,0,0,32,95,6,2,231,1,4,194,27,1,23,3,626,0.8368983957219251
262,0,1,5,3,0,29,72,1,0,187,1,5,298,21,1,24,3,651,0.8261421319796954
263,2,1,5,1,1,25,76,0,0,258,1,5,228,30,2,26,2,663,0.8016928657799275
264,2,0,14,2,0,38,58,0,0,302,2,5,208,54,1,20,1,707,0.7812154696132597
265,0,0,7,0,0,35,63,0,1,239,2,4,210,43,1,9,4,618,0.7518248175182481
269,0,0,10,0,0,29,53,2,1,284,1,4,226,35,4,18,3,670,0.8121212121212121
271,2,1,12,3,1,37,38,2,0,249,1,5,212,31,0,30,1,625,0.8790436005625879
272,0,2,13,3,0,25,43,1,0,209,0,1,214,15,0,26,1,553,0.8391502276176024
274,0,0,5,0,2,18,77,0,1,158,2,7,195,18,0,21,0,504,0.805111821086262
275,2,1,10,3,0,25,44,2,0,219,0,1,205,35,5,19,0,571,0.7623497997329773
277,5,2,9,4,0,32,62,2,0,198,3,9,267,29,6,19,2,649,0.7494226327944573
279,4,1,8,5,0,29,54,2,3,241,1,3,238,58,3,23,1,674,0.8023809523809524
280,1,3,11,0,0,31,62,1,2,266,0,2,201,45,1,13,0,639,0.7908415841584159
281,0,2,9,0,0,27,48,3,0,192,0,0,176,42,4,17,0,520,0.791476407914764
282,2,1,16,3,1,26,49,2,1,175,0,3,209,19,1,9,3,520,0.7313642756680732
284,0,0,13,0,0,22,47,3,4,204,2,3,208,41,2,9,0,558,0.7449933244325768
286,2,3,11,0,0,13,27,1,0,121,2,4,131,28,6,8,0,357,0.6252189141856392
288,1,3,14,1,0,16,52,5,3,133,0,4,150,43,1,11,3,440,0.6312769010043041
291,3,2,16,2,0,19,62,2,1,185,2,3,234,30,0,17,2,580,0.7774798927613941
292,0,2,7,2,0,28,51,2,3,188,1,2,199,40,5,10,0,540,0.7605633802816901
294,0,1,7,1,0,14,62,2,0,176,2,2,212,9,3,23,0,514,0.8357723577235773
295,4,1,7,1,0,32,77,4,1,201,0,5,226,25,5,19,1,609,0.8023715415019763
297,3,1,11,1,0,27,42,1,2,176,0,3,231,21,3,20,4,546,0.7541436464088398
299,1,2,7,0,0,33,25,4,1,217,2,2,139,44,0,7,1,485,0.739329268292683
300,1,2,9,2,0,32,59,1,3,259,2,6,127,39,2,11,0,555,0.7655172413793103
301,3,1,13,0,0,39,66,4,3,229,0,1,238,35,5,15,1,653,0.7215469613259669
303,4,3,3,2,0,17,36,1,1,233,1,4,168,47,4,22,4,550,0.7703081232492998
305,1,0,18,2,2,23,58,0,2,251,1,3,269,15,2,24,1,672,0.8155339805825242
306,0,1,9,3,0,15,45,3,0,263,0,3,203,38,2,14,3,602,0.768837803320562
309,0,1,8,5,0,23,39,2,0,261,0,1,192,51,2,27,1,613,0.8065789473684211
311,2,0,17,1,0,45,99,1,2,226,0,4,252,28,2,18,0,697,0.8076477404403245
313,1,1,7,2,0,35,74,3,5,209,4,5,227,26,4,15,1,619,0.7493946731234867
315,2,1,8,3,0,34,44,1,1,220,2,7,192,31,0,11,0,557,0.7609289617486339
316,0,4,7,0,0,16,50,1,2,188,0,1,197,39,2,11,0,518,0.6780104712041884
317,1,0,7,1,0,18,50,1,1,162,2,1,189,21,3,13,2,472,0.8990476190476191
319,1,3,9,1,0,20,83,0,1,226,0,7,223,48,2,14,1,639,0.7802197802197802
320,2,0,4,2,1,17,48,2,2,189,1,1,167,22,1,14,2,475,0.7761437908496732
321,1,0,13,2,0,52,80,6,3,313,2,3,257,56,0,29,0,817,0.8554973821989529
322,1,0,8,0,0,35,84,4,2,167,1,0,246,13,1,24,0,586,0.8746268656716418
323,0,1,7,3,3,13,65,0,1,197,0,2,218,34,2,15,0,561,0.8037249283667621
324,1,1,11,0,0,24,52,2,3,192,5,1,234,27,0,10,1,564,0.8717156105100463
325,3,0,11,1,0,27,64,2,1,195,1,3,249,14,4,31,3,609,0.8174496644295302
326,1,0,11,3,0,24,62,0,2,189,1,3,181,38,1,20,1,537,0.8099547511312217
327,1,0,7,0,0,24,57,0,0,189,2,1,211,20,2,17,0,531,0.8362204724409449
329,1,0,21,5,0,30,61,4,1,242,1,2,236,57,2,11,4,678,0.7847222222222222
331,0,0,15,0,0,22,64,3,1,229,3,2,336,27,3,20,3,728,0.8282138794084186
333,0,0,6,1,0,14,64,3,1,217,1,4,296,13,1,13,0,634,0.8419654714475432
334,0,1,4,1,0,12,47,0,1,202,1,2,321,16,3,40,0,651,0.8356867779204108
335,3,1,6,1,1,47,93,1,0,284,1,5,222,35,1,28,1,730,0.8323831242873432
336,0,1,10,3,0,18,57,3,0,197,1,2,307,15,2,15,2,633,0.8406374501992032
337,3,0,7,0,0,20,51,2,0,161,3,3,283,10,1,17,0,561,0.8385650224215246
338,2,0,6,1,0,13,68,1,0,160,3,1,334,11,0,25,2,627,0.8660220994475138
340,2,2,5,6,0,38,66,0,1,231,2,5,237,22,4,21,0,642,0.7312072892938497
342,0,0,8,0,3,18,55,1,0,218,3,2,270,27,0,27,0,632,0.8123393316195373
343,3,0,11,0,0,36,111,2,5,251,0,5,222,26,0,29,1,702,0.7950169875424689
345,1,0,8,0,0,8,40,4,0,157,0,2,280,6,0,23,0,529,0.8423566878980892
346,1,1,7,0,1,14,66,1,1,198,1,2,300,17,0,28,1,639,0.8588709677419355
348,0,2,5,4,0,20,52,1,1,207,1,7,229,31,4,16,0,580,0.7754010695187166
350,0,1,5,0,0,13,80,2,0,223,3,0,318,16,0,28,0,689,0.8655778894472361
351,1,0,3,0,0,9,61,1,0,219,1,0,274,8,1,32,1,611,0.8462603878116344
353,2,0,14,2,0,25,54,0,0,218,3,5,254,22,0,19,0,618,0.8273092369477911
354,3,3,4,0,0,15,52,1,0,199,1,2,218,17,0,18,0,533,0.7826725403817915
357,1,2,5,0,0,8,30,1,0,146,0,3,146,16,1,23,1,383,0.8764302059496567
362,1,1,6,0,0,18,61,2,0,202,2,2,248,19,1,29,0,592,0.8530259365994236
363,2,3,10,0,0,28,65,1,2,230,0,5,277,34,0,17,2,676,0.8284313725490197
364,3,1,4,0,0,27,105,1,2,272,0,5,231,49,2,24,1,727,0.8727490996398559
365,3,3,18,1,0,23,78,4,2,212,1,2,286,27,1,20,0,681,0.8397040690505548
366,2,1,11,2,0,42,83,1,3,226,1,3,203,24,2,24,1,629,0.8431635388739946
367,1,1,7,1,0,27,66,1,0,216,1,5,279,22,1,16,0,644,0.8320413436692506
368,1,2,4,2,1,21,52,0,0,205,4,3,248,23,1,16,0,583,0.829302987197724
370,0,0,14,0,0,30,42,4,1,227,0,3,165,68,5,17,0,576,0.8470588235294118
371,0,1,5,0,0,22,40,1,1,107,1,1,162,17,1,14,2,375,0.7845188284518828
372,3,1,17,0,1,28,75,3,1,263,1,1,276,31,6,22,0,729,0.8637440758293838
373,1,2,6,2,0,15,61,1,2,200,2,4,239,23,1,19,4,582,0.8105849582172702
375,0,1,9,2,0,20,58,2,1,239,2,4,256,28,2,16,3,643,0.7793939393939394
377,2,3,8,4,0,33,96,5,0,194,1,1,215,36,0,13,0,611,0.8486111111111111
378,2,1,7,1,0,18,55,0,0,201,3,4,263,18,2,14,1,590,0.8689248895434463
379,0,0,5,0,1,17,76,2,0,218,1,1,266,22,2,24,1,636,0.8227684346701164
381,1,1,11,0,2,18,66,5,1,174,1,2,274,19,3,16,1,595,0.8106267029972752
383,8,1,14,1,0,51,85,6,3,303,2,2,334,40,2,27,3,882,0.7791519434628975
384,0,2,7,0,0,31,71,3,1,221,1,1,240,30,2,18,0,628,0.8051282051282052
385,0,1,4,0,1,22,58,4,0,143,2,1,189,26,1,10,1,463,0.801038062283737
386,2,0,12,0,0,35,88,1,0,250,0,5,256,18,0,18,0,685,0.8203592814371258
387,1,0,8,2,0,26,56,2,2,229,2,2,219,37,2,18,0,606,0.8256130790190735
388,2,0,10,1,0,29,78,4,0,219,1,1,258,14,2,18,1,638,0.7925465838509317
389,2,0,10,0,0,25,66,0,1,207,2,1,297,27,1,26,0,665,0.813953488372093
391,0,1,6,0,0,20,67,1,0,195,1,2,335,14,2,22,1,667,0.8224414303329223
393,1,1,7,3,0,16,54,4,1,177,0,2,322,26,4,12,1,631,0.8027989821882952
394,0,1,5,3,1,24,51,3,1,182,3,3,163,13,2,20,1,476,0.8395061728395061
396,0,2,21,3,0,34,64,1,3,208,0,6,183,32,5,6,2,570,0.7994389901823282
397,1,0,3,2,0,14,79,0,0,242,0,3,244,17,0,37,0,642,0.8241335044929397
399,0,1,6,0,1,25,80,1,1,217,1,6,306,15,1,19,1,681,0.870843989769821
400,0,0,9,1,0,19,61,1,0,214,2,2,328,12,2,15,2,668,0.8267326732673267
401,2,1,8,1,0,26,59,2,1,199,0,5,240,21,0,18,0,583,0.8019257221458047
402,0,0,4,0,0,7,25,0,2,55,1,1,62,6,0,4,0,167,0.8391959798994975
403,2,0,10,1,0,30,52,2,2,202,1,3,228,26,2,30,0,591,0.7964959568733153
404,0,0,4,0,0,3,14,3,0,40,0,0,77,5,0,1,0,147,0.9074074074074074
406,3,1,0,0,1,23,84,2,1,221,5,0,299,17,2,17,2,678,0.8188405797101449
407,0,1,11,0,0,32,62,4,1,195,1,0,255,27,1,23,2,615,0.8189081225033289
409,1,1,5,0,0,26,69,1,2,200,1,2,252,27,0,22,0,609,0.79296875
411,1,1,6,0,0,8,63,1,1,170,0,2,238,26,0,17,2,536,0.7824817518248175
414,0,3,14,2,0,32,70,1,0,230,1,1,266,30,0,22,1,673,0.8277982779827798
415,3,1,3,1,0,15,63,0,0,170,2,3,241,24,1,25,1,553,0.8253731343283582
416,2,2,5,6,0,21,57,3,0,183,0,0,144,28,3,19,3,476,0.6918604651162791
417,1,2,12,2,1,29,73,3,0,207,0,4,178,27,4,18,3,564,0.8034188034188035
418,2,3,6,1,0,20,61,1,0,268,4,6,288,18,0,12,0,690,0.8668341708542714
422,1,1,4,1,0,18,42,1,0,115,0,1,170,3,0,9,1,367,0.8013100436681223
423,2,0,12,4,0,27,80,1,1,215,1,2,362,29,2,26,2,766,0.8408342480790341
424,0,0,1,0,0,9,38,0,0,128,3,3,219,15,0,8,0,424,0.8346456692913385
425,0,3,6,0,0,17,78,1,2,185,0,1,338,15,3,26,1,676,0.8193939393939393
426,0,0,8,0,0,10,26,1,0,109,0,2,110,16,2,10,0,294,0.8546511627906976
427,0,1,6,0,0,21,56,1,0,134,3,1,329,15,0,16,0,583,0.856093979441997
428,2,0,7,1,0,30,48,2,2,167,0,0,184,20,1,14,0,478,0.7515723270440252
430,0,2,8,1,0,30,52,2,0,195,1,2,176,42,3,16,0,530,0.8006042296072508
431,1,1,9,4,0,21,67,2,0,187,0,3,206,13,1,17,0,532,0.7964071856287425
433,2,1,11,1,0,36,64,2,0,193,2,3,296,33,5,14,3,666,0.8151774785801713
435,3,1,6,0,0,31,55,3,2,265,1,5,284,22,1,25,0,704,0.7865921787709497
436,1,2,4,2,0,17,54,1,0,145,1,3,185,9,1,22,1,448,0.7567567567567568
437,3,1,7,0,0,17,60,4,1,188,4,1,295,23,0,16,1,621,0.8636995827538247
438,0,2,11,2,0,37,69,2,0,238,3,1,277,31,8,33,1,715,0.8106575963718821
439,2,0,7,2,0,27,92,0,2,190,1,1,240,13,2,27,0,606,0.7942332896461337
440,1,0,10,1,0,18,42,1,0,146,1,0,173,12,0,16,1,422,0.8226120857699805
441,1,2,16,0,1,19,77,3,2,260,1,3,308,26,1,18,1,739,0.8369195922989807
444,1,0,7,0,0,27,70,2,1,212,1,3,222,22,1,18,2,589,0.8090659340659341
446,1,3,3,0,0,21,60,3,1,203,1,3,232,17,1,24,1,574,0.8306801736613604
447,0,2,10,0,0,15,42,0,2,88,1,3,143,11,0,4,0,321,0.7965260545905707
449,0,0,3,0,0,22,63,0,2,178,0,0,313,12,1,13,0,607,0.8622159090909091
450,4,0,10,0,0,28,75,6,2,204,0,3,249,29,2,30,0,642,0.7858017135862914
451,0,0,4,1,0,4,10,0,0,58,0,0,94,4,0,10,0,185,0.8980582524271845
452,1,0,11,0,0,24,57,0,4,208,3,1,184,18,2,7,1,521,0.7518037518037518
453,0,2,10,0,0,23,61,1,3,217,0,5,209,25,3,21,0,580,0.8516886930983847
454,2,1,7,3,0,17,43,4,1,221,1,0,209,23,1,15,0,548,0.8130563798219584
457,0,0,12,3,0,21,76,3,0,238,2,1,321,13,0,14,1,705,0.8303886925795053
458,8,3,15,1,0,25,65,5,0,206,0,2,267,39,2,14,1,653,0.8371794871794872
460,2,1,11,2,0,17,64,4,4,181,1,10,254,28,5,18,1,603,0.7790697674418605
461,3,1,4,3,1,17,77,1,2,250,1,3,243,46,3,18,0,673,0.8137847642079806
462,0,4,14,1,0,18,67,4,0,225,0,4,250,35,2,16,1,641,0.8467635402906208
465,3,2,11,2,0,36,78,1,4,243,0,2,193,19,8,12,0,614,0.7892030848329049
467,1,0,7,0,0,27,70,1,2,245,1,2,192,32,1,12,0,593,0.8532374100719424
468,1,0,19,0,0,28,55,4,1,251,0,2,180,39,3,22,1,606,0.7829457364341085
469,1,3,10,2,0,21,51,1,1,196,2,1,179,22,0,20,0,510,0.8173076923076923
474,2,0,6,1,0,29,70,3,1,222,1,3,179,22,3,17,1,560,0.7608695652173914
477,1,0,9,0,0,29,68,1,2,164,2,2,252,18,1,22,0,571,0.8076379066478077
479,0,2,18,2,0,28,95,5,3,243,1,4,249,39,3,22,1,715,0.7831325301204819
480,0,1,10,0,0,24,71,1,3,214,3,1,253,34,1,22,2,640,0.8205128205128205
482,1,3,13,2,0,40,90,6,1,225,0,3,265,49,3,29,4,734,0.8524970963995354
483,2,1,17,2,0,26,82,2,0,175,1,4,269,20,1,15,1,618,0.7994825355756792
484,2,2,9,1,1,33,66,0,1,244,2,3,259,20,0,19,1,663,0.8246268656716418
485,0,2,8,0,0,35,86,2,1,188,1,4,298,26,1,18,0,670,0.8343711083437111
487,2,0,8,0,0,30,76,1,0,243,0,1,278,36,4,28,0,707,0.7684782608695652
488,1,1,11,5,0,31,77,3,2,210,2,3,201,35,3,10,2,597,0.8045822102425876
489,2,0,10,3,0,38,107,4,1,243,0,4,276,33,2,27,0,750,0.8370535714285714
490,1,0,7,2,0,13,72,4,1,185,1,3,233,37,1,16,0,576,0.8067226890756303
493,4,0,13,3,0,25,96,2,3,193,2,3,261,21,0,16,1,643,0.7812879708383961
495,1,2,14,1,0,26,64,1,0,184,2,5,200,33,6,18,0,557,0.7823033707865169
498,0,1,12,0,0,31,51,8,4,260,2,4,169,41,1,15,0,599,0.767948717948718
499,1,1,3,2,0,20,51,4,0,251,1,2,219,33,2,15,2,607,0.8337912087912088
501,2,1,9,1,0,13,52,1,2,208,3,4,276,23,0,21,0,616,0.8484848484848485
502,3,0,13,0,0,23,65,1,0,185,2,1,329,21,0,22,0,665,0.8012048192771084
504,1,0,11,5,0,43,77,6,2,290,0,9,259,38,2,26,4,773,0.8764172335600907
505,1,1,10,2,0,21,57,3,1,199,1,6,230,32,1,18,2,585,0.7841823056300268
506,0,1,4,0,1,17,40,3,0,224,0,3,190,23,1,22,0,529,0.7722627737226277
508,1,0,11,3,1,35,73,2,0,217,0,2,261,20,1,23,0,650,0.8227848101265823
510,3,3,8,1,0,34,83,5,1,228,2,1,275,20,7,17,2,690,0.7867730900798175
511,5,6,15,1,0,37,111,2,1,272,1,4,240,37,2,26,2,762,0.8193548387096774
512,1,2,3,2,0,19,60,4,0,210,2,2,262,18,0,15,0,600,0.7894736842105263
514,1,0,6,1,0,21,62,4,1,226,1,3,300,35,0,15,0,676,0.8335388409371147
515,2,3,9,0,0,13,68,1,1,204,1,2,263,13,0,15,1,596,0.8243430152143845
518,2,3,14,0,2,28,68,3,6,160,2,1,249,10,9,19,1,577,0.735969387755102
519,2,0,7,0,1,25,62,2,0,169,0,4,179,21,0,9,0,481,0.8084033613445378
521,3,2,11,0,0,21,52,0,1,189,2,1,209,19,1,20,0,531,0.816923076923077
523,1,1,10,2,0,23,56,3,1,237,0,1,220,25,1,9,0,590,0.8126721763085399
525,1,2,7,1,0,21,55,3,2,202,0,4,240,33,2,22,3,598,0.7666666666666667
526,1,3,1,0,0,28,60,2,1,220,2,7,191,36,3,11,1,567,0.7974683544303798
530,0,0,1,1,0,2,9,0,0,18,0,0,39,1,0,4,0,75,inf
532,3,1,14,1,0,44,73,1,0,205,3,2,209,25,4,22,0,607,0.8236092265943012
534,2,0,11,1,0,24,69,2,0,188,0,6,331,8,2,25,0,669,0.8168498168498168
535,3,0,11,0,0,11,26,1,0,97,2,2,222,1,0,13,1,390,0.8297872340425532
537,0,0,4,0,1,2,11,0,0,20,0,0,39,4,0,2,0,83,0.7545454545454545
538,5,2,19,1,0,24,104,5,1,233,4,2,264,43,4,29,0,740,0.8333333333333334
539,0,3,6,0,0,14,47,3,1,151,0,2,173,21,0,18,1,440,0.8477842003853564
540,5,0,18,1,0,37,58,1,0,241,0,7,257,22,2,18,1,668,0.775842044134727
541,3,2,5,3,1,19,43,1,7,141,1,7,200,36,4,5,2,480,0.642570281124498
542,0,1,4,1,0,41,40,3,2,203,3,4,182,22,0,14,1,521,0.7078804347826086
543,0,4,10,0,1,30,84,5,3,276,2,4,202,76,2,27,0,726,0.868421052631579
547,5,3,12,3,0,38,84,3,1,247,1,3,264,48,4,17,3,736,0.8123620309050773
548,0,0,5,3,0,40,56,3,1,142,1,2,227,27,1,20,0,528,0.76410998552822
549,2,0,8,2,0,30,46,0,3,153,0,0,217,16,3,13,2,495,0.717391304347826
550,5,0,21,2,1,33,77,4,3,269,1,5,217,51,2,13,1,705,0.759698275862069
551,1,1,6,2,0,27,54,0,0,250,2,2,155,40,1,16,4,561,0.848714069591528
552,4,1,6,0,0,29,64,3,3,191,0,2,242,20,2,21,1,589,0.7560975609756098
555,1,2,15,2,2,24,62,3,3,242,2,8,247,58,4,19,3,697,0.8002296211251435
556,2,2,19,6,0,26,54,5,1,255,2,9,234,40,2,15,1,673,0.7656427758816837
558,3,2,10,3,0,24,61,1,1,190,2,2,189,62,3,10,2,565,0.7414698162729659
561,2,0,8,2,0,28,46,1,0,154,1,3,158,40,0,11,0,454,0.7504132231404959
562,1,1,7,1,1,20,52,2,0,200,2,1,190,49,4,18,3,552,0.75
564,1,1,10,3,3,31,47,1,1,214,0,0,213,17,1,25,0,568,0.8645357686453576
566,2,0,6,1,0,21,55,2,0,120,2,0,238,14,1,10,0,472,0.8194444444444444
567,3,2,10,0,0,37,89,2,3,242,0,7,286,23,0,11,0,715,0.8227848101265823
568,0,1,9,2,0,8,15,1,0,64,2,2,130,21,3,17,0,275,0.7768361581920904
569,4,1,11,0,0,31,37,0,2,123,2,7,169,20,3,14,1,425,0.7535460992907801
570,5,2,10,0,0,25,77,1,1,196,1,2,259,12,5,17,1,614,0.8527777777777777
571,1,0,19,3,0,29,41,1,2,128,2,5,196,20,3,27,1,478,0.750392464678179
573,1,5,13,0,0,20,51,3,1,164,1,1,248,18,0,29,0,555,0.8066860465116279
574,2,0,10,3,1,13,72,2,1,165,1,5,223,25,2,28,2,555,0.7917261055634808
575,1,1,5,1,0,19,89,3,1,173,2,1,277,23,1,18,1,616,0.8392370572207084
580,1,1,6,1,0,22,70,0,1,193,1,4,198,26,3,11,0,538,0.7774566473988439
582,1,0,5,2,0,17,48,3,1,135,3,0,206,25,1,4,1,452,0.8071428571428572
583,4,1,10,2,0,33,69,4,1,188,0,4,195,18,1,11,1,542,0.7506925207756233
585,1,2,6,0,0,16,55,1,0,144,0,0,287,5,1,9,0,527,0.8234375
586,0,1,9,0,0,23,72,1,0,170,0,0,270,14,1,17,0,578,0.8537666174298375
589,2,1,10,1,1,30,80,2,2,195,3,2,288,27,1,27,1,673,0.7665148063781321
590,3,1,5,2,1,25,66,2,1,200,1,10,200,27,4,20,3,571,0.7523056653491436
592,0,0,8,0,1,14,67,7,1,139,1,3,180,22,3,14,0,460,0.7809847198641766
594,3,2,6,1,1,23,63,1,1,226,2,1,213,30,5,8,2,588,0.7777777777777778
596,2,0,10,3,0,25,56,0,0,193,0,3,185,25,0,17,0,519,0.8084112149532711
600,2,3,9,2,0,35,60,1,1,266,0,3,206,33,3,42,4,670,0.7947805456702254
601,1,3,5,2,2,38,66,0,0,229,1,1,248,30,2,12,0,640,0.7701564380264742
603,0,1,9,4,0,16,68,1,1,253,3,2,234,25,0,19,0,636,0.795
604,1,2,9,2,0,29,78,3,1,211,1,3,231,41,4,26,2,644,0.7853658536585366
608,3,0,9,1,1,27,77,3,1,209,0,4,296,29,0,15,1,676,0.8213851761846902
610,0,3,6,2,0,30,69,3,1,196,1,4,269,34,0,15,0,633,0.7766871165644171
613,3,0,5,0,1,23,59,2,1,208,0,5,310,19,1,17,2,656,0.8346055979643766
614,2,0,7,2,1,37,76,1,0,213,1,6,203,35,2,19,3,608,0.8095872170439414
615,5,0,15,3,0,46,137,3,1,186,0,3,261,28,0,36,2,726,0.8461538461538461
616,0,1,14,1,2,39,55,3,1,257,2,4,272,37,1,17,1,707,0.8015873015873016
617,0,2,15,2,0,33,83,4,3,213,0,1,268,46,2,30,0,702,0.814385150812065
621,0,3,6,4,1,20,69,2,2,194,2,0,303,37,0,23,0,666,0.8004807692307693
622,2,0,13,0,0,23,88,1,4,153,2,4,221,39,4,11,1,566,0.7331606217616581
624,0,2,12,3,1,24,52,2,0,209,4,3,313,19,2,16,1,663,0.8115055079559363
625,1,2,2,1,0,23,75,1,2,228,1,1,274,24,1,34,1,671,0.828395061728395
627,5,0,10,2,0,44,78,2,6,222,0,2,230,30,3,15,1,650,0.7821901323706378
631,3,3,11,1,0,34,80,3,0,214,1,1,310,29,5,17,2,714,0.8206896551724138
633,0,2,10,5,0,24,86,4,2,201,2,7,236,32,4,24,0,639,0.7811735941320294
634,1,1,13,0,1,26,68,3,0,228,2,6,233,54,2,17,0,655,0.8228643216080402
635,2,3,7,0,1,21,76,0,3,217,1,2,218,33,1,28,0,613,0.8261455525606469
636,2,0,12,0,0,25,64,3,1,198,1,2,246,37,1,21,0,613,0.7971391417425228
638,1,0,11,2,0,31,48,0,0,244,1,7,168,37,0,15,0,565,0.7718579234972678
641,3,0,14,0,0,26,59,1,0,239,2,1,271,17,1,26,0,660,0.842911877394636
642,1,0,7,1,0,23,69,5,1,253,0,2,237,44,1,15,0,659,0.8176178660049628
644,4,0,6,3,1,23,59,4,8,232,1,2,186,33,7,15,1,585,0.7738095238095238
646,1,0,16,4,1,34,39,1,3,181,0,6,181,20,2,11,1,501,0.7324561403508771
648,1,0,9,1,1,24,70,0,1,133,2,1,290,20,0,15,3,571,0.856071964017991
649,1,1,9,0,0,14,63,1,0,192,1,2,264,27,2,18,0,595,0.8298465829846583
651,2,0,6,1,0,25,43,3,1,213,2,3,187,31,1,17,4,539,0.8056801195814649
652,2,0,4,3,0,18,70,3,1,225,1,1,261,25,0,9,1,624,0.8125
655,1,2,15,0,0,27,65,0,1,261,3,2,292,46,1,18,0,734,0.8875453446191052
657,2,1,5,0,1,33,73,5,0,210,0,0,163,27,3,22,1,546,0.7856115107913669
659,1,0,10,0,0,31,55,4,1,211,2,6,257,15,2,12,2,609,0.8152610441767069
662,2,1,7,0,0,29,71,2,3,259,0,3,298,31,1,18,1,726,0.8736462093862816
663,2,1,11,4,0,24,57,2,1,209,0,3,244,44,1,17,2,622,0.7984595635430038
665,2,1,8,1,0,31,66,3,3,219,2,5,263,42,1,25,0,672,0.8286066584463625
666,0,1,1,2,0,10,13,0,0,64,0,3,90,15,1,3,0,203,0.8638297872340426
667,5,5,4,1,0,19,64,3,3,131,1,1,210,22,1,12,1,483,0.7465224111282844
668,3,1,9,1,0,26,60,2,2,247,1,0,274,30,2,22,3,683,0.812128418549346
669,1,1,15,2,1,30,87,3,1,275,1,3,293,30,5,23,1,772,0.864501679731243
671,2,1,10,1,1,26,59,1,0,253,2,1,266,29,1,26,2,681,0.8686224489795918
673,3,3,6,0,1,21,69,3,1,297,1,1,247,35,1,19,1,709,0.844047619047619
674,1,2,7,2,1,27,74,0,0,229,0,3,287,42,1,23,0,699,0.83115338882283
675,2,0,8,2,0,36,70,1,0,258,1,3,253,40,4,18,0,696,0.8236686390532545
676,2,1,9,1,0,30,70,2,1,190,1,2,278,25,2,20,1,635,0.837730870712401
678,3,1,6,2,0,19,52,2,0,221,3,3,233,31,1,20,0,597,0.8178082191780822
679,1,0,9,0,1,44,72,3,2,248,0,4,253,32,3,18,1,691,0.8746835443037975
680,2,0,13,2,0,28,78,3,2,241,1,7,284,30,2,24,0,717,0.8308227114716107
684,2,0,13,4,0,39,61,2,1,211,0,3,272,28,2,14,0,652,0.8109452736318408
686,1,0,3,1,0,24,67,1,0,154,0,1,201,7,0,15,1,476,0.7223065250379362
687,2,3,8,1,2,26,91,2,3,181,3,3,225,31,0,19,3,603,0.8340248962655602
690,2,0,7,0,0,19,77,0,0,147,0,7,272,22,2,11,0,566,0.8167388167388168
692,2,0,16,1,0,37,67,2,2,228,1,5,308,33,2,28,2,734,0.8312570781426953
693,0,1,7,1,1,29,59,5,2,190,1,3,234,43,4,17,1,598,0.791005291005291
696,2,0,18,2,0,17,46,6,2,164,1,0,178,28,1,12,1,478,0.7635782747603834
698,3,2,9,1,0,28,64,3,3,182,1,2,216,40,1,11,4,570,0.7630522088353414
699,1,1,6,1,0,38,71,5,1,241,0,6,200,36,6,24,5,642,0.8199233716475096
700,1,0,7,1,0,24,74,0,0,176,4,2,252,39,4,17,2,603,0.8072289156626506
701,1,1,9,1,0,32,68,5,1,224,2,5,343,17,1,25,0,735,0.8556461001164144
702,1,0,7,2,2,30,78,3,2,172,0,7,223,31,5,12,1,576,0.7858117326057299
703,2,0,14,1,0,40,66,2,2,171,0,6,196,46,2,17,2,567,0.8053977272727273
704,2,1,13,2,0,22,83,1,1,151,0,3,205,44,3,31,1,563,0.8008534850640113
705,1,4,12,2,0,19,56,3,4,192,3,1,201,40,3,14,1,556,0.7423230974632844
706,2,1,11,1,0,21,46,1,3,143,1,3,169,32,2,16,0,452,0.7313915857605178
707,0,4,15,2,0,23,65,5,1,170,0,3,209,21,1,20,1,540,0.75
709,1,3,11,2,0,24,54,0,3,221,4,1,248,31,1,16,1,621,0.7971758664955071
711,4,2,12,3,0,40,78,3,2,235,2,6,240,31,4,20,1,683,0.7648376259798432
712,2,0,5,3,0,27,78,3,2,204,2,4,300,32,1,10,1,674,0.8042959427207638
713,1,0,6,1,0,23,51,1,0,223,0,3,222,30,1,19,3,584,0.8055172413793104
715,3,2,8,1,0,20,49,1,2,170,5,4,178,38,4,4,0,489,0.7938311688311688
716,3,1,12,2,0,40,84,2,0,207,1,3,216,44,4,18,4,641,0.7903822441430333
717,3,1,9,0,0,30,45,1,0,203,2,2,182,20,1,7,0,506,0.7507418397626113
718,1,0,10,2,0,21,44,1,1,169,0,0,187,56,1,20,1,514,0.7417027417027418
719,2,1,10,3,0,23,48,2,0,155,1,3,179,31,1,14,3,476,0.7543581616481775
721,2,0,12,0,1,19,55,0,3,160,0,4,225,34,2,12,0,529,0.7578796561604585
724,0,1,3,0,0,14,38,2,0,171,3,0,156,26,1,10,1,426,0.7661870503597122
725,0,4,6,3,0,35,57,0,2,196,0,2,210,24,3,22,0,564,0.7966101694915254
726,1,0,11,0,0,34,56,0,3,205,1,3,175,23,4,23,4,543,0.8008849557522124
727,2,1,7,1,0,19,78,0,0,201,0,1,246,36,1,19,2,614,0.8068331143232589
728,1,0,8,0,1,13,84,3,1,207,2,4,252,31,0,23,0,630,0.8224543080939948
729,2,2,9,4,0,16,49,2,3,134,1,5,173,34,5,10,2,451,0.7321428571428571
731,1,0,13,1,0,30,67,1,1,239,1,3,225,39,3,22,4,650,0.8387096774193549
734,3,2,6,3,0,22,63,4,0,211,3,6,260,47,2,19,2,653,0.7905569007263923
736,3,3,14,1,1,34,74,2,2,229,1,6,265,42,1,19,1,698,0.8359281437125748
738,8,3,7,2,1,20,54,2,2,152,1,2,201,22,2,24,2,505,0.7733537519142419
739,1,3,12,0,0,18,39,0,2,187,2,5,153,32,1,9,1,465,0.785472972972973
740,3,0,10,0,0,35,88,2,0,210,0,0,273,24,2,19,0,666,0.8582474226804123
741,2,1,5,2,0,20,68,1,2,179,3,4,231,42,4,16,2,582,0.784366576819407
743,2,1,12,0,1,32,81,4,3,191,2,1,200,46,2,9,0,587,0.7383647798742138
746,4,0,7,0,0,28,78,0,2,164,0,1,218,46,1,18,0,567,0.7997179125528914
747,4,1,23,0,0,29,69,3,3,209,2,9,288,32,2,24,2,700,0.8264462809917356
748,0,3,5,4,1,21,56,3,2,159,0,3,190,28,1,11,4,491,0.7565485362095532
749,1,0,12,2,0,23,55,1,2,146,1,2,187,38,1,9,0,480,0.7007299270072993
751,4,2,15,0,0,20,70,2,2,152,0,1,214,32,1,15,0,530,0.7681159420289855
752,2,2,9,3,1,22,61,1,0,195,2,1,227,47,2,28,0,603,0.8061497326203209
753,3,1,6,1,0,31,76,2,0,173,1,6,214,46,1,18,1,580,0.7795698924731183
755,1,1,14,0,0,26,47,2,0,224,0,4,176,30,7,16,0,548,0.7817403708987162
756,1,3,14,3,0,29,60,1,4,140,2,4,184,46,2,17,0,510,0.7798165137614679
760,4,2,9,3,0,28,71,4,1,203,1,3,236,46,5,13,2,631,0.7761377613776138
762,3,0,12,2,0,27,47,4,5,150,1,2,146,44,0,7,0,450,0.7188498402555911
765,2,1,5,3,0,32,49,3,1,126,1,1,154,33,2,11,0,424,0.7162162162162162
766,1,3,18,8,0,34,87,2,5,238,1,8,203,24,3,29,0,664,0.8038740920096852
767,0,2,6,1,0,29,55,5,2,188,1,4,191,23,2,40,1,550,0.7596685082872928
770,2,3,13,1,1,31,61,1,3,200,1,6,215,28,1,20,3,590,0.7845744680851063
771,1,0,11,2,2,27,58,1,0,147,1,1,190,26,7,15,1,490,0.7573415765069552
772,0,1,8,1,0,31,68,2,2,196,0,3,189,43,2,19,1,566,0.7669376693766937
775,3,1,17,2,1,37,61,1,1,163,2,2,226,25,1,20,3,566,0.7648648648648648
776,2,1,15,2,2,29,96,2,0,195,2,4,263,37,5,16,0,671,0.81136638452237
778,1,1,13,2,0,29,57,4,3,177,0,6,268,30,2,23,0,616,0.7938144329896907
780,5,1,9,2,0,27,51,1,2,219,2,2,193,33,3,12,2,564,0.7877094972067039
781,2,2,16,5,0,36,73,2,4,193,2,6,274,50,3,18,2,688,0.7953757225433526
783,4,4,11,21,0,23,52,1,2,193,1,2,194,33,4,0,2,547,0.8506998444790047
784,0,1,10,3,0,32,72,4,2,222,1,6,197,19,2,17,1,589,0.7619663648124192
785,6,0,11,3,3,33,83,7,2,197,1,5,263,29,2,21,0,666,0.7995198079231692
786,2,3,14,2,1,32,78,1,0,205,0,5,175,38,1,14,0,571,0.843426883308715
788,2,1,8,2,1,47,58,3,3,190,2,5,203,25,2,17,1,570,0.7178841309823678
789,3,1,9,2,0,33,84,3,0,197,1,4,225,27,3,17,1,610,0.7891332470892626
790,2,0,13,1,0,36,88,4,3,248,1,3,319,24,3,27,0,772,0.8446389496717724
791,10,0,15,2,0,22,83,3,3,204,1,2,275,32,3,19,0,674,0.7667804323094426
792,4,3,13,1,0,22,85,4,1,244,2,4,226,47,3,39,2,700,0.7972665148063781
793,4,2,18,0,0,32,76,1,3,183,2,2,219,37,2,27,4,612,0.7717528373266078
794,6,2,15,3,0,23,88,3,3,178,0,1,220,17,2,23,3,587,0.7785145888594165
796,2,2,5,2,0,21,60,2,5,203,3,4,221,35,4,14,1,584,0.7420584498094028
797,3,2,9,3,0,31,70,4,1,192,1,2,178,21,6,13,2,538,0.7493036211699164
799,3,3,10,2,0,31,89,4,2,188,1,2,303,22,3,40,1,704,0.8616891064871481
800,4,0,9,1,0,18,52,1,2,148,0,3,208,19,3,22,3,493,0.7667185069984448
801,2,0,2,10,0,29,73,2,4,222,1,2,190,25,2,11,0,575,0.7526178010471204
802,3,0,13,0,0,14,64,1,2,151,1,0,210,27,3,16,0,505,0.7318840579710145
803,3,0,4,2,0,29,98,6,6,180,0,4,234,25,0,16,2,609,0.7310924369747899
805,4,0,17,4,0,37,72,2,5,207,2,2,221,43,3,19,1,639,0.7764277035236938
806,3,2,7,4,0,32,89,3,1,189,1,2,228,22,2,11,3,599,0.7601522842639594
807,3,3,12,0,0,37,78,3,5,197,3,8,193,31,1,18,1,593,0.7917222963951935
808,5,2,11,1,0,31,77,3,7,217,2,3,183,26,5,23,2,598,0.796271637816245
812,2,1,15,3,1,34,73,3,2,199,0,9,240,48,3,27,1,661,0.805115712545676
813,3,3,8,2,0,27,50,1,1,264,1,4,241,34,8,28,1,676,0.8
816,2,2,5,4,0,36,91,1,1,230,1,4,246,33,1,27,2,686,0.8500619578686494
817,2,0,7,1,0,40,82,3,1,255,0,2,247,36,0,23,1,700,0.8
818,1,4,16,0,3,42,72,4,5,225,2,2,225,42,3,17,2,665,0.8021712907117008
820,3,3,8,1,0,30,63,2,2,197,2,6,258,39,2,23,0,639,0.8542780748663101
821,2,3,10,0,0,37,68,2,2,185,1,5,248,43,2,24,1,633,0.788293897882939
822,1,1,12,3,0,28,72,0,1,206,2,3,205,37,4,20,1,596,0.772020725388601
823,3,3,6,1,0,31,53,0,4,205,1,9,186,31,2,18,0,553,0.8404255319148937
824,3,0,7,1,0,29,58,2,3,233,0,2,217,25,4,20,0,604,0.7895424836601307
825,3,2,10,2,0,28,48,2,1,167,1,3,180,23,1,28,0,499,0.8261589403973509
827,4,2,8,5,1,26,43,5,2,149,0,3,177,19,2,8,0,454,0.674591381872214
828,2,1,9,0,1,29,60,1,5,200,1,5,220,32,3,10,1,580,0.838150289017341
832,2,1,9,1,0,22,59,0,1,209,1,1,258,33,4,8,1,610,0.8425414364640884
834,0,2,12,4,1,31,77,5,1,251,1,6,264,30,3,19,3,710,0.8372641509433962
835,3,1,20,3,0,31,78,7,4,210,3,5,184,41,3,14,1,608,0.7264038231780168
836,7,0,16,6,0,31,52,3,0,188,0,5,181,36,6,23,1,555,0.7115384615384616
837,7,0,16,4,0,30,81,2,10,266,3,6,211,32,7,18,3,696,0.7733333333333333
838,3,2,2,0,0,33,47,2,2,199,0,6,189,44,3,18,1,551,0.7259552042160737
839,3,2,8,0,0,18,56,3,4,178,1,0,229,22,2,10,0,536,0.7712230215827338
840,0,1,8,2,0,28,45,2,1,193,2,2,212,27,2,16,2,543,0.7327935222672065
841,1,3,3,1,0,27,72,3,0,215,1,4,196,29,2,9,4,570,0.7713125845737483
844,3,2,5,3,0,17,43,2,4,157,2,1,186,33,5,15,1,479,0.657967032967033
847,2,0,8,0,0,29,52,3,3,213,0,1,214,32,8,15,1,581,0.7767379679144385
848,0,3,5,2,0,17,48,4,1,154,1,10,175,46,0,11,0,477,0.7644230769230769
852,3,3,7,2,1,19,70,0,2,174,0,2,225,31,1,9,5,554,0.6831072749691739
853,2,1,6,2,0,34,74,2,2,267,1,5,239,45,4,18,5,707,0.8269005847953217
855,0,2,11,0,0,29,57,1,3,190,0,3,218,47,5,20,1,587,0.7554697554697555
856,1,1,9,1,1,24,63,2,2,182,1,4,216,28,3,26,2,566,0.8202898550724638
857,1,1,6,0,0,21,73,2,0,238,2,0,266,19,2,21,0,652,0.8567674113009198
859,0,1,12,1,0,25,70,2,3,286,1,0,282,39,1,30,1,754,0.8004246284501062
861,3,1,12,1,0,16,80,4,1,235,4,1,365,24,1,22,3,773,0.810272536687631
862,1,0,4,0,0,17,65,0,0,153,1,0,219,26,0,16,0,502,0.7943037974683544
863,1,1,8,0,0,38,69,2,1,232,1,3,176,29,2,22,1,586,0.8138888888888889
865,2,2,7,2,0,31,68,0,1,178,0,1,160,19,3,20,1,495,0.7783018867924528
866,3,4,8,1,0,20,48,2,1,150,1,7,191,22,5,18,2,483,0.6774193548387096
868,0,3,12,4,2,27,77,1,3,201,1,6,238,49,1,16,2,643,0.8191082802547771
869,0,0,11,1,1,19,61,2,3,192,0,3,220,24,2,18,1,558,0.8205882352941176
871,0,0,3,0,0,25,49,1,1,167,1,1,216,25,1,21,0,511,0.8111111111111111
874,1,0,10,0,0,25,71,2,1,197,1,1,263,22,1,10,1,606,0.8301369863013699
875,1,1,11,0,0,23,90,3,3,244,0,3,267,30,1,30,0,707,0.7855555555555556
877,0,2,10,0,0,16,41,3,2,152,2,0,234,15,1,23,0,501,0.7902208201892744
878,4,2,7,2,0,27,69,1,4,182,1,5,216,29,0,26,2,577,0.7882513661202186
879,0,0,3,1,0,18,74,1,0,154,4,2,230,34,1,13,1,536,0.81089258698941
881,2,1,8,2,0,23,106,4,0,247,0,4,259,31,0,20,0,707,0.82981220657277
883,2,1,21,1,0,23,75,0,1,202,2,6,272,40,1,26,0,673,0.7926972909305064
884,3,0,5,1,1,14,75,6,3,177,1,7,218,33,0,23,0,567,0.7509933774834437
886,4,4,11,2,0,24,57,2,0,238,1,2,214,20,1,12,2,594,0.7754569190600522
889,5,1,8,0,0,15,65,1,2,185,1,5,279,20,4,22,0,613,0.8044619422572179
890,2,3,12,2,0,32,64,2,1,205,3,3,193,26,3,10,0,561,0.743046357615894
891,1,1,14,2,0,23,52,2,4,163,3,5,220,32,3,17,1,543,0.6952624839948783
895,2,0,9,1,1,30,75,1,2,195,2,3,204,31,2,13,1,572,0.7657295850066934
898,2,1,13,2,1,16,46,0,1,161,1,1,169,26,3,13,1,457,0.6623188405797101
899,3,0,8,2,0,26,80,2,2,147,2,3,222,25,0,16,1,539,0.67375
900,3,1,6,0,2,20,112,0,4,197,1,0,331,20,2,15,0,714,0.8550898203592814
901,2,0,16,1,0,19,44,4,4,141,2,2,180,14,3,9,3,444,0.6472303206997084
902,0,0,15,1,1,26,51,4,3,133,0,4,186,23,4,11,0,462,0.719626168224299
903,2,3,11,2,0,21,54,1,5,156,3,6,197,24,2,23,3,513,0.6923076923076923
904,0,3,16,4,0,21,71,2,6,191,2,5,222,24,4,18,2,591,0.6912280701754386
905,1,1,13,4,0,23,60,3,3,207,1,5,258,16,2,22,0,619,0.8526170798898072
906,3,1,9,0,1,33,94,2,2,295,1,9,287,30,2,14,2,785,0.8092783505154639
907,1,0,12,0,0,32,83,4,2,280,1,0,308,33,3,38,1,798,0.8702290076335878
908,1,1,13,1,1,29,77,4,2,307,1,1,265,38,1,15,2,759,0.8108974358974359
909,1,2,13,2,2,33,71,0,3,180,0,5,212,32,5,12,4,577,0.7807848443843031
910,4,0,10,2,1,19,71,4,10,164,1,5,236,28,7,15,1,578,0.6840236686390533
912,2,0,9,2,1,17,74,3,7,184,2,4,202,32,5,12,1,557,0.7456492637215528
913,3,5,12,4,0,28,76,2,5,168,1,5,240,37,3,14,0,603,0.7760617760617761
914,1,0,11,3,1,16,54,0,2,163,1,4,170,25,9,9,2,471,0.7212863705972435
915,2,0,7,3,0,21,69,1,5,155,1,3,210,13,7,15,0,512,0.7170868347338936
916,0,3,6,0,0,13,39,0,3,71,0,1,94,12,2,11,0,255,0.6854838709677419
917,1,1,9,0,0,21,55,0,3,320,1,6,149,43,1,22,1,633,0.7728937728937729
920,3,2,13,6,1,53,86,3,5,271,1,3,188,29,2,18,3,687,0.7719101123595505
921,4,2,18,0,1,22,97,6,3,210,1,2,293,30,2,14,1,706,0.795045045045045
922,1,0,13,3,0,19,88,2,3,156,1,2,253,29,1,20,0,591,0.8219749652294854
924,3,2,7,1,2,26,103,3,1,184,3,3,287,32,2,16,1,676,0.8513853904282116
925,2,2,4,0,0,29,66,6,1,163,2,6,205,40,1,15,1,543,0.8056379821958457
927,2,1,12,1,0,34,59,2,1,184,1,6,217,29,0,24,1,574,0.7928176795580111
928,2,1,13,3,0,34,72,2,3,254,1,4,238,46,5,23,1,702,0.8357142857142857
929,0,0,3,0,0,2,1,0,0,6,0,0,18,1,2,1,1,35,0.4268292682926829
930,3,0,12,5,0,18,83,2,0,286,1,7,223,32,4,15,0,691,0.8119858989424207
931,2,2,14,3,0,31,77,3,1,203,1,2,217,32,5,14,1,608,0.8194070080862533
933,1,0,8,0,0,24,76,2,2,194,1,0,214,25,3,29,0,579,0.7689243027888446
934,0,2,15,8,0,27,60,4,5,184,4,2,195,27,1,18,2,554,0.7959770114942529
936,4,0,12,1,1,16,72,0,2,182,3,2,205,28,1,11,4,544,0.7861271676300579
938,4,0,11,1,0,31,77,2,3,178,2,2,171,25,4,19,3,533,0.7625178826895566
940,2,1,20,2,0,9,38,3,3,122,0,1,168,22,1,23,3,418,0.6955074875207987
941,2,3,14,2,0,17,48,6,2,131,0,3,183,24,5,2,7,449,0.6497829232995659
942,1,4,10,1,0,16,61,4,4,98,0,3,192,20,1,20,1,436,0.6833855799373041
945,5,0,15,0,0,23,92,5,1,162,3,6,217,16,1,15,1,562,0.7168367346938775
946,2,2,5,1,2,20,45,5,2,132,1,6,175,17,4,11,4,434,0.7269681742043551
947,2,1,18,2,0,18,67,2,1,135,0,2,213,17,5,15,3,501,0.7177650429799427
948,3,2,25,7,0,32,97,4,5,153,2,2,272,20,2,16,1,643,0.7546948356807511
951,2,4,15,10,2,43,87,6,0,231,0,9,186,45,7,18,4,669,0.7983293556085919
952,2,0,13,2,1,19,65,0,2,190,1,4,311,15,0,14,3,642,0.8806584362139918
953,2,1,19,3,0,20,79,1,1,146,0,7,209,27,1,22,0,538,0.7400275103163686
954,3,2,9,2,0,34,60,4,7,233,0,4,222,31,1,16,0,628,0.8198433420365535
955,0,2,7,3,1,35,78,4,2,206,1,6,222,16,5,20,1,609,0.7878395860284605
956,2,2,9,3,0,18,51,1,4,169,3,2,154,22,1,10,0,451,0.6981424148606811
957,1,1,2,2,0,3,2,0,4,20,2,3,28,0,4,8,1,81,0.47928994082840237
959,4,1,14,4,0,42,75,1,5,169,3,2,215,31,1,23,1,591,0.7296296296296296
960,2,0,10,4,1,48,69,1,0,190,1,3,339,19,4,19,0,710,0.931758530183727
961,2,1,7,0,0,28,81,4,1,193,1,1,263,21,0,26,1,630,0.8311345646437994
962,5,0,10,3,0,27,84,2,3,172,1,11,283,22,2,19,2,646,0.8125786163522013
963,3,0,12,0,0,21,58,3,1,113,2,4,166,24,2,12,1,422,0.7771639042357275
964,4,5,12,1,1,28,61,3,2,211,0,5,275,18,1,20,0,647,0.671161825726141
965,2,0,14,1,0,26,76,0,0,201,1,1,333,22,3,30,1,711,0.7908787541713015
968,2,2,21,3,0,27,72,5,3,188,0,4,187,31,2,13,3,563,0.7722908093278463
969,7,2,19,2,0,38,91,1,1,241,1,3,369,17,3,19,3,817,0.8997797356828194
970,3,1,9,3,0,46,114,3,5,239,2,5,305,33,1,28,1,798,0.8068756319514662
971,3,0,10,1,0,37,93,3,0,261,3,2,296,23,0,14,3,749,0.8492063492063492
973,1,0,10,1,0,34,61,2,1,215,4,2,237,41,1,20,1,631,0.7790123456790123
974,0,2,9,0,0,34,53,1,0,221,1,5,218,29,2,25,0,600,0.7905138339920948
976,3,3,13,1,0,10,38,3,2,159,1,5,176,58,3,12,0,487,0.6987087517934003
978,3,1,12,2,0,39,55,3,1,187,1,6,163,35,1,22,2,533,0.796711509715994
979,0,1,7,1,0,23,51,2,2,208,0,5,193,31,2,16,0,542,0.72751677852349
981,5,0,7,3,0,35,52,4,7,221,4,4,215,47,1,17,2,624,0.752714113389626
982,2,1,13,0,0,34,52,2,4,200,0,0,171,29,2,18,1,529,0.7367688022284122
983,3,3,8,2,0,25,70,1,3,173,3,4,274,13,1,15,0,598,0.835195530726257
984,1,1,7,0,0,21,44,1,3,153,0,0,171,35,1,11,1,450,0.7377049180327869
985,2,0,10,1,0,37,70,2,0,173,0,4,227,40,0,17,2,585,0.7677165354330708
986,5,1,12,3,0,27,63,5,4,171,5,5,244,21,1,13,4,584,0.7554980595084088
988,2,4,11,1,0,42,70,2,3,207,1,2,236,61,6,16,1,665,0.7768691588785047
989,1,2,10,4,0,28,79,4,2,211,3,3,231,40,4,26,0,648,0.8171500630517023
990,4,1,14,5,0,33,65,2,4,227,1,2,269,30,0,17,1,675,0.8074162679425837
994,1,0,12,2,1,21,50,1,4,148,1,3,195,26,5,12,0,482,0.7130177514792899
995,4,0,8,0,2,14,32,1,8,96,0,1,168,19,1,15,3,372,0.6019417475728155
1001,2,1,6,2,1,28,92,0,5,179,1,7,275,28,1,12,0,640,0.7424593967517401
1003,3,3,10,0,0,23,67,1,1,161,1,2,187,37,1,10,1,508,0.737300435413643
1004,5,3,4,1,0,35,43,3,0,216,0,5,171,38,4,15,2,545,0.7643758765778401
1005,7,2,12,0,0,21,60,3,5,159,1,3,247,29,4,14,2,569,0.8014084507042254
1006,2,0,7,4,0,30,71,1,3,188,1,4,199,14,1,26,3,554,0.7891737891737892
1007,1,1,6,0,0,20,66,2,0,139,0,3,270,18,0,24,0,550,0.8409785932721713
1008,1,3,12,1,0,21,51,1,1,172,0,3,186,17,7,13,2,491,0.7085137085137085
1010,2,4,9,0,0,26,45,2,3,191,0,2,153,34,0,7,1,479,0.7290715372907154
1012,0,1,0,2,0,4,5,0,7,19,5,8,27,3,0,6,2,89,0.413953488372093
1013,2,0,20,2,0,47,37,7,4,254,2,4,227,23,4,30,3,666,0.8212083847102343
1015,0,2,6,0,2,33,72,4,3,175,1,6,173,40,1,15,2,535,0.8281733746130031
1016,1,2,11,0,0,37,69,2,3,199,1,1,214,37,3,19,0,599,0.7729032258064517
1017,1,0,6,2,0,27,78,4,2,249,4,3,241,49,2,13,0,681,0.7937062937062938
1019,1,0,10,1,0,33,61,0,0,223,1,3,169,43,2,20,0,567,0.8253275109170306
1020,3,2,9,4,1,24,65,4,2,177,0,2,234,45,1,16,0,589,0.7760210803689065
1021,5,1,17,4,0,37,87,0,2,247,0,6,235,47,2,24,1,715,0.7721382289416847
1022,0,2,15,2,0,28,64,3,0,186,0,4,229,28,2,13,0,576,0.8347826086956521
1023,1,1,2,0,1,14,72,0,0,145,0,3,293,12,0,19,0,563,0.850453172205438
1024,1,1,10,4,0,32,56,2,1,173,0,4,250,41,1,23,0,599,0.7840314136125655
1025,3,0,9,3,0,28,50,4,3,143,0,6,201,18,3,18,1,490,0.6960227272727273
1027,3,4,10,1,0,33,56,2,3,205,0,4,206,24,1,17,1,570,0.7938718662952646
1028,2,1,18,2,0,27,99,0,2,216,1,3,319,33,3,17,1,744,0.8078175895765473
1029,1,3,12,0,0,25,56,1,2,165,1,3,201,26,2,19,0,517,0.6948924731182796
1030,2,0,13,1,2,15,38,2,2,119,1,1,169,22,6,10,1,404,0.5796269727403156
1032,3,2,16,3,0,21,38,4,1,134,0,1,187,24,3,11,1,449,0.6262203626220363
1033,0,2,11,1,0,24,62,1,1,212,4,2,240,28,3,31,0,622,0.7814070351758794
1034,2,1,7,0,0,26,69,2,5,156,0,5,208,22,7,12,2,524,0.6796368352788587
1035,2,0,6,0,0,16,55,2,7,115,2,1,152,25,3,16,0,402,0.6515397082658023
1037,1,4,12,0,0,49,97,3,4,213,1,5,287,26,1,20,0,723,0.8319907940161104
1038,2,3,18,0,0,22,52,1,3,133,3,2,197,38,3,14,0,491,0.6653116531165312
1039,0,3,2,0,0,1,5,1,0,17,0,0,32,0,1,13,1,76,0.24516129032258063
1040,1,1,2,0,1,3,1,2,0,9,0,1,8,2,1,4,0,36,0.1935483870967742
1043,0,1,1,0,0,1,2,0,0,19,0,2,21,2,1,3,0,53,inf
1044,1,0,1,0,0,2,4,0,0,11,2,0,12,2,2,9,1,47,0.16549295774647887
1045,1,1,8,1,1,19,91,2,2,159,1,2,218,25,3,20,1,555,0.8222222222222222
1046,1,1,9,1,0,14,51,0,2,119,1,3,175,24,1,14,1,417,0.7882797731568998
1048,0,0,10,2,0,32,52,1,1,187,3,3,194,24,3,25,0,537,0.8633440514469454
1050,1,2,10,1,0,30,56,4,1,251,2,7,269,32,0,30,0,696,0.8064889918887601
1051,0,3,20,3,1,27,63,1,1,235,1,6,220,26,2,17,2,628,0.7440758293838863
1052,2,0,14,2,0,33,74,2,2,231,1,3,227,27,4,22,0,644,0.7882496940024479
1056,0,1,11,0,0,37,65,2,2,199,0,4,252,28,4,23,2,630,0.7627118644067796
1059,4,1,8,2,2,29,67,1,1,219,0,4,260,25,2,20,0,645,0.8646112600536193
1062,0,2,7,2,1,18,36,4,3,90,0,1,191,14,1,9,0,379,0.6044657097288676
1063,2,0,9,0,0,8,55,2,2,167,0,3,212,27,0,13,0,500,0.6830601092896175
1064,1,0,5,1,0,15,73,2,0,107,2,3,224,17,4,16,4,474,0.6869565217391305
1068,1,2,12,0,0,24,59,2,2,185,0,3,261,23,1,21,2,598,0.7736093143596378
1069,3,1,11,4,0,22,76,1,2,147,0,5,198,27,1,21,3,522,0.6541353383458647
1070,4,0,5,0,0,17,62,3,3,177,0,1,203,27,3,11,1,517,0.726123595505618
1072,2,1,12,1,1,12,51,3,3,156,3,2,162,22,0,13,0,444,0.6568047337278107
1073,1,2,12,1,1,41,83,1,0,165,0,3,210,42,3,13,1,579,0.7548891786179922
1074,2,3,10,4,0,48,91,1,4,246,1,3,235,43,2,32,3,728,0.8170594837261503
1075,1,1,8,5,0,30,67,5,9,191,1,2,197,26,3,13,1,560,0.7310704960835509
1076,6,1,13,1,1,18,65,6,4,158,1,6,222,26,4,11,0,543,0.724
1077,1,1,7,1,1,20,67,3,5,203,2,2,224,28,2,30,4,601,0.8143631436314364
1078,4,1,12,0,0,30,77,0,2,196,0,2,189,28,0,16,1,558,0.7948717948717948
1079,1,0,11,0,0,21,63,5,1,165,1,3,312,18,0,24,0,625,0.8212877792378449
1080,0,0,8,1,0,20,85,4,2,200,0,3,226,31,5,26,2,613,0.8034076015727392
1081,2,1,14,1,0,30,65,4,1,184,1,3,245,18,4,24,2,599,0.7563131313131313
1082,1,1,6,2,0,16,52,3,0,148,0,0,201,30,4,19,3,486,0.6835443037974683
1083,4,2,11,2,0,23,52,2,9,125,0,2,236,28,5,11,3,515,0.6342364532019704
1084,0,2,5,3,0,44,96,2,7,257,0,1,263,32,0,34,0,746,0.8797169811320755
1085,1,3,5,2,0,31,60,2,1,190,0,1,186,29,2,11,3,527,0.7475177304964539
1087,5,2,24,5,1,49,85,3,2,210,1,4,264,42,7,27,2,733,0.7822838847385272
1089,3,0,8,1,1,29,50,3,3,288,0,2,148,51,3,9,1,600,0.8130081300813008
1090,1,3,11,1,0,41,80,8,4,233,3,4,272,40,2,20,0,723,0.8281786941580757
1092,2,0,14,2,0,30,95,4,3,208,0,4,191,26,0,19,3,601,0.798140770252324
1094,3,2,14,1,0,41,60,5,5,222,1,8,172,25,2,19,3,583,0.796448087431694
1095,6,2,7,1,0,31,54,3,0,196,0,0,158,26,1,13,0,498,0.8110749185667753
1096,1,0,10,2,0,30,68,5,4,182,0,5,135,18,5,23,1,489,0.8316326530612245
1097,5,2,12,0,0,28,47,3,2,249,2,3,210,40,4,15,3,625,0.7735148514851485
1099,1,0,10,1,0,21,91,7,0,204,0,3,358,34,0,22,1,753,0.8079399141630901
1100,1,1,15,2,0,32,81,3,3,194,1,2,261,20,1,23,1,641,0.80125
1102,2,2,11,3,0,32,85,2,4,160,2,1,249,20,5,12,0,590,0.7742782152230971
1103,1,2,10,1,0,26,84,3,2,135,0,2,310,13,1,17,3,610,0.7760814249363868
1107,2,1,10,0,0,60,88,2,4,262,0,2,242,39,1,19,1,733,0.8705463182897862
1111,3,1,5,2,0,37,75,0,2,246,0,3,169,34,2,20,0,599,0.8284923928077456
1112,1,2,13,4,0,21,76,3,2,156,1,1,212,22,2,18,1,535,0.823076923076923
1113,0,0,9,2,0,16,56,1,1,97,0,0,114,14,0,11,2,323,0.8075
1114,2,5,23,3,2,34,80,6,2,162,1,5,286,23,1,14,2,651,0.768595041322314
1115,3,3,11,1,0,21,59,1,0,149,1,9,230,21,0,14,0,523,0.7646198830409356
1116,0,0,2,0,0,0,3,0,2,18,0,1,18,2,0,4,0,50,inf
1117,4,1,15,1,0,36,118,4,1,235,5,4,253,31,3,13,3,727,0.8168539325842696
1118,7,1,11,1,1,29,90,1,1,197,1,1,241,28,4,21,1,636,0.8040455120101138
1119,3,1,16,0,0,32,76,3,1,192,2,2,230,32,0,22,1,613,0.757725587144623
1120,1,1,10,1,0,26,84,4,5,156,2,1,231,34,7,21,2,586,0.7640156453715776
1121,3,0,19,2,3,34,109,5,4,229,3,1,260,57,0,21,3,753,0.8079399141630901
1123,2,3,13,2,1,19,65,4,3,186,0,3,224,20,4,15,1,565,0.7404980340760158
1124,4,0,10,1,0,33,86,2,3,235,1,4,250,18,0,26,1,674,0.818955042527339
1125,3,0,13,3,0,33,65,3,6,227,0,3,230,38,2,22,1,649,0.81125
1127,3,1,16,2,1,25,65,5,3,182,1,2,206,18,5,27,1,563,0.7852161785216178
1128,5,1,9,7,0,26,56,0,0,121,1,4,210,34,2,16,1,493,0.7314540059347181
1130,1,1,13,1,2,26,76,2,0,192,0,1,249,30,0,21,3,618,0.7953667953667953
1132,5,0,12,1,0,28,72,1,3,239,1,7,190,36,3,18,1,617,0.8086500655307994
1133,2,2,7,1,0,28,76,1,0,185,1,9,228,23,4,20,1,588,0.8032786885245902
1135,2,2,11,1,2,27,93,0,2,129,0,5,194,31,2,17,1,519,0.762114537444934
1136,1,2,12,0,0,24,76,0,2,173,1,4,176,41,2,16,0,530,0.7658959537572254
1137,1,1,3,1,1,27,61,5,1,172,3,7,149,36,4,1,0,473,0.6865021770682148
1141,0,1,7,0,1,23,67,6,3,152,0,4,144,28,3,12,6,457,0.7277070063694268
1142,2,1,10,0,0,36,70,3,6,182,1,4,207,33,2,10,2,569,0.7617135207496654
1143,1,1,15,0,1,12,65,3,5,145,0,2,209,27,7,8,1,502,0.69432918395574
1144,1,1,15,4,0,30,77,3,3,162,0,4,209,29,6,24,2,570,0.7744565217391305
1148,2,1,9,3,1,38,71,2,2,178,0,5,217,42,2,27,2,602,0.8292011019283747
1149,3,3,13,3,1,18,63,6,3,168,0,3,159,35,5,16,2,501,0.7271407837445574
1151,1,2,16,4,0,22,60,6,2,214,1,3,274,41,3,22,0,671,0.8223039215686274
1152,1,0,1,0,0,11,9,1,2,63,2,1,59,2,0,5,0,157,26.166666666666668
1154,2,1,18,2,0,27,76,2,1,197,1,5,274,45,2,18,0,671,0.7564825253664036
1155,6,3,23,8,0,42,89,8,6,224,2,5,319,31,11,23,4,804,0.7570621468926554
1156,2,0,14,1,0,20,57,1,3,156,0,1,222,31,3,21,3,535,0.7104913678618858
1159,2,1,12,4,1,7,36,0,2,59,1,0,165,8,2,6,1,307,0.6616379310344828
1161,1,2,22,0,2,20,62,4,8,242,0,3,167,28,1,20,2,584,0.7674113009198423
1163,1,2,22,3,0,29,67,5,2,182,3,1,210,30,1,13,1,572,0.7114427860696517
1164,4,0,13,1,0,40,75,6,3,219,3,4,217,29,8,25,0,647,0.7842424242424243
1165,0,0,18,0,0,27,82,3,4,171,1,4,255,34,4,13,0,616,0.7680798004987531
1167,3,2,10,1,0,20,76,2,2,201,2,6,199,34,4,11,1,574,0.782016348773842
1168,4,0,12,3,1,26,61,0,3,183,0,6,177,31,3,11,2,523,0.7471428571428571
1170,4,1,10,1,0,33,52,1,1,209,1,3,129,40,2,13,0,500,0.7518796992481203
1172,0,1,13,1,0,21,66,3,1,155,0,4,190,19,8,21,1,504,0.7850467289719626
1173,3,1,9,0,0,32,70,1,4,236,2,5,191,36,4,23,1,618,0.7427884615384616
1174,1,1,16,0,1,29,73,6,2,200,0,4,264,25,4,23,5,654,0.818523153942428
1175,2,1,14,0,0,27,72,1,2,183,1,1,195,26,2,16,2,545,0.7752489331436699
1176,0,2,16,0,5,27,65,0,8,185,0,5,228,45,4,12,3,605,0.7441574415744158
1178,5,0,18,2,0,29,88,3,5,193,1,5,329,17,7,10,1,713,0.7411642411642412
1181,4,2,15,2,0,39,67,2,1,224,0,4,140,34,6,19,0,559,0.7689133425034388
1182,1,1,11,3,0,32,76,3,4,227,1,6,215,32,2,18,0,632,0.7596153846153846
1184,4,1,8,4,0,36,92,2,4,270,0,5,249,39,4,18,1,737,0.8125689084895259
1185,2,0,17,0,1,22,58,2,3,157,0,1,184,41,2,17,3,510,0.7727272727272727
1186,3,1,16,2,1,26,92,2,0,200,1,7,228,33,3,15,0,630,0.8160621761658031
1187,5,2,17,2,2,23,86,2,0,205,2,3,301,37,4,15,1,707,0.7934904601571269
1188,9,0,10,1,0,25,71,2,2,179,1,3,176,23,1,12,2,517,0.7659259259259259
1190,4,0,13,1,0,22,87,4,1,197,1,5,220,36,1,11,2,605,0.7766367137355584
1191,2,3,9,0,1,40,92,1,1,277,1,1,231,16,4,23,0,702,0.8367103694874851
1192,1,3,9,0,0,22,68,3,2,224,0,2,267,53,1,18,2,675,0.7803468208092486
1194,1,3,12,0,1,21,80,0,4,170,0,2,209,38,3,17,0,561,0.7759336099585062
1196,1,1,15,3,0,33,89,1,6,189,0,2,242,36,4,26,2,650,0.78031212484994
1200,4,0,7,4,0,18,60,3,2,180,0,3,247,39,0,17,1,585,0.7587548638132295
1201,6,1,13,1,0,27,57,3,0,188,1,2,163,32,6,16,3,519,0.7863636363636364
1203,5,1,13,2,0,27,72,2,2,190,0,2,203,31,2,25,0,577,0.8092566619915849
1204,0,1,9,0,0,43,66,1,1,193,0,4,211,40,3,9,0,581,0.7705570291777188
1205,0,1,19,3,1,34,110,6,1,214,0,3,253,32,1,26,1,705,0.834319526627219
1207,2,3,13,1,1,31,79,3,3,160,2,1,162,29,2,13,0,505,0.7745398773006135
1209,2,1,11,3,1,35,52,5,0,276,2,2,165,31,5,27,1,619,0.8070404172099087
1210,2,3,8,0,0,35,89,2,3,209,2,6,222,31,2,35,0,649,0.7857142857142857
1211,3,3,6,2,0,30,103,3,0,189,0,5,248,29,3,26,2,652,0.7563805104408353
1212,6,0,16,4,1,47,58,1,2,246,1,5,172,38,6,20,0,623,0.7876106194690266
1213,3,1,20,0,0,28,76,4,2,201,2,4,213,23,2,11,2,592,0.767833981841764
1214,0,0,16,1,0,23,131,0,2,165,0,2,220,20,5,16,1,602,0.7952443857331571
1215,6,3,18,3,0,20,114,0,2,228,0,6,282,30,1,14,1,728,0.8367816091954023
1216,5,1,12,0,3,23,106,0,2,208,1,2,238,24,4,31,0,660,0.7847800237812128
1218,4,5,10,4,1,33,112,4,6,189,0,5,215,32,3,19,1,643,0.770059880239521
1219,4,3,9,4,0,34,181,2,4,209,2,3,272,27,2,24,2,782,0.832800851970181
1220,4,1,8,2,0,37,141,7,5,234,2,6,266,36,4,25,3,781,0.8308510638297872
1221,3,3,7,1,0,38,131,2,2,191,1,5,288,19,2,31,0,724,0.8208616780045351
1222,0,3,10,3,0,18,125,2,5,219,0,4,238,34,9,24,0,694,0.7702552719200888
1227,0,0,12,3,0,25,77,1,0,132,1,2,251,24,1,12,0,541,0.7944199706314243
1229,4,0,4,0,0,19,77,0,1,157,0,1,252,22,0,36,0,573,0.8025210084033614
1230,0,1,5,2,0,35,63,1,3,183,2,6,254,20,4,16,3,598,0.8102981029810298
1232,1,1,11,0,0,23,57,5,1,196,0,4,176,47,3,14,0,539,0.7891654465592972
1233,0,2,17,2,0,26,76,3,0,221,2,3,264,30,0,21,1,668,0.8381430363864492
1236,1,0,10,3,0,31,55,3,2,188,2,2,217,30,3,18,1,566,0.7872044506258693
1237,2,0,12,2,1,25,85,3,5,198,0,4,224,38,0,21,0,620,0.8093994778067886
1241,2,1,10,1,0,30,57,2,2,188,0,4,272,32,1,23,0,625,0.8169934640522876
1242,0,1,11,1,0,25,63,0,0,174,2,1,259,25,1,16,2,581,0.8091922005571031
1244,1,2,7,2,0,27,105,2,0,197,0,2,338,17,0,32,3,735,0.8342792281498297
1245,0,2,11,2,0,30,71,1,1,174,1,1,210,36,1,29,0,570,0.8142857142857143
1246,2,1,16,3,1,32,71,0,0,166,1,1,171,31,0,16,1,513,0.8078740157480315
1247,3,0,3,3,0,36,69,5,4,168,1,3,194,31,1,16,1,538,0.7819767441860465
1249,4,2,26,1,2,35,70,3,1,188,1,4,250,34,4,24,1,650,0.8064516129032258
1251,3,0,12,2,0,34,80,4,2,194,0,1,198,33,0,19,0,582,0.7854251012145749
1254,1,0,21,5,0,39,99,2,2,210,0,2,232,31,2,25,2,673,0.8360248447204969
1255,1,0,16,2,0,39,74,3,1,220,1,5,171,49,0,13,0,595,0.7859973579920739
1256,3,0,9,0,1,23,52,7,4,194,0,5,195,26,2,20,0,541,0.8374613003095975
1257,2,1,12,1,0,28,82,0,5,204,3,2,242,28,3,23,1,637,0.7749391727493917
1258,3,0,13,0,0,14,52,1,4,161,2,8,190,21,2,13,1,485,0.7461538461538462
1259,7,4,8,1,0,32,52,0,3,229,1,2,171,31,2,24,3,570,0.8085106382978723
1260,4,2,19,6,0,53,99,2,3,291,1,5,291,41,4,31,2,854,0.850597609561753
1261,2,4,10,0,0,37,59,2,4,283,1,8,167,32,8,18,1,636,0.8020176544766708
1263,2,2,7,1,0,14,54,1,1,197,1,1,239,25,7,14,2,568,0.7047146401985112
1264,0,0,8,5,0,33,78,2,4,252,0,7,181,43,4,25,1,643,0.8275418275418276
1265,0,3,15,2,1,56,96,5,4,233,2,3,226,41,3,26,1,717,0.8308227114716107
1267,2,2,12,6,0,33,85,2,4,270,1,4,234,48,1,22,1,727,0.8337155963302753
1268,1,0,17,2,0,35,89,1,2,229,2,6,216,31,2,24,1,658,0.8255959849435383
1269,0,0,1,1,0,1,3,0,0,18,0,0,16,2,0,2,0,44,22.0
1270,1,1,9,2,0,44,89,0,2,170,2,1,187,24,2,12,3,549,0.7310252996005326
1271,3,1,17,2,0,35,112,5,3,267,1,1,285,39,4,33,3,811,0.8748651564185544
1273,0,1,9,3,1,20,46,1,4,173,1,4,188,23,1,20,2,497,0.7634408602150538
1274,1,1,9,1,0,14,54,0,0,141,3,4,180,16,0,14,0,438,0.8571428571428571
1275,3,1,12,0,0,32,59,1,2,221,3,3,223,51,5,23,3,642,0.7421965317919075
1276,3,0,9,2,0,34,79,1,3,288,3,2,197,36,3,23,2,685,0.8425584255842559
1280,0,2,7,1,0,31,71,0,1,233,1,3,258,38,4,16,0,666,0.7985611510791367
1283,3,2,9,2,0,24,61,1,3,143,0,4,220,19,3,13,2,509,0.7344877344877345
1285,0,0,13,1,0,24,74,2,1,207,0,8,249,20,4,18,1,622,0.8088426527958388
1286,0,2,6,3,0,31,68,2,3,184,0,2,207,30,3,16,1,558,0.8040345821325648
1287,1,0,14,1,0,26,65,0,2,176,2,5,202,35,1,11,1,542,0.7709815078236131
1291,2,0,7,0,0,30,67,5,5,194,4,4,194,22,2,10,2,548,0.7696629213483146
1292,4,0,8,0,0,35,36,5,5,168,2,5,184,31,5,13,2,503,0.7074542897327707
1294,2,2,6,2,1,19,57,2,5,162,1,3,235,25,1,15,1,539,0.6260162601626016
1296,1,3,14,1,1,34,74,0,2,239,1,0,191,25,1,30,2,619,0.8007761966364813
1297,0,0,6,2,0,21,87,1,4,169,0,0,206,31,4,22,0,553,0.7734265734265734
1304,1,0,11,1,0,25,64,4,1,160,1,3,212,25,1,16,0,525,0.7930513595166163
1307,3,2,8,1,0,31,75,4,3,231,1,4,298,26,1,28,1,717,0.8415492957746479
1309,2,1,12,0,0,21,75,1,3,188,1,1,276,12,0,30,2,625,0.8159268929503917
1312,3,2,7,1,0,24,99,0,0,197,0,5,236,31,0,29,0,634,0.806615776081425
1314,1,0,10,1,0,33,77,4,3,261,0,2,271,46,4,8,3,724,0.8143982002249719
1315,1,4,11,2,0,23,95,3,4,262,1,3,249,43,8,24,3,736,0.7666666666666667
1316,3,1,10,3,2,36,78,4,2,183,1,0,215,41,2,11,1,593,0.7440401505646174
1317,1,0,8,1,0,40,81,1,0,205,1,4,200,35,1,25,0,603,0.8626609442060086
1318,2,0,8,0,0,28,81,0,1,214,1,2,231,34,1,22,0,625,0.8267195767195767
1319,2,0,9,1,0,19,67,1,5,135,1,1,222,11,0,20,1,495,0.8181818181818182
1320,2,1,8,2,1,23,59,2,0,191,1,5,183,27,1,18,0,524,0.7891566265060241
1321,5,1,7,1,0,34,72,1,3,265,0,3,286,27,5,18,4,732,0.8088397790055248
1323,1,3,10,3,1,28,67,2,4,221,2,4,232,30,4,31,1,644,0.7777777777777778
1324,4,0,16,2,0,37,60,1,0,219,0,6,212,53,2,9,3,624,0.8232189973614775
1326,2,2,11,3,0,18,57,2,1,196,2,1,192,20,2,23,2,534,0.8544
1328,2,0,7,6,0,52,88,4,0,236,0,1,206,38,0,25,1,666,0.8043478260869565
1329,1,0,9,0,0,21,56,1,2,155,0,0,133,28,1,19,0,426,0.8022598870056498
1331,7,1,10,0,0,24,76,3,1,181,1,5,259,27,3,18,2,618,0.7348394768133175
1332,2,1,10,0,0,16,71,2,2,206,1,5,218,18,3,21,3,579,0.7824324324324324
1333,1,0,6,0,0,32,74,3,3,203,3,4,262,33,0,13,1,638,0.8045397225725095
1334,4,3,6,0,0,32,69,1,2,217,1,3,212,24,0,11,1,586,0.8419540229885057
1338,4,2,14,1,0,28,90,6,2,173,0,3,156,31,4,16,1,531,0.7574893009985735
1339,5,3,12,3,0,21,69,1,0,162,3,3,262,27,4,11,2,588,0.7025089605734767
1340,4,4,9,2,0,52,70,2,3,225,0,2,228,22,7,14,3,647,0.7693222354340071
1341,0,1,11,5,0,38,83,1,3,216,1,1,215,51,9,10,4,649,0.787621359223301
1342,3,1,9,1,0,18,63,4,4,172,1,4,193,26,1,14,0,514,0.744927536231884
1343,3,3,9,0,0,30,76,0,1,217,2,5,224,35,3,14,2,624,0.7938931297709924
1345,1,1,22,1,0,28,83,0,4,182,2,5,178,30,2,9,3,551,0.7046035805626598
1346,3,0,13,4,0,27,63,1,1,169,0,3,193,22,0,16,0,515,0.7972136222910217
1348,2,1,8,3,0,37,69,2,4,213,1,2,243,41,5,18,1,650,0.7369614512471655
1349,2,1,12,0,0,20,77,2,0,152,1,3,243,22,2,23,2,562,0.7177522349936143
1350,2,1,5,0,0,26,79,6,1,206,1,3,201,35,1,15,0,582,0.776
1351,3,3,12,1,0,26,96,2,3,168,2,2,188,23,4,12,6,551,0.7037037037037037
1352,0,0,5,0,0,24,59,3,1,165,1,0,252,23,2,19,1,555,0.8345864661654135
1354,1,3,11,2,1,38,108,4,2,258,1,6,221,27,2,24,2,711,0.8006756756756757
1357,1,3,11,0,0,27,63,0,0,246,2,3,231,33,2,12,1,635,0.8592692828146143
1358,1,0,8,1,1,16,75,0,0,234,3,4,227,51,4,19,0,644,0.7950617283950617
1359,0,2,11,2,0,22,75,1,0,171,0,1,335,9,1,26,2,658,0.8173913043478261
1361,3,2,13,0,0,43,76,2,2,245,1,1,265,30,2,33,1,719,0.8096846846846847
1362,2,3,8,5,0,19,91,3,2,202,2,1,237,21,1,23,0,620,0.824468085106383
1366,2,2,9,0,0,24,55,1,2,199,1,5,249,30,1,17,0,597,0.824585635359116
1368,1,1,9,0,0,30,79,2,0,272,1,1,273,36,4,25,2,736,0.8335220838052095
1369,1,1,17,1,0,42,61,5,4,285,1,1,212,38,1,20,1,691,0.7942528735632184
1371,2,2,9,2,0,27,84,6,3,181,0,6,275,30,3,25,2,657,0.7944377267230955
1373,3,6,12,1,0,30,73,4,1,198,0,1,271,33,5,20,4,662,0.7609195402298851
1374,4,2,10,0,0,27,64,2,5,219,2,3,213,41,0,24,0,616,0.7989623865110247
1375,2,2,9,2,0,20,82,1,2,218,0,3,217,40,5,20,1,624,0.7600487210718636
1377,1,2,7,1,0,12,73,4,5,226,2,2,237,31,3,17,3,626,0.7786069651741293
1382,1,0,7,0,0,27,56,0,2,203,0,0,189,22,0,22,0,529,0.7895522388059701
1383,0,0,15,0,0,30,77,0,3,215,1,5,265,37,1,21,1,671,0.7757225433526012
1384,4,3,12,1,0,35,60,2,3,216,0,3,253,25,6,22,0,645,0.8123425692695214
1387,1,2,8,1,0,43,42,3,3,209,3,1,188,26,2,22,2,556,0.7690179806362379
1388,0,3,4,0,0,30,45,2,2,165,4,3,218,14,2,10,2,504,0.7533632286995515
1391,2,1,18,1,1,31,111,4,1,189,0,1,311,42,8,29,1,751,0.7997870074547391
1392,2,3,7,0,0,16,51,3,3,200,2,7,205,38,3,14,1,555,0.7198443579766537
1394,2,0,7,0,0,30,36,2,2,162,0,2,157,24,0,12,2,438,0.7863554757630161
1396,3,1,3,3,0,28,57,0,2,143,1,3,246,17,1,9,1,518,0.8131868131868132
1398,1,0,7,0,0,23,36,2,1,123,1,6,165,16,2,17,1,401,0.7059859154929577
1399,1,0,12,2,0,33,76,4,2,238,1,2,175,40,4,25,3,618,0.7348394768133175
1400,0,2,5,2,0,25,39,2,2,207,1,4,156,33,3,22,3,506,0.7713414634146342
1401,3,1,3,0,0,30,74,3,3,161,1,5,193,36,3,16,0,532,0.7893175074183977
1403,2,0,5,2,0,23,58,2,0,205,3,7,197,44,0,15,0,563,0.7830319888734353
1404,3,1,9,3,0,14,55,1,3,151,1,4,191,29,2,18,0,485,0.7260479041916168
1406,4,2,11,3,2,36,72,3,0,243,1,4,205,46,8,18,5,663,0.7457817772778402
1407,2,1,10,1,0,25,70,2,2,225,3,7,226,19,0,18,2,613,0.7930142302716688
1410,1,1,10,2,0,36,62,4,4,175,1,1,215,25,3,10,0,550,0.7294429708222812
1411,1,0,13,2,0,35,54,0,1,198,3,6,176,24,0,23,1,537,0.8689320388349514
1412,3,1,12,1,1,28,49,2,0,151,3,7,154,45,2,24,3,486,0.7653543307086614
1413,1,1,7,2,0,24,71,5,2,171,2,3,230,26,1,29,2,577,0.8573551263001485
1415,2,2,12,3,0,31,73,0,2,221,0,12,245,52,2,19,0,676,0.8076463560334528
1417,1,1,9,1,0,32,76,1,4,296,0,7,256,40,0,17,0,741,0.8251670378619154
1419,2,2,10,0,0,29,65,1,1,188,0,2,215,25,3,18,1,562,0.7838214783821479
1420,4,2,9,3,0,25,66,1,4,191,3,3,228,43,2,14,0,598,0.803763440860215
1421,0,0,8,0,0,10,9,0,0,14,0,0,55,4,0,6,0,106,0.44537815126050423
1423,1,2,6,0,0,23,74,2,0,154,2,1,260,16,0,18,0,559,0.8269230769230769
1424,2,0,7,0,0,18,62,1,1,208,1,1,194,24,2,18,0,539,0.8191489361702128
1425,3,0,13,1,1,39,70,4,1,241,0,2,211,34,3,11,0,634,0.7611044417767107
1426,1,0,7,0,0,17,79,3,0,205,1,4,318,13,0,23,1,672,0.8389513108614233
1428,3,1,9,2,0,32,45,0,4,181,0,0,230,21,2,15,0,545,0.8002936857562408
1430,0,2,14,2,0,44,93,4,3,226,1,5,213,26,6,18,0,657,0.801219512195122
1432,4,1,12,2,0,25,66,0,3,160,1,3,210,24,2,13,2,528,0.7553648068669528
1439,4,0,10,3,0,19,75,4,7,199,3,7,201,33,6,17,4,592,0.7317676143386898
1441,2,1,8,1,0,9,45,2,5,132,2,4,193,29,1,21,1,456,0.6627906976744186
1442,4,2,7,2,0,32,59,0,6,176,1,2,174,41,2,14,1,523,0.8033794162826421
1443,1,0,22,1,0,26,78,4,1,207,0,0,212,27,2,26,0,607,0.7872892347600519
1446,2,3,16,7,1,26,53,6,2,239,0,5,231,43,5,17,1,657,0.82125
1447,4,3,13,2,0,22,62,0,2,212,2,3,223,34,4,9,0,595,0.7579617834394905
1448,1,0,10,2,0,32,70,2,1,219,0,1,281,25,2,25,0,671,0.8714285714285714
1449,1,1,7,2,0,30,71,1,1,205,3,2,290,32,2,17,1,666,0.8112058465286236
1450,1,0,13,2,0,22,84,6,1,208,0,3,169,28,2,11,0,550,0.7724719101123596
1451,1,2,14,5,0,25,83,2,2,235,1,1,235,33,2,25,1,667,0.7719907407407407
1452,3,0,7,2,0,50,92,0,5,204,1,2,216,20,2,22,1,627,0.7808219178082192
1453,1,2,9,1,0,30,70,1,1,195,1,8,259,29,3,14,2,626,0.7560386473429952
1454,2,2,14,1,0,22,90,1,2,169,1,2,205,11,2,20,3,547,0.7150326797385621
1455,1,1,15,2,0,25,103,4,4,214,1,1,222,33,2,24,1,653,0.760186263096624
1457,2,1,11,1,0,21,77,4,3,153,2,2,226,33,1,19,2,558,0.7982832618025751
1458,2,1,11,1,0,27,58,2,3,166,2,3,166,41,4,13,2,502,0.8019169329073482
1459,3,1,15,3,2,31,113,4,3,212,5,0,200,50,1,22,5,670,0.8261405672009864
1460,0,4,14,3,0,34,134,6,3,222,1,9,259,24,4,24,5,746,0.7869198312236287
1461,2,2,16,4,0,24,62,0,2,158,1,3,260,27,3,8,0,572,0.8
1463,1,1,9,0,0,35,81,3,3,222,1,2,245,25,0,13,2,643,0.7967781908302355
1464,5,1,13,2,2,41,87,6,5,330,2,7,234,51,7,32,1,826,0.779245283018868
1465,1,0,5,4,0,11,49,2,0,124,3,5,167,22,2,9,2,406,0.7073170731707317
1466,2,1,11,2,0,34,69,0,3,251,1,2,265,38,0,30,1,710,0.8059023836549376
1468,2,0,10,2,0,25,80,3,4,188,0,1,200,26,3,22,0,566,0.8250728862973761
1470,2,6,8,3,1,22,74,3,3,111,2,2,256,13,4,10,1,521,0.7572674418604651
1471,5,1,19,0,0,29,103,2,0,251,0,0,237,45,5,15,0,712,0.8250289687137891
1474,1,0,14,1,0,48,87,0,3,224,1,6,253,19,3,23,2,685,0.8605527638190955
1476,2,2,3,2,0,18,58,1,0,153,1,4,193,16,0,10,0,463,0.8297491039426523
1478,3,0,13,1,0,34,64,5,1,206,1,3,283,25,0,21,2,662,0.8264669163545568
1479,3,3,10,3,1,28,96,5,2,214,0,0,290,31,2,24,0,712,0.8337236533957846
1480,3,4,9,2,0,36,35,3,10,164,2,2,188,27,3,9,2,499,0.7470059880239521
1483,2,0,16,0,0,27,87,1,2,141,3,6,285,15,3,17,2,607,0.7616060225846926
1484,1,3,12,2,0,18,62,3,1,170,3,2,278,18,1,22,0,596,0.8209366391184573
1486,2,0,10,1,1,23,64,2,1,138,1,5,172,38,3,21,1,483,0.7263157894736842
1488,1,3,10,1,0,8,32,4,0,107,1,2,174,19,3,4,3,372,0.6231155778894473
1489,2,0,15,2,0,22,31,3,1,150,0,1,175,15,0,15,3,435,0.6692307692307692
1491,4,1,9,3,1,23,67,1,1,158,1,3,189,24,9,14,2,510,0.6505102040816326
1492,4,0,20,3,1,38,63,0,5,169,0,2,213,27,8,16,1,570,0.7317073170731707
1494,4,2,6,1,0,14,51,1,1,122,0,2,178,18,5,7,0,412,0.6467817896389325
1495,3,0,13,2,1,9,88,2,0,195,1,4,176,22,1,20,0,537,0.7574047954866009
1496,4,2,7,1,0,26,93,4,3,193,1,4,288,23,1,20,4,674,0.7633069082672707
1499,4,1,11,1,1,25,67,3,1,226,3,2,238,25,0,10,1,619,0.787531806615776
1500,5,0,9,0,0,23,71,0,3,165,1,6,226,28,6,19,1,563,0.7608108108108108
1501,3,1,5,1,0,25,80,0,0,192,0,3,323,21,0,16,2,672,0.84
1503,2,1,8,1,0,24,77,2,0,169,3,3,287,20,1,17,0,615,0.8518005540166205
1504,4,0,14,4,0,39,39,1,3,141,1,5,245,19,1,21,4,541,0.7728571428571429
1505,3,0,5,0,0,20,105,1,3,234,0,3,285,24,1,28,3,715,0.8614457831325302
1506,2,3,7,3,0,28,75,1,3,293,0,2,180,54,4,11,2,668,0.8509554140127389
1507,5,0,8,1,1,31,61,2,0,199,1,4,147,30,0,15,3,508,0.7851622874806801
1508,1,0,11,1,0,27,66,0,0,203,1,3,308,27,3,19,2,672,0.8047904191616766
1512,1,1,13,1,0,37,80,3,2,174,1,2,256,60,7,26,2,666,0.7424749163879598
1514,3,2,6,1,0,43,69,2,2,225,2,2,262,24,3,17,0,663,0.7718277066356228
1515,2,3,9,2,0,24,106,1,6,191,1,6,198,26,4,35,3,617,0.7626699629171817
1516,3,1,14,5,0,45,90,2,1,262,5,2,254,21,2,16,1,724,0.8283752860411899
1517,2,1,17,3,2,20,74,2,1,212,3,2,260,27,3,20,0,649,0.7963190184049079
1520,2,1,7,1,0,39,65,1,2,207,2,1,204,31,2,23,1,589,0.775
1521,1,0,9,2,0,11,42,1,2,145,1,2,128,20,2,17,0,383,0.8308026030368764
1523,0,1,4,0,0,42,52,2,2,189,1,3,243,29,4,14,2,588,0.7777777777777778
1525,2,2,12,1,2,24,63,3,5,184,0,1,257,30,0,13,2,601,0.8799414348462665
1526,1,1,11,1,0,24,34,2,6,125,1,1,165,23,4,12,2,413,0.6201201201201201
1528,1,2,17,2,0,24,72,2,3,154,0,3,182,28,4,17,0,511,0.7107093184979137
1529,1,1,10,3,0,35,94,4,6,255,2,5,293,35,5,18,1,768,0.8486187845303867
1530,4,3,8,2,0,22,77,0,3,201,3,3,227,25,2,26,0,606,0.8233695652173914
1531,1,2,12,4,0,32,72,2,0,175,3,2,220,22,3,7,1,558,0.7135549872122762
1532,0,0,3,0,0,6,14,0,1,35,0,1,63,3,2,6,1,135,15.0
1533,0,0,4,0,0,0,4,0,0,2,0,0,9,0,0,2,0,21,2.3333333333333335
1534,1,0,2,1,0,8,23,0,0,55,0,3,63,6,3,15,0,180,5.0
1535,0,0,2,0,0,6,10,0,0,30,0,2,37,2,1,6,0,96,inf
1536,2,0,1,0,0,4,14,0,0,44,0,3,48,3,1,6,0,126,inf
1538,0,0,1,0,0,4,15,1,0,55,0,0,71,1,1,5,1,155,155.0
1539,3,0,0,0,0,1,11,0,0,29,0,0,38,1,1,7,0,91,22.75
1540,1,0,2,0,0,5,16,0,0,29,0,1,51,8,0,3,0,116,inf
1541,1,0,2,0,0,10,19,1,1,35,0,6,61,3,4,7,0,150,16.666666666666668
1544,1,0,1,1,0,5,11,1,0,17,0,0,36,2,1,9,0,85,12.142857142857142
1547,1,1,4,1,0,1,9,0,1,26,3,2,36,1,0,4,0,90,inf
1548,0,0,1,0,0,0,2,0,0,12,0,0,10,4,0,1,0,30,inf
1550,0,0,1,1,0,0,2,0,0,23,1,1,15,1,1,14,0,60,0.17391304347826086
1552,2,2,11,1,0,44,62,0,3,276,1,1,247,40,3,20,1,714,0.7933333333333333
1553,4,0,6,1,0,30,66,1,0,151,2,4,227,25,4,15,0,536,0.8096676737160121
1554,2,0,8,1,1,23,70,2,1,173,2,3,182,27,1,9,0,505,0.7781201848998459
1556,2,1,5,0,0,15,37,3,3,122,0,1,182,18,1,12,0,402,0.694300518134715
1558,0,1,7,1,0,16,73,5,1,184,1,4,320,19,0,20,3,655,0.8539765319426337
1559,1,2,11,0,1,29,82,1,0,192,0,3,284,33,2,18,0,659,0.8258145363408521
1565,0,0,10,2,0,16,72,2,4,229,1,2,241,34,4,19,0,636,0.8132992327365729
1566,1,0,11,2,0,22,91,1,0,232,2,5,208,24,2,18,1,620,0.8179419525065963
1568,3,3,11,6,1,38,83,1,4,217,0,2,245,28,2,21,1,666,0.7909738717339667
1571,4,2,10,4,0,22,82,0,1,217,2,4,256,36,2,18,0,660,0.8009708737864077
1572,4,2,7,5,0,45,69,2,1,201,1,1,234,26,2,17,0,617,0.7415865384615384
1573,4,0,16,1,0,33,53,0,2,203,1,6,183,27,0,20,0,549,0.8014598540145985
1574,5,2,8,0,0,29,77,5,1,212,1,2,249,30,3,25,0,649,0.8236040609137056
1579,0,0,14,1,0,30,74,2,2,262,1,2,312,42,3,15,1,761,0.8095744680851064
1583,1,1,9,4,0,40,61,3,3,187,0,0,211,22,6,19,1,568,0.7791495198902606
1586,3,2,8,0,0,19,73,1,4,160,1,1,199,18,2,10,1,502,0.7212643678160919
1587,3,3,11,0,0,37,91,3,2,228,0,2,244,43,0,30,1,698,0.8543451652386781
1588,3,0,7,0,2,33,89,2,3,219,1,4,217,27,1,17,3,628,0.8082368082368082
1590,2,1,11,1,0,30,68,4,1,198,1,3,296,18,1,21,0,656,0.8335451080050826
1592,2,2,12,0,1,34,63,1,1,202,0,4,167,29,1,13,0,532,0.7940298507462686
1593,1,1,5,4,0,33,72,6,1,199,1,3,230,22,3,21,0,602,0.7952443857331571
1594,2,1,10,0,1,46,89,6,2,314,0,7,214,29,1,27,0,749,0.8638985005767013
1595,3,2,6,4,0,36,54,2,4,252,2,2,230,45,4,18,1,665,0.7832744405182568
1596,2,1,8,6,0,25,78,4,0,167,3,1,227,22,0,18,0,562,0.8168604651162791
1597,1,0,10,0,0,28,61,1,2,196,0,2,202,12,1,13,0,529,0.816358024691358
1599,2,4,13,2,0,33,71,2,3,170,1,5,229,34,1,33,3,606,0.725748502994012
1601,7,3,17,1,0,24,81,4,1,164,0,3,197,11,3,11,1,528,0.6875
1605,1,1,9,1,0,12,67,2,0,155,2,3,238,17,1,11,0,520,0.7738095238095238
1606,1,1,6,0,0,28,78,1,1,171,1,0,273,29,0,24,3,617,0.842896174863388
1608,3,0,10,2,0,36,90,6,1,176,1,2,295,23,1,22,0,668,0.8466413181242078
1609,2,3,8,0,0,13,63,2,3,139,2,2,172,38,4,5,0,456,0.6765578635014837
1610,1,1,7,3,0,40,86,3,4,233,1,4,237,47,5,27,1,700,0.7963594994311718
1613,2,1,10,0,0,26,56,2,0,256,1,0,323,26,1,21,0,725,0.8724428399518652
1615,0,3,5,2,2,23,55,3,3,176,2,4,191,17,5,19,2,512,0.6956521739130435
1616,4,2,14,4,0,12,64,1,2,163,0,1,207,30,4,20,2,530,0.726027397260274
1617,1,1,14,3,1,26,51,6,3,202,3,6,202,28,7,20,4,578,0.7288776796973518
1620,0,1,10,2,0,26,74,0,5,220,0,2,208,38,0,18,2,606,0.7739463601532567
1621,7,2,10,0,0,27,80,3,3,177,3,1,201,23,5,19,2,563,0.7608108108108108
1622,0,4,9,5,0,35,94,2,0,242,3,3,274,26,1,26,0,724,0.86810551558753
1625,2,1,7,2,0,24,51,1,1,177,5,1,218,27,0,18,1,536,0.8348909657320872
1630,0,2,9,0,0,32,62,3,2,246,0,1,208,54,2,9,0,630,0.7563025210084033
1634,2,1,14,0,0,13,65,1,1,189,0,2,310,11,1,25,2,637,0.8337696335078534
1635,2,2,5,0,0,22,67,1,1,214,1,1,275,24,1,15,5,636,0.8446215139442231
1637,1,0,15,0,0,25,66,1,1,194,0,2,366,13,3,24,0,711,0.855595667870036
1638,0,3,10,1,1,32,65,3,2,255,1,4,190,29,3,13,2,614,0.7953367875647669
1641,2,1,5,3,1,25,58,4,3,196,1,1,272,25,3,22,0,622,0.8567493112947658
1643,3,0,23,1,1,19,74,5,3,222,0,4,257,30,1,15,0,658,0.8194271481942715
1644,1,3,10,0,0,29,59,2,0,210,0,1,267,41,2,15,1,641,0.8303108808290155
1645,1,1,10,1,0,32,87,3,2,213,0,2,266,33,0,15,3,669,0.8011976047904191
1647,3,2,11,2,1,26,71,0,2,203,1,4,215,39,0,30,0,610,0.8100929614873837
1649,1,0,11,4,0,18,45,5,1,184,3,7,198,33,4,15,0,529,0.7440225035161744
1657,2,4,13,0,0,23,64,2,0,190,1,2,277,28,1,17,0,624,0.8210526315789474
1658,5,2,17,0,0,44,88,8,6,251,1,3,292,32,3,30,2,784,0.814122533748702
1659,0,0,15,2,0,23,61,2,1,169,0,3,223,29,3,13,0,544,0.7651195499296765
1660,3,0,6,2,1,16,52,1,3,201,0,5,199,16,3,35,4,547,0.7814285714285715
1662,1,2,8,1,0,41,54,2,3,211,1,5,195,26,1,18,4,573,0.7838577291381669
1663,2,1,6,2,0,34,82,1,1,204,1,1,167,23,0,36,2,563,0.7398160315374507
1667,2,3,7,1,0,29,47,4,2,206,0,2,172,26,3,13,0,517,0.7614138438880707
1668,1,1,7,3,0,23,49,2,1,179,0,2,215,18,0,5,1,507,0.8164251207729468
1669,3,0,8,1,2,31,53,1,1,185,2,2,200,38,1,21,2,551,0.8008720930232558
1670,1,2,8,0,0,50,76,2,3,212,0,1,220,18,1,23,1,618,0.8930635838150289
1676,1,0,12,2,1,31,88,4,2,187,0,1,205,38,2,19,2,595,0.7707253886010362
1677,2,1,9,2,1,21,58,3,8,224,1,4,246,40,8,13,2,643,0.750291715285881
1679,2,5,5,2,0,24,47,4,4,141,1,9,175,21,2,8,1,451,0.6555232558139535
1680,1,0,13,0,0,28,94,5,4,177,1,3,258,32,2,27,1,646,0.8105395232120451
1682,5,1,10,2,1,21,80,4,4,184,2,7,223,25,2,16,2,589,0.7446270543615676
1683,4,0,16,2,1,44,140,3,1,242,0,2,239,25,4,17,0,740,0.8213096559378469
1685,2,0,14,1,0,33,82,2,1,202,1,4,246,42,2,23,1,656,0.7663551401869159
1688,3,1,10,1,0,21,78,0,3,192,2,1,241,31,3,16,2,605,0.7736572890025576
1691,3,2,6,1,0,13,77,1,0,165,0,1,308,7,0,25,1,610,0.8840579710144928
1693,2,0,6,0,0,17,58,1,5,182,2,11,203,28,3,14,2,534,0.7216216216216216
1695,4,1,6,3,0,22,46,5,4,142,2,7,200,28,2,19,1,492,0.670299727520436
1696,2,0,13,1,0,40,64,3,1,215,1,3,203,24,2,23,1,596,0.8119891008174387
1699,1,0,11,1,0,21,72,1,2,167,2,5,221,10,0,19,0,533,0.8315132605304212
1701,1,1,9,0,0,30,50,1,1,179,0,2,231,23,2,16,0,546,0.8297872340425532
1705,4,1,11,3,0,26,81,4,3,225,0,7,237,38,3,21,2,666,0.8171779141104294
1706,1,0,9,0,0,28,73,1,0,202,0,5,234,21,1,20,2,597,0.7783572359843546
1708,4,2,16,2,0,28,74,5,3,199,1,5,231,41,1,17,2,631,0.7449822904368358
1709,2,0,12,0,0,27,82,0,2,203,0,3,343,27,1,26,4,732,0.8413793103448276
1710,4,0,10,0,1,34,88,4,1,256,6,3,240,43,4,27,3,724,0.8477751756440282
1711,1,0,6,2,1,27,72,2,1,185,1,2,227,39,2,21,1,590,0.8126721763085399
1712,4,0,13,0,2,18,69,2,2,187,2,4,213,29,2,5,2,554,0.7426273458445041
1717,5,2,16,2,0,14,34,1,5,142,0,1,178,8,1,24,1,434,0.6458333333333334
1718,2,2,14,3,1,28,53,2,1,160,0,4,199,30,4,5,2,510,0.6530089628681178
1719,4,1,17,0,0,22,93,3,1,202,0,1,222,37,1,14,1,619,0.7718204488778054
1720,1,2,11,1,0,24,47,2,3,159,2,1,214,22,3,8,1,501,0.7167381974248928
1721,5,1,17,3,0,19,47,3,1,143,2,2,213,19,8,5,3,491,0.6635135135135135
1722,2,2,10,2,0,17,59,3,1,194,1,5,310,17,1,19,0,643,0.8350649350649351
1724,1,3,9,2,0,29,91,1,2,200,2,0,249,25,2,19,1,636,0.7607655502392344
1725,4,0,8,2,1,39,73,2,1,232,1,4,218,39,1,17,4,646,0.847769028871391
1727,3,1,10,2,0,20,64,2,6,201,1,10,195,24,2,11,3,555,0.7245430809399478
1732,2,1,7,1,0,31,55,2,1,181,1,2,212,15,4,19,1,535,0.7798833819241983
1733,1,0,11,3,1,17,73,1,2,180,0,3,214,26,7,13,0,552,0.770949720670391
1735,0,0,12,3,0,32,80,3,3,288,0,1,185,31,1,21,1,661,0.7822485207100591
1739,6,0,11,1,1,22,56,4,0,171,0,1,211,35,2,11,0,532,0.7327823691460055
1743,0,1,11,1,0,40,70,2,2,233,0,3,279,23,0,24,0,689,0.8361650485436893
1744,2,1,8,1,1,26,62,0,5,223,0,8,188,45,5,17,1,593,0.7651612903225806
1745,2,0,11,2,1,31,70,1,2,232,0,4,232,23,4,30,0,645,0.8543046357615894
1747,1,0,4,5,0,41,58,1,2,215,0,5,235,35,1,15,0,618,0.8284182305630027
1749,2,0,3,1,0,16,67,2,1,173,0,2,238,15,0,20,0,540,0.8557844690966719
1750,3,0,10,0,0,27,45,1,3,178,1,2,247,37,6,14,0,574,0.735897435897436
1751,0,0,9,3,0,29,58,2,4,192,2,3,270,25,1,15,0,613,0.8283783783783784
1753,2,0,12,1,0,21,49,3,0,192,1,2,212,25,1,18,0,539,0.7926470588235294
1754,0,1,10,0,0,18,66,3,1,214,2,2,263,6,2,22,2,612,0.8418156808803301
1758,0,2,6,1,0,16,63,2,1,158,0,2,317,21,0,17,1,607,0.8029100529100529
1759,0,1,8,2,0,10,75,5,2,216,2,0,320,16,1,18,3,679,0.8899082568807339
1760,1,1,9,5,0,21,74,1,3,187,2,2,251,31,2,13,4,607,0.7965879265091863
1761,2,0,9,1,0,20,57,4,0,179,2,1,277,15,2,17,0,586,0.833570412517781
1762,2,0,3,1,0,34,68,0,1,212,1,2,191,15,0,18,0,548,0.8589341692789969
1764,0,0,11,2,0,25,67,2,3,204,2,3,241,32,1,17,1,611,0.7853470437017995
1765,0,0,3,1,0,15,60,1,0,201,1,1,289,10,0,28,1,611,0.8007863695937091
1772,1,1,11,2,0,26,71,1,0,199,2,0,254,26,1,17,1,613,0.820615796519411
1773,3,2,18,1,0,36,50,3,1,216,1,5,203,44,5,9,1,598,0.843441466854725
1774,7,3,10,1,1,34,110,2,0,218,3,6,206,25,3,21,1,651,0.8198992443324937
1780,2,2,13,0,0,29,92,4,2,158,2,6,176,29,0,14,1,530,0.7946026986506747
1781,4,2,11,2,0,32,81,4,0,191,0,8,288,29,1,11,3,667,0.794047619047619
1786,0,1,8,2,0,39,70,2,0,248,2,3,167,38,2,14,1,597,0.8779411764705882
1787,5,3,14,4,0,26,62,3,2,184,3,6,214,24,3,9,4,566,0.7379400260756193
1789,0,4,18,2,0,27,69,6,4,218,0,13,267,48,2,26,1,705,0.8255269320843092
1790,1,2,8,2,0,31,90,3,1,220,1,4,218,24,1,17,1,624,0.8606896551724138
1794,0,0,10,3,0,16,57,1,6,221,2,1,213,31,1,20,2,584,0.8066298342541437
1799,1,0,9,0,1,24,91,1,0,182,1,3,190,26,2,24,1,556,0.7463087248322148
1800,2,1,14,1,0,35,81,2,1,263,1,5,226,38,2,17,2,691,0.7970011534025375
1801,1,0,9,3,1,28,82,6,1,175,0,4,224,22,1,22,1,580,0.8262108262108262
1806,3,0,6,1,0,19,58,0,7,183,5,3,287,27,3,9,3,614,0.8057742782152231
1809,6,2,11,3,3,33,89,1,5,218,1,2,198,22,4,13,0,611,0.7945383615084526
1811,3,2,5,1,0,31,63,1,2,167,0,3,174,19,1,17,1,490,0.7492354740061162
1815,3,0,11,3,0,32,47,2,1,208,1,2,218,45,3,24,0,600,0.8321775312066574
1818,2,2,11,1,1,33,66,0,4,235,3,3,254,32,3,17,0,667,0.8358395989974937
1819,3,2,5,1,1,23,68,2,0,211,1,4,230,28,0,19,0,598,0.8248275862068966
1823,1,3,8,1,0,24,87,3,1,154,1,0,198,28,1,13,1,524,0.8384
1824,3,0,11,2,0,36,65,1,4,212,0,6,170,40,3,26,0,579,0.7608409986859396
1826,4,2,18,1,0,25,56,2,3,216,2,4,192,28,4,18,1,576,0.737516005121639
1832,2,1,7,1,0,12,30,5,1,132,1,3,187,18,5,14,3,422,0.6839546191247974
1833,2,0,12,1,0,26,70,3,5,254,1,1,226,38,3,15,1,658,0.8225
1834,1,2,14,2,0,14,48,3,1,191,0,2,224,30,4,15,0,551,0.8162962962962963
1842,3,1,11,8,0,30,63,3,6,199,3,4,226,50,5,23,2,637,0.7494117647058823
1846,3,1,15,3,0,37,92,4,0,208,1,4,207,30,3,18,3,629,0.8232984293193717
1847,0,0,22,3,1,35,105,4,4,255,0,5,279,13,1,30,0,757,0.8273224043715847
1848,2,2,8,1,0,26,100,2,1,201,1,3,302,19,2,25,1,696,0.87
1851,3,1,10,2,0,22,87,3,0,161,2,2,190,26,5,21,2,537,0.7726618705035971
1855,2,2,11,1,0,15,59,2,1,138,2,1,197,12,6,13,5,467,0.6336499321573948
1863,1,1,22,1,0,35,56,6,5,272,3,5,260,48,4,11,0,730,0.7620041753653445
1872,2,1,7,0,0,20,57,1,2,135,0,2,179,25,1,15,0,447,0.7576271186440678
1873,0,2,11,0,0,22,67,2,1,196,0,4,138,28,1,15,0,487,0.8240270727580372
1882,0,1,13,1,0,28,68,2,5,215,0,2,193,40,2,13,1,584,0.7913279132791328
1884,1,1,5,1,0,28,92,1,0,250,1,1,197,31,3,13,2,627,0.8059125964010283
1887,0,3,8,1,0,31,84,2,1,163,0,5,254,31,2,11,1,597,0.7518891687657431
1888,2,0,5,2,0,18,65,1,1,163,0,5,206,31,1,20,1,521,0.8243670886075949
1890,4,1,14,2,1,24,122,3,2,244,1,9,207,51,0,25,0,710,0.8343125734430082
1891,0,0,19,1,0,20,77,5,2,228,0,4,225,22,2,14,1,620,0.8147174770039421
1900,5,4,18,0,0,23,78,3,5,234,0,5,205,41,5,30,1,657,0.7340782122905027
1910,4,2,17,0,1,41,58,4,1,246,1,6,221,40,1,23,1,667,0.7921615201900237
1911,1,1,19,2,1,28,80,2,0,173,0,4,227,23,0,17,3,581,0.8125874125874126
1916,0,3,11,4,0,35,97,4,3,205,2,1,224,28,4,17,1,639,0.7680288461538461
1920,5,0,14,1,0,26,98,0,2,204,0,6,303,28,10,24,0,721,0.8230593607305936
1921,2,1,10,2,1,21,91,5,3,155,2,4,264,31,2,14,0,608,0.8272108843537415
1924,2,1,13,1,0,25,79,5,1,289,2,4,160,40,8,20,1,651,0.7676886792452831
1928,1,2,10,1,0,18,69,3,1,200,1,0,203,33,3,14,0,559,0.8444108761329305
1930,3,1,10,1,0,39,74,2,0,203,1,4,221,28,2,14,2,605,0.7524875621890548
1931,3,2,17,2,0,34,67,0,2,180,1,3,222,19,3,21,0,576,0.8495575221238938
1932,3,1,8,0,0,37,69,2,2,254,0,3,150,47,5,13,0,594,0.8377997179125529
1934,0,3,4,1,0,16,60,0,0,124,0,1,195,12,3,15,1,435,0.8055555555555556
1936,2,2,14,2,0,30,86,4,2,251,7,2,264,20,1,26,0,713,0.8290697674418605
1945,0,1,8,3,0,27,67,2,3,214,2,4,234,28,1,26,0,620,0.7701863354037267
1947,4,4,12,5,2,34,89,2,2,205,2,1,296,51,2,18,2,731,0.7520576131687243
1952,3,0,6,4,0,41,71,3,4,236,0,5,217,37,4,21,1,653,0.7829736211031175
1954,3,1,6,0,0,33,97,1,1,223,1,5,245,43,5,23,0,687,0.8091872791519434
1957,5,4,9,1,1,51,95,1,1,302,0,2,271,29,0,31,4,807,0.8594249201277955
1958,3,1,12,1,0,26,55,4,0,172,1,1,268,27,0,23,1,595,0.8018867924528302
1959,2,1,11,0,0,26,63,3,4,250,0,4,226,23,2,13,0,628,0.7830423940149626
1961,1,4,19,4,0,40,108,3,1,234,0,1,259,33,4,23,0,734,0.8465974625144176
1969,3,3,4,1,0,34,70,3,1,229,0,3,182,26,2,21,1,583,0.8074792243767313
1973,2,3,13,1,1,34,73,9,2,195,2,6,239,20,3,47,3,653,0.7727810650887574
1975,2,0,7,1,0,18,55,4,1,109,2,4,153,34,0,20,2,412,0.8094302554027505
1976,2,2,12,0,0,23,62,2,3,179,1,2,223,27,4,19,1,562,0.7827298050139275
1979,1,1,10,4,0,25,57,2,2,185,1,4,213,23,2,19,0,549,0.7842857142857143
1981,4,3,7,0,0,39,72,2,1,242,1,0,330,14,2,27,4,748,0.8758782201405152
1983,1,1,10,2,0,24,60,3,2,177,3,5,225,33,4,24,0,574,0.7622841965471447
1985,3,2,10,1,1,23,65,2,5,187,3,4,246,20,3,25,2,602,0.7543859649122807
1989,2,1,20,3,1,38,57,4,3,224,0,3,194,37,2,9,3,601,0.7311435523114356
1991,3,2,17,4,1,22,92,3,2,184,1,3,219,17,2,18,0,590,0.7440100882723834
1992,2,4,12,1,0,32,50,4,7,174,1,3,210,29,4,24,3,560,0.7745504840940526
1995,6,2,16,3,0,34,106,3,5,226,0,7,249,28,4,23,0,712,0.826945412311266
1997,2,3,10,0,1,39,77,3,0,237,2,3,263,35,5,17,2,699,0.8252656434474617
2000,3,0,10,3,0,23,98,6,4,195,1,2,234,26,4,20,0,629,0.758745476477684
2001,4,3,15,0,0,19,89,3,6,215,6,2,263,38,2,22,1,688,0.7437837837837837
2004,6,3,19,2,0,26,73,6,1,200,2,4,236,44,6,15,2,645,0.7837181044957473
2015,3,1,15,6,0,27,69,0,3,214,4,5,315,15,2,23,0,702,0.7655398037077427
2017,1,1,7,4,0,41,82,2,1,209,2,1,276,23,3,29,0,682,0.7767653758542141
2019,1,5,11,3,0,31,98,5,5,213,0,3,268,26,2,19,1,691,0.7861205915813424
2021,1,0,5,3,0,20,64,2,0,176,2,1,274,12,1,15,0,576,0.8372093023255814
2024,7,2,11,2,0,33,68,4,8,221,2,3,241,23,3,8,2,638,0.7152466367713004
2026,1,1,2,1,0,2,6,1,0,22,0,0,20,2,0,11,0,69,0.1988472622478386
2029,0,1,11,3,0,25,57,0,0,224,1,3,277,24,2,19,1,648,0.8120300751879699
2042,3,4,11,3,0,33,56,6,2,210,1,2,204,32,4,11,1,583,0.8131101813110181
2044,0,1,13,0,1,24,96,4,3,186,1,2,288,35,0,19,1,674,0.7920094007050529
2046,5,4,10,2,0,45,65,1,2,192,1,1,190,20,3,20,5,566,0.7806896551724138
2050,4,0,9,1,0,21,84,4,8,180,1,2,229,23,2,15,1,584,0.7674113009198423
2053,0,0,6,4,0,30,81,1,0,223,0,3,274,23,2,21,3,671,0.8294190358467244
2055,4,1,10,0,0,18,81,3,1,220,0,5,251,30,1,25,3,653,0.8393316195372751
2058,6,1,9,2,0,26,63,1,1,226,0,4,227,35,2,30,0,633,0.8188874514877102
2060,4,4,13,1,0,24,86,4,4,220,0,5,263,39,6,7,4,684,0.6895161290322581
2062,3,2,21,1,0,32,64,4,6,204,1,6,253,24,2,23,4,650,0.7369614512471655
2063,3,5,8,1,0,21,30,0,4,134,3,3,189,30,1,9,1,442,0.6626686656671664
2064,4,2,15,1,1,32,61,5,1,212,2,3,238,22,7,24,1,631,0.7458628841607565
2065,2,1,5,2,0,18,48,3,1,128,0,3,172,16,1,8,2,410,0.7008547008547008
2066,1,0,7,3,0,42,90,4,7,202,0,8,242,24,5,14,0,649,0.8022249690976514
2069,3,1,11,1,0,24,77,1,1,214,1,3,242,28,5,19,2,633,0.809462915601023
2070,1,1,6,1,0,33,61,0,0,218,0,10,212,36,3,16,2,600,0.8185538881309686
2072,2,0,9,1,0,31,80,3,4,172,1,4,241,11,2,17,0,578,0.8550295857988166
2081,0,0,1,1,0,2,6,0,1,33,1,2,42,3,1,3,0,96,inf
2082,0,0,0,0,0,0,4,0,0,22,0,1,31,1,0,2,0,61,inf
2083,1,1,12,1,2,30,79,1,1,166,0,4,240,27,1,18,1,585,0.8333333333333334
2089,3,4,7,2,0,15,63,2,3,197,0,1,245,22,1,19,4,588,0.7829560585885486
2091,3,1,8,2,0,21,63,0,1,169,2,2,246,19,2,22,0,561,0.85
2092,1,1,3,1,0,24,44,2,2,218,0,4,215,43,1,9,1,569,0.7913769123783032
2102,1,0,7,2,0,20,89,3,1,141,0,1,177,13,1,8,1,465,0.744
2103,2,1,13,3,0,42,63,1,1,202,1,3,287,25,1,23,3,671,0.8397997496871089
2105,0,1,11,2,0,36,100,0,1,275,0,7,287,29,1,17,2,769,0.8376906318082789
2107,2,2,20,1,0,30,64,1,3,245,3,1,209,35,5,15,1,637,0.7758830694275274
2108,4,2,9,0,0,39,80,2,4,239,1,3,206,22,2,24,0,637,0.8272727272727273
2117,3,3,10,4,0,30,59,1,2,215,2,1,179,37,6,20,2,574,0.8061797752808989
2120,1,5,7,3,0,34,96,3,2,220,0,2,224,41,3,16,2,659,0.8258145363408521
2124,3,5,16,3,0,27,51,0,3,161,1,2,221,26,2,22,3,546,0.8064992614475628
2132,4,0,8,2,0,27,67,0,4,244,0,3,161,34,3,17,0,574,0.82
2141,2,2,3,5,0,32,79,3,1,194,2,4,240,27,1,33,3,631,0.8402130492676432
2144,2,0,11,1,0,45,59,2,1,228,1,7,298,32,1,25,2,715,0.8411764705882353
2147,1,3,17,1,0,27,91,1,0,262,4,1,334,36,2,26,0,806,0.8404588112617309
2158,2,1,7,1,0,36,64,3,2,192,1,3,215,28,1,11,1,568,0.8149210903873745
2159,5,2,5,0,0,25,85,2,0,201,1,2,259,32,2,17,1,639,0.8078381795195955
2172,1,3,0,0,0,39,70,5,0,178,0,8,231,25,0,18,0,578,0.8450292397660819
2181,3,0,8,2,2,33,72,4,3,179,0,3,208,20,1,19,1,558,0.7815126050420168
2183,3,0,16,1,0,20,54,3,2,193,1,5,270,19,2,23,0,612,0.8116710875331565
2184,2,1,12,0,0,24,55,1,0,150,1,2,201,16,0,17,1,483,0.7970297029702971
2186,3,2,11,1,1,29,62,2,6,200,2,1,254,38,2,28,2,644,0.7892156862745098
2192,1,3,12,3,0,34,95,2,1,192,2,5,216,30,0,19,2,617,0.8023407022106632
2193,7,0,18,0,0,39,72,1,2,191,0,4,255,28,1,29,0,647,0.8138364779874214
2195,2,0,9,1,0,49,92,1,3,155,0,4,267,29,1,22,1,636,0.7746650426309378
2196,3,3,4,1,0,30,54,1,3,172,3,5,207,28,4,15,3,536,0.7382920110192838
2210,2,2,11,0,0,39,79,5,1,235,1,7,217,47,4,32,5,687,0.7727784026996626
2212,2,2,6,1,1,23,38,3,0,161,1,4,215,21,2,15,0,495,0.7279411764705882
2222,4,1,14,2,0,31,99,0,3,239,0,3,188,24,4,23,1,636,0.7535545023696683
2229,3,1,22,7,2,25,84,2,4,184,0,2,218,21,3,21,2,601,0.777490297542044
2241,2,2,12,1,0,38,61,3,1,178,0,2,185,24,0,21,1,531,0.7949101796407185
2243,4,2,7,2,1,30,82,3,0,201,1,4,270,32,3,15,1,658,0.7927710843373494
