SEZIONE,+Europa,Casapound Italia,Civica Popolare Lorenzin,Forza Italia,Fratelli d'Italia con Giorgia ,Il Popolo della Famiglia,Italia Europa Insieme,Italia agli Italiani,Lega,Liberi e Uguali,Movimento 5 Stelle,Noi con l'Italia - UDC,Partito Democratico,Partito Repubblicano Italiano ,Per Una Sinistra Rivoluzionari,Potere al Popolo!,TOTALE,AFFLUENZA
1,45,7,2,142,26,1,4,3,79,8,39,7,105,1,0,2,471,0.5587188612099644
2,4,2,0,49,9,0,0,3,82,5,46,2,42,0,0,1,245,0.4390681003584229
3,17,5,2,61,17,2,0,3,127,26,142,1,123,0,1,6,533,0.5863586358635864
4,10,7,2,43,16,9,3,0,100,21,184,4,95,0,2,4,500,0.6097560975609756
5,3,3,5,115,70,3,53,2,21,9,61,7,121,0,0,3,476,0.4423791821561338
6,26,1,6,52,10,8,7,8,123,43,144,4,137,0,2,9,580,0.6297502714440825
7,47,1,4,137,24,0,3,2,61,12,37,5,215,1,0,2,551,0.560528992878942
8,39,0,3,68,22,2,6,2,69,24,76,2,142,0,1,11,467,0.6251673360107095
9,33,1,6,84,19,4,4,0,53,6,25,6,99,0,0,2,342,0.434010152284264
10,1,0,1,14,7,1,1,0,13,3,6,0,19,0,0,1,67,inf
11,17,5,0,68,11,1,2,3,127,20,136,2,96,0,0,1,489,0.5500562429696289
12,8,2,2,42,20,0,2,3,82,16,109,10,86,1,0,0,383,0.5471428571428572
13,75,5,1,126,17,2,4,3,77,12,43,7,177,1,0,5,555,0.5854430379746836
14,13,1,1,61,13,0,5,0,132,12,121,5,65,0,0,1,430,0.48642533936651583
15,11,1,0,41,11,0,0,0,34,4,22,0,57,1,0,0,182,0.48404255319148937
16,62,4,2,118,14,1,3,3,73,23,50,1,152,2,0,3,511,0.5621562156215621
17,3,0,1,7,0,0,0,0,4,2,12,0,14,0,0,0,43,inf
18,23,3,1,71,18,1,8,4,107,35,94,3,152,0,3,3,526,0.6743589743589744
19,21,7,1,58,15,3,5,3,109,22,105,8,160,0,1,9,527,0.6244075829383886
20,18,3,1,60,13,0,5,5,90,16,124,1,134,0,1,6,477,0.62109375
21,0,0,0,2,4,0,0,0,3,1,10,0,10,0,0,0,30,0.5
22,69,2,5,110,18,1,3,3,50,11,24,3,147,0,0,2,448,0.5167243367935409
23,38,4,0,69,28,4,3,2,112,27,198,8,125,0,0,3,621,0.617296222664016
24,63,3,3,117,20,4,6,4,41,14,41,4,191,1,1,2,515,0.5899198167239404
25,11,2,1,62,13,1,2,1,97,21,112,7,121,0,0,3,454,0.627939142461964
26,60,1,4,87,12,4,1,2,58,6,31,1,168,0,1,0,436,0.5782493368700266
27,84,6,1,93,26,6,0,2,72,26,49,8,201,1,0,6,581,0.624731182795699
28,48,1,2,80,14,1,3,1,50,16,38,4,147,1,1,7,414,0.5341935483870968
29,24,6,0,72,27,15,0,5,124,23,158,5,97,1,1,4,562,0.6189427312775331
30,13,4,3,79,18,1,2,3,90,14,97,11,109,0,0,2,446,0.601078167115903
31,23,8,0,44,9,1,6,3,92,41,80,5,128,0,1,15,456,0.6204081632653061
32,47,4,2,98,38,0,5,3,119,33,175,11,201,2,0,7,745,0.6675627240143369
33,16,4,2,55,12,3,2,7,85,18,93,1,131,1,0,10,440,0.5781865965834428
34,2,0,0,10,1,0,0,0,8,3,5,0,16,0,0,0,45,inf
35,43,1,1,47,24,4,3,4,79,25,130,14,149,0,2,4,530,0.6821106821106822
36,82,3,2,108,19,5,8,2,71,23,25,5,189,1,0,2,545,0.5860215053763441
37,27,9,4,68,28,4,3,3,131,11,216,6,112,0,3,11,636,0.6996699669966997
38,45,4,1,103,27,3,9,0,102,28,130,13,183,1,1,9,659,0.6843198338525441
39,93,3,2,102,21,3,6,4,73,25,56,6,170,0,1,5,570,0.6089743589743589
40,34,0,1,38,23,0,1,3,47,9,81,12,134,2,0,6,391,0.5708029197080292
41,80,1,4,84,26,3,3,0,61,22,43,8,156,0,1,6,498,0.6327827191867853
42,45,1,1,62,21,2,7,1,57,20,70,3,174,0,0,7,471,0.6148825065274152
43,42,5,0,93,10,0,6,6,30,8,31,4,148,1,0,1,385,0.5859969558599696
44,60,1,3,109,19,3,2,5,48,15,27,10,161,2,0,2,467,0.5779702970297029
45,2,0,0,11,0,1,1,2,13,1,16,0,12,0,1,0,60,1.2765957446808511
46,70,1,2,119,25,1,14,1,73,13,39,4,183,0,1,0,546,0.5852090032154341
47,54,2,1,96,20,2,2,1,42,8,29,5,149,3,1,1,416,0.5326504481434059
48,44,1,3,88,22,3,3,2,55,7,35,6,152,1,0,1,423,0.5190184049079755
49,0,0,1,11,5,0,1,1,11,2,5,0,13,0,0,1,51,inf
50,3,0,0,15,7,1,1,0,19,4,26,2,23,0,0,0,101,inf
54,1,0,0,4,1,0,0,0,6,0,3,0,6,0,0,0,21,inf
55,54,4,5,100,21,0,5,2,103,23,71,8,182,0,0,6,584,0.6245989304812835
56,60,7,4,125,17,2,6,2,70,11,44,6,166,0,0,2,522,0.4715447154471545
57,67,3,2,133,24,5,5,4,60,17,63,3,195,2,1,4,588,0.6377440347071583
58,57,4,3,106,28,0,2,0,71,13,22,2,160,0,0,0,468,0.5441860465116279
59,18,2,3,70,18,1,8,3,114,20,102,1,158,0,2,4,524,0.6477132262051916
61,56,1,1,140,32,2,4,3,100,9,48,5,206,0,0,2,609,0.5901162790697675
64,11,7,1,68,3,2,1,3,71,27,92,3,75,2,3,7,376,0.5784615384615385
65,58,1,1,58,21,0,2,4,44,18,43,2,160,0,0,3,415,0.5213567839195979
66,11,12,1,44,12,0,0,2,87,18,121,2,103,0,1,9,423,0.5916083916083916
69,70,1,3,118,22,1,11,4,47,15,41,5,152,0,0,1,491,0.5354416575790621
72,4,7,1,40,12,3,15,1,96,21,91,4,136,0,0,4,435,0.6041666666666666
73,40,1,4,109,13,5,2,0,62,5,26,4,116,0,0,0,387,0.5301369863013699
74,13,2,2,44,15,2,4,2,82,18,84,0,122,0,1,6,397,0.6098310291858678
78,56,1,2,131,15,2,1,3,67,6,20,1,96,0,1,0,402,0.48028673835125446
79,38,2,2,137,17,0,0,0,45,2,20,6,103,0,0,0,372,0.5422740524781341
80,32,5,4,82,22,0,1,2,78,23,94,5,108,1,1,2,460,0.5430932703659976
82,49,4,2,140,23,0,5,2,65,5,13,1,142,0,1,0,452,0.5387365911799762
83,62,2,5,138,18,0,4,6,46,5,31,3,160,1,1,0,482,0.5496009122006842
84,8,0,2,59,23,0,0,7,111,25,109,13,133,0,1,9,500,0.6435006435006435
86,27,3,2,60,14,2,2,5,105,20,71,2,92,2,2,13,422,0.5452196382428941
87,70,7,1,217,20,1,1,2,72,6,36,6,143,1,0,0,583,0.5682261208576999
88,37,2,6,93,31,2,4,3,120,34,138,18,189,1,0,9,687,0.6656976744186046
91,40,4,6,108,28,0,6,2,88,27,78,0,145,0,3,5,540,0.6293706293706294
92,24,5,3,67,13,1,4,2,112,29,123,2,124,0,2,8,519,0.6253012048192771
93,59,2,4,176,29,3,7,3,66,11,37,13,181,4,0,4,599,0.5895669291338582
94,56,2,3,114,16,1,3,4,62,21,42,4,158,1,1,6,494,0.6017052375152253
97,10,4,2,78,14,2,3,3,119,19,120,5,124,0,0,6,509,0.6177184466019418
99,56,5,2,150,14,2,4,1,58,19,38,13,162,1,0,5,530,0.6113033448673587
100,28,3,1,62,20,3,2,0,110,28,144,15,173,0,2,7,598,0.6622369878183831
104,80,2,1,127,27,11,1,1,92,15,73,11,169,1,1,11,623,0.6223776223776224
105,23,3,1,64,12,2,10,2,74,24,90,6,123,0,1,2,437,0.6278735632183908
106,73,5,4,84,19,2,8,2,67,30,72,15,177,1,0,2,561,0.6124454148471615
109,59,2,3,150,30,0,4,1,66,15,43,7,200,1,0,5,586,0.5825049701789264
110,81,3,4,92,21,2,3,1,67,23,45,6,151,1,0,8,508,0.6054827175208581
111,53,2,2,95,25,2,6,3,88,11,51,10,169,0,0,4,521,0.6100702576112412
112,68,3,1,79,24,1,4,2,70,18,68,1,158,0,1,9,507,0.5957696827262045
113,84,6,5,91,24,3,7,2,95,33,101,14,178,3,2,7,655,0.579133510167993
114,72,6,3,105,22,1,4,6,97,20,55,3,169,0,0,2,565,0.6471935853379153
116,58,3,1,88,16,1,4,0,57,17,62,7,152,0,2,3,471,0.6101036269430051
117,15,1,3,85,24,7,2,6,142,49,167,11,122,0,1,11,646,0.6247582205029013
119,11,4,4,83,10,0,0,2,84,13,105,2,74,0,0,4,396,0.5849335302806499
120,17,3,1,80,25,1,2,4,130,30,124,3,135,2,6,8,571,0.67018779342723
122,66,1,1,85,28,0,3,0,58,26,70,2,161,1,1,6,509,0.6095808383233533
123,56,3,1,97,26,5,2,1,84,22,73,6,157,1,1,5,540,0.5980066445182725
125,32,6,2,85,24,1,2,2,144,21,125,11,164,1,1,7,628,0.622398414271556
126,71,4,0,80,28,1,8,2,68,33,69,11,202,2,0,3,582,0.6353711790393013
128,64,5,0,99,25,4,1,2,94,16,71,5,196,4,1,9,596,0.5803310613437196
129,71,2,0,115,25,0,8,3,73,27,59,22,190,0,2,2,599,0.600802407221665
130,73,5,2,102,24,0,6,1,71,32,57,8,180,1,1,8,571,0.6394176931690929
131,6,3,2,89,27,4,61,4,57,18,77,7,201,1,0,1,558,0.6619217081850534
135,17,3,10,88,11,4,2,2,77,17,110,13,114,0,2,4,474,0.5569917743830788
138,31,5,3,72,21,2,3,1,93,17,77,3,100,0,0,9,437,0.548306148055207
139,19,3,1,92,22,1,4,2,92,11,90,2,110,1,1,5,456,0.5816326530612245
140,65,1,3,100,29,1,4,0,84,28,103,8,169,1,2,12,610,0.6301652892561983
141,89,2,3,80,29,1,5,1,80,29,87,2,185,0,1,6,600,0.6141248720573184
142,70,2,1,94,34,1,5,2,69,22,65,5,172,0,2,9,553,0.5802728226652676
144,7,2,1,61,18,2,1,7,98,17,110,2,98,0,0,5,429,0.582089552238806
146,79,3,4,80,17,3,8,1,52,26,57,8,214,0,1,12,565,0.6319910514541387
147,44,2,1,94,24,1,0,2,83,28,62,6,157,1,0,2,507,0.6213235294117647
149,63,9,0,114,26,0,11,2,80,30,75,6,190,0,1,10,617,0.645397489539749
151,56,0,1,85,11,4,3,2,65,18,72,1,145,0,0,8,471,0.5850931677018634
152,48,1,3,64,21,2,4,0,66,28,70,4,164,0,1,5,481,0.5809178743961353
153,47,0,0,53,16,2,2,2,59,23,45,5,117,0,0,2,373,0.5977564102564102
157,70,0,3,100,24,1,6,1,70,19,63,5,162,1,1,6,532,0.5911111111111111
158,62,0,2,72,23,0,6,0,69,0,0,7,162,0,0,0,403,0.4548532731376975
160,22,7,1,60,21,2,3,0,44,14,53,4,109,0,1,7,348,0.3741935483870968
161,2,2,0,42,7,0,0,2,33,1,34,2,27,0,0,1,153,0.4146341463414634
162,3,0,0,13,4,0,1,2,17,5,12,3,20,0,2,0,82,82.0
164,45,2,3,105,29,1,10,1,47,13,28,2,140,0,0,4,430,0.6125356125356125
167,65,3,4,105,17,2,10,3,43,15,32,6,145,0,0,3,453,0.5292056074766355
168,44,7,2,67,28,3,4,1,82,9,56,13,110,0,2,3,431,0.5414572864321608
169,40,1,2,63,8,4,3,3,71,32,90,12,154,0,0,6,489,0.5835322195704057
172,7,1,2,80,14,2,6,10,105,11,98,2,98,1,2,1,440,0.5986394557823129
173,19,4,0,44,16,0,2,0,44,10,29,4,86,1,0,3,262,0.265989847715736
175,65,2,4,76,40,4,6,3,74,23,71,10,184,1,2,12,577,0.6073684210526316
177,15,1,1,55,9,0,4,2,93,18,103,4,108,0,3,4,420,0.6167400881057269
179,76,5,4,104,20,3,2,0,54,17,36,5,184,0,1,4,515,0.5832389580973952
181,44,1,3,71,25,6,9,3,147,31,180,23,187,0,1,7,738,0.6923076923076923
182,61,4,2,116,31,0,3,3,63,22,54,14,124,0,0,3,500,0.6112469437652812
184,76,1,2,94,17,1,1,4,97,30,74,9,162,0,1,5,574,0.6178686759956943
185,58,0,4,69,17,2,9,0,85,27,56,2,158,0,0,4,491,0.6069221260815822
186,64,2,2,76,9,4,5,0,94,36,78,4,174,1,1,6,556,0.6450116009280742
187,47,3,1,70,18,0,5,0,70,19,87,5,123,0,1,3,452,0.600265604249668
188,57,2,1,106,24,1,3,5,86,32,82,6,170,2,1,13,591,0.6293929712460063
189,66,1,5,80,10,0,4,2,78,21,78,3,127,1,1,6,483,0.5833333333333334
190,45,4,5,70,26,1,2,5,84,25,93,7,154,2,0,8,531,0.6670854271356784
191,61,7,7,96,19,5,6,4,76,22,50,10,183,3,1,2,552,0.6626650660264105
193,78,2,2,108,28,5,3,1,79,32,81,16,186,1,0,4,626,0.6336032388663968
195,50,1,2,66,16,0,1,5,85,21,69,7,151,2,1,9,486,0.6295336787564767
196,55,3,1,60,24,2,1,3,79,17,66,8,127,1,0,4,451,0.5895424836601307
197,12,1,2,75,5,1,2,2,108,7,135,1,122,0,1,2,476,0.6025316455696202
198,57,6,1,84,29,2,4,0,63,24,61,11,169,2,0,4,517,0.6206482593037215
199,17,4,2,60,8,1,1,4,100,18,80,1,120,0,0,6,422,0.6423135464231354
200,78,5,2,59,21,2,5,2,58,21,65,2,144,1,1,8,474,0.6261558784676354
201,77,3,5,57,26,1,3,2,62,37,87,1,149,1,2,11,524,0.6143024618991794
204,22,7,1,93,23,4,8,2,131,19,148,6,162,0,2,5,633,0.6292246520874751
205,3,1,0,64,5,2,1,4,120,11,129,1,103,1,2,3,450,0.6122448979591837
206,58,4,3,75,24,0,6,1,99,27,73,2,142,0,3,9,526,0.6583229036295369
207,62,2,1,52,19,0,4,2,59,27,51,6,146,1,1,12,445,0.4790096878363832
208,55,4,1,50,25,1,0,1,81,27,85,3,164,0,1,7,505,0.5764840182648402
212,52,4,2,77,21,1,6,3,62,23,56,16,148,3,0,3,477,0.6146907216494846
213,40,2,2,48,14,1,4,0,63,25,66,8,140,2,0,7,422,0.5473411154345007
214,15,2,3,54,22,2,4,2,126,15,102,4,107,0,4,2,464,0.6287262872628726
215,82,0,1,54,23,1,8,3,73,34,102,4,249,0,0,12,646,0.6031746031746031
217,51,1,4,73,20,1,4,3,78,17,57,11,163,0,2,5,490,0.582639714625446
220,62,0,12,81,14,4,4,2,44,12,33,11,187,0,0,3,469,0.5944233206590621
221,9,6,2,61,14,2,1,6,77,18,123,7,90,1,2,8,427,0.5988779803646563
223,91,3,5,126,29,3,3,0,66,17,33,26,267,1,0,4,674,0.603401969561325
224,64,3,6,101,13,2,4,2,44,11,37,10,186,0,0,3,486,0.6394736842105263
226,65,8,4,97,14,2,1,0,59,12,29,10,169,0,0,6,476,0.5957446808510638
229,60,5,5,90,18,4,7,1,69,9,29,8,121,0,0,3,429,0.5868673050615595
230,87,1,3,80,33,1,4,0,63,21,68,0,211,1,2,8,583,0.6323210412147505
232,37,4,5,82,25,0,2,3,101,24,67,8,129,0,0,4,491,0.6716826265389877
234,43,2,3,66,22,0,2,0,58,23,63,4,118,1,1,4,410,0.5086848635235732
235,47,2,0,69,18,4,3,1,56,9,50,1,124,0,1,1,386,0.6117274167987322
236,66,1,2,63,17,5,2,2,65,13,57,4,165,0,0,2,464,0.6065359477124183
237,74,2,1,63,20,0,7,4,52,25,65,0,172,0,3,8,496,0.5862884160756501
238,43,2,1,88,18,5,5,1,100,17,102,6,150,1,1,5,545,0.5779427359490986
240,48,3,1,68,21,2,3,2,71,22,94,5,139,2,3,4,488,0.5615650172612198
242,73,5,7,118,24,5,1,6,78,17,90,4,203,0,1,15,647,0.6121097445600757
243,53,7,1,74,11,1,7,2,68,14,74,8,145,0,2,4,471,0.628
246,67,0,1,51,15,1,2,1,50,34,52,3,155,0,0,10,442,0.5717981888745148
250,48,1,1,75,18,1,6,4,64,26,58,5,164,0,1,8,480,0.5896805896805897
251,1,1,0,13,0,1,0,1,8,1,5,3,4,1,1,0,40,0.20725388601036268
252,79,6,2,66,18,2,4,2,57,23,51,5,149,2,1,8,475,0.536723163841808
257,65,0,3,74,17,2,8,3,56,39,46,6,172,0,3,4,498,0.570446735395189
259,10,4,2,65,10,1,2,5,87,18,89,3,135,2,2,5,440,0.6951026856240127
262,27,3,3,86,26,2,3,6,86,10,82,10,140,1,0,1,486,0.6454183266932271
263,80,5,3,95,11,3,11,0,66,26,65,7,178,1,2,6,559,0.5972222222222222
264,111,1,5,71,17,1,6,2,79,42,66,6,198,0,3,14,622,0.5998071359691417
265,83,2,4,75,21,1,5,3,74,30,73,6,219,1,0,10,607,0.6082164328657315
269,98,1,4,79,22,0,13,3,61,30,51,2,200,0,2,6,572,0.5977011494252874
271,61,5,3,73,30,0,4,7,80,22,87,3,194,0,1,6,576,0.7944827586206896
272,43,4,1,74,15,3,6,2,62,13,58,5,112,0,0,6,404,0.5771428571428572
274,23,2,2,46,24,2,0,5,58,18,45,7,125,0,2,3,362,0.5682888540031397
277,28,5,2,73,20,0,1,5,95,27,79,5,168,0,3,0,511,0.5735129068462402
279,91,8,0,98,13,2,5,1,64,27,69,4,198,2,1,9,592,0.5769980506822612
280,81,3,4,81,23,0,3,2,80,36,71,3,185,0,2,18,592,0.6103092783505155
281,89,1,1,83,12,0,5,1,80,40,93,3,172,0,1,26,607,0.6137512639029322
282,22,3,0,55,20,0,2,3,85,16,87,2,84,0,1,6,386,0.603125
284,43,3,1,79,22,1,3,4,62,17,86,3,131,0,2,10,467,0.5653753026634383
286,62,7,3,62,13,2,8,1,74,13,73,0,137,0,1,17,473,0.4978947368421053
288,29,3,1,51,15,0,2,3,65,18,85,1,89,0,0,10,372,0.5061224489795918
291,51,1,0,68,19,0,2,4,61,34,80,10,128,0,1,12,471,0.596958174904943
292,39,3,5,55,6,3,2,4,57,23,63,7,135,0,1,11,414,0.575
294,60,1,2,88,23,4,6,4,84,15,82,8,186,1,0,2,566,0.621978021978022
295,19,2,0,80,17,0,2,1,122,24,107,2,109,1,1,9,496,0.6215538847117794
297,9,1,3,73,14,4,2,2,86,12,101,4,90,0,0,3,404,0.599406528189911
299,70,1,2,44,18,0,16,0,46,26,71,4,161,2,0,15,476,0.5833333333333334
300,125,1,0,64,23,1,5,3,68,32,90,0,190,0,3,12,617,0.5978682170542635
301,69,7,1,84,22,2,5,3,73,27,84,11,169,0,2,12,571,0.5559883154819864
303,57,3,2,48,13,0,9,0,48,22,54,2,139,0,2,7,406,0.5012345679012346
305,31,1,3,93,33,6,5,3,92,23,76,7,203,3,1,4,584,0.5934959349593496
306,76,3,5,52,15,0,3,3,56,23,58,7,179,1,0,19,500,0.5605381165919282
309,59,7,1,51,17,1,5,3,44,21,52,3,192,1,0,6,463,0.6005188067444877
311,78,4,1,102,29,1,8,2,118,27,96,4,236,0,2,10,718,0.637089618456078
313,45,1,3,79,19,1,2,1,87,29,103,6,138,0,3,8,525,0.582039911308204
315,51,0,1,66,21,1,3,1,57,17,64,1,170,0,0,5,458,0.5826972010178118
316,48,1,1,65,16,0,2,4,62,21,74,5,102,1,0,9,411,0.524904214559387
317,44,1,0,60,24,0,4,3,38,13,33,0,139,0,0,9,368,0.4842105263157895
319,82,3,0,69,16,0,7,1,81,28,69,4,188,0,2,14,564,0.5887265135699373
320,44,2,0,45,12,0,2,3,46,13,58,3,135,0,0,2,365,0.5538694992412747
321,35,4,0,61,25,5,5,1,100,29,156,25,161,0,2,7,616,0.6215943491422805
322,54,2,0,80,34,3,5,2,79,16,60,1,147,2,1,5,491,0.6689373297002725
323,55,2,0,82,23,0,4,2,67,18,47,5,158,1,3,9,476,0.6246719160104987
324,68,3,2,72,12,2,2,2,56,25,43,4,194,0,0,1,486,0.6411609498680739
325,62,5,3,91,26,4,2,1,77,24,72,3,147,0,0,3,520,0.6467661691542289
326,31,6,2,60,15,1,5,0,73,30,83,1,112,0,0,8,427,0.6401799100449775
327,64,5,1,78,18,0,4,4,71,16,61,6,141,2,1,5,477,0.6292875989445911
329,24,7,0,62,17,7,8,4,137,28,136,7,118,1,1,9,566,0.6118918918918919
331,73,1,1,109,25,2,6,3,76,14,66,4,178,0,0,10,568,0.5941422594142259
333,75,3,3,121,28,0,6,1,54,9,29,13,197,0,0,2,541,0.5945054945054945
334,63,4,7,135,26,4,1,4,55,9,43,14,185,1,2,4,557,0.5760082730093071
335,19,3,4,87,16,2,3,3,89,39,79,3,206,1,1,4,559,0.6759371221281741
336,66,1,3,141,22,1,3,5,64,11,32,6,201,1,0,1,558,0.5993555316863588
337,56,2,1,125,13,5,3,2,68,6,15,7,179,0,0,0,482,0.5928659286592866
338,56,2,5,151,23,3,7,2,74,7,24,6,187,0,1,1,549,0.5993449781659389
340,11,2,3,89,15,1,2,4,97,12,126,2,124,0,0,4,492,0.5412541254125413
342,97,4,1,111,25,4,6,2,53,16,35,2,179,0,0,2,537,0.5792880258899676
343,29,13,6,68,30,2,7,2,142,32,170,4,146,0,3,8,662,0.6874350986500519
345,56,3,4,115,18,2,4,4,68,9,29,9,179,0,0,1,501,0.5329787234042553
346,52,0,5,127,27,1,4,2,62,15,25,1,219,0,0,3,543,0.6107986501687289
348,61,6,3,83,26,1,8,3,65,19,68,1,139,2,0,6,491,0.5965978128797084
350,79,2,7,164,25,3,10,5,74,4,35,8,228,2,0,0,646,0.6065727699530516
351,78,1,2,118,20,0,7,7,76,12,40,8,190,0,1,3,563,0.6508670520231213
353,89,4,3,84,23,0,9,1,65,15,41,2,168,0,0,5,509,0.589803012746234
354,56,1,3,96,17,0,5,4,68,16,50,2,142,2,0,3,465,0.6258411843876177
357,58,0,1,64,12,5,3,1,30,8,23,7,131,0,1,2,346,0.5234493192133132
362,88,0,6,101,19,2,8,5,79,19,53,12,191,2,1,6,592,0.6284501061571125
363,63,3,4,79,23,0,2,3,85,27,90,3,199,0,1,9,591,0.635483870967742
364,39,1,2,68,19,2,4,3,101,21,97,9,203,0,0,3,572,0.6842105263157895
365,71,7,2,104,26,2,4,2,87,28,71,1,164,1,1,7,578,0.6148936170212767
366,16,4,1,67,15,2,3,3,140,15,127,2,177,0,0,3,575,0.7090012330456227
367,56,1,0,96,24,4,2,1,72,26,43,5,196,0,1,2,529,0.6305125148986889
368,78,3,3,82,23,1,3,3,48,27,55,7,144,0,1,7,485,0.6092964824120602
370,27,4,2,46,20,0,5,3,71,41,87,4,147,0,3,10,470,0.6791907514450867
371,27,1,1,58,16,0,2,2,41,9,43,1,97,1,0,2,301,0.5084459459459459
372,77,5,6,105,24,1,6,0,69,32,68,5,252,2,0,1,653,0.6491053677932406
373,64,4,7,90,13,1,4,2,56,5,23,7,148,2,1,2,429,0.5727636849132176
375,74,4,3,89,23,3,8,1,95,28,95,9,175,0,0,7,614,0.6183282980866063
377,12,5,0,45,16,0,4,0,68,19,85,3,90,0,1,3,351,0.695049504950495
378,48,3,4,96,20,1,4,2,60,19,61,3,158,0,0,1,480,0.6209573091849935
379,82,2,3,103,30,1,9,4,66,20,79,8,180,0,1,4,592,0.6365591397849463
381,45,3,1,92,29,0,2,0,75,10,52,6,161,2,0,1,479,0.5729665071770335
383,23,4,3,70,20,1,5,1,130,39,186,1,124,1,0,7,615,0.5988315481986368
384,70,5,3,78,18,1,2,3,65,23,84,4,161,1,2,9,529,0.5977401129943503
385,34,4,3,65,15,2,9,5,66,11,55,3,124,1,1,3,401,0.5687943262411348
386,72,7,5,93,28,1,2,7,108,22,76,2,192,0,3,4,622,0.622
387,73,3,1,88,19,0,3,6,62,24,68,8,155,2,2,7,521,0.6269554753309265
388,78,2,2,85,29,3,2,1,67,21,66,5,205,1,0,6,573,0.5962539021852237
389,74,3,3,114,38,0,8,5,91,22,48,3,213,1,1,4,628,0.6716577540106952
391,47,2,4,139,31,3,2,3,92,9,64,1,188,2,0,2,589,0.581441263573544
393,68,3,1,129,21,1,6,3,98,17,79,6,139,0,0,5,576,0.6127659574468085
394,24,3,1,40,17,1,3,1,66,20,74,2,87,0,1,2,342,0.5816326530612245
396,27,4,0,61,9,3,3,0,95,19,118,5,104,0,1,7,456,0.6015831134564644
397,72,3,1,92,19,0,8,0,62,17,42,3,234,0,0,2,555,0.5974165769644779
399,64,8,6,132,27,2,2,2,81,20,46,3,200,1,1,5,600,0.6342494714587738
400,83,2,6,148,30,2,8,2,94,16,55,7,217,0,0,3,673,0.6074007220216606
401,63,2,0,106,32,2,2,0,92,18,65,4,183,0,0,12,581,0.6287878787878788
402,8,3,2,21,9,2,1,0,28,9,23,1,40,2,0,2,151,0.19065656565656566
403,51,3,2,97,20,0,7,2,61,18,69,8,163,0,0,5,506,0.5966981132075472
406,72,2,3,125,39,0,8,4,90,19,64,9,223,1,3,5,667,0.6370582617000955
407,68,2,2,102,35,3,9,0,80,17,55,4,168,1,0,6,552,0.6548042704626335
409,59,5,1,96,26,2,7,2,65,18,51,6,187,0,0,3,528,0.5945945945945946
411,39,3,1,86,31,0,5,3,73,13,70,9,130,0,2,4,469,0.5997442455242967
414,44,6,1,106,31,3,7,2,95,11,85,5,146,1,3,7,553,0.6248587570621469
415,51,1,3,115,23,1,3,3,71,11,43,2,161,0,0,3,491,0.5995115995115995
416,61,3,1,44,11,2,1,4,49,19,45,0,121,0,2,1,364,0.4808454425363276
417,42,2,2,63,22,4,7,2,72,17,83,8,170,0,0,7,501,0.5859649122807018
418,102,2,3,130,26,0,8,4,69,16,29,16,179,1,0,9,594,0.6012145748987854
422,42,8,1,68,16,1,0,0,58,9,36,2,105,0,0,1,347,0.4943019943019943
423,69,5,1,152,35,4,4,2,108,22,53,7,238,2,1,3,706,0.6242263483642794
424,64,0,4,89,20,1,6,2,36,10,15,2,147,1,0,3,400,0.6015037593984962
425,71,4,3,152,32,2,4,2,111,21,58,7,182,0,0,3,652,0.5889792231255646
426,41,1,1,46,9,0,3,0,31,9,34,0,91,0,0,2,268,0.45733788395904434
427,64,2,0,131,37,0,3,2,81,15,44,3,165,1,0,6,554,0.621773288439955
428,61,2,2,58,14,4,3,0,67,24,52,1,128,0,1,9,426,0.5974754558204769
430,56,4,3,69,17,1,7,2,63,15,86,1,131,0,0,5,460,0.5981794538361509
431,52,4,2,92,22,0,3,4,65,19,64,7,156,2,0,2,494,0.6229508196721312
433,65,1,6,112,28,0,10,3,94,16,56,18,187,0,1,12,609,0.634375
435,60,7,3,96,25,5,8,3,75,17,73,4,193,2,0,4,575,0.5873340143003064
436,46,1,2,70,24,3,9,3,46,14,41,5,132,2,0,3,401,0.5531034482758621
437,73,3,3,106,21,0,3,3,66,21,47,6,142,1,0,1,496,0.5904761904761905
438,45,10,5,80,21,3,9,2,110,25,108,5,153,1,1,11,589,0.6340150699677072
439,47,1,2,90,30,2,4,3,79,31,77,17,169,1,1,4,558,0.6262626262626263
440,38,7,1,56,19,2,4,2,53,11,46,1,114,1,0,1,356,0.5460122699386503
441,52,3,3,108,31,1,5,4,106,40,68,10,200,0,1,5,637,0.6245098039215686
444,65,7,5,73,18,0,5,4,80,28,90,4,163,0,1,3,546,0.7054263565891473
446,49,6,2,93,30,1,2,0,60,29,61,7,177,0,0,1,518,0.6301703163017032
447,24,3,1,33,9,0,1,0,55,11,60,2,86,0,1,5,291,0.41750358680057387
449,50,1,7,114,7,0,3,0,71,17,41,8,166,1,0,2,488,0.6455026455026455
450,57,0,7,100,47,1,5,2,79,25,72,20,200,0,0,8,623,0.6606574761399788
451,17,3,2,65,23,1,7,2,31,9,30,0,81,0,2,3,276,0.31542857142857145
452,48,2,2,59,18,1,6,4,68,16,76,7,164,1,0,5,477,0.5685339690107271
453,17,2,3,61,12,6,1,2,95,19,101,29,148,0,4,7,507,0.7358490566037735
454,60,8,3,81,22,6,6,1,72,36,52,7,132,0,0,5,491,0.6262755102040817
457,78,5,4,116,36,1,2,2,95,15,79,7,236,1,1,2,680,0.6278855032317636
458,59,3,0,102,19,3,5,1,65,25,79,11,153,0,1,0,526,0.6284348864994026
460,11,5,3,78,15,2,2,2,88,17,79,11,106,1,2,6,428,0.5977653631284916
461,78,3,0,92,19,3,2,2,91,27,53,6,194,0,0,5,575,0.5995828988529719
462,99,7,0,100,19,2,4,1,77,33,66,4,210,0,1,8,631,0.6328986960882648
465,13,3,1,64,9,1,4,5,101,21,127,1,114,1,2,3,470,0.6359945872801083
467,62,2,2,65,23,8,7,1,60,27,79,7,164,0,2,5,514,0.628361858190709
468,83,6,2,72,24,0,7,2,49,39,92,3,172,2,4,19,576,0.6350606394707828
469,50,1,3,74,21,0,4,0,79,31,77,3,186,3,3,6,541,0.6737235367372354
474,82,5,3,62,19,4,5,2,69,20,67,3,115,2,2,9,469,0.5811648079306072
477,72,4,6,98,33,2,1,4,110,34,107,2,200,2,0,9,684,0.6647230320699709
479,76,3,5,100,30,1,5,3,104,32,100,6,181,0,1,7,654,0.6193181818181818
480,54,3,3,99,23,5,5,3,72,26,95,6,168,1,1,6,570,0.6651108518086347
482,16,4,2,75,22,7,2,0,164,33,174,23,123,0,2,4,651,0.6753112033195021
483,46,1,4,89,30,2,3,5,99,16,91,10,182,2,0,6,586,0.6161934805467929
484,55,2,2,83,27,0,6,1,82,30,74,6,178,2,1,7,556,0.6420323325635104
485,39,3,4,87,18,1,7,4,98,25,92,2,137,0,1,6,524,0.5934314835787089
487,43,7,3,78,26,4,4,6,107,37,131,4,131,1,3,11,596,0.602020202020202
488,69,3,2,82,18,2,4,3,101,29,132,6,165,0,2,6,624,0.6196623634558094
489,49,6,5,84,32,5,5,2,124,27,88,11,175,1,2,5,621,0.6516264428121721
490,30,4,0,77,17,3,2,1,84,15,79,10,121,0,1,9,453,0.5929319371727748
493,49,3,2,70,24,1,6,3,120,19,99,4,141,0,3,10,554,0.6162402669632926
495,83,1,1,70,16,1,5,1,74,23,73,10,174,0,0,7,539,0.6252900232018561
498,72,2,2,56,19,4,9,2,57,28,84,5,140,1,3,8,492,0.5836298932384342
499,74,1,3,77,15,3,7,1,63,37,46,5,177,0,1,4,514,0.6314496314496314
501,69,5,4,130,22,0,3,4,55,19,33,1,197,0,0,2,544,0.5906623235613464
502,49,3,4,113,16,5,1,1,89,23,63,17,154,0,1,2,541,0.5583075335397317
504,36,4,2,65,21,6,1,3,97,37,151,7,174,0,0,14,618,0.6652314316469322
505,48,0,4,104,18,2,3,1,64,20,40,19,151,0,1,7,482,0.5604651162790698
506,50,1,0,68,15,0,4,4,39,16,37,3,169,0,2,4,412,0.569060773480663
508,43,4,4,106,24,1,4,4,87,26,96,3,164,0,1,1,568,0.6248624862486248
510,13,4,2,74,20,2,2,4,152,25,113,4,144,0,1,6,566,0.6619883040935672
511,32,1,3,90,26,1,2,1,165,28,182,7,188,0,3,6,735,0.6458699472759226
512,65,4,3,124,8,1,6,1,52,15,38,5,177,0,0,2,501,0.5693181818181818
514,51,4,4,130,18,1,7,4,88,19,48,3,170,0,2,6,555,0.6105610561056105
515,72,3,1,118,23,2,6,0,58,17,37,5,168,2,0,3,515,0.5960648148148148
518,9,4,3,76,12,2,1,5,93,6,70,5,98,0,0,3,387,0.5201612903225806
519,42,3,4,72,10,2,2,3,55,20,47,2,116,0,1,9,388,0.5834586466165413
521,49,2,3,93,15,1,4,2,70,15,45,7,111,0,0,4,421,0.5383631713554987
523,64,6,4,92,17,1,2,6,70,20,56,6,190,0,0,1,535,0.6286721504112809
525,56,1,1,103,16,0,6,0,73,8,49,11,125,0,0,4,453,0.5418660287081339
526,61,2,1,63,20,4,5,1,63,25,69,9,134,0,0,5,462,0.5862944162436549
530,2,0,0,15,1,0,1,1,14,2,8,1,13,1,0,1,60,60.0
532,32,4,3,123,19,4,1,4,69,23,143,5,124,0,1,7,562,0.6527293844367015
534,61,3,2,120,21,3,7,2,72,12,55,5,173,1,0,3,540,0.5654450261780105
535,33,3,1,93,27,2,1,0,53,4,27,1,75,1,0,0,321,0.5367892976588629
537,11,0,0,14,0,0,0,2,3,3,9,0,20,0,0,0,62,0.09037900874635568
538,25,2,1,68,31,0,1,4,116,24,114,11,140,1,0,5,543,0.6313953488372093
539,18,3,1,42,10,3,3,0,87,25,84,6,99,0,0,1,382,0.6324503311258278
540,56,3,2,101,26,0,9,2,73,10,52,15,185,0,1,2,537,0.5513347022587269
541,9,3,1,44,12,2,4,3,62,11,64,3,37,0,3,4,262,0.4395973154362416
542,57,4,0,85,15,2,4,2,57,25,65,10,161,1,0,5,493,0.5745920745920746
543,26,3,1,50,10,2,5,2,120,31,141,6,151,1,0,14,563,0.6639150943396226
547,74,4,1,93,23,2,3,2,85,18,100,13,183,0,0,13,614,0.6239837398373984
548,49,5,3,58,24,3,6,2,74,29,69,5,116,1,1,9,454,0.5965834428383706
549,12,8,0,78,11,0,7,1,132,11,105,1,97,0,4,2,469,0.5966921119592875
550,73,2,1,91,12,2,4,1,84,36,95,1,177,0,1,11,591,0.6201469045120671
551,30,3,3,40,16,1,14,0,67,26,106,3,106,0,0,10,425,0.6204379562043796
552,18,0,1,92,20,1,2,4,97,25,103,3,122,1,1,10,500,0.6297229219143576
555,55,5,1,50,15,2,2,5,63,24,87,2,129,1,2,15,458,0.5963541666666666
556,62,7,1,87,27,2,9,4,92,27,100,4,168,2,1,7,600,0.5714285714285714
558,74,2,0,85,17,3,9,2,65,28,90,2,124,2,0,18,521,0.615112160566706
561,51,5,1,61,18,0,1,1,60,13,74,8,104,0,1,7,405,0.5287206266318538
562,83,3,0,63,26,3,7,2,86,34,110,4,129,0,3,19,572,0.5836734693877551
564,38,0,2,64,13,3,4,3,69,21,64,8,161,0,0,2,452,0.6617862371888726
566,24,2,2,80,26,2,3,4,55,11,46,5,120,0,0,6,386,0.5353675450762829
567,47,2,3,108,25,1,4,3,113,24,84,14,180,0,2,9,619,0.6735582154515778
568,30,2,0,49,8,1,0,1,40,11,30,4,71,0,0,2,249,0.3721973094170404
569,41,0,0,82,23,6,0,2,52,17,62,3,105,2,0,2,397,0.5423497267759563
570,36,2,1,69,27,1,8,2,79,20,53,12,135,1,3,3,452,0.7151898734177216
571,35,7,3,85,14,3,3,5,54,19,88,5,88,1,0,3,413,0.5784313725490197
573,44,5,2,69,13,3,3,1,73,18,73,7,122,0,3,3,439,0.620933521923621
574,35,5,0,81,26,2,2,4,86,9,69,11,115,0,0,4,449,0.603494623655914
575,50,1,2,116,28,3,0,1,91,23,63,6,177,2,0,4,567,0.648
580,72,2,2,52,15,0,0,1,60,26,77,8,137,0,0,15,467,0.5971867007672634
582,33,4,2,63,21,1,2,3,71,17,54,4,123,0,1,1,400,0.6060606060606061
583,8,2,2,61,11,0,2,3,98,3,91,3,105,0,2,3,394,0.5811209439528023
585,47,1,1,137,21,0,6,1,62,18,44,4,147,1,0,3,493,0.5883054892601431
586,52,2,5,110,23,0,6,4,67,21,27,14,145,2,0,4,482,0.5863746958637469
589,90,9,2,122,38,2,2,4,71,24,94,5,145,1,0,1,610,0.547576301615799
590,62,1,0,77,16,2,5,3,64,18,70,2,132,1,1,6,460,0.559610705596107
592,45,3,0,59,16,1,1,2,74,14,87,3,107,0,0,6,418,0.5920679886685553
594,78,3,4,79,26,1,3,3,90,23,73,5,157,0,1,6,552,0.6153846153846154
596,41,1,2,71,29,0,3,1,57,16,54,2,138,0,0,4,419,0.6046176046176046
600,13,10,3,80,21,4,6,3,90,26,127,5,134,0,0,5,527,0.6844155844155844
601,60,3,5,82,19,1,1,2,88,26,75,4,152,1,0,8,527,0.5501043841336117
603,87,5,2,101,24,2,3,2,79,33,54,4,207,0,2,7,612,0.5907335907335908
604,67,3,2,66,27,4,5,1,71,39,79,4,187,1,0,8,564,0.6058002148227712
608,39,4,5,117,26,4,5,3,88,22,101,24,169,1,1,11,620,0.6187624750499002
610,48,4,0,73,19,5,4,3,59,25,59,2,119,1,1,9,431,0.5731382978723404
613,57,2,1,104,26,2,3,2,73,25,75,8,150,8,1,10,547,0.6201814058956916
614,67,0,0,87,38,1,3,1,72,26,63,6,164,1,1,9,539,0.6209677419354839
615,31,3,0,97,21,1,3,5,133,25,129,3,126,1,2,6,586,0.643956043956044
616,75,3,7,93,16,2,5,6,66,29,82,9,177,1,0,5,576,0.5859613428280773
617,55,7,8,72,38,13,6,3,131,47,137,8,182,0,6,14,727,0.6864966949952785
621,73,4,6,107,26,0,6,6,82,24,70,16,161,1,1,5,588,0.5969543147208122
622,6,4,0,54,11,1,1,5,97,16,82,1,77,0,1,4,360,0.5042016806722689
624,2,5,3,114,25,3,61,2,85,16,57,9,158,0,0,3,543,0.5908596300326442
625,96,1,0,107,27,2,8,3,70,18,47,6,243,0,0,9,637,0.6506639427987743
627,23,2,1,94,15,3,1,6,119,34,142,4,136,0,0,4,584,0.5983606557377049
631,74,2,4,122,25,0,8,5,91,32,107,8,191,0,1,8,678,0.6538090646094503
633,18,4,1,75,21,5,2,1,104,41,127,2,163,0,1,7,572,0.6643437862950058
634,72,3,1,81,21,2,4,1,80,42,120,1,170,1,3,7,609,0.6330561330561331
635,16,4,2,65,19,7,5,3,113,33,105,8,161,2,0,7,550,0.7180156657963447
636,54,2,3,102,18,2,3,0,71,28,64,6,157,0,3,3,516,0.5903890160183066
638,78,1,0,57,27,0,2,0,65,28,68,1,159,1,2,7,496,0.6176836861768369
641,74,2,2,113,28,2,2,4,47,20,54,5,203,0,1,4,561,0.6530849825378346
642,79,2,1,85,31,2,4,4,70,23,95,6,212,0,1,13,628,0.6382113821138211
644,9,2,1,52,10,2,0,4,92,13,94,2,97,0,3,8,389,0.5186666666666667
646,32,5,0,69,18,4,8,3,93,30,161,17,184,0,1,6,631,0.5958451369216242
648,43,0,6,91,30,7,3,1,84,13,46,3,104,1,1,2,435,0.5831099195710456
649,56,3,6,106,31,5,8,5,68,28,58,8,204,1,0,7,594,0.6711864406779661
651,60,2,0,48,11,5,4,1,61,28,88,3,123,2,2,5,443,0.6178521617852162
652,63,0,0,100,30,3,7,3,84,34,72,5,215,0,1,3,620,0.6365503080082136
655,80,0,6,111,26,2,7,1,73,30,66,6,173,0,1,15,597,0.6546052631578947
657,25,1,0,53,17,0,3,0,103,29,112,9,134,0,0,5,491,0.6360103626943006
659,67,3,5,104,18,1,6,2,80,17,90,4,173,0,0,4,574,0.6674418604651163
662,90,2,3,102,28,0,7,3,87,24,63,7,200,1,1,3,621,0.6571428571428571
663,72,1,6,81,19,2,6,1,83,15,60,5,163,1,2,10,527,0.6009122006841505
665,70,4,11,83,28,0,9,3,57,22,51,6,197,3,1,7,552,0.6272727272727273
666,22,0,2,22,6,0,1,1,23,9,13,0,44,1,0,1,145,0.47854785478547857
667,23,4,4,72,30,6,3,2,115,20,119,19,191,1,1,3,613,0.6879910213243546
668,68,4,1,106,28,0,12,3,76,26,83,3,189,1,3,8,611,0.6286008230452675
669,75,2,0,121,28,5,4,2,106,28,94,4,223,0,4,11,707,0.6438979963570127
671,83,2,2,85,23,3,1,0,88,30,39,13,199,1,1,7,577,0.6244588744588745
673,70,2,5,68,77,5,5,1,21,26,80,9,199,0,2,15,585,0.6230031948881789
674,81,5,6,102,28,1,8,1,81,41,68,4,170,0,1,6,603,0.6300940438871473
675,74,2,2,65,19,1,7,0,66,41,66,13,153,0,1,13,523,0.65375
676,65,0,7,85,19,2,5,2,75,19,68,4,152,1,1,3,508,0.6083832335329341
678,55,2,4,80,20,6,5,3,67,28,52,9,173,1,1,7,513,0.6593830334190232
679,27,5,5,84,31,2,7,3,98,25,111,3,180,2,0,9,592,0.703923900118906
680,67,1,5,95,23,0,5,1,73,31,89,5,189,2,3,3,592,0.6469945355191257
684,53,3,5,106,23,0,4,4,78,28,78,4,173,2,2,9,572,0.634850166481687
686,44,5,4,91,21,5,4,0,60,9,44,3,126,0,0,4,420,0.6167400881057269
687,69,1,1,77,19,2,4,1,86,24,68,6,157,0,1,6,522,0.6048667439165701
690,42,5,0,91,27,1,6,2,81,15,49,6,141,1,0,5,472,0.5982256020278834
692,57,3,4,107,45,3,8,4,91,33,86,9,170,0,1,4,625,0.6423432682425488
693,53,5,1,84,29,1,3,3,76,37,76,1,141,0,1,7,518,0.5954022988505747
696,30,5,2,45,12,0,4,5,71,22,67,2,106,1,2,9,383,0.5542691751085383
698,40,4,4,80,17,1,5,2,80,38,99,5,160,0,0,10,545,0.6381733021077284
699,18,5,2,56,25,2,3,2,110,25,100,2,144,1,2,11,508,0.6004728132387707
700,75,4,5,87,18,2,6,6,96,24,85,7,134,0,1,7,557,0.573045267489712
701,48,1,0,115,24,2,4,8,101,15,70,10,185,2,0,6,591,0.6618141097424413
702,30,3,2,88,11,2,3,2,103,20,87,1,110,1,0,7,470,0.6010230179028133
703,50,0,5,60,27,1,6,4,73,33,80,6,132,0,3,12,492,0.6007326007326007
704,36,1,3,47,25,0,6,0,103,34,77,5,101,1,3,3,445,0.583224115334207
705,57,2,0,62,15,1,2,2,75,30,96,5,121,1,0,8,477,0.5305895439377085
706,29,3,2,56,21,1,6,3,60,21,69,0,91,0,0,11,373,0.5651515151515152
707,39,1,0,79,25,1,5,1,86,30,98,4,95,1,0,15,480,0.605296343001261
709,63,4,4,68,16,0,6,3,85,37,67,8,160,1,1,7,530,0.5895439377085651
711,44,8,3,64,27,1,2,1,114,39,175,19,195,0,1,10,703,0.6254448398576512
712,65,5,3,115,28,1,6,2,99,32,85,6,158,1,1,5,612,0.6077457795431976
713,77,0,0,61,22,3,2,5,70,35,81,2,163,2,1,7,531,0.6366906474820144
715,58,4,2,32,13,2,2,4,85,19,52,7,103,1,1,8,393,0.5558698727015559
716,20,2,1,74,25,2,3,2,114,29,115,2,151,0,2,4,546,0.662621359223301
717,5,0,3,52,11,1,1,3,85,17,102,1,110,1,1,3,396,0.6064318529862175
718,35,1,0,63,14,2,7,0,81,34,89,1,82,0,1,15,425,0.5434782608695652
719,41,1,1,64,12,0,4,1,65,36,86,1,111,1,1,11,436,0.6166902404526167
721,68,3,2,84,23,0,8,3,69,23,65,3,123,0,1,5,480,0.5904059040590406
724,32,1,0,56,12,4,5,2,45,16,42,5,132,1,0,5,358,0.6057529610829103
725,39,0,2,60,22,1,2,4,75,28,66,1,140,2,2,11,455,0.6156968876860622
726,17,3,1,99,8,6,6,4,75,26,127,5,123,0,2,5,507,0.6236162361623616
727,49,3,5,75,22,1,7,1,60,38,79,11,161,2,0,9,523,0.6595208070617906
728,70,4,3,90,23,1,5,3,76,25,63,10,167,0,1,3,544,0.6468489892984542
729,29,1,1,81,17,3,2,3,81,23,84,4,120,0,2,11,462,0.5833333333333334
731,64,1,3,68,26,3,8,2,75,25,81,15,152,0,2,18,543,0.641086186540732
734,70,1,2,80,31,1,7,3,62,32,96,20,135,0,0,2,542,0.5923497267759563
736,53,3,2,80,27,1,6,2,101,30,103,11,159,0,1,5,584,0.6438809261300992
738,13,3,0,82,8,1,1,2,84,12,85,2,101,0,0,7,401,0.6112804878048781
739,60,3,2,42,12,4,4,3,39,22,55,3,134,0,1,12,396,0.5585331452750353
740,59,1,6,94,35,1,6,6,72,34,84,12,167,0,0,4,581,0.6535433070866141
741,52,0,1,63,15,2,1,2,91,37,78,5,131,1,0,11,490,0.6282051282051282
743,34,4,1,78,19,4,3,1,81,33,82,3,105,0,3,13,464,0.5382830626450116
746,45,5,5,56,21,0,5,5,80,30,101,4,118,0,4,8,487,0.5559360730593608
747,29,3,3,84,36,3,4,5,125,28,143,10,147,0,2,6,628,0.6067632850241546
748,47,4,3,63,14,0,6,0,65,28,91,6,91,1,0,6,425,0.5614266842800528
749,49,1,1,72,7,0,1,2,64,23,88,1,107,0,0,9,425,0.529925187032419
751,48,3,0,63,15,2,5,4,77,20,89,1,100,0,0,7,434,0.5391304347826087
752,70,5,5,65,22,2,2,1,72,37,80,1,137,1,1,20,521,0.619500594530321
753,41,0,0,71,18,3,0,2,83,19,96,5,107,0,0,8,453,0.5551470588235294
755,28,5,1,78,22,5,3,2,112,37,130,2,143,0,2,9,579,0.625945945945946
756,23,1,0,57,16,2,1,2,86,21,73,1,108,2,1,9,403,0.5708215297450425
760,58,2,3,74,19,2,1,4,94,47,96,12,127,1,3,19,562,0.6036519871106337
762,38,4,1,38,14,1,7,1,61,32,72,4,108,1,3,13,398,0.5195822454308094
765,36,1,1,56,10,3,3,4,68,24,68,2,84,0,2,6,368,0.5476190476190477
766,36,3,9,77,26,2,2,2,117,14,159,4,108,0,2,2,563,0.6159737417943107
767,31,6,1,61,20,3,3,1,93,19,163,3,126,0,1,3,534,0.6040723981900452
770,35,4,0,55,19,2,6,1,90,23,74,3,123,0,0,8,443,0.5544430538172715
771,41,1,3,45,14,0,2,1,66,17,69,4,100,1,2,6,372,0.5152354570637119
772,67,6,2,48,22,2,3,1,72,28,74,7,139,0,3,10,484,0.6111111111111112
775,26,4,4,89,29,3,0,2,100,18,104,8,129,0,0,6,522,0.6229116945107399
776,53,3,2,84,21,0,2,3,150,22,121,6,136,1,1,7,612,0.6341968911917099
778,32,4,1,72,25,2,3,1,79,24,105,1,125,1,0,11,486,0.5912408759124088
780,32,7,5,85,26,2,2,2,111,41,121,9,169,2,1,7,622,0.6182902584493042
781,40,8,2,85,32,2,4,3,151,32,178,8,130,0,4,9,688,0.6335174953959485
783,31,1,1,80,21,2,2,1,84,28,113,5,126,0,1,2,498,0.7248908296943232
784,34,6,1,68,12,1,4,2,74,29,110,5,157,1,3,10,517,0.6221419975932612
785,36,9,1,108,21,2,4,3,143,30,120,6,123,0,1,5,612,0.5895953757225434
786,43,3,3,76,29,6,6,0,87,31,114,5,146,1,3,8,561,0.68
788,22,4,3,69,17,1,1,3,106,29,164,3,114,1,3,6,546,0.5921908893709328
789,22,5,2,98,17,1,2,6,128,25,119,7,160,5,1,6,604,0.6201232032854209
790,42,9,3,68,25,9,4,1,99,32,113,5,161,0,2,8,581,0.5965092402464066
791,31,9,4,82,18,3,3,6,135,24,130,9,105,0,1,5,565,0.5916230366492147
792,28,4,3,107,25,3,2,4,162,32,167,14,151,0,2,12,716,0.6199134199134199
793,34,8,3,89,29,9,1,5,131,31,151,9,141,1,4,15,661,0.5808435852372583
794,25,3,2,102,33,3,2,2,151,17,155,7,139,1,1,4,647,0.5766488413547237
796,22,4,1,69,32,4,2,0,112,18,88,9,97,1,3,4,466,0.5825
797,21,5,2,49,10,1,3,1,87,14,107,4,70,0,0,9,383,0.5674074074074074
799,19,7,13,121,30,0,3,1,152,19,102,15,154,2,1,6,645,0.6462925851703407
800,23,3,0,83,17,2,2,2,115,17,110,12,126,1,4,8,525,0.5932203389830508
801,18,0,0,53,16,0,0,3,82,13,129,2,87,2,2,10,417,0.552317880794702
802,11,3,1,69,12,0,1,4,97,10,103,7,82,0,1,4,405,0.5578512396694215
803,20,4,0,85,28,3,3,2,90,15,114,2,90,0,3,11,470,0.5562130177514792
805,35,4,3,67,26,0,0,4,108,28,144,1,105,0,0,14,539,0.5982241953385128
806,19,1,2,79,19,5,1,2,100,15,99,2,80,0,3,4,431,0.5896032831737346
807,23,6,1,65,16,1,3,4,99,26,97,3,107,0,1,6,458,0.5790139064475348
808,36,7,2,68,14,1,2,4,108,33,127,1,131,1,1,17,553,0.6467836257309941
812,25,6,1,86,14,4,10,5,99,29,113,8,143,2,5,12,562,0.625139043381535
813,64,0,1,71,20,2,9,3,72,50,67,5,175,0,1,12,552,0.6039387308533917
816,64,0,2,81,27,5,3,2,101,31,66,5,177,0,0,6,570,0.6793802145411204
817,78,2,2,68,21,4,3,0,92,31,85,8,203,1,0,4,602,0.6424759871931697
818,47,3,7,82,26,7,2,2,79,37,101,6,170,0,2,12,583,0.6420704845814978
820,41,8,5,62,25,4,2,2,80,21,102,42,135,0,1,5,535,0.6645962732919255
821,43,5,2,59,24,4,3,2,77,26,91,25,166,1,3,8,539,0.6267441860465116
822,60,2,3,83,29,3,7,1,82,31,130,6,223,2,4,18,684,0.6286764705882353
823,40,8,4,73,26,4,7,2,115,25,147,7,149,0,1,12,620,0.6262626262626263
824,60,2,2,84,19,3,1,1,109,34,110,16,205,0,1,8,655,0.619678334910123
825,46,4,1,63,16,5,3,0,47,14,54,7,136,0,2,5,403,0.6106060606060606
827,22,3,1,49,10,2,5,6,73,12,83,4,68,0,1,5,344,0.5316846986089645
828,62,3,6,62,20,2,12,1,75,30,74,2,155,1,0,6,511,0.6419597989949749
832,41,8,3,68,18,1,8,1,56,22,50,7,174,0,0,8,465,0.6046814044213265
834,27,2,0,72,20,2,6,2,144,31,126,13,99,0,0,7,551,0.6638554216867469
835,31,7,5,61,29,2,4,7,107,29,131,2,87,0,0,8,510,0.5610561056105611
836,34,6,1,69,11,3,0,2,137,20,141,2,111,0,2,9,548,0.545273631840796
837,57,4,1,65,21,1,7,5,101,46,149,4,154,1,2,18,636,0.5564304461942258
838,61,1,2,63,19,1,4,1,60,35,93,6,124,1,1,18,490,0.5798816568047337
839,25,4,1,83,25,3,4,4,89,21,86,5,115,2,3,3,473,0.6306666666666667
840,38,2,0,85,21,4,3,11,85,15,71,3,101,3,0,6,448,0.5949535192563081
841,46,1,1,78,22,1,7,1,57,30,94,8,133,1,2,13,495,0.6329923273657289
844,22,0,1,46,9,2,3,0,60,8,70,4,60,0,1,10,296,0.43085880640465796
847,34,3,0,66,11,1,7,6,67,26,96,3,142,0,1,14,477,0.6411290322580645
848,44,2,3,64,3,2,4,7,52,31,74,3,91,2,1,9,392,0.6068111455108359
852,19,4,3,60,12,2,0,3,78,17,81,4,97,0,1,8,389,0.53360768175583
853,71,6,3,73,15,2,7,2,81,33,89,2,176,1,1,11,573,0.6025236593059937
855,29,0,2,63,19,2,6,0,76,35,90,3,167,0,2,13,507,0.5881670533642691
856,46,5,3,67,22,2,4,3,85,28,70,6,134,1,2,6,484,0.6436170212765957
857,56,0,4,93,20,2,5,1,91,22,59,2,167,1,4,5,532,0.5833333333333334
859,68,9,2,66,40,2,3,4,87,30,85,6,185,0,1,8,596,0.5792031098153547
861,47,2,2,89,23,4,1,3,91,25,64,3,139,1,1,3,498,0.6343949044585987
862,67,0,4,76,17,0,5,2,74,19,61,6,143,1,1,8,484,0.6318537859007833
863,75,4,2,49,12,0,5,1,76,38,69,5,182,0,1,8,527,0.6670886075949367
865,37,4,2,54,18,4,5,3,74,22,75,11,136,2,1,4,452,0.6579330422125182
866,6,2,1,75,11,4,3,4,61,12,82,1,75,0,2,6,345,0.48660084626234135
868,31,3,2,74,25,0,7,3,87,42,87,9,151,1,1,11,534,0.6334519572953736
869,31,4,2,70,24,1,3,3,79,27,99,5,145,0,0,6,499,0.6430412371134021
871,62,1,3,97,20,0,7,0,86,15,91,9,180,0,0,6,577,0.6151385927505331
874,62,3,7,110,44,2,5,3,102,29,86,6,242,2,1,9,713,0.6406109613656783
875,58,0,4,83,15,3,6,1,103,33,103,9,155,1,1,12,587,0.6325431034482759
877,20,0,3,82,22,5,0,1,83,21,103,11,156,2,2,5,516,0.5903890160183066
878,22,2,6,71,26,3,2,4,116,24,119,4,128,1,2,7,537,0.6654275092936803
879,25,3,3,76,20,2,4,3,78,15,42,2,117,0,0,7,397,0.6051829268292683
881,33,1,6,73,26,5,5,2,139,20,111,21,173,1,1,4,621,0.6993243243243243
883,57,8,3,106,29,1,10,3,98,29,69,4,185,1,1,8,612,0.6011787819253438
884,36,3,0,66,16,5,6,2,78,22,95,2,109,1,0,14,455,0.5947712418300654
886,47,5,0,79,13,3,2,4,89,38,102,6,173,0,0,8,569,0.6654970760233918
889,40,3,6,72,30,0,0,2,110,24,65,11,141,1,2,8,515,0.6619537275064268
890,33,2,1,69,11,1,1,4,72,15,79,0,112,0,0,8,408,0.5432756324900133
891,24,7,1,76,19,2,1,4,82,21,96,4,89,0,1,10,437,0.5428571428571428
895,29,5,1,71,28,0,5,3,92,23,80,3,131,0,2,16,489,0.5835322195704057
898,17,6,1,63,18,3,1,4,76,16,65,1,60,1,1,5,338,0.5007407407407407
899,20,2,3,74,32,2,1,4,95,27,109,8,105,0,0,6,488,0.5775147928994083
900,27,1,5,105,30,0,3,4,128,24,70,24,147,0,1,9,578,0.6689814814814815
901,8,4,2,50,10,0,0,0,57,7,59,2,41,0,2,4,246,0.48330058939096265
902,41,4,1,65,21,0,3,0,71,26,88,6,78,1,1,6,412,0.5545087483176312
903,15,5,1,67,10,0,1,1,103,9,91,5,66,0,2,10,386,0.5244565217391305
904,17,0,1,58,21,0,3,0,112,0,0,5,85,0,0,0,302,0.4131326949384405
905,48,4,3,60,11,0,2,0,84,30,93,5,156,1,0,6,503,0.6834239130434783
906,41,1,5,59,19,2,5,1,99,25,111,4,128,1,0,8,509,0.6222493887530562
907,74,5,2,85,11,2,2,8,82,29,105,10,223,2,2,12,654,0.6666666666666666
908,71,0,5,84,37,4,9,2,92,29,130,11,179,0,2,5,660,0.6291706387035272
909,20,0,3,54,28,4,1,1,103,27,140,5,102,0,1,7,496,0.5794392523364486
910,11,6,3,94,16,1,2,5,114,16,99,2,103,1,4,3,480,0.5693950177935944
912,13,2,3,71,14,1,1,2,98,17,111,4,76,0,1,7,421,0.5432258064516129
913,14,8,2,74,21,2,0,4,118,14,150,13,120,0,4,6,550,0.6300114547537228
914,11,3,2,59,9,0,0,3,81,18,127,7,70,0,0,4,394,0.5267379679144385
915,11,3,3,107,12,1,0,1,108,2,123,4,100,0,1,2,478,0.5500575373993095
916,9,4,0,39,4,0,1,5,36,8,53,2,39,0,0,2,202,0.2630208333333333
917,39,5,1,63,26,3,2,2,111,45,127,4,214,0,3,8,653,0.6333656644034917
920,41,7,2,62,31,9,3,2,104,29,180,8,149,0,1,7,635,0.5629432624113475
921,34,11,1,104,29,5,5,3,133,20,147,9,136,1,1,3,642,0.6484848484848484
922,23,2,3,81,18,5,2,2,106,23,80,13,123,0,1,3,485,0.6475300400534045
924,41,2,6,97,27,7,1,2,112,23,80,4,184,0,0,4,590,0.6941176470588235
925,58,7,1,88,31,1,5,3,105,30,113,20,164,0,0,9,635,0.625615763546798
927,51,4,2,82,27,4,4,3,88,22,82,10,135,1,0,5,520,0.611764705882353
928,66,4,1,80,27,0,4,6,115,37,120,4,211,0,1,4,680,0.6563706563706564
929,1,1,0,6,0,0,0,1,10,1,4,0,5,0,0,1,30,0.22556390977443608
930,68,5,3,92,25,5,4,5,77,28,127,7,213,0,3,6,668,0.688659793814433
931,40,3,2,50,16,2,2,5,101,27,91,1,111,0,1,10,462,0.607095926412615
933,23,6,3,68,10,1,1,2,82,15,84,6,112,1,1,2,417,0.5889830508474576
934,28,4,5,65,14,1,2,3,75,21,88,12,118,0,2,12,450,0.635593220338983
936,19,2,2,50,10,2,2,2,113,18,75,2,96,0,2,7,402,0.5885797950219619
938,38,3,2,55,24,5,3,2,95,14,90,1,102,1,1,4,440,0.5937921727395412
940,5,1,1,49,7,1,0,1,66,6,73,1,58,1,1,2,273,0.5219885277246654
941,2,7,0,84,11,2,0,7,110,11,67,1,47,1,3,4,357,0.46727748691099474
942,7,4,1,59,8,4,0,2,95,8,48,2,47,0,2,4,291,0.5123239436619719
945,18,1,1,69,22,2,1,3,142,13,98,3,100,0,1,3,477,0.5910780669144982
946,5,2,0,53,16,2,1,2,75,7,83,0,44,0,1,2,293,0.46214511041009465
947,13,2,3,77,9,0,1,1,88,6,74,1,53,0,0,2,330,0.5409836065573771
948,10,3,0,88,21,0,3,1,138,14,116,5,76,0,2,7,484,0.5721040189125296
951,33,5,0,40,22,4,4,4,100,38,120,12,136,1,2,7,528,0.6226415094339622
952,20,8,1,86,29,2,1,4,99,19,93,24,137,2,0,1,526,0.6985391766268261
953,30,7,1,56,16,1,4,5,113,18,184,19,112,1,1,4,572,0.5964546402502607
954,9,4,2,71,10,2,3,1,101,16,118,5,122,0,2,8,474,0.5214521452145214
955,21,5,2,78,18,5,2,1,118,25,165,11,139,1,1,5,597,0.5790494665373423
956,6,2,0,41,11,0,2,4,66,13,75,3,70,1,1,9,304,0.5
957,1,0,0,3,0,0,0,0,4,2,16,0,9,1,0,1,37,0.31092436974789917
959,25,0,1,73,13,0,7,0,122,0,0,4,118,0,0,0,363,0.3719262295081967
960,40,3,1,104,38,1,3,3,135,31,118,14,179,0,1,6,677,0.6617790811339198
961,29,4,0,99,26,1,3,2,122,17,116,7,107,0,1,6,540,0.6733167082294265
962,25,4,7,77,17,2,5,1,106,19,90,25,133,1,3,3,518,0.6565272496831432
963,46,6,1,90,24,6,5,1,106,30,145,16,144,0,1,2,623,0.6337741607324516
964,33,2,2,78,22,6,5,3,95,13,105,11,169,0,2,4,550,0.5445544554455446
965,34,4,3,110,24,1,1,5,125,17,86,6,139,0,1,3,559,0.5915343915343916
968,27,3,1,87,14,1,5,6,94,16,117,4,142,0,1,11,529,0.5510416666666667
969,46,6,1,107,33,2,5,4,113,30,124,4,166,0,0,6,647,0.647
970,54,4,2,93,32,4,4,5,138,26,168,6,173,3,3,12,727,0.6633211678832117
971,53,4,1,103,37,3,2,4,117,27,102,7,208,0,1,4,673,0.6630541871921182
973,68,6,2,59,21,1,5,3,84,38,114,11,148,0,2,18,580,0.6105263157894737
974,65,1,2,59,18,2,6,2,60,29,75,6,163,0,0,11,499,0.6100244498777506
976,48,0,3,55,22,0,1,5,66,25,95,3,82,0,3,19,427,0.5567144719687093
978,42,3,2,62,14,3,6,1,79,23,77,0,138,0,0,5,455,0.5886157826649417
979,54,2,0,55,9,2,1,2,77,27,97,1,107,0,1,6,441,0.5639386189258312
981,51,4,2,69,16,0,3,2,70,27,101,3,135,1,3,14,501,0.5680272108843537
982,18,1,1,45,14,1,1,2,64,12,128,2,78,0,1,11,379,0.5285913528591353
983,33,4,1,114,21,2,4,1,73,14,44,3,153,1,0,2,470,0.6545961002785515
984,42,2,0,51,14,0,3,3,69,29,85,6,76,0,0,10,390,0.5927051671732523
985,47,2,2,72,15,2,2,3,87,28,86,4,111,1,1,20,483,0.5897435897435898
986,39,3,0,64,19,1,4,1,85,33,74,1,130,0,0,12,466,0.5839598997493735
988,40,2,3,71,21,2,4,3,75,31,95,16,151,3,0,7,524,0.6171967020023557
989,47,2,0,94,23,4,3,6,83,25,90,4,136,1,1,17,536,0.5832426550598476
990,30,5,2,82,23,0,4,3,110,41,90,15,148,1,2,8,564,0.6527777777777778
994,19,4,2,55,13,1,0,2,77,17,82,1,99,1,1,6,380,0.5019815059445178
995,9,4,2,95,10,3,1,2,81,8,65,1,58,1,4,2,346,0.4701086956521739
1001,31,5,2,95,18,0,3,0,133,19,107,2,116,1,0,11,543,0.5563524590163934
1003,30,5,3,46,20,1,2,5,85,13,76,2,113,1,1,12,415,0.5334190231362468
1004,18,1,4,56,14,2,1,0,68,17,97,9,114,0,2,8,411,0.5724233983286908
1005,29,4,1,94,21,1,5,3,81,12,91,5,123,1,1,10,482,0.59727385377943
1006,23,3,6,83,23,0,6,0,75,20,77,5,123,0,0,1,445,0.6348074179743224
1007,28,0,4,90,25,1,4,3,76,22,69,6,121,1,0,5,455,0.6509298998569385
1008,25,3,2,70,16,4,1,6,94,25,101,3,107,0,0,5,462,0.56
1010,39,2,3,56,15,1,4,0,76,23,99,1,110,1,2,7,439,0.6097222222222223
1012,8,3,2,20,5,0,2,3,33,8,47,2,44,0,0,5,182,0.48533333333333334
1013,15,0,0,69,18,3,4,8,90,12,133,11,111,1,2,6,483,0.6090794451450189
1015,33,3,0,55,15,1,2,3,106,34,103,5,138,1,0,17,516,0.659846547314578
1016,26,2,1,53,14,2,5,2,99,21,79,5,145,0,2,11,467,0.5716034271725826
1017,62,8,5,75,11,1,4,2,128,26,128,6,164,3,0,17,640,0.641925777331996
1019,61,8,3,74,34,5,13,3,117,35,95,6,188,1,0,9,652,0.64746772591857
1020,45,2,7,69,16,0,1,1,90,24,81,4,123,0,1,4,468,0.5645355850422196
1021,57,6,1,68,22,1,5,0,103,34,100,3,157,0,2,9,568,0.6114101184068891
1022,31,2,0,66,27,4,3,8,82,23,75,1,105,0,2,4,433,0.6230215827338129
1023,39,1,5,85,28,1,2,4,94,13,36,3,142,1,0,2,456,0.6307053941908713
1024,49,2,1,63,21,2,2,0,98,23,86,2,134,0,1,12,496,0.5911799761620977
1025,14,3,1,70,13,2,0,1,108,15,60,4,61,0,2,3,357,0.5173913043478261
1027,44,3,2,75,18,2,2,2,89,23,95,1,132,0,2,14,504,0.5581395348837209
1028,31,1,1,89,24,2,4,2,111,26,107,2,135,1,2,9,547,0.5639175257731959
1029,18,2,2,57,18,2,1,3,84,16,117,5,69,0,0,7,401,0.4926289926289926
1030,4,0,2,43,9,2,0,2,70,10,54,4,35,0,1,9,245,0.4209621993127148
1032,18,3,4,57,12,3,4,2,88,26,83,4,81,0,2,12,399,0.4877750611246944
1033,33,4,5,64,27,1,3,4,91,20,97,4,156,0,2,8,519,0.6536523929471033
1034,14,3,6,63,18,1,5,5,101,14,113,3,118,0,2,7,473,0.5657894736842105
1035,10,1,2,34,6,1,1,3,65,8,51,1,48,0,1,7,239,0.495850622406639
1037,25,10,1,93,33,4,6,2,129,9,177,6,134,1,1,9,640,0.6286836935166994
1038,13,1,1,53,12,0,0,1,77,18,87,0,62,1,3,4,333,0.48970588235294116
1039,3,0,0,15,4,0,3,0,4,1,6,2,16,1,0,0,55,0.19927536231884058
1040,0,0,0,8,1,0,0,2,4,2,5,0,12,2,1,1,38,0.2585034013605442
1043,0,2,1,13,1,2,0,3,15,0,4,3,29,0,0,1,74,inf
1044,0,0,0,5,0,0,0,1,0,2,0,0,12,0,0,0,20,0.09569377990430622
1045,23,2,1,49,25,3,4,2,97,20,85,6,91,0,1,5,414,0.6088235294117647
1046,26,1,1,40,10,1,2,2,72,17,44,1,88,2,1,2,310,0.62
1048,45,5,4,62,18,3,6,1,61,17,79,6,131,2,3,5,448,0.6390870185449358
1050,60,3,2,73,26,1,8,0,92,36,101,3,146,0,1,16,568,0.6367713004484304
1051,40,3,2,62,22,7,5,1,98,24,78,5,142,0,0,9,498,0.5678449258836944
1052,39,6,0,71,26,1,11,5,102,19,108,5,179,0,1,8,581,0.6506159014557671
1056,32,6,4,87,26,5,3,1,124,37,101,9,163,0,2,9,609,0.6214285714285714
1059,46,5,6,70,18,1,4,2,93,28,88,10,152,1,0,4,528,0.6709021601016518
1062,9,3,0,50,8,0,1,2,67,9,43,2,50,2,0,3,249,0.424190800681431
1063,24,3,1,74,15,5,2,4,98,14,65,2,112,0,0,7,426,0.5220588235294118
1064,20,1,1,74,16,0,1,2,75,13,38,1,80,0,1,2,325,0.4843517138599106
1068,23,5,3,71,17,2,5,8,114,24,123,3,112,4,1,7,522,0.6468401486988847
1069,19,2,1,71,15,0,1,3,84,9,82,5,71,0,2,2,367,0.5318840579710145
1070,16,1,1,37,17,0,1,5,92,17,46,0,93,1,1,1,329,0.5833333333333334
1072,9,4,0,56,4,1,0,5,91,10,64,3,61,1,1,0,310,0.4813664596273292
1073,16,4,4,61,17,3,2,0,137,25,111,1,100,0,1,6,488,0.6304909560723514
1074,19,7,3,76,14,0,2,2,140,47,132,6,144,1,2,13,608,0.6406743940990516
1075,14,4,3,80,16,1,7,0,108,21,133,1,112,1,0,11,512,0.5824800910125142
1076,7,3,0,68,13,1,1,1,81,13,84,2,49,1,2,3,329,0.514866979655712
1077,37,5,2,68,10,0,4,5,108,24,82,0,133,0,0,6,484,0.657608695652174
1078,32,4,0,51,20,0,6,4,90,14,99,3,113,1,1,6,444,0.6107290233837689
1079,33,5,9,94,24,1,5,2,79,18,75,5,133,1,2,6,492,0.5956416464891041
1080,48,2,10,99,17,4,6,3,101,31,122,24,166,0,2,3,638,0.6279527559055118
1081,9,7,0,81,14,1,0,2,138,16,110,6,80,2,1,6,473,0.6010165184243964
1082,6,7,0,51,14,2,3,5,97,7,80,4,68,0,1,4,349,0.5232383808095952
1083,8,5,4,88,14,0,0,5,90,13,88,2,53,0,0,5,375,0.4693366708385482
1084,38,1,2,66,22,4,3,1,115,30,90,14,179,0,4,7,576,0.735632183908046
1085,15,3,0,87,16,3,0,8,112,12,134,1,106,0,3,12,512,0.5614035087719298
1087,8,4,1,74,16,1,3,1,129,12,146,1,114,0,0,8,518,0.6286407766990292
1089,21,4,0,62,12,5,0,6,111,39,177,2,132,0,3,10,584,0.5845845845845846
1090,14,5,2,99,22,7,3,4,131,21,137,5,136,0,1,8,595,0.6269757639620653
1092,19,6,1,66,19,3,4,1,109,19,98,3,122,0,0,6,476,0.6246719160104987
1094,23,1,0,48,19,0,2,2,86,14,121,4,106,0,1,8,435,0.6258992805755396
1095,13,2,1,57,18,0,2,1,78,17,117,2,102,0,1,2,413,0.6682847896440129
1096,14,5,1,45,26,0,1,5,120,9,141,3,130,2,1,4,507,0.5915985997666278
1097,9,3,0,54,14,1,0,2,61,15,72,1,88,0,0,7,327,0.5085536547433903
1099,62,3,5,138,27,1,3,1,120,20,74,2,139,0,0,0,595,0.5743243243243243
1100,24,5,0,69,23,6,0,2,97,10,101,4,69,1,0,8,419,0.6281859070464768
1102,24,5,1,83,28,2,0,2,110,10,82,4,95,1,3,9,459,0.574468085106383
1103,31,5,7,115,28,4,2,4,110,7,57,2,149,4,3,4,532,0.579520697167756
1107,41,2,1,85,24,1,5,2,150,23,171,2,191,0,1,9,708,0.7239263803680982
1111,17,4,3,71,26,2,3,1,98,35,73,6,163,1,2,5,510,0.7193229901269393
1112,21,1,0,66,9,3,3,2,99,9,93,24,109,0,1,1,441,0.7182410423452769
1113,17,7,0,39,21,1,0,0,81,8,68,3,52,1,2,2,302,0.5852713178294574
1114,19,7,1,102,19,0,5,3,168,13,130,6,104,1,0,2,580,0.5829145728643216
1115,32,2,3,70,17,7,2,1,99,16,85,7,80,0,1,2,424,0.5955056179775281
1116,0,0,0,1,0,0,0,0,3,1,6,0,3,0,0,1,15,inf
1117,50,3,3,107,27,4,1,6,139,28,123,8,173,0,1,4,677,0.6392823418319169
1118,34,1,0,71,20,1,3,3,116,15,109,5,157,1,1,3,540,0.6330597889800703
1119,38,1,1,80,17,1,0,3,94,14,108,5,139,0,1,9,511,0.6119760479041916
1120,28,5,3,86,23,1,3,1,106,19,120,4,112,2,3,8,524,0.592090395480226
1121,27,6,1,72,30,5,3,2,129,25,164,1,145,0,2,11,623,0.6509926854754441
1123,10,5,1,73,14,3,1,5,75,14,74,1,84,1,1,7,369,0.5301724137931034
1124,31,4,1,79,29,5,2,6,120,27,116,5,151,0,0,4,580,0.6682027649769585
1125,24,2,6,63,23,0,6,3,107,28,123,5,134,0,1,13,538,0.660122699386503
1127,31,5,6,70,13,0,4,3,115,20,91,4,76,0,0,6,444,0.5685019206145967
1128,24,6,2,73,21,4,0,4,122,30,122,6,108,0,1,9,532,0.6143187066974596
1130,48,1,2,73,14,5,2,6,112,24,93,4,174,1,2,5,566,0.6261061946902655
1132,20,4,1,77,20,2,2,0,113,24,85,2,146,0,1,10,507,0.6152912621359223
1133,33,3,0,67,25,1,4,1,123,23,103,2,89,0,2,2,478,0.6104725415070242
1135,19,3,1,47,19,2,2,4,98,28,86,6,75,0,1,7,398,0.6238244514106583
1136,25,1,0,63,21,3,0,2,78,30,100,2,82,1,2,18,428,0.574496644295302
1137,15,4,1,46,7,2,2,3,81,19,83,2,88,1,2,8,364,0.5290697674418605
1141,11,5,1,35,8,0,2,2,79,12,70,0,94,0,1,5,325,0.5671902268760908
1142,17,1,5,52,8,3,7,1,80,17,86,4,102,0,0,13,396,0.5344129554655871
1143,14,6,3,75,12,0,0,5,112,12,73,5,59,0,2,11,389,0.5350756533700137
1144,29,5,3,58,17,4,2,2,98,21,78,5,108,0,2,10,442,0.5924932975871313
1148,25,1,1,70,22,2,2,2,84,30,75,3,117,0,4,8,446,0.6194444444444445
1149,21,4,3,63,16,1,2,4,85,31,94,4,96,0,3,13,440,0.5692108667529108
1151,21,1,2,92,20,2,4,2,76,28,98,16,152,0,1,5,520,0.6824146981627297
1152,1,1,2,23,1,0,1,1,22,2,21,1,24,0,0,0,100,20.0
1154,19,9,0,88,23,1,2,4,125,18,178,4,114,0,0,6,591,0.5523364485981308
1155,15,9,1,62,28,5,0,1,114,16,193,3,92,1,3,6,549,0.546812749003984
1156,11,2,1,76,12,0,0,1,74,10,74,4,93,1,2,5,366,0.5596330275229358
1159,2,0,1,37,13,3,0,1,83,4,38,1,25,0,0,3,211,0.48729792147806006
1161,7,8,1,53,11,3,3,4,89,17,168,4,84,0,0,6,458,0.6164199192462988
1163,6,5,1,75,20,3,1,4,111,18,118,9,69,1,4,6,451,0.5148401826484018
1164,10,3,0,60,24,1,3,0,108,12,120,0,148,0,1,7,497,0.6235884567126725
1165,36,8,1,98,21,4,4,2,88,26,156,1,131,0,0,8,584,0.594704684317719
1167,26,1,6,55,17,1,3,3,94,22,121,5,94,0,1,9,458,0.579746835443038
1168,35,1,1,56,9,1,1,2,75,24,107,3,145,0,1,12,473,0.6248348745046235
1170,47,4,0,40,15,0,5,0,73,24,91,4,115,0,2,9,429,0.6355555555555555
1172,39,2,5,67,14,3,0,3,97,32,99,4,125,1,2,11,504,0.6014319809069213
1173,46,3,1,65,15,3,3,2,91,29,111,10,138,1,1,9,528,0.5488565488565489
1174,24,8,6,81,17,1,5,2,108,35,117,8,135,1,0,6,554,0.646441073512252
1175,26,5,0,63,12,1,1,4,110,16,108,5,106,0,2,11,470,0.5773955773955773
1176,41,4,1,62,19,2,2,3,112,32,161,7,142,0,4,25,617,0.5755597014925373
1178,9,8,1,90,24,5,0,3,164,9,159,6,89,2,0,2,571,0.5767676767676768
1181,48,2,3,48,14,3,1,2,78,29,104,1,131,0,1,8,473,0.6400541271989174
1182,39,4,1,72,23,3,4,6,96,25,143,1,137,1,6,10,571,0.5960334029227558
1184,38,2,0,71,21,1,4,1,128,28,124,13,146,0,3,14,594,0.5817825661116552
1185,36,5,6,56,16,2,1,0,78,40,85,8,115,0,0,11,459,0.6202702702702703
1186,46,2,1,89,15,1,6,3,103,23,114,23,153,0,3,6,588,0.6157068062827226
1187,28,1,1,93,13,7,1,2,134,22,98,20,117,0,2,9,548,0.6178128523111612
1188,24,2,1,59,20,3,4,1,87,24,120,0,80,0,0,8,433,0.613314447592068
1190,37,4,2,70,23,3,2,4,114,26,91,17,101,1,2,10,507,0.597877358490566
1191,34,4,4,89,14,1,13,1,79,29,87,31,193,1,3,8,591,0.6808755760368663
1192,80,4,3,91,13,3,4,4,73,30,102,26,172,1,1,22,629,0.6497933884297521
1194,66,3,5,81,15,5,6,4,83,36,104,12,151,2,3,16,592,0.6166666666666667
1196,61,10,2,66,29,2,4,1,116,29,118,18,156,1,0,6,619,0.6044921875
1200,36,1,5,54,14,3,2,3,81,5,88,13,121,0,1,2,429,0.5181159420289855
1201,18,7,1,79,22,3,3,1,92,18,119,1,123,0,2,6,495,0.581668625146886
1203,7,5,0,70,76,3,59,3,20,32,83,7,126,1,1,18,511,0.6018845700824499
1204,36,4,0,38,19,1,4,4,96,17,118,9,98,0,1,13,458,0.5761006289308176
1205,46,2,1,84,26,6,7,4,133,34,118,24,128,0,0,4,617,0.6577825159914712
1207,36,6,3,43,19,3,4,5,90,12,107,5,130,0,2,6,471,0.552168815943728
1209,19,9,1,63,21,2,2,2,86,27,137,1,130,2,4,7,513,0.6136363636363636
1210,13,1,1,73,28,2,2,0,114,17,124,1,118,0,0,7,501,0.6109756097560975
1211,16,6,1,97,19,0,7,3,142,22,151,4,138,0,0,7,613,0.5761278195488722
1212,23,9,3,56,16,1,5,4,97,31,114,3,143,0,2,1,508,0.6529562982005142
1213,9,3,1,79,19,3,1,1,98,26,89,1,108,0,2,4,444,0.5598991172761665
1214,32,7,1,69,33,2,3,1,115,18,110,1,125,0,0,7,524,0.6624525916561315
1215,38,3,2,108,32,2,1,1,151,32,118,7,145,0,4,3,647,0.6690796277145812
1216,34,11,5,70,32,2,10,7,121,22,105,11,140,0,2,10,582,0.6452328159645233
1218,26,6,2,49,26,1,1,1,113,26,137,13,138,0,2,18,559,0.6623222748815166
1219,54,7,4,84,32,4,9,1,167,34,153,9,159,1,3,8,729,0.6561656165616562
1220,39,7,4,95,28,2,8,1,142,39,146,8,145,0,4,14,682,0.6634241245136187
1221,32,5,4,86,34,0,5,7,192,25,149,6,159,1,4,6,715,0.6790123456790124
1222,33,6,2,98,34,0,6,6,128,34,149,11,133,1,6,14,661,0.638030888030888
1227,28,3,4,77,28,1,1,2,80,26,83,7,81,1,0,10,432,0.6
1229,37,1,4,100,33,33,5,4,107,22,71,16,115,1,2,2,553,0.6276958002270148
1230,32,3,2,68,21,2,4,4,94,30,105,7,126,1,2,8,509,0.6214896214896215
1232,48,0,0,57,15,2,1,2,64,22,89,5,131,1,1,8,446,0.6203059805285118
1233,57,6,3,93,33,3,5,3,89,18,88,2,158,2,0,7,567,0.6251378169790518
1236,48,3,2,74,24,3,9,4,75,27,70,9,133,0,0,8,489,0.6135508155583438
1237,37,1,4,60,22,4,3,1,109,31,82,9,138,1,3,12,517,0.6154761904761905
1241,50,1,2,81,20,2,6,0,85,22,58,12,132,1,1,7,480,0.6138107416879796
1242,54,4,2,89,24,0,1,4,106,19,90,3,173,0,1,5,575,0.639599555061179
1244,46,2,5,121,41,5,6,1,130,27,87,16,181,1,1,6,676,0.6341463414634146
1245,38,3,1,80,23,2,5,2,105,25,102,2,162,1,3,3,557,0.6507009345794392
1246,22,5,1,63,16,1,2,6,90,14,93,3,106,1,2,6,431,0.5994436717663422
1247,28,4,1,67,12,2,9,4,102,13,96,2,108,0,1,6,455,0.571608040201005
1249,35,3,4,41,26,4,6,0,99,25,125,6,146,0,0,9,529,0.6335329341317365
1251,50,4,4,67,16,0,4,3,92,20,113,7,105,0,0,5,490,0.6027060270602707
1254,42,7,2,88,31,3,0,5,124,38,135,3,132,3,0,3,616,0.6553191489361702
1255,42,8,3,59,10,3,2,2,106,42,183,4,132,1,1,21,619,0.6421161825726142
1256,25,4,1,73,15,2,3,0,82,26,102,4,109,0,2,9,457,0.6234652114597544
1257,32,2,5,78,27,0,6,4,130,19,89,15,102,0,2,12,523,0.6472772277227723
1258,14,0,0,69,14,0,3,6,79,19,80,3,88,0,2,3,380,0.6012658227848101
1259,21,4,3,45,21,0,4,1,91,31,106,6,123,1,0,2,459,0.6287671232876713
1260,22,7,2,95,19,1,2,4,166,27,179,16,194,0,5,10,749,0.6479238754325259
1261,25,5,1,64,23,1,7,3,93,37,153,7,146,0,2,15,582,0.5843373493975904
1263,10,6,1,67,20,2,1,3,112,16,90,1,70,0,4,8,411,0.5400788436268068
1264,31,4,4,66,12,2,2,1,93,21,122,9,155,0,1,12,535,0.6508515815085159
1265,24,6,0,92,15,18,3,2,147,41,161,13,133,1,0,16,672,0.6148215919487648
1267,29,5,2,72,19,1,1,4,115,35,119,11,159,1,1,8,582,0.6554054054054054
1268,27,4,0,74,28,2,2,0,117,44,113,9,158,1,2,3,584,0.6919431279620853
1270,12,4,0,70,29,0,7,1,110,23,97,2,74,0,0,5,434,0.5592783505154639
1271,41,6,4,78,23,1,7,3,139,42,170,7,200,2,3,6,732,0.690566037735849
1273,6,0,1,59,14,0,1,0,64,0,0,0,67,0,0,0,212,0.3593220338983051
1274,51,5,3,47,21,0,5,5,49,13,41,2,109,1,0,3,355,0.4211150652431791
1275,49,3,3,74,27,5,6,2,75,37,116,6,139,0,3,16,561,0.5689655172413793
1276,59,1,2,51,19,3,8,5,80,60,92,2,187,0,1,10,580,0.6401766004415012
1280,50,3,5,78,26,2,8,4,126,30,103,6,163,1,1,14,620,0.6218655967903711
1283,15,4,2,56,16,2,1,1,93,15,90,15,96,1,2,3,412,0.6014598540145986
1285,30,2,3,68,18,4,3,3,70,15,80,31,145,0,1,5,478,0.5967540574282147
1286,35,2,3,55,17,1,1,1,77,17,80,6,107,0,2,8,412,0.5962373371924746
1287,37,5,3,50,15,1,0,4,104,23,113,2,110,0,2,5,474,0.587360594795539
1291,19,7,1,62,15,0,0,2,85,13,89,2,106,0,0,6,407,0.5748587570621468
1292,4,0,0,54,14,2,2,1,84,7,81,3,58,0,0,3,313,0.5089430894308943
1294,8,6,2,79,12,3,0,4,103,9,96,3,74,0,0,3,402,0.4962962962962963
1296,21,5,0,59,13,1,3,4,99,17,95,4,135,1,0,4,461,0.5806045340050378
1297,31,5,7,64,22,2,6,2,96,14,121,8,120,1,1,4,504,0.628428927680798
1304,40,3,4,85,15,0,4,1,65,19,62,3,140,1,1,3,446,0.5822454308093995
1307,58,4,1,94,25,1,7,2,102,19,66,5,171,1,1,3,560,0.6320541760722348
1309,58,3,5,128,37,7,7,3,122,22,93,6,216,0,4,4,715,0.6255468066491688
1312,48,2,3,76,25,2,7,8,107,28,94,6,143,1,0,7,557,0.6476744186046511
1314,44,11,4,106,22,6,3,4,138,29,182,14,164,0,4,8,739,0.6615935541629364
1315,33,4,2,78,28,4,2,2,142,39,160,3,119,1,0,10,627,0.6111111111111112
1316,20,1,1,71,12,3,3,3,79,17,123,1,78,0,4,5,421,0.5335868187579215
1317,22,7,3,60,17,8,4,3,86,22,91,2,161,0,0,4,490,0.692090395480226
1318,42,7,2,61,21,4,4,2,84,28,101,5,135,0,0,7,503,0.6119221411192214
1319,54,1,1,91,32,2,4,5,101,25,69,8,154,2,2,6,557,0.6223463687150838
1320,37,2,2,60,12,0,1,3,61,29,74,4,119,0,1,7,412,0.6103703703703703
1321,62,0,1,79,23,0,4,3,94,29,126,1,161,0,1,13,597,0.6199376947040498
1323,14,3,4,71,13,3,3,2,101,15,120,9,108,1,1,13,481,0.5699052132701422
1324,45,2,1,80,21,4,3,9,121,33,129,6,177,0,0,8,639,0.6507128309572301
1326,38,2,2,58,24,5,7,1,89,22,103,3,129,1,1,9,494,0.674863387978142
1328,22,4,1,76,30,4,6,6,120,27,118,1,124,0,2,6,547,0.6427732079905993
1329,27,2,3,29,16,0,3,3,54,14,65,3,95,1,1,3,319,0.5984990619136961
1331,26,3,1,93,23,0,4,0,112,13,66,7,122,1,1,7,479,0.5702380952380952
1332,31,3,0,70,19,3,4,4,93,16,50,4,125,0,0,6,428,0.5944444444444444
1333,47,3,0,84,23,4,8,5,125,38,118,7,166,1,0,6,635,0.6472986748216106
1334,15,2,1,68,9,1,3,4,93,25,86,3,129,0,1,6,446,0.6510948905109489
1338,17,7,0,47,21,0,5,2,101,10,93,1,91,0,4,10,409,0.5970802919708029
1339,2,0,2,61,19,2,0,3,111,13,116,2,66,0,0,5,402,0.5352862849533955
1340,12,2,0,75,20,1,3,5,148,17,148,2,135,0,0,6,574,0.5786290322580645
1341,29,2,3,55,8,3,4,2,97,31,139,4,126,0,0,17,520,0.6197854588796186
1342,18,2,2,67,11,3,5,0,75,20,98,10,98,0,1,9,419,0.5724043715846995
1343,49,4,1,89,14,1,1,3,99,31,100,6,136,0,1,9,544,0.6642246642246642
1345,11,3,1,60,10,2,0,4,100,13,118,3,69,0,2,8,404,0.5666199158485273
1346,20,1,0,43,19,1,0,1,93,19,90,12,105,0,3,4,411,0.6236722306525038
1348,29,3,1,72,29,7,4,1,89,26,142,3,143,1,3,10,563,0.5601990049751244
1349,21,0,1,69,13,0,2,0,92,0,0,5,87,0,0,0,290,0.40333796940194716
1350,23,6,0,76,22,2,4,3,93,21,115,3,126,0,1,4,499,0.6348600508905853
1351,8,4,0,62,17,1,1,2,95,15,75,1,91,0,2,2,376,0.5020026702269693
1352,71,1,1,104,25,0,3,2,71,13,42,0,125,0,0,7,465,0.5769230769230769
1354,28,6,1,77,17,3,8,2,93,24,119,1,155,1,3,4,542,0.6383981154299175
1357,71,0,0,49,17,0,3,2,58,22,42,0,186,1,0,7,458,0.6282578875171467
1358,49,0,2,68,20,0,2,1,71,20,57,1,144,3,2,13,453,0.572692793931732
1359,63,5,1,152,29,5,5,5,63,7,49,2,174,2,0,1,563,0.5945089757127772
1361,78,6,7,88,42,5,3,3,88,29,93,4,186,0,3,10,645,0.6317335945151812
1362,44,6,1,81,18,0,2,1,108,31,95,5,147,0,1,6,546,0.6642335766423357
1366,42,5,2,46,26,4,10,1,63,21,64,16,184,1,0,9,494,0.6382428940568475
1368,57,3,4,100,21,4,4,5,79,31,74,4,203,0,1,5,595,0.6708004509582863
1369,39,3,3,52,16,1,6,3,86,31,104,4,172,0,3,10,533,0.6460606060606061
1371,33,3,2,91,27,2,0,6,125,20,156,9,115,1,2,6,598,0.6083418107833164
1373,20,5,0,84,23,3,5,5,97,14,87,2,116,1,0,6,468,0.5872020075282308
1374,48,3,3,57,15,2,9,2,68,29,66,8,171,1,0,8,490,0.6186868686868687
1375,39,4,4,62,17,3,0,3,107,29,89,5,143,0,1,7,513,0.59375
1377,68,3,3,78,25,2,7,6,91,41,99,4,169,0,2,10,608,0.617258883248731
1382,39,1,2,63,12,2,6,1,57,39,59,10,139,0,2,5,437,0.6315028901734104
1383,60,0,0,88,24,0,4,0,96,0,0,7,161,0,0,0,440,0.4756756756756757
1384,44,1,2,92,15,0,6,0,100,17,78,2,132,0,0,8,497,0.6002415458937198
1387,4,0,2,50,10,2,3,2,88,18,123,0,97,2,1,3,405,0.6026785714285714
1388,8,3,0,64,14,0,1,5,77,16,78,2,89,0,1,3,361,0.5996677740863787
1391,26,6,1,67,26,3,4,3,170,32,178,7,148,0,0,14,685,0.6193490054249547
1392,4,2,1,59,8,0,3,6,94,13,82,3,91,0,0,2,368,0.4804177545691906
1394,9,4,1,32,12,3,4,5,75,15,94,3,89,0,0,5,351,0.609375
1396,50,2,7,92,22,3,4,4,70,9,35,5,148,0,1,3,455,0.658465991316932
1398,10,2,0,47,8,0,0,0,51,9,72,4,56,1,1,4,265,0.48007246376811596
1399,24,8,4,51,17,0,6,2,98,28,112,9,133,0,2,9,503,0.6060240963855422
1400,9,2,2,51,10,2,1,4,57,12,89,3,99,0,0,3,344,0.5900514579759862
1401,20,3,1,60,14,2,4,2,82,23,114,10,90,2,3,11,441,0.588
1403,42,6,7,64,13,2,2,2,74,40,71,3,167,1,2,4,500,0.6361323155216285
1404,8,3,0,61,17,3,3,2,81,12,92,1,64,0,1,7,355,0.5346385542168675
1406,7,8,1,43,22,1,1,4,102,7,164,1,106,1,0,9,477,0.5638297872340425
1407,33,6,2,76,14,0,0,0,64,15,75,3,166,1,2,3,460,0.6301369863013698
1410,18,2,1,62,20,0,2,3,90,26,92,7,97,0,1,6,427,0.5801630434782609
1411,27,2,3,59,23,0,6,0,79,14,85,1,113,0,2,2,416,0.538163001293661
1412,37,3,2,52,19,0,2,5,102,26,111,6,100,0,6,13,484,0.6181353767560664
1413,34,4,1,64,21,2,4,3,76,15,76,8,132,0,0,8,448,0.6170798898071626
1415,40,1,1,83,20,3,4,5,108,18,148,5,140,0,1,6,583,0.6208732694355698
1417,50,7,3,80,27,4,11,2,88,46,78,8,192,1,0,10,607,0.6464323748668797
1419,14,1,1,69,8,1,4,3,105,15,100,1,115,1,2,3,443,0.5946308724832214
1420,30,3,1,68,21,4,5,2,81,18,103,4,135,0,4,8,487,0.6195928753180662
1421,0,3,0,12,6,0,0,0,26,1,32,1,2,0,0,0,83,0.11464088397790055
1423,39,4,3,75,21,3,2,2,69,13,46,13,125,1,0,3,419,0.5811373092926491
1424,51,0,4,54,19,0,2,1,50,26,69,2,136,0,2,6,422,0.5861111111111111
1425,18,3,4,56,14,0,4,4,101,16,120,1,95,0,5,5,446,0.5837696335078534
1426,63,3,2,129,24,1,7,3,61,26,52,1,191,1,1,9,574,0.5985401459854015
1428,60,4,2,97,28,1,4,2,79,21,85,2,173,0,0,6,564,0.6401816118047673
1430,49,6,3,72,37,2,3,0,115,39,161,4,174,1,2,9,677,0.6490891658676894
1432,14,1,1,50,17,1,0,3,95,13,82,1,90,0,1,2,371,0.5595776772247361
1439,6,2,1,56,8,2,0,3,102,9,82,1,73,1,0,6,352,0.4882108183079057
1441,9,5,0,47,7,7,2,3,64,11,78,3,42,0,0,2,280,0.4229607250755287
1442,16,5,0,58,17,1,4,10,88,16,126,2,100,0,0,8,451,0.6136054421768707
1443,50,1,3,63,23,5,8,3,103,24,77,2,171,0,3,6,542,0.6421800947867299
1446,18,4,1,72,20,2,1,2,87,28,107,11,146,0,2,6,507,0.6610169491525424
1447,10,4,1,67,16,3,4,3,108,24,113,0,89,0,2,6,450,0.6064690026954178
1448,52,5,1,120,26,6,2,3,129,22,88,7,179,0,0,6,646,0.6814345991561181
1449,31,1,0,87,20,2,11,3,65,30,88,6,148,0,0,5,497,0.6016949152542372
1450,39,10,1,79,32,1,6,7,173,29,254,11,192,1,1,13,849,0.6970443349753694
1451,31,7,3,90,31,3,5,7,110,16,119,7,151,0,2,6,588,0.5951417004048583
1452,21,4,1,72,19,5,4,3,106,19,122,5,120,0,0,1,502,0.5954922894424673
1453,29,5,1,73,24,1,8,1,104,25,93,7,117,0,5,6,499,0.594047619047619
1454,14,2,3,73,27,2,2,3,110,20,87,2,105,0,1,6,457,0.5123318385650224
1455,25,6,2,69,13,4,5,3,96,24,126,6,145,1,4,17,546,0.6039823008849557
1457,35,5,2,78,20,3,1,4,99,40,125,14,128,0,2,10,566,0.6267995570321152
1458,33,1,1,52,6,0,5,3,74,32,106,11,86,0,1,9,420,0.6078147612156295
1459,26,3,0,59,23,5,3,3,137,29,153,11,166,0,2,6,626,0.6500519210799585
1460,31,7,1,91,20,3,8,4,128,34,172,0,141,1,2,16,659,0.667004048582996
1461,49,5,2,91,28,0,2,5,89,16,81,7,136,1,4,10,526,0.6616352201257861
1463,35,2,6,77,21,1,4,4,93,18,101,11,148,1,2,6,530,0.6141367323290846
1464,40,4,1,70,26,2,5,3,107,58,199,22,152,1,2,20,712,0.6623255813953488
1465,10,3,0,69,18,1,1,4,83,8,74,3,57,1,4,4,340,0.4949053857350801
1466,54,2,0,87,28,1,3,6,93,30,102,5,177,0,1,9,598,0.6229166666666667
1468,19,2,1,54,16,6,3,3,73,13,89,6,114,1,4,4,408,0.591304347826087
1470,30,2,0,81,12,2,3,1,94,8,85,7,85,0,1,7,418,0.5757575757575758
1471,36,7,2,86,21,0,7,7,119,31,93,7,174,1,0,8,599,0.6730337078651686
1474,39,12,5,101,31,1,5,3,131,37,157,12,196,0,2,6,738,0.6929577464788732
1476,30,2,1,59,17,0,5,2,76,11,57,2,123,1,0,3,389,0.6483333333333333
1478,38,2,4,92,32,1,7,4,90,35,72,6,159,0,1,6,549,0.6281464530892449
1479,46,3,2,93,28,6,7,3,125,27,102,14,158,2,1,10,627,0.6483971044467425
1480,10,2,1,69,18,2,4,0,67,13,107,5,94,1,0,4,397,0.550624133148405
1483,15,9,1,93,18,0,2,4,135,9,125,4,69,0,3,3,490,0.6125
1484,46,2,5,112,31,3,4,2,70,10,65,10,173,1,0,6,540,0.608793686583991
1486,40,4,4,45,17,2,3,2,101,17,144,0,81,0,2,4,466,0.5921219822109276
1488,3,3,0,38,4,1,0,5,64,6,67,1,29,1,2,0,224,0.4218455743879473
1489,7,5,0,58,8,2,4,3,70,12,84,2,74,0,2,5,336,0.5445705024311183
1491,17,3,1,66,11,1,0,3,92,13,67,2,72,1,1,9,359,0.5013966480446927
1492,17,0,1,87,15,1,2,5,98,14,130,4,85,1,0,10,470,0.5949367088607594
1494,3,1,1,58,6,3,0,1,61,9,59,1,44,0,2,0,249,0.43154246100519933
1495,11,2,1,56,10,5,6,3,90,10,92,2,86,1,0,8,383,0.5856269113149847
1496,22,6,1,101,22,0,0,3,124,18,104,13,99,0,0,2,515,0.6037514654161782
1499,24,6,2,84,21,2,1,4,97,17,93,3,117,0,1,5,477,0.6516393442622951
1500,13,2,2,78,19,1,1,2,79,18,79,3,101,1,0,4,403,0.5605006954102921
1501,37,2,2,78,30,2,0,4,91,15,75,8,167,1,2,3,517,0.6297198538367844
1503,65,1,2,120,30,2,7,2,66,21,43,5,160,0,1,7,532,0.628099173553719
1504,11,5,0,55,29,2,1,2,80,17,147,2,73,1,2,3,430,0.5710491367861886
1505,24,3,5,117,34,1,0,3,107,21,70,1,162,0,0,2,550,0.6781750924784217
1506,17,4,4,66,5,0,3,1,111,29,99,3,170,0,3,9,524,0.6968085106382979
1507,70,3,2,65,10,1,3,4,50,20,61,3,129,0,2,9,432,0.5691699604743083
1508,65,5,7,118,27,12,6,4,65,23,62,20,189,1,0,6,610,0.6218144750254841
1512,38,0,2,79,26,2,4,5,130,27,163,8,108,0,5,15,612,0.5930232558139535
1514,11,2,1,85,14,0,3,3,115,26,79,14,125,0,1,7,486,0.6075
1515,17,8,3,67,9,1,1,0,119,14,124,8,126,0,3,2,502,0.612942612942613
1516,29,5,1,82,16,3,0,1,115,33,121,5,139,2,0,5,557,0.6127612761276128
1517,47,5,8,97,31,5,4,2,120,28,103,7,172,0,0,7,636,0.5977443609022557
1520,31,2,0,77,25,4,4,4,91,13,85,2,135,0,5,5,483,0.6232258064516129
1521,33,8,0,42,17,0,4,1,41,8,53,1,88,0,1,7,304,0.49592169657422513
1523,39,6,3,81,24,1,3,3,127,28,126,3,128,0,0,8,580,0.6628571428571428
1525,80,4,5,79,31,3,9,3,104,28,65,18,162,0,4,6,601,0.6662971175166297
1526,4,6,0,50,11,1,1,2,49,8,77,2,33,2,0,4,250,0.4355400696864111
1528,4,5,0,54,19,1,2,1,92,13,118,2,80,1,3,4,399,0.5526315789473685
1529,25,4,2,105,24,0,3,2,143,36,106,5,184,2,1,5,647,0.6670103092783505
1530,27,3,2,84,19,1,4,0,88,17,85,5,106,0,2,4,447,0.6385714285714286
1531,16,2,6,66,12,1,1,3,100,9,82,3,92,0,4,5,402,0.5630252100840336
1532,0,0,0,16,4,0,1,0,8,4,11,2,28,0,0,1,75,37.5
1534,2,0,1,19,6,0,1,0,23,3,12,2,43,0,0,0,112,5.333333333333333
1535,8,0,1,16,1,0,0,2,13,4,11,0,18,0,0,0,74,inf
1536,2,0,2,8,1,0,0,1,16,3,12,2,21,1,0,0,69,inf
1538,5,0,0,29,4,0,0,0,31,3,27,0,37,1,1,2,140,inf
1539,2,0,1,6,2,1,1,2,10,2,10,2,16,0,0,0,55,13.75
1540,0,1,0,8,0,0,0,0,16,3,8,0,19,0,0,0,55,inf
1541,6,1,0,21,6,0,1,2,23,3,10,2,15,0,1,0,91,10.11111111111111
1544,1,1,0,18,1,0,1,0,10,1,11,1,16,0,0,1,62,inf
1547,2,2,0,14,0,1,0,2,4,0,4,1,18,1,1,1,51,inf
1550,1,1,0,7,1,0,4,1,1,1,6,4,14,2,0,4,47,0.17803030303030304
1552,30,3,6,58,22,3,2,5,93,22,132,8,189,0,4,7,584,0.647450110864745
1553,54,1,1,84,24,4,4,1,62,19,53,4,128,0,1,2,442,0.6104972375690608
1554,61,3,1,53,31,1,3,1,61,22,63,4,127,0,0,0,431,0.6070422535211267
1556,22,0,2,56,7,2,4,2,45,15,56,2,81,0,0,2,296,0.5220458553791887
1558,76,4,3,123,36,5,9,0,83,14,54,11,175,2,1,3,599,0.629863301787592
1559,47,6,0,97,40,0,2,2,97,29,73,4,185,2,1,6,591,0.6662908680947013
1565,53,1,2,77,17,2,3,2,67,27,105,15,144,0,0,10,525,0.6279904306220095
1566,69,3,1,61,26,2,4,2,85,27,89,10,159,0,0,9,547,0.6465721040189125
1568,28,10,4,70,31,4,5,2,117,25,124,6,157,0,1,5,589,0.6226215644820295
1571,4,2,0,81,17,2,32,1,94,21,133,2,129,0,2,8,528,0.5886287625418061
1572,25,3,2,73,29,5,2,4,117,13,117,7,104,0,2,4,507,0.6282527881040892
1573,21,3,5,65,10,1,3,1,74,18,100,0,107,1,0,8,417,0.6186943620178041
1574,28,2,3,82,33,2,5,1,87,16,9,10,143,0,0,8,429,0.5430379746835443
1579,58,3,1,97,31,5,4,1,93,23,102,5,222,1,0,12,658,0.6375968992248062
1583,42,2,1,55,20,7,2,1,98,29,132,5,105,2,0,13,514,0.6345679012345679
1586,13,3,2,51,7,2,1,3,102,11,92,2,89,1,0,2,381,0.5537790697674418
1587,32,0,7,84,18,1,1,2,133,35,123,16,139,1,2,7,601,0.6546840958605664
1588,40,2,5,70,21,1,4,2,85,23,107,3,101,1,1,6,472,0.6186107470511141
1590,40,6,2,107,23,0,2,1,96,19,70,8,144,1,1,9,529,0.5858250276854928
1592,54,1,0,51,14,1,6,2,78,28,79,4,144,0,2,12,476,0.6449864498644986
1593,50,8,2,58,19,1,3,2,94,34,96,2,152,0,1,7,529,0.6187134502923977
1594,38,3,1,66,26,6,3,0,108,22,202,17,151,0,0,6,649,0.6294859359844811
1595,58,1,4,54,24,2,12,2,85,29,110,9,168,0,2,9,569,0.6329254727474972
1596,18,5,5,60,25,3,2,5,128,19,73,13,102,0,0,7,465,0.6275303643724697
1597,18,0,2,60,15,2,2,11,77,18,65,4,126,0,0,1,401,0.6773648648648649
1599,12,2,4,78,14,8,2,3,91,17,101,5,102,0,2,5,446,0.5652724968314322
1601,8,3,0,55,14,1,0,9,89,8,108,1,75,0,1,2,374,0.5381294964028777
1605,39,2,2,89,24,1,1,2,88,29,87,6,104,0,1,2,477,0.640268456375839
1606,39,3,2,100,20,8,2,1,101,29,72,12,164,2,0,4,559,0.671875
1608,55,2,1,104,34,5,3,2,97,29,76,7,141,0,1,4,561,0.6171617161716172
1609,8,1,0,55,11,0,2,1,59,17,88,0,48,0,2,0,292,0.473257698541329
1610,26,7,1,84,19,6,9,2,114,21,115,18,166,0,3,17,608,0.6287487073422957
1613,78,2,6,115,31,1,7,0,77,19,31,12,201,0,0,4,584,0.6327193932827736
1615,11,4,1,51,13,0,0,5,100,8,63,3,78,0,1,0,338,0.49271137026239065
1616,13,5,1,75,12,0,1,4,79,13,109,6,79,2,0,3,402,0.5583333333333333
1617,14,2,3,60,14,2,1,3,106,16,103,7,95,0,2,19,447,0.5701530612244898
1620,61,5,5,101,23,5,5,1,114,41,94,1,193,0,1,12,662,0.6298763082778306
1621,34,3,1,63,14,0,6,2,100,14,93,5,100,0,2,4,441,0.5653846153846154
1622,60,1,6,88,34,7,4,2,107,32,97,11,207,1,1,3,661,0.6663306451612904
1625,58,7,3,73,24,3,6,1,53,18,46,7,167,0,0,13,479,0.6040353089533418
1630,82,1,0,72,19,1,8,0,64,42,92,4,195,1,0,20,601,0.5869140625
1634,60,0,1,141,29,3,3,7,79,13,42,12,196,0,0,7,593,0.6625698324022347
1635,53,3,4,110,19,0,7,3,79,27,56,5,157,1,2,14,540,0.6367924528301887
1637,67,1,3,123,43,1,3,2,73,19,56,9,203,0,0,4,607,0.6376050420168067
1638,14,2,1,59,12,3,6,0,98,25,134,1,150,0,2,7,514,0.6400996264009963
1641,58,5,2,73,24,2,5,3,99,16,85,24,178,1,3,5,583,0.6842723004694836
1643,37,2,3,74,25,2,3,1,101,29,97,9,157,2,1,13,556,0.645760743321719
1644,60,2,4,69,27,4,2,3,72,26,77,2,152,1,4,7,512,0.6392009987515606
1645,49,1,5,81,25,0,1,2,86,24,120,6,145,1,3,8,557,0.6195773081201335
1647,44,7,3,69,22,1,5,0,93,24,82,4,152,0,0,2,508,0.6631853785900783
1649,8,1,2,49,7,0,2,9,59,12,0,2,93,6,1,102,353,0.5198821796759941
1657,43,1,2,92,23,0,2,4,64,27,78,1,146,1,0,5,489,0.6097256857855362
1658,36,14,0,97,26,2,3,5,103,23,154,1,156,2,1,7,630,0.615234375
1659,18,4,2,52,15,1,4,2,83,17,93,1,98,0,1,8,399,0.6
1660,13,4,0,59,10,0,5,2,86,18,81,2,131,1,1,7,420,0.631578947368421
1662,26,3,4,52,12,3,3,4,69,18,81,6,128,1,2,8,420,0.6051873198847262
1663,17,5,2,64,14,6,5,6,96,14,86,8,123,0,0,1,447,0.5559701492537313
1667,41,0,3,53,14,1,5,0,72,23,80,4,133,5,1,9,444,0.6098901098901099
1668,44,1,2,86,19,0,2,1,79,19,92,6,103,0,0,6,460,0.610079575596817
1669,54,9,1,90,32,4,2,4,98,19,92,9,183,1,1,5,604,0.6304801670146137
1670,48,3,4,113,25,2,6,3,104,36,146,10,227,0,1,8,736,0.7222767419038273
1676,42,4,1,67,24,1,5,4,114,25,101,5,144,0,5,14,556,0.6157253599114064
1677,21,3,1,75,10,2,1,4,91,16,100,1,102,0,1,6,434,0.5081967213114754
1679,9,0,0,48,8,0,1,0,69,10,83,6,58,0,1,2,295,0.45245398773006135
1680,34,4,3,102,25,0,2,1,103,18,119,14,137,1,2,9,574,0.6165413533834586
1682,17,7,1,71,22,1,0,2,122,19,100,6,109,0,3,6,486,0.5806451612903226
1683,52,8,1,110,26,1,7,3,141,33,130,6,176,1,1,9,705,0.6625939849624061
1685,38,4,1,64,27,3,8,4,98,26,108,5,127,1,2,8,524,0.6143024618991794
1688,29,3,2,92,14,1,4,2,101,14,84,2,114,0,2,3,467,0.5533175355450237
1691,56,1,6,109,19,5,3,1,89,12,49,8,156,1,0,2,517,0.5983796296296297
1693,7,4,0,69,6,0,3,2,77,10,83,1,96,1,2,3,364,0.5076708507670851
1695,11,1,1,69,5,2,2,3,86,10,72,2,52,1,1,3,321,0.5194174757281553
1696,54,5,2,66,19,4,4,4,78,33,81,7,149,0,1,11,518,0.6271186440677966
1699,28,1,0,75,16,2,6,3,67,18,57,7,117,2,0,3,402,0.5973254086181278
1701,31,3,1,89,16,2,5,1,65,18,81,3,117,0,0,1,433,0.6661538461538462
1705,33,6,3,73,11,1,9,6,99,35,102,1,112,2,1,6,500,0.6053268765133172
1706,33,7,3,64,13,4,7,4,89,14,85,6,114,0,1,6,450,0.5639097744360902
1708,18,2,1,74,5,3,4,4,104,24,116,6,120,1,1,8,491,0.5715948777648429
1709,55,3,6,127,20,0,1,3,114,16,85,12,180,0,2,1,625,0.6351626016260162
1710,35,4,3,77,42,1,4,3,139,33,156,10,166,1,0,16,690,0.6341911764705882
1711,30,1,2,63,17,3,4,3,87,20,78,8,167,0,1,8,492,0.623574144486692
1712,19,4,0,62,20,0,0,4,96,19,133,5,82,0,0,5,449,0.5970744680851063
1717,3,4,1,59,18,2,2,3,104,16,114,1,73,2,1,8,411,0.5111940298507462
1718,6,2,0,74,8,1,1,3,103,10,78,1,72,0,1,3,363,0.5034674063800277
1719,10,6,1,73,16,0,0,1,119,14,109,3,62,0,1,4,419,0.6037463976945245
1720,3,3,0,43,11,1,0,2,73,10,81,0,43,1,1,1,273,0.4619289340101523
1721,3,1,1,63,10,1,0,1,94,5,60,1,46,0,1,1,288,0.4330827067669173
1722,36,1,2,94,17,2,9,4,69,17,77,5,143,0,0,3,479,0.6017587939698492
1724,27,2,1,89,17,0,6,4,111,24,101,1,118,0,4,4,509,0.5843857634902411
1725,27,4,2,55,24,0,3,2,88,27,99,5,160,0,3,10,509,0.6534017971758665
1727,1,3,0,75,10,3,2,4,94,11,67,2,78,0,0,2,352,0.5161290322580645
1732,7,3,0,57,18,0,2,0,91,7,100,10,86,1,0,6,388,0.5941807044410413
1733,5,7,0,77,11,0,0,1,72,14,96,4,102,1,1,4,395,0.6021341463414634
1735,22,2,2,57,18,3,5,4,92,38,121,8,157,0,1,4,534,0.6425992779783394
1739,17,2,2,66,11,2,2,1,90,12,82,4,92,2,0,2,387,0.5153129161118508
1743,35,1,1,84,20,6,7,2,109,22,85,7,168,0,1,3,551,0.6598802395209581
1744,10,4,0,55,11,3,2,1,108,27,114,1,108,0,1,7,452,0.6260387811634349
1745,31,0,0,57,16,3,5,0,85,24,67,7,156,0,1,4,456,0.7181102362204724
1747,51,2,0,67,25,4,3,4,80,19,62,19,157,1,1,7,502,0.6444159178433889
1749,29,5,4,68,17,2,6,2,70,14,51,4,119,1,0,4,396,0.6305732484076433
1750,21,1,1,88,19,4,1,1,110,21,156,3,110,0,1,10,547,0.6244292237442922
1751,39,0,3,79,20,2,4,3,79,19,82,7,133,0,0,8,478,0.613607188703466
1753,54,1,3,56,33,3,3,2,73,30,68,3,144,0,0,4,477,0.6045627376425855
1754,59,4,3,83,29,5,4,0,84,11,72,6,158,0,0,4,522,0.6666666666666666
1758,61,3,1,105,30,1,2,2,92,13,65,4,159,2,1,6,547,0.6331018518518519
1759,84,4,1,169,23,0,3,1,101,9,37,12,206,2,0,8,660,0.5809859154929577
1760,23,5,1,72,13,1,3,8,86,13,87,2,116,0,2,8,440,0.5744125326370757
1761,23,6,4,81,16,0,2,1,72,16,74,6,154,0,2,7,464,0.6347469220246238
1762,11,2,2,53,16,1,6,2,64,21,57,2,168,1,0,7,413,0.6837748344370861
1764,25,5,1,61,25,2,5,2,110,22,85,3,106,2,1,6,461,0.5806045340050378
1765,80,3,4,118,21,0,6,1,78,4,44,8,196,1,1,0,565,0.6121343445287107
1772,60,1,3,84,26,0,5,1,58,24,66,3,151,1,0,2,485,0.5972906403940886
1773,11,4,0,69,13,0,4,3,63,25,94,3,123,0,0,6,418,0.6362252663622526
1774,31,6,3,85,23,4,7,1,108,27,117,6,148,4,2,5,577,0.6579247434435576
1780,36,2,3,53,29,0,6,3,125,18,93,1,101,0,0,7,477,0.5918114143920595
1781,88,2,3,81,33,0,3,2,105,31,105,3,147,0,2,6,611,0.6209349593495935
1786,11,5,1,49,10,1,4,3,70,28,95,1,153,2,2,3,438,0.7041800643086816
1787,11,4,2,72,20,1,18,4,114,27,122,9,106,1,3,3,517,0.6118343195266273
1789,39,4,3,105,29,4,4,0,123,35,151,3,137,0,0,9,646,0.6578411405295316
1790,23,5,0,58,15,3,0,0,89,15,83,5,163,1,1,4,465,0.6413793103448275
1794,70,3,4,90,22,3,8,2,68,33,61,4,206,1,4,8,587,0.5953346855983773
1799,35,0,1,69,16,4,4,6,88,23,65,6,133,0,0,2,452,0.6141304347826086
1800,38,5,5,77,22,0,2,4,87,19,112,4,153,0,2,11,541,0.5997782705099778
1801,17,6,2,69,28,5,5,2,133,38,100,5,160,0,0,4,574,0.6016771488469602
1806,27,4,3,99,15,4,2,0,119,22,142,10,111,0,0,6,564,0.6143790849673203
1809,27,5,1,81,15,2,4,1,109,20,112,6,126,0,3,8,520,0.6272617611580217
1811,28,1,0,60,14,1,1,1,77,14,74,5,93,1,0,3,373,0.5694656488549619
1815,20,2,0,72,17,1,3,0,85,17,94,5,154,0,0,8,478,0.6648122392211405
1818,40,6,2,86,26,0,2,2,69,16,89,10,145,3,2,7,505,0.6352201257861635
1819,24,4,4,76,17,1,8,1,82,21,78,6,175,0,3,5,505,0.6778523489932886
1823,45,1,3,70,16,3,3,1,57,31,62,7,112,0,2,4,417,0.5991379310344828
1824,12,6,3,55,22,1,2,3,118,26,124,2,75,1,2,6,458,0.6114819759679573
1826,11,2,1,57,7,3,2,0,87,13,128,0,94,0,1,9,415,0.5600539811066126
1832,5,2,0,66,15,1,1,3,73,3,92,4,75,1,3,0,344,0.48725212464589235
1833,62,3,4,71,14,0,6,1,90,28,77,5,162,0,2,10,535,0.6128293241695304
1834,54,3,3,59,23,4,6,1,71,33,55,3,145,0,0,8,468,0.618229854689564
1842,10,2,1,79,16,1,1,3,124,16,102,9,93,1,4,6,468,0.5558194774346793
1846,22,5,2,91,17,0,4,2,155,35,182,10,150,0,1,8,684,0.6653696498054474
1847,34,5,2,83,38,3,5,6,140,17,97,16,173,1,0,8,628,0.6811279826464208
1848,28,2,5,93,29,2,1,5,125,18,83,11,167,0,0,2,571,0.6988984088127295
1851,24,5,3,49,15,2,3,6,93,26,99,5,107,0,0,5,442,0.6130374479889042
1855,7,5,1,67,14,0,1,6,85,10,78,5,54,1,0,2,336,0.48345323741007196
1863,83,3,2,69,9,0,4,2,86,39,138,4,125,0,3,15,582,0.5791044776119403
1872,47,3,2,55,17,2,7,1,55,18,1,3,117,2,1,13,344,0.49072753209700426
1873,43,4,0,45,10,1,1,0,67,30,65,3,104,0,2,8,383,0.6592082616179001
1882,34,2,2,51,22,3,3,4,89,25,92,6,138,0,1,8,480,0.6357615894039735
1884,25,3,1,70,10,5,1,1,112,24,76,1,136,0,1,0,466,0.6044098573281452
1887,32,2,1,88,16,0,0,4,118,17,97,0,137,0,3,6,521,0.5880361173814899
1888,28,9,6,65,15,2,4,3,82,19,116,0,127,0,1,2,479,0.7002923976608187
1890,16,3,0,61,13,1,5,2,137,14,103,2,175,0,0,6,538,0.6427718040621266
1891,43,4,7,77,22,6,7,4,82,26,73,19,159,1,1,12,543,0.6441281138790036
1900,10,5,0,64,18,2,4,3,92,34,142,2,113,0,0,4,493,0.4944834503510532
1910,62,2,1,60,13,6,6,4,86,35,119,5,182,0,2,11,594,0.6292372881355932
1911,42,3,0,70,25,2,5,2,82,27,91,22,118,0,1,11,501,0.6317780580075663
1916,8,1,1,85,26,1,50,3,133,26,160,9,178,2,2,9,694,0.6414048059149723
1920,43,3,3,84,37,5,6,6,116,18,103,19,136,1,0,14,594,0.6585365853658537
1921,31,5,2,78,24,1,3,1,88,17,73,1,118,0,1,2,445,0.6330014224751067
1924,26,3,1,78,23,2,5,2,119,20,153,8,160,0,1,15,616,0.6511627906976745
1928,21,1,1,56,17,1,2,0,92,21,94,4,109,1,0,4,424,0.629080118694362
1930,36,1,1,90,30,3,4,5,123,23,139,5,140,1,0,9,610,0.605759682224429
1931,23,7,3,80,23,1,2,4,81,21,76,7,135,1,2,5,471,0.6709401709401709
1932,38,4,0,67,20,3,5,0,94,66,128,5,163,1,0,9,603,0.7161520190023754
1934,37,3,3,56,27,0,3,0,65,14,46,3,106,0,2,8,373,0.5996784565916399
1936,53,1,5,104,27,1,4,1,104,19,86,5,167,1,0,4,582,0.6423841059602649
1945,9,13,2,42,17,5,1,2,85,7,117,5,88,0,0,4,397,0.6155038759689923
1947,45,0,2,84,25,0,4,4,94,25,138,4,147,0,2,5,579,0.5801603206412825
1952,19,5,4,93,18,1,2,7,123,27,171,3,144,0,1,8,626,0.6316851664984864
1954,41,5,3,69,25,2,2,0,112,33,141,29,126,0,2,9,599,0.618801652892562
1957,39,1,0,66,27,4,6,0,132,30,186,5,239,0,1,3,739,0.6984877126654064
1958,41,3,0,78,19,1,3,3,79,21,93,6,147,0,1,2,497,0.6339285714285714
1959,47,4,5,83,24,6,5,2,110,49,136,7,191,1,2,4,676,0.6456542502387774
1961,56,3,3,96,34,1,9,2,126,25,114,2,204,0,1,6,682,0.6634241245136187
1969,24,0,3,35,6,2,5,2,81,27,84,17,146,0,1,3,436,0.6237482117310443
1973,15,4,0,81,12,4,2,6,102,10,144,3,113,0,0,3,499,0.583625730994152
1975,26,0,2,49,14,1,1,1,56,11,84,4,72,0,2,5,328,0.6130841121495327
1976,34,3,0,66,24,1,3,1,96,23,95,4,108,1,2,6,467,0.6096605744125326
1979,9,1,1,40,10,0,0,2,75,13,75,2,53,0,0,6,287,0.5562015503875969
1981,34,3,4,110,29,1,3,4,110,14,69,22,226,0,0,6,635,0.6993392070484582
1983,60,4,4,86,23,0,7,4,89,36,101,2,160,2,4,6,588,0.6222222222222222
1985,7,7,0,85,10,3,2,4,93,12,104,1,110,0,2,1,441,0.5610687022900763
1989,29,3,2,78,16,3,2,0,74,29,111,5,110,0,3,9,474,0.5977301387137453
1991,21,4,2,80,15,0,2,3,113,16,92,3,107,0,3,5,466,0.6115485564304461
1992,8,0,2,63,22,2,0,2,86,11,172,0,74,0,0,3,445,0.6357142857142857
1995,39,1,0,70,23,0,4,4,125,25,122,5,165,1,2,11,597,0.6662946428571429
1997,45,2,1,72,26,7,2,3,101,39,74,2,148,0,1,16,539,0.6245654692931634
2000,12,5,2,80,22,0,2,5,130,20,121,4,93,2,3,2,503,0.5735461801596351
2001,5,5,2,104,28,1,0,1,116,20,118,7,107,0,3,3,520,0.5758582502768549
2004,39,2,2,65,26,5,4,2,100,23,92,9,109,1,0,6,485,0.5679156908665105
2015,23,4,1,115,25,1,6,3,133,36,139,4,164,3,0,7,664,0.5998193315266486
2017,45,4,6,85,29,3,6,4,108,18,101,5,161,1,0,5,581,0.6528089887640449
2019,18,6,5,48,4,2,1,1,110,17,93,3,89,0,1,4,402,0.5937961595273265
2021,35,7,4,91,26,1,3,4,92,16,59,4,135,1,0,4,482,0.6443850267379679
2024,6,6,0,77,14,3,5,1,119,13,126,2,106,1,3,2,484,0.5525114155251142
2026,1,0,0,4,0,2,0,1,7,0,3,1,18,1,0,0,38,0.14615384615384616
2029,64,2,2,68,36,0,5,1,98,26,76,5,192,1,2,4,582,0.6339869281045751
2042,19,7,3,77,13,3,1,3,86,23,191,5,141,0,1,10,583,0.6923990498812351
2044,29,2,0,54,11,1,3,2,61,21,67,6,109,0,7,0,373,0.5660091047040972
2046,70,4,0,66,29,2,11,5,108,37,136,3,197,0,3,4,675,0.6255792400370713
2050,25,8,0,126,5,8,5,4,22,11,120,88,150,0,3,6,581,0.6141649048625792
2053,35,2,3,91,17,4,6,5,113,25,114,9,157,0,0,5,586,0.6774566473988439
2055,41,5,5,110,26,3,7,4,128,28,128,3,174,0,3,12,677,0.6368767638758231
2058,35,1,4,67,16,0,4,3,79,22,97,12,140,0,2,9,491,0.6270753512132823
2060,18,2,0,77,10,1,4,3,113,16,111,0,112,0,0,5,472,0.5639187574671446
2062,6,5,1,67,14,1,1,5,114,9,87,3,84,0,2,1,400,0.5031446540880503
2063,8,3,2,70,5,0,1,1,73,12,68,3,54,0,0,2,302,0.49589490968801314
2064,16,4,1,89,9,2,0,3,115,11,104,0,106,0,0,5,465,0.5691554467564259
2065,15,1,2,61,11,2,2,2,82,23,94,4,95,1,2,6,403,0.5431266846361186
2066,28,2,0,84,31,2,2,1,113,20,105,6,156,0,3,3,556,0.6465116279069767
2069,27,5,3,63,11,2,4,0,83,23,91,4,144,0,0,13,473,0.6111111111111112
2070,41,1,1,58,14,0,8,1,60,32,86,30,158,2,1,10,503,0.5973871733966746
2072,35,2,2,70,27,1,5,3,104,25,80,2,129,0,0,0,485,0.7121879588839941
2082,1,0,1,10,1,0,0,0,10,2,8,0,10,0,0,2,45,inf
2083,18,7,6,61,27,2,1,4,93,12,100,9,137,2,0,4,483,0.7
2089,28,2,3,81,24,6,3,2,87,15,93,0,146,0,1,5,496,0.6262626262626263
2091,66,4,3,97,28,4,7,4,64,20,54,7,183,0,0,11,552,0.638150289017341
2092,65,1,2,58,17,3,5,2,67,21,98,4,154,2,0,13,512,0.579841449603624
2102,21,3,2,47,15,1,4,1,86,13,60,5,79,0,1,4,342,0.5777027027027027
2103,33,3,3,78,26,4,1,2,87,27,90,11,133,1,0,2,501,0.6414852752880922
2105,56,1,2,92,34,1,2,3,117,29,102,4,194,3,3,9,652,0.6552763819095477
2107,18,0,2,86,22,0,5,0,119,0,0,3,162,0,0,0,417,0.43347193347193347
2108,39,7,1,71,41,6,5,4,126,43,171,10,229,0,4,10,767,0.6979071883530482
2117,14,6,3,43,20,0,6,4,100,14,140,2,135,0,1,2,490,0.625
2120,35,6,2,79,23,1,4,4,84,30,101,7,147,2,0,8,533,0.66625
2124,25,1,2,56,17,1,4,1,101,15,69,5,101,2,1,5,406,0.6096096096096096
2132,26,3,1,67,20,0,3,2,103,40,114,6,195,0,1,6,587,0.6551339285714286
2141,16,8,11,80,14,3,1,4,114,21,105,4,129,0,0,3,513,0.684913217623498
2144,41,3,5,106,28,1,5,3,112,31,100,5,149,1,2,6,598,0.659316427783903
2147,44,5,3,129,26,4,4,1,111,29,95,7,201,0,0,11,670,0.6829765545361876
2158,37,4,1,81,22,3,1,3,130,35,224,1,168,0,2,6,718,0.7053045186640472
2159,26,4,1,104,17,2,1,2,138,17,122,13,121,0,1,9,578,0.643652561247216
2172,25,4,4,85,18,4,8,3,91,17,77,2,132,0,0,4,474,0.6
2181,53,4,5,83,18,6,12,1,141,32,151,8,199,0,3,6,722,0.6338893766461808
2183,33,1,2,64,20,8,8,2,86,26,83,53,152,1,0,7,546,0.6674816625916871
2184,21,4,5,60,17,1,3,1,98,14,124,7,94,2,3,2,456,0.6715758468335787
2186,35,4,2,89,27,4,0,3,116,31,156,0,116,1,0,6,590,0.6283280085197018
2192,38,2,2,70,26,1,1,6,103,33,84,4,146,0,0,7,523,0.6472772277227723
2193,31,1,5,94,22,6,1,5,121,24,134,8,137,0,1,7,597,0.6173733195449845
2195,42,3,5,93,16,3,4,3,108,24,127,10,122,2,1,14,577,0.6312910284463895
2196,6,3,1,62,13,4,1,4,106,11,97,7,74,2,2,5,398,0.5887573964497042
2210,21,6,2,69,18,5,4,4,120,30,156,3,97,1,3,27,566,0.5901981230448383
2212,33,5,2,93,22,1,2,3,94,19,97,5,117,2,1,4,500,0.591715976331361
2222,21,2,1,68,23,2,2,0,147,16,145,0,128,0,1,6,562,0.6209944751381216
2229,28,5,2,82,13,5,5,5,131,17,116,12,91,1,1,7,521,0.615112160566706
2241,23,5,0,42,16,1,0,4,98,19,122,2,97,2,3,0,434,0.6217765042979942
2243,39,2,3,70,20,1,1,5,106,33,111,8,142,1,0,5,547,0.6125419932810751
